UniqueID,Shadow_Striker,Advanced _Playmaker,Enganche,Trequartista
35230,17.06818358,34.67641225,15.90154058,32.35386358
35783,21.68973282,27.80665274,26.32438335,24.17923109
40246,0.097481299,53.67610876,26.35804587,19.86836407
35566,23.03477084,25.71442299,25.75802328,25.4927829
35752,22.13557284,19.36865605,25.71567827,32.78009284
35542,29.44640285,27.3306124,19.80970484,23.41327991
27159,19.36556118,27.88741778,16.26987693,36.47714411
20548,1.908524008,37.1804634,20.75346274,40.15754986
19989,5.855658373,39.93833453,24.03725983,30.16874726
5492,26.93413013,29.99160992,18.25905056,24.81520939
37476,26.99175807,31.03083701,14.51845432,27.45895059
36512,25.42786354,34.07811355,11.48282143,29.01120148
41222,4.763216108,38.31932709,26.80371679,30.11374002
34907,8.961081683,30.25217424,29.50092845,31.28581562
30290,28.29938967,21.31804902,24.73750019,25.64506112
36199,10.23624129,36.35904515,26.37006698,27.03464658
104,10.86524145,23.13138187,30.53636007,35.46701661
37394,20.19288968,30.87264235,27.09983762,21.83463035
257,28.17078813,21.34899316,23.6748413,26.8053774
38163,24.93247068,24.01321126,30.29361389,20.76070416
23839,27.04737978,23.22909531,26.98232562,22.74119929
20656,11.66778034,37.20653051,31.43699762,19.68869153
5256,10.76919717,38.82673857,13.61264852,36.79141573
9443,16.05289491,26.64816936,34.64250315,22.65643257
23485,23.36631388,24.70460457,26.61164666,25.31743489
1977,27.67876369,21.74039294,27.08453737,23.496306
7096,17.00492791,27.53777987,31.21185694,24.24543528
16711,26.80186927,19.8890286,18.44590956,34.86319256
34320,28.40819158,28.25320695,19.07491768,24.26368379
34559,28.20287019,21.4068289,29.90648768,20.48381324
528,36.32503363,15.61367858,14.00500804,34.05627975
21137,20.62065078,24.76585217,32.28138215,22.3321149
1626,23.92246782,24.58496944,31.28229614,20.21026661
38382,24.68189036,21.63511713,25.3873599,28.29563261
36310,1.248815519,40.66138845,32.6641925,25.42560353
40870,19.22005406,28.67172869,34.29469736,17.81351989
10732,21.70509679,25.32549159,28.9229687,24.04644291
11206,21.70509679,25.32549159,28.9229687,24.04644291
669,29.77347945,20.57984717,22.70937083,26.93730254
13158,28.57570961,26.33747465,20.76472921,24.32208653
25265,24.87894952,23.32422485,28.21694338,23.57988225
19396,15.25893563,19.34327495,25.55535394,39.84243548
22692,21.46836976,22.91161436,25.5965721,30.02344378
22176,27.29184224,20.310965,25.18629802,27.21089474
10270,27.23282826,27.84758713,25.04778494,19.87179967
13886,12.8337286,27.85583637,26.30060687,33.00982816
16136,21.48071629,26.81465509,31.18246595,20.52216268
32417,27.93759343,20.9390804,29.22926727,21.89405889
18737,23.36136084,18.5237559,27.70557116,30.4093121
31995,13.25055676,29.43604746,30.03418237,27.27921341
32487,13.25055676,29.43604746,30.03418237,27.27921341
39984,24.81310822,30.24513841,26.19910448,18.7426489
667,36.59164866,16.12953778,15.47818677,31.80062679
14899,29.659383,18.77440821,18.90997278,32.65623601
17909,17.29035392,29.32748523,34.18897902,19.19318182
2203,27.77099173,22.46426752,25.57723795,24.1875028
19998,18.21794355,21.71856652,26.15053676,33.91295317
23910,21.19645763,20.43026912,23.2323419,35.14093135
1495,16.22709619,22.20327846,28.23938525,33.3302401
27063,21.09514585,25.92665912,32.81924137,20.15895365
30068,19.45672193,26.25831048,32.25791161,22.02705598
8746,18.70050071,26.7534337,30.79998661,23.74607898
7116,30.20452126,21.24886359,22.53953029,26.00708486
14772,14.86770156,27.76575456,30.91639341,26.45015047
6337,26.24682723,24.65860524,29.75976851,19.33479902
23821,29.2948998,24.87787627,24.37962245,21.44760148
5572,28.3663728,21.40121262,28.57108105,21.66133353
15065,25.8426457,21.50619061,22.84960939,29.80155429
19326,16.62048385,24.02966221,26.96862664,32.38122729
5757,22.34301561,21.20116622,21.00417911,35.45163906
39845,27.58822824,23.17114622,28.4287325,20.81189305
488,28.50145578,19.73237638,20.07862335,31.6875445
39337,26.97628549,23.05422203,26.88834966,23.08114283
14836,15.72091633,26.80540098,24.57952195,32.89416074
17573,12.28723879,29.9461813,37.8417786,19.92480131
32416,16.46612679,24.81306569,27.3551045,31.36570302
32869,16.46612679,24.81306569,27.3551045,31.36570302
9514,18.54800539,23.4742985,26.98008164,30.99761447
23708,20.48731063,36.8751603,17.34637706,25.29115201
14368,24.48562327,24.1015117,30.53573246,20.87713257
11773,21.16957299,28.27618253,30.32456334,20.22968113
23556,45.95348895,19.18961573,7.996863738,26.86003158
18329,30.40252801,20.85181786,27.01154811,21.73410602
7772,30.61018726,20.06788787,21.70037932,27.62154555
17372,23.96155335,26.31918879,32.10742591,17.61183195
3314,27.61836216,21.2222221,27.9621184,23.19729735
911,32.56115182,19.48602942,21.71265978,26.24015898
1156,36.03751437,18.15584662,14.82319802,30.98344099
3448,28.1899801,22.56682747,24.338997,24.90419542
25765,18.07463075,30.87962567,36.33398724,14.71175635
25916,34.5945645,21.13365872,21.24254489,23.02923188
37583,28.47764695,21.6525981,27.94828031,21.92147464
39390,22.35724588,20.1442131,23.11173689,34.38680413
16145,36.41209848,22.93145269,14.56563264,26.09081619
16573,36.41209848,22.93145269,14.56563264,26.09081619
36318,20.29080318,24.92681597,28.26260422,26.51977663
40090,13.7619055,30.28022359,38.13346814,17.82440277
4404,12.98490897,24.89524199,27.0384786,35.08137045
16095,18.31866994,22.53917573,29.39114283,29.7510115
17223,36.0939098,24.21980757,17.36763376,22.31864887
33233,27.69950844,21.66559955,20.72655756,29.90833445
35339,34.90841396,18.53362685,19.62896976,26.92898943
3460,15.68842209,34.02266511,34.52831959,15.76059322
18292,34.09073595,18.8376582,19.62382433,27.44778152
26109,19.74128658,28.03721633,30.82553753,21.39595955
26557,19.74128658,28.03721633,30.82553753,21.39595955
33972,12.89889587,32.65072375,36.75210749,17.69827289
14693,27.30589633,24.81034879,29.15212714,18.73162774
14993,27.30589633,24.81034879,29.15212714,18.73162774
13491,28.71192765,22.21588246,27.60459309,21.46759679
34398,32.81199058,23.23942563,21.29994808,22.64863571
12009,19.85332162,26.63904006,29.7460353,23.76160303
16176,19.72455092,22.34383555,26.92532059,31.00629294
20263,27.48520506,23.46090225,30.67334104,18.38055165
37888,23.78199992,30.29103093,19.88044064,26.04652851
826,7.521273948,29.05412945,28.95118578,34.47341082
6218,17.76010265,21.32040194,27.20535344,33.71414196
6658,17.76010265,21.32040194,27.20535344,33.71414196
28238,12.44781487,20.41523649,23.2736673,43.86328134
28669,12.44781487,20.41523649,23.2736673,43.86328134
15690,15.26598998,25.38405645,27.59974501,31.75020856
2110,27.7858912,23.72077136,28.23395095,20.25938649
40293,24.66501469,26.13790482,31.4993986,17.69768189
17315,25.81896167,19.2107741,25.68260893,29.28765529
14310,26.6571755,26.57646815,20.85647845,25.90987791
15704,32.26662652,17.33533953,19.08949419,31.30853976
34853,29.31426587,23.96420746,23.22332169,23.49820498
40188,32.04986002,26.78839558,16.84843581,24.31330859
15109,22.21789504,26.36258275,22.31538495,29.10413726
14598,23.83684458,24.76985941,25.80665956,25.58663645
14956,23.83684458,24.76985941,25.80665956,25.58663645
8464,26.63905695,20.78570449,25.53920691,27.03603165
39763,19.83489184,28.91982782,23.5117024,27.73357794
19391,25.00681423,25.14542618,24.62875041,25.21900917
21050,26.11474239,24.8189532,25.64181447,23.42448993
2313,25.69034203,21.82801993,27.52155486,24.96008318
22570,24.52993344,20.88262084,20.62111652,33.9663292
35617,14.94891199,28.66949952,23.65220304,32.72938546
24594,21.19762998,25.29027512,24.59551603,28.91657886
32942,35.65798648,23.58440311,15.36811112,25.38949929
16531,26.51279112,23.46686188,20.697867,29.32248
37270,10.68694131,39.56118422,14.60764392,35.14423054
1084,17.44895088,24.37059132,26.20066155,31.97979625
26033,19.89735693,19.79964657,22.43199751,37.87099899
31035,28.70588228,21.22788959,19.27745283,30.7887753
31515,28.70588228,21.22788959,19.27745283,30.7887753
24738,24.91171691,23.78460695,28.09415206,23.20952408
35327,16.0928321,26.07735577,28.34233894,29.48747318
35014,30.72072269,22.3477508,24.15867209,22.77285442
32152,18.50760618,28.64192733,28.4701017,24.38036478
32631,18.50760618,28.64192733,28.4701017,24.38036478
14674,26.30070415,18.16506604,27.04912057,28.48510924
15002,26.30070415,18.16506604,27.04912057,28.48510924
8748,38.66965719,23.72428358,10.01657754,27.58948169
40489,17.33847533,21.36811751,30.04193859,31.25146856
12464,23.95552019,28.87165869,18.22799543,28.9448257
18643,27.37914657,37.266134,12.52467044,22.83004898
25913,16.04117302,25.10077924,27.77056979,31.08747795
27141,26.20206962,26.32074948,28.47399742,19.00318348
40352,13.81390793,21.76726033,31.16423333,33.25459841
5932,10.14599173,32.9987882,23.36550266,33.4897174
13471,18.16933749,23.99133155,28.18789767,29.65143329
36311,8.096384095,42.38403044,16.58843183,32.93115364
8843,10.93996383,36.58504167,22.70645786,29.76853664
14718,31.16363156,24.35968523,22.97111635,21.50556686
15049,31.16363156,24.35968523,22.97111635,21.50556686
25684,23.69676752,21.65551849,27.20807414,27.43963985
34713,22.08180236,19.57476552,18.75144909,39.59198303
1272,23.30156607,21.87324733,25.19088112,29.63430548
24396,27.49510526,26.13536707,26.99868116,19.37084651
34169,27.17474731,22.00704982,20.92213981,29.89606305
36239,33.89539943,17.23564592,13.35987738,35.50907727
15788,10.64823632,27.33694495,28.56463431,33.45018442
24126,30.37564081,18.65996012,21.65014303,29.31425603
25747,13.75916252,24.82944799,27.38108432,34.03030516
14755,32.06024238,22.0335436,22.56480892,23.3414051
196,25.71081868,22.93260922,25.987727,25.36884511
199,27.62282431,21.95444767,25.64562398,24.77710404
17517,12.81103599,26.57583105,21.25858748,39.35454547
38558,3.585352502,31.78413843,36.95350751,27.67700156
38383,21.80171059,21.98708338,23.08457024,33.12663579
2649,18.80940236,26.84715105,24.37726113,29.96618547
7528,18.21571246,27.24861691,31.30020495,23.23546568
15243,20.06821886,23.56055807,21.20452457,35.16669851
35622,21.21742698,24.48714324,22.22824262,32.06718716
13194,24.86945121,25.08798247,21.09358584,28.94898048
39815,19.63859685,23.55631166,26.75564332,30.04944816
19961,14.10717643,25.56997785,29.0085203,31.31432543
915,31.70297876,21.7369118,22.64083988,23.91926956
15170,30.13294454,21.67909606,22.49472583,25.69323357
3473,21.38879443,26.84442131,31.71363311,20.05315116
18457,9.058177728,22.13201896,32.20138287,36.60842044
27623,24.701371,22.52712686,24.17684953,28.59465261
3523,25.65370307,21.35570917,24.05903638,28.93155138
3966,25.65370307,21.35570917,24.05903638,28.93155138
17897,19.53798601,23.16802243,28.76617252,28.52781903
17992,19.53798601,23.16802243,28.76617252,28.52781903
20715,34.2366403,18.48539015,20.52757252,26.75039703
25941,10.72508052,23.24992771,27.74445938,38.2805324
828,11.70442446,32.09696335,25.04703649,31.1515757
17741,14.98197534,22.50017132,26.90566051,35.61219283
25126,29.94623201,20.8167229,24.31511991,24.92192518
230,3.399814251,30.9172343,30.1961465,35.48680495
878,7.639412509,26.96109579,31.8043134,33.5951783
8820,28.73447459,16.71611234,12.44149008,42.10792299
31962,24.21501204,21.2337375,23.5615733,30.98967715
37288,20.18389335,26.31394918,26.14539548,27.35676198
13425,24.96734059,25.49285554,25.56059688,23.979207
23578,18.66193926,32.75748157,14.42410776,34.15647142
5851,23.94303537,28.64871478,14.26096621,33.14728364
25347,22.8788493,25.40615781,26.07971572,25.63527717
31253,13.30495081,35.54554452,29.91097995,21.23852472
11478,33.258444,16.97160295,14.38815602,35.38179703
19210,33.37765279,19.54312653,15.80609506,31.27312562
36978,25.84119157,19.12466789,25.55783699,29.47630355
14128,20.37049107,20.21948651,24.6146881,34.79533431
23901,19.33033035,32.18587274,30.90742732,17.57636959
10812,29.8245257,22.11410718,27.29905588,20.76231124
20534,11.41330978,37.23275605,13.04557651,38.30835767
12583,27.70425954,22.12024379,27.24222362,22.93327305
9837,27.25668551,24.44528024,27.8504701,20.44756415
16056,20.54898463,25.06506398,28.22427071,26.16168068
35029,6.600577849,29.19876117,27.8919201,36.30874088
14362,15.98042898,25.05996787,26.54319333,32.41640981
18162,28.80590539,19.63674511,24.53253786,27.02481164
30302,20.45979624,22.62555807,24.49131979,32.42332591
3061,37.97704457,19.79650503,14.60334179,27.62310861
39239,27.01896976,17.9764066,14.05764512,40.94697851
13658,18.94980999,23.36879999,29.71106423,27.97032579
14088,18.94980999,23.36879999,29.71106423,27.97032579
16908,23.9132825,21.13292825,25.75307518,29.20071407
3525,10.31118671,25.09011717,27.59160645,37.00708967
32213,20.47905068,29.61537024,29.000548,20.90503108
32666,20.47905068,29.61537024,29.000548,20.90503108
39710,28.2062947,25.89367448,16.25617652,29.64385429
1737,13.48710266,25.95863167,26.90832727,33.6459384
24603,20.92139939,29.52355803,14.97245925,34.58258333
19858,35.00344548,18.20358828,15.999604,30.79336223
21953,25.76614252,24.68954715,26.58282446,22.96148587
9356,25.05240848,18.76357018,17.40538329,38.77863805
16864,36.32348813,17.30023295,15.27506691,31.10121201
23814,36.60133841,19.0996015,13.40749844,30.89156165
31488,23.80434004,21.50456818,24.42575474,30.26533704
35452,25.36926392,27.73165901,24.47926701,22.41981006
36403,20.87568637,25.21779614,26.46828853,27.43822896
14094,21.54761024,21.90571601,25.79644554,30.7502282
1991,25.71817526,21.76721246,16.00753267,36.50707961
13848,26.96493945,27.23736704,26.13226695,19.66542656
34976,29.9415857,22.75731052,24.02086221,23.28024157
11122,26.27300165,23.46200819,23.58536693,26.67962323
15104,24.7369098,25.25965863,26.07752936,23.92590221
21256,8.207126094,24.43038886,30.60862062,36.75386443
21645,35.53879157,20.55383,19.02314471,24.88423372
22132,8.207126094,24.43038886,30.60862062,36.75386443
5575,26.58186838,21.36643271,24.04779325,28.00390566
12015,33.81670347,17.85954517,19.37685794,28.94689343
12460,33.81670347,17.85954517,19.37685794,28.94689343
28096,30.36648455,19.53515028,22.06097776,28.03738741
28498,30.36648455,19.53515028,22.06097776,28.03738741
14507,28.12085422,19.57682231,17.80917927,34.4931442
14876,28.12085422,19.57682231,17.80917927,34.4931442
18555,21.55621488,30.83741906,19.48159628,28.12476978
616,28.13561768,21.81311507,27.39739104,22.65387621
39828,19.70830321,25.41027646,25.025887,29.85553332
6003,11.20326248,26.4053515,17.61879009,44.77259592
5484,19.87346372,33.87986729,18.21949247,28.02717652
5917,19.87346372,33.87986729,18.21949247,28.02717652
19699,18.21129401,21.34034995,26.07201414,34.3763419
15615,24.91676869,28.19802182,24.49928529,22.3859242
36826,21.07454843,22.2903135,26.17892042,30.45621766
13940,24.24875951,24.3301476,19.70222227,31.71887061
34425,23.91502928,22.564109,25.89171126,27.62915046
13900,27.91535868,23.9675563,25.95796775,22.15911728
40898,32.57821585,19.89906415,24.50870797,23.01401203
2290,13.54348204,28.86985823,30.06316362,27.52349611
4709,19.76920156,30.16444681,19.63169316,30.43465847
24648,13.69986076,22.15356567,24.16746938,39.97910419
26804,22.61781961,23.61679143,33.61579276,20.1495962
2901,22.76381228,21.9601815,27.72985086,27.54615536
964,14.63165888,27.23575512,29.47217097,28.66041503
5526,32.120066,20.75622647,20.97008622,26.1536213
20901,28.95249017,23.96205661,24.57341134,22.51204188
34307,12.86840128,23.52395327,29.36889507,34.23875038
10496,14.56252572,25.97684253,30.31740242,29.14322933
19646,14.02568072,24.72453859,27.38801513,33.86176556
38832,19.9252977,29.04592774,30.34232952,20.68644504
15201,21.73596287,20.27993104,25.94732171,32.03678438
23717,18.66835832,25.69886265,26.95883699,28.67394203
13662,18.38797337,19.48409274,25.51489543,36.61303845
40211,4.40614507,40.18011245,21.92062312,33.49311936
259,23.54505228,22.10157534,23.20106378,31.1523086
19758,19.57495769,26.69492877,34.81607618,18.91403737
30200,32.06377815,20.04303677,17.92558206,29.96760302
30268,19.40752606,26.20789833,29.48229656,24.90227904
32149,25.51580375,27.40076073,26.54247431,20.5409612
32633,25.51580375,27.40076073,26.54247431,20.5409612
8593,11.81887226,28.3147913,33.89035015,25.97598629
39646,21.15855563,24.80068354,26.61853317,27.42222766
30289,27.32529005,24.54121199,11.3798513,36.75364666
19638,23.39658162,31.13845824,24.02272756,21.44223258
2462,33.54345099,27.91157884,16.47979483,22.06517534
6651,24.40830089,33.24120042,18.63279122,23.71770747
16002,19.44571475,28.84627169,22.41213883,29.29587473
673,25.64454751,20.74690543,23.49593306,30.112614
14708,26.73369806,19.83899536,28.46515023,24.96215635
808,16.91798838,23.30406884,28.81660657,30.96133621
16586,23.1769579,20.28669262,20.87315292,35.66319657
38762,17.28705446,25.89931252,29.39973409,27.41389893
13935,16.93612655,34.60438259,17.33796917,31.12152169
35124,14.37917392,22.89756847,27.0227294,35.70052821
320,13.93064124,21.51411007,28.22668846,36.32856024
40816,15.77877338,34.57289494,30.77693849,18.87139319
25394,16.82802174,34.94815416,30.40710398,17.81672012
33050,12.4583055,32.40674022,36.45997624,18.67497804
35061,22.34010899,21.97346913,24.38029844,31.30612344
1967,31.58991833,20.29197861,28.04709431,20.07100875
22214,36.92882236,18.74949083,17.07459304,27.24709376
24276,26.45994887,21.88001469,27.09345978,24.56657667
720,12.94490991,25.46356418,26.97719804,34.61432788
17262,17.13455736,22.50822519,23.00770867,37.34950877
23983,23.75129745,24.46025555,31.45348788,20.33495912
25074,13.52553309,21.22420772,24.60258049,40.6476787
1956,18.27284449,24.37627765,23.99120681,33.35967105
16048,31.06920389,19.81929892,20.62452208,28.48697511
14797,15.51171132,27.43180498,38.92230776,18.13417594
38835,21.53429532,22.52374152,21.92689368,34.01506947
25086,21.77829421,32.98274194,27.30766902,17.93129483
31292,26.31988138,24.31644023,29.88664888,19.47702951
39894,20.44146056,28.27642984,22.59066177,28.69144782
29182,21.57796875,38.3324037,8.027787224,32.06184032
37167,2.39351323,31.44828596,19.94169432,46.21650649
4806,28.67729697,24.24683575,23.79836173,23.27750556
19361,22.25306724,36.22322663,21.26061986,20.26308627
37586,16.60152678,26.9723809,26.79413348,29.63195884
23172,24.15052413,21.21087135,24.91655447,29.72205006
33507,30.26401297,22.55734679,21.73370095,25.44493929
11619,12.81690246,31.68991294,24.79133063,30.70185398
25391,23.40989256,23.95790782,24.08169406,28.55050557
37277,11.1798697,34.78858432,23.57806867,30.4534773
39905,20.65810825,22.55263185,23.60157656,33.18768334
33358,30.60392593,20.34877569,17.71468248,31.3326159
14164,27.18633022,25.94972532,17.98608606,28.87785839
3247,30.00021843,21.53959792,21.68341904,26.77676461
10932,32.40697486,17.9356512,16.08026527,33.57710867
40952,25.81635577,23.22055749,21.60131076,29.36177598
10646,25.22405104,26.07407198,26.55218816,22.14968882
36798,24.25551219,24.87978929,27.11036679,23.75433173
36787,4.605768716,37.84704218,26.62682383,30.92036528
5030,19.74087697,28.23911542,31.72518148,20.29482613
23662,15.69955553,24.18343901,30.55956695,29.5574385
34676,21.22983728,22.02445022,21.7680248,34.97768769
3806,17.62912819,28.05559036,23.636607,30.67867445
23285,26.7373168,24.48688185,20.17048681,28.60531454
26968,15.23387309,22.7952609,27.40907731,34.5617887
8250,28.07441532,23.89329317,24.36305342,23.6692381
740,27.61131112,23.01779027,21.29541653,28.07548208
40340,22.59455546,26.28940265,29.598266,21.51777588
27451,13.71503139,23.81348221,29.19827944,33.27320696
7157,16.22608817,26.80609293,38.85672264,18.11109626
35000,23.90753532,22.26842319,25.48245539,28.34158609
12614,26.71922641,17.9687183,21.03840253,34.27365275
22800,25.27413434,23.22569116,30.1928811,21.3072934
8188,24.09316229,23.6398019,27.90920225,24.35783355
15573,15.01580484,27.86749192,31.05735818,26.05934506
933,27.28714215,22.04731662,23.33107671,27.33446452
30293,20.54410651,25.63934832,16.8907765,36.92576867
34505,27.38979626,24.78631093,26.07662291,21.74726991
41401,26.69796678,20.99653388,20.92721062,31.37828872
19340,25.80983213,28.92048063,24.70702781,20.56265943
31763,26.28216899,24.17692024,30.22135095,19.31955983
32432,31.28640178,19.59224924,20.33260169,28.78874729
32893,31.28640178,19.59224924,20.33260169,28.78874729
10925,26.43787554,19.53174254,21.61244458,32.41793734
25452,25.47441895,19.63898185,27.87669649,27.00990271
31329,25.2050568,26.23018177,27.35436816,21.21039327
31797,25.2050568,26.23018177,27.35436816,21.21039327
33925,16.96853583,21.67408423,28.95776584,32.3996141
23842,28.10290687,19.38707451,19.82308521,32.68693341
28091,16.78316795,24.79169612,28.14444266,30.28069327
28479,16.78316795,24.79169612,28.14444266,30.28069327
5401,27.72253989,21.45124095,24.20831393,26.61790522
13770,22.96585847,23.97754393,30.50085393,22.55574367
34998,27.36740714,21.81519837,25.48284406,25.33455042
18365,25.38542277,21.21024278,22.44435248,30.95998196
21925,24.17928099,28.84110149,26.94111697,20.03850055
22955,27.4168311,19.04481942,21.77360801,31.76474147
21791,14.62687089,20.59601516,12.92758755,51.8495264
23872,25.14017355,19.72986453,25.4889032,29.64105871
8556,18.52725925,22.17123037,23.67898855,35.62252184
15274,11.85909659,27.73057032,29.73736951,30.67296358
849,18.65245662,25.81834058,24.98631231,30.54289049
9725,26.26104324,21.03243662,25.02732039,27.67919975
10187,12.68342264,30.01010137,26.03579706,31.27067892
27377,1.457504943,30.41481646,25.72222173,42.40545687
8984,23.88511994,21.59245826,23.83973697,30.68268483
14125,42.71847335,16.15457539,11.95625994,29.17069132
14377,13.51006446,24.54894577,26.04729321,35.89369656
34081,17.24563702,27.02259536,34.80150229,20.93026533
10289,27.54438328,22.11995875,29.40860744,20.92705053
716,22.49829651,23.66700509,33.1962444,20.638454
8190,23.15309438,21.51983341,20.36123851,34.9658337
493,28.75733232,20.85776212,25.82927787,24.5556277
11671,38.61948559,14.95993381,12.87635966,33.54422095
12601,38.61948559,14.95993381,12.87635966,33.54422095
23486,19.64642412,29.12488444,33.66256605,17.56612539
29710,35.67356322,20.44328901,20.09605488,23.78709289
9405,33.66105295,19.59823764,17.57218721,29.1685222
37345,23.7514246,23.38224996,25.29973592,27.56658952
5795,27.91679112,19.61459389,24.99957914,27.46903585
34252,20.98849834,26.47297313,33.14242689,19.39610164
11220,25.87043907,18.68060771,18.8482094,36.60074382
14444,20.62070963,22.48376694,19.86355774,37.0319657
22809,23.73403904,21.20932808,22.47566915,32.58096373
34070,25.57941829,25.21286536,29.24735353,19.96036282
39508,24.40700742,28.70747968,24.16247667,22.72303622
9731,18.86538046,24.35663589,29.81441583,26.96356782
17712,19.50563188,24.15511075,25.72535536,30.61390201
38351,24.80593254,20.53041943,23.66323268,31.00041536
7224,30.87468776,16.76530929,9.306688685,43.05331427
5728,14.63841279,40.21853961,14.33133122,30.81171637
22255,21.13274741,29.23860765,29.49488696,20.13375799
40083,27.61894548,26.29380961,26.1717715,19.91547342
18576,17.38061214,21.21799571,25.40004442,36.00134774
3422,34.90687663,17.89120313,17.02921163,30.17270861
26993,22.13941998,22.75493922,27.73567009,27.36997071
28241,29.38503048,21.85250333,27.19095313,21.57151306
28675,29.38503048,21.85250333,27.19095313,21.57151306
17825,23.03513286,28.40669614,29.67178861,18.88638239
5381,20.5918693,30.65255372,25.25819604,23.49738094
22919,29.20037014,18.47686633,24.54850393,27.77425961
23867,29.20037014,18.47686633,24.54850393,27.77425961
1140,25.81751909,29.70927965,18.13084431,26.34235695
22843,16.90830182,36.95870696,23.96087968,22.17211154
26910,30.77786205,25.40874824,10.59905982,33.21432989
14736,26.88127221,25.1056086,21.50919294,26.50392624
1219,27.9983698,23.18763626,27.4702369,21.34375705
35284,11.91096474,25.66258329,29.58506865,32.84138333
33961,27.83686404,18.61137495,23.144829,30.40693201
1308,22.9243597,22.66549374,32.58776467,21.82238188
33853,16.41134695,20.48674127,28.29377773,34.80813405
810,16.11737642,24.54371619,25.26645339,34.072454
22837,30.60347724,21.07274016,24.37779224,23.94599035
1402,21.65546684,23.06628185,28.51677715,26.76147417
16078,29.92868717,25.37032551,20.11581793,24.58516939
805,12.08033438,25.07754455,29.23109706,33.61102402
18352,21.79460747,30.54451631,29.26277762,18.39809859
37047,25.01714264,21.65868887,24.05896991,29.26519858
31054,27.82505944,20.1287304,24.03619639,28.01001378
31535,27.82505944,20.1287304,24.03619639,28.01001378
18699,26.31439285,23.10448198,28.80723745,21.77388772
23230,28.40228688,19.35082328,19.4635335,32.78335634
38760,9.933903334,30.62302786,34.2181375,25.22493131
2009,25.77635033,28.86554499,18.76789713,26.59020755
2537,17.53596902,19.58789357,21.28847376,41.58766365
36370,24.92408421,20.32560851,17.50129615,37.24901113
1390,21.27981705,24.60993881,33.32106406,20.78918008
10688,10.05764737,30.22382374,30.26469258,29.45383631
14630,13.15730004,28.89997216,24.85891235,33.08381544
36200,36.65388973,14.76650636,6.786913077,41.79269083
39593,30.36492714,18.66440559,20.58060957,30.39005771
1198,18.80280921,24.75587183,23.01674397,33.42457498
32399,19.03609613,29.01054391,30.44482682,21.50853314
32857,19.03609613,29.01054391,30.44482682,21.50853314
7300,13.94386478,30.33123978,24.86440034,30.8604951
40476,14.42277599,31.3285553,35.2003199,19.04834881
36110,37.84109319,16.95120009,10.55589968,34.65180705
13783,29.50906222,18.28222933,22.39500359,29.81370487
24668,21.17214607,32.91589994,28.11035393,17.80160006
6142,22.40327149,18.2047964,17.75031428,41.64161784
11327,33.36433086,18.60271569,23.32620844,24.70674501
26193,20.1495245,19.82283395,22.38318026,37.64446129
26611,20.1495245,19.82283395,22.38318026,37.64446129
3394,28.62780774,18.54010239,18.8864891,33.94560077
316,28.89393194,24.19285302,21.2631073,25.65010774
37945,32.18843776,21.15415652,19.17669433,27.4807114
20471,20.47690176,28.06881139,35.22689156,16.2273953
25683,18.65958385,21.88094291,27.108732,32.35074123
41342,14.28987097,24.85603532,29.31134728,31.54274642
38623,25.35866931,23.78569132,28.71999128,22.1356481
27216,27.31669029,21.8120508,25.41120033,25.46005858
39985,33.86440669,20.85810457,21.45244951,23.82503923
6509,29.50441647,18.71522387,19.01257148,32.76778818
31723,29.91118545,22.50601969,21.92290806,25.65988679
39811,18.85340391,23.27346286,30.46979672,27.40333651
3424,8.482021199,45.18757646,14.88250672,31.44789562
24259,27.7439142,24.78103045,24.12614799,23.34890737
28240,14.94126874,24.69275586,27.90986293,32.45611247
28674,14.94126874,24.69275586,27.90986293,32.45611247
22252,27.16087847,22.63350063,28.61817516,21.58744574
15983,10.9343027,26.92986032,30.11957705,32.01625992
38893,17.15583085,30.85122691,20.55844655,31.43449569
1087,22.69191064,22.22341771,22.24496483,32.83970682
1738,28.9335877,23.91072798,26.42231596,20.73336836
15787,24.99696297,24.29594575,29.391003,21.31608827
39394,25.75728986,25.39517833,26.7541938,22.09333801
10687,26.10341947,22.66267273,27.46929687,23.76461094
11163,26.093729,22.68497091,27.49632437,23.72497572
19121,23.65291886,22.9019167,17.37407629,36.07108814
2701,24.67181704,26.28881553,28.64634161,20.39302583
18599,25.76379886,25.28447348,28.29733406,20.65439359
11547,27.24526236,28.01355758,16.1740763,28.56710376
35353,13.74118601,27.17575911,30.51173088,28.571324
15856,20.4017365,29.49562678,32.73598197,17.36665474
14685,32.82012195,19.26376375,21.76848106,26.14763324
15014,32.82012195,19.26376375,21.76848106,26.14763324
22482,26.79674351,23.9881778,30.61489143,18.60018726
3073,18.51811248,25.48472849,28.26765834,27.72950069
13432,4.318550177,40.21196428,36.89308743,18.57639811
13542,20.8037688,25.81935743,25.96286601,27.41400776
17204,18.74017479,23.64574666,26.45641591,31.15766263
17723,18.74017479,23.64574666,26.45641591,31.15766263
12154,15.79844072,28.87935004,35.86371622,19.45849301
31981,22.72580888,32.62475673,12.20567379,32.4437606
32476,22.72580888,32.62475673,12.20567379,32.4437606
13069,17.64697748,26.61071836,25.1741132,30.56819096
31975,20.4507178,25.9943692,31.992898,21.562015
32468,20.4507178,25.9943692,31.992898,21.562015
35495,19.85056923,24.62576521,27.0887633,28.43490225
35876,32.51125296,22.58427762,21.10299693,23.80147249
8297,31.03594461,18.3504183,18.96204395,31.65159314
8717,31.03594461,18.3504183,18.96204395,31.65159314
13168,26.61282245,27.04968957,21.47338789,24.86410009
31210,35.30268887,17.51659231,15.96154498,31.21917383
31685,35.30268887,17.51659231,15.96154498,31.21917383
35112,29.77406209,23.83172106,20.69709673,25.69712012
31245,29.93787665,22.5261029,21.94247094,25.59354952
1270,20.84431143,22.48277791,22.8756888,33.79722186
1692,20.84431143,22.48277791,22.8756888,33.79722186
23413,27.45435316,18.96586784,23.56585552,30.01392348
2174,20.36942302,22.56032417,24.35123538,32.71901743
6631,12.09439006,32.19791122,37.1923165,18.51538222
7964,22.19907306,23.91637742,25.29845009,28.58609942
16931,18.72209532,36.76034863,11.98993651,32.52761954
17362,18.72209532,36.76034863,11.98993651,32.52761954
20469,29.82851639,20.09680118,22.38746807,27.68721436
27194,18.65894137,24.10015965,23.82462065,33.41627834
130,24.12881298,21.295613,22.16418581,32.41138821
9710,21.8459087,28.10477197,20.18113249,29.86818684
35639,15.29207395,26.29329934,21.62441233,36.79021439
5541,29.34480315,18.22073481,19.63720505,32.79725699
33829,20.31999367,20.10965898,27.72211731,31.84823005
20064,19.19940048,36.21197951,3.095854434,41.49276558
23650,19.3217186,22.51770106,27.00197181,31.15860853
6076,30.86142915,18.58011109,23.9494212,26.60903856
15685,28.04665263,19.86415778,23.91257163,28.17661796
16475,24.88427937,24.75561292,28.06263321,22.2974745
8590,30.77683647,22.05960477,22.60524513,24.55831362
15508,13.84033612,24.44674593,30.91389134,30.79902661
9282,25.86178597,30.63750229,18.40446283,25.09624892
15577,16.60863563,27.17862705,22.51697228,33.69576503
15390,28.93323012,20.97217787,19.59102746,30.50356455
22703,16.30442362,24.78366335,30.72794616,28.18396686
22645,22.76473246,23.91568372,28.2201233,25.09946052
22665,35.93523452,16.56849297,17.2494885,30.246784
35966,32.63346257,20.57575944,12.43431686,34.35646113
23992,22.28677436,27.14351603,30.18693194,20.38277767
2064,17.53487928,26.97011899,33.99884962,21.49615211
40007,31.37913076,16.13395554,17.87124311,34.61567059
39339,29.82159444,18.92776806,20.99401676,30.25662074
3738,26.77115044,19.63838586,26.14954818,27.44091552
4640,26.77115044,19.63838586,26.14954818,27.44091552
7321,32.84306881,18.69539942,19.92365491,28.53787686
36663,30.98903098,19.29768231,18.4780171,31.23526961
9457,27.48221036,22.97224287,23.33968339,26.20586338
13850,33.73545471,19.56357231,20.83822614,25.86274683
14251,33.73545471,19.56357231,20.83822614,25.86274683
30307,3.794826216,25.93371674,32.3921303,37.87932675
16485,20.1817845,28.89512346,32.1510083,18.77208373
38251,26.15640042,18.69094069,23.56851999,31.5841389
23371,26.61470088,21.69914362,29.99725819,21.68889731
32273,27.08472771,22.19863066,23.59601447,27.12062716
33405,22.25770654,25.87570856,27.12380184,24.74278306
35130,29.56543046,18.317439,23.41475498,28.70237557
23561,26.66420686,25.64262391,13.52181144,34.1713578
4594,31.60786038,20.21921838,23.80162204,24.3712992
24727,29.48944262,18.25048895,14.14978845,38.11027998
13082,22.49859447,21.10136645,22.97119037,33.42884871
14461,19.81847046,25.14450105,23.0790778,31.95795069
14846,19.81847046,25.14450105,23.0790778,31.95795069
16895,21.29650333,22.27106458,28.16160591,28.27082617
31600,27.06988332,25.73726525,25.53536693,21.65748451
18046,11.48571141,38.31635128,17.55111153,32.64682577
6254,26.39150938,21.98391115,26.21904956,25.40552991
6692,26.39150938,21.98391115,26.21904956,25.40552991
4327,25.76257535,21.66629837,21.84860018,30.7225261
10826,25.35719809,23.03583847,25.41650591,26.19045753
11276,25.35719809,23.03583847,25.41650591,26.19045753
13456,23.51134912,30.34001123,26.81127261,19.33736703
23624,26.06836844,19.00725188,22.38733046,32.53704921
10,22.10432941,28.0358679,21.25577512,28.60402756
20157,19.78005382,30.90296664,26.17736065,23.13961888
20611,19.78005382,30.90296664,26.17736065,23.13961888
24841,27.28748699,33.46984175,17.26374166,21.97892961
15603,18.44354213,27.51845761,29.97743049,24.06056977
22632,26.44905403,35.36944696,17.69424431,20.4872547
11785,12.40771537,32.27187126,36.91673938,18.403674
14783,23.97283535,27.44613832,23.01880306,25.56222327
36416,27.03614284,23.88941919,23.35275304,25.72168493
1581,18.63434929,30.18294619,30.40376221,20.77894231
34341,11.74198726,23.94861552,27.20767785,37.10171937
2859,29.83223073,22.73189176,23.7446429,23.69123461
20829,22.18772344,24.85642076,20.33620531,32.61965049
35406,21.78763698,28.11975155,22.10627506,27.98633641
8476,32.60368818,21.25344997,18.33403459,27.80882726
31986,8.200468631,23.46511421,30.71395351,37.62046365
32477,8.200468631,23.46511421,30.71395351,37.62046365
40335,32.76292119,19.48186854,23.38194254,24.37326774
34808,24.07062633,29.52211945,17.54479864,28.86245558
35397,22.83494629,24.66316096,26.11289015,26.3890026
12891,28.8041262,17.49680556,13.22737589,40.47169235
15853,19.95826004,29.85867905,20.2324229,29.95063802
31079,23.2776964,24.04332305,21.40175569,31.27722486
31564,23.2776964,24.04332305,21.40175569,31.27722486
2163,13.38230425,30.71858444,21.29582217,34.60328914
2974,30.15835481,21.09078094,22.6353608,26.11550345
15752,14.20052728,23.71390083,27.1120589,34.97351299
34941,8.47313353,25.73594392,31.59826663,34.19265592
39781,25.10013256,25.32851785,26.28915231,23.28219727
13398,9.31824296,33.73400513,29.90857104,27.03918087
35517,26.48622796,20.94082587,26.61510486,25.95784131
15522,16.88375447,24.93928131,30.60921926,27.56774496
22989,24.88849837,24.66803701,32.77646319,17.66700143
23445,24.88849837,24.66803701,32.77646319,17.66700143
941,19.88107864,28.46464089,33.17555721,18.47872326
15125,24.35531676,24.01754,30.21108677,21.41605647
39761,21.96753258,25.68862698,29.69746417,22.64637628
23059,24.55556861,26.54936876,29.10788328,19.78717934
144,9.3319191,28.16536147,27.82238379,34.68033564
40202,28.52051791,18.10338631,15.5550767,37.82101908
26026,15.80464667,33.29653205,18.04181604,32.85700523
561,14.35284686,28.26604671,22.91743149,34.46367495
21025,23.629424,28.93282436,26.85106271,20.58668892
14373,21.14119424,22.27204249,26.86007184,29.72669143
15186,21.14119424,22.27204249,26.86007184,29.72669143
24147,25.30522266,25.1986,23.46061707,26.03556027
29822,33.02462696,20.9093783,21.80703044,24.25896431
14296,2.203400766,40.46086487,31.19886407,26.1368703
22867,24.69470208,25.92758735,28.4044732,20.97323737
2450,24.25056047,31.11613916,21.40065613,23.23264423
426,22.33062869,25.91256308,27.13039738,24.62641085
31122,27.1034371,25.81439886,25.56218183,21.51998221
38308,29.91799436,27.77667048,19.78782517,22.51750999
38385,24.02680399,25.78916268,30.00419407,20.17983926
48,13.12528375,27.09977064,27.16304485,32.61190076
6422,33.41825609,21.7832001,19.48751239,25.31103142
15237,18.59877931,25.16494685,30.59676719,25.63950665
23663,28.604342,20.7535334,25.06181898,25.58030562
36171,18.67709143,28.04776985,30.73662783,22.5385109
15434,33.84378605,19.33127015,20.13594204,26.68900175
19793,24.10328626,24.55048969,23.86894601,27.47727804
37675,30.91902042,20.15124917,26.03975438,22.88997603
35904,21.91557674,29.73260847,26.88961417,21.46220063
19806,24.69726697,24.01257752,28.80587848,22.48427703
1358,28.52567094,18.4307672,18.83187074,34.21169112
40130,24.51233565,31.75610175,5.16198072,38.56958188
17591,34.80985287,21.90943394,18.50249011,24.77822308
15902,11.83403152,26.33333179,25.67268338,36.15995331
34321,18.00099321,23.21922112,26.20907272,32.57071294
23340,36.29610744,18.61105888,18.03117371,27.06165998
37998,25.08284531,22.87237251,27.74868791,24.29609427
35302,14.51169477,25.64611567,30.16580779,29.67638178
11555,21.18186671,23.80381806,24.70347073,30.3108445
17268,32.77946792,23.77646539,20.93707309,22.5069936
4272,17.136009,26.45696904,34.79286708,21.61415488
16572,26.46678567,21.8846023,20.68851634,30.96009569
460,21.77003327,22.77178462,21.49835155,33.95983056
8855,18.39118002,26.6273037,30.34455785,24.63695843
33858,22.61338164,25.9768229,31.54433003,19.86546543
2629,13.00648081,28.27361805,32.60735844,26.1125427
5264,7.022382782,40.56501454,20.41336566,31.99923702
5733,7.022382782,40.56501454,20.41336566,31.99923702
39721,24.982453,24.29100948,27.15009964,23.57643788
10237,21.16441523,22.4412775,28.12988018,28.26442709
1055,26.98874502,22.12225098,26.71414122,24.17486278
36846,21.17462852,21.12056019,24.94849817,32.75631312
35328,18.16560924,21.24178148,24.45941845,36.13319083
3150,8.004814255,33.54132597,39.82054508,18.63331469
14650,13.86300723,28.23919536,27.36845953,30.52933788
550,22.72597604,22.63000938,31.67906109,22.96495349
37075,23.83917816,29.77206037,19.93064193,26.45811953
21836,16.20411485,24.23711934,24.06460031,35.4941655
8886,19.51147122,23.36671051,28.29595488,28.82586339
15335,17.53499614,21.61183243,27.18785059,33.66532084
31555,26.50978684,22.62234672,24.86647395,26.00139249
10628,27.30008665,28.65744408,19.56586169,24.47660758
24982,15.40369118,22.11634689,31.28647108,31.19349086
39719,26.96597562,22.75327078,22.51406485,27.76668876
6273,24.70780586,24.548701,28.60058033,22.14291281
21276,17.03670908,28.90699119,31.5650514,22.49124833
22219,17.03670908,28.90699119,31.5650514,22.49124833
10547,28.00895625,22.97468113,29.83668529,19.17967732
15460,28.36543563,20.55661659,22.92643882,28.15150896
30441,34.12509483,22.13000107,21.48369177,22.26121232
34908,17.87899462,24.16176086,28.52116019,29.43808433
5870,19.46741265,21.77255489,24.42228626,34.3377462
14329,25.83534397,24.22161863,28.80127109,21.14176631
21264,22.84007324,24.40315691,32.39909157,20.35767828
36176,26.25793996,18.50763532,24.50148658,30.73293814
26038,27.61734905,17.4922589,12.24304185,42.6473502
114,18.83934612,22.95008067,28.86240335,29.34816986
551,16.49402103,22.99250872,26.64141093,33.87205932
13970,19.46509318,25.75316316,27.93901192,26.84273174
24205,27.18253429,22.5753288,26.94826015,23.29387676
27977,17.92850111,24.16579755,23.21201178,34.69368957
28392,17.92850111,24.16579755,23.21201178,34.69368957
36404,20.97698349,29.4298516,23.28252688,26.31063803
23205,25.83915748,24.32512718,24.76523311,25.07048224
39660,19.29026733,27.10657354,25.05043406,28.55272507
22823,23.61801725,23.27278042,33.5748608,19.53434152
8151,27.38081883,22.66838911,25.79483724,24.15595483
31083,26.40963254,22.84753399,24.76759134,25.97524212
23786,16.61779954,39.43122135,20.89823302,23.05274609
15620,26.4974794,25.17851861,28.11270889,20.2112931
37534,22.32880848,27.10945789,29.83332163,20.72841201
40882,28.8920574,18.66385514,18.33645506,34.10763239
7572,22.53812865,28.79496544,23.51133692,25.15556898
14061,28.41889435,19.65883818,18.93516523,32.98710223
530,21.36066472,17.96364593,26.39384162,34.28184773
33581,25.6342224,18.34385186,15.81604701,40.20587872
34323,29.46914796,18.94445695,25.66154761,25.92484748
33376,27.18272091,19.26321127,24.18116307,29.37290475
33824,27.18272091,19.26321127,24.18116307,29.37290475
12607,29.40704308,21.8013595,27.07955625,21.71204116
33899,31.58259795,21.95276383,24.95110598,21.51353224
9800,17.42682517,32.48527529,31.74338495,18.3445146
858,25.38711887,23.17327657,29.82893159,21.61067297
1300,25.38711887,23.17327657,29.82893159,21.61067297
18146,14.3475218,29.41392874,25.29253138,30.94601807
40534,21.66270319,20.14821321,23.6895554,34.49952821
10072,23.42717832,26.68031709,27.34707441,22.54543019
18452,16.75424887,34.51448386,15.06316842,33.66809885
33591,23.18423815,20.41599523,22.38878913,34.01097748
39735,4.40231531,37.33137845,30.11858769,28.14771854
1100,23.45580456,21.67889537,22.74981895,32.11548113
14632,26.60883973,20.54492777,22.97894782,29.86728469
41613,21.8233636,25.00124044,25.48959135,27.68580461
31485,7.434526014,31.4496023,30.76347176,30.35239993
31955,7.434526014,31.4496023,30.76347176,30.35239993
39490,23.48086199,24.84524918,28.03825766,23.63563117
32958,12.22681082,25.32914265,28.9768981,33.46714844
33447,12.22681082,25.32914265,28.9768981,33.46714844
4445,19.64714669,23.73409141,29.70868934,26.91007256
23657,30.58702119,29.40493451,16.60792751,23.40011678
8484,27.69512801,22.44335865,30.05180095,19.80971239
4210,31.98068445,16.83498352,18.31885165,32.86548039
35817,9.002844755,29.01785366,29.022615,32.95668659
35965,34.34694229,20.49762559,22.07438222,23.08104989
39758,18.22558963,26.53490173,24.94289848,30.29661016
10494,29.1208576,19.06106002,25.35249117,26.46559121
38340,26.71946352,21.50776162,22.19957904,29.57319582
35117,20.31251777,27.9467943,22.24238721,29.49830072
13427,10.99833985,30.02576533,37.42395156,21.55194326
40979,24.72087607,22.29086926,27.53137482,25.45687985
33352,30.59043741,21.19581663,21.23286105,26.98088491
8841,27.50095604,28.52200091,20.92207226,23.05497079
1294,13.72006591,24.89739549,28.55406431,32.82847429
4386,30.02559951,21.84970054,24.29348086,23.8312191
21722,38.89840101,35.5745322,6.914526982,18.61253981
9813,14.88571012,24.67276322,29.34806302,31.09346364
21007,35.4366429,17.18435378,15.02757741,32.35142591
21920,35.4366429,17.18435378,15.02757741,32.35142591
36382,19.02603856,21.48130232,24.76559475,34.72706437
8811,24.62858557,20.45584862,25.50094504,29.41462077
20863,30.17460471,18.95112691,20.91631524,29.95795314
24212,27.3645048,26.83200384,24.33325564,21.47023572
23862,20.47401602,20.70993554,27.89600137,30.92004708
34291,29.81467271,20.72755166,21.64554833,27.8122273
34844,13.20148615,26.58809503,29.93266051,30.2777583
39030,28.03016505,24.29314145,26.39255262,21.28414089
33107,17.37215515,22.60737651,21.05479827,38.96567008
17154,11.44260939,33.29560107,22.94858254,32.31320701
33996,26.4056463,25.00361148,26.28172862,22.30901359
16530,31.41676657,29.6686394,14.02522453,24.8893695
2233,18.01916216,24.70229595,34.64550773,22.63303417
6448,26.34694765,16.84756852,17.4150142,39.39046963
6861,26.34694765,16.84756852,17.4150142,39.39046963
7147,24.72507208,24.92568636,26.50613326,23.84310831
19950,20.24666527,20.38635594,19.84044577,39.52653301
37412,27.98440857,21.87266623,23.2576026,26.8853226
7359,24.40996933,23.01384491,24.31207265,28.26411311
7998,14.91410289,25.235437,23.80414783,36.04631228
8451,14.91410289,25.235437,23.80414783,36.04631228
9695,12.42149046,32.31936933,25.82832325,29.43081697
5672,27.76658242,20.51899996,29.57044305,22.14397457
22755,20.37898209,33.62893181,21.98701065,24.00507545
34777,25.58923129,25.13612947,25.31559905,23.95904019
742,37.35651203,19.24690027,15.37333659,28.02325111
33477,23.48951523,17.6549362,14.65862471,44.19692386
39557,22.88013177,22.37672464,25.39979472,29.34334887
40523,19.95305519,22.85159673,25.00369729,32.19165079
34220,34.15386309,21.36385978,16.47558757,28.00668956
39772,4.773493567,35.15269642,36.94871102,23.12509899
17711,33.81204276,16.77718157,19.25605642,30.15471925
39224,28.08579002,22.44017724,25.56460872,23.90942402
14622,11.06958985,24.8440833,32.48135356,31.6049733
33079,32.7466362,20.64654839,19.07879407,27.52802134
33119,20.03186561,22.35915709,24.03406805,33.57490925
33550,32.7466362,20.64654839,19.07879407,27.52802134
8967,19.11360271,24.06707108,28.34057525,28.47875097
13835,19.48819951,29.14398734,26.96761381,24.40019934
40184,2.347923108,40.23685834,29.70855445,27.7066641
14774,9.177688782,38.88664244,36.45825712,15.47741166
17775,23.74213131,20.96086774,19.43250316,35.86449779
31243,37.32012777,18.53936649,12.08081817,32.05968757
35329,28.80479226,24.68492381,21.99277182,24.51751211
36126,19.86909055,26.25090716,25.85858638,28.02141591
15448,24.99043972,22.20389033,25.31603039,27.48963955
20750,12.87736334,35.71685198,19.26552683,32.14025785
20868,21.59080886,24.3109413,13.69253842,40.40571143
27255,22.35720946,23.31993479,31.89919084,22.42366491
35160,31.1598472,22.03138563,21.50704693,25.30172025
31721,37.10677322,18.61300737,12.1918046,32.08841482
2656,22.05627121,24.49511828,31.72463472,21.72397579
2735,32.19125997,20.05371626,21.88033081,25.87469296
5323,16.65274664,26.72280836,32.09683013,24.52761487
5786,16.65274664,26.72280836,32.09683013,24.52761487
40274,29.31373054,18.63461312,20.93415892,31.11749742
22859,38.53321413,18.20229589,12.84026252,30.42422746
5947,19.6754309,20.31886845,22.51223886,37.49346179
10938,33.03041237,16.44408262,19.85275615,30.67274886
16702,14.45931626,31.21973454,34.1136543,20.20729489
949,20.66084044,24.15665526,28.00784973,27.17465457
12761,20.37637472,31.60178358,29.2040472,18.81779451
22914,28.72886636,20.76019823,29.14517588,21.36575953
41481,29.45267302,23.09248201,28.25397416,19.20087081
34701,31.10317485,24.84036939,23.58775526,20.4687005
5933,27.60352139,25.89029097,22.16243602,24.34375163
1612,20.98765092,23.0125695,22.26690208,33.7328775
3052,9.727199814,39.81995355,16.25172082,34.20112581
14319,26.49149133,23.21309579,27.45569014,22.83972274
7215,28.89442348,23.01192684,27.38055913,20.71309055
40078,22.11580485,23.54932814,25.05716037,29.27770664
3071,17.39212131,27.10135569,25.78636657,29.72015643
10099,26.98372022,22.46600649,29.04770339,21.5025699
27607,18.62861403,23.39436353,28.27508173,29.70194071
40024,26.8948651,21.98335343,20.61551915,30.50626232
23049,23.32013306,24.78041988,30.49003368,21.40941338
40341,23.98431381,23.18220895,29.56507543,23.26840182
3581,17.90437266,26.31770061,29.54087536,26.23705137
24145,12.2446245,27.2884984,29.87577964,30.59109745
36161,29.36091176,18.49685609,18.9230534,33.21917875
32355,32.31670163,19.39242551,24.92326517,23.36760769
40473,38.23821765,19.04427361,15.27270983,27.44479891
5753,27.34517347,20.17433909,18.03178754,34.44869989
21914,23.59543832,24.13749302,27.843116,24.42395266
13828,34.21490919,19.59405317,18.66809785,27.52293979
19680,26.7850682,34.31296456,17.47009111,21.43187613
18980,14.04366819,39.65066992,14.7096195,31.59604239
34328,24.14858694,25.19699964,31.19788832,19.4565251
40273,15.8957927,30.35603474,32.7134707,21.03470186
15433,22.27657915,25.83642692,19.69370162,32.19329231
22676,11.36577299,31.52941172,28.65082707,28.45398821
23174,11.36577299,31.52941172,28.65082707,28.45398821
13814,3.523528013,39.51915977,24.13357489,32.82373733
26429,23.10540072,18.6750258,23.83216458,34.3874089
26911,23.10540072,18.6750258,23.83216458,34.3874089
1378,22.72947967,20.89821662,19.72958763,36.64271608
10342,20.45901969,27.46104537,23.89441106,28.18552389
12470,23.13666468,23.56458286,27.03656445,26.26218801
37375,5.254656421,27.31870905,32.03539424,35.39124029
40945,34.80416531,15.87752604,18.2859006,31.03240805
39256,11.70629759,26.36094126,30.91263193,31.02012922
18373,16.17049165,22.98312885,27.65681499,33.1895645
40438,26.36909675,21.7467842,25.06330621,26.82081284
41402,40.97123384,15.45994513,10.78784872,32.78097231
16126,25.19505105,23.55086007,30.53631538,20.71777351
25056,12.37304713,21.07200819,22.19491214,44.36003255
41341,24.28434107,24.85130464,23.71012254,27.15423175
1488,29.67582394,20.20586027,22.73349459,27.38482121
35733,18.78378563,32.19104572,29.51860547,19.50656318
36484,15.93786904,34.54522178,19.20400389,30.31290529
39370,29.2174303,19.44540705,22.71418043,28.62298222
20414,31.19452265,18.93860457,18.89707243,30.96980035
36084,28.1675216,21.35177968,27.09423028,23.38646844
36611,26.65649627,29.36866512,15.22723725,28.74760136
17300,20.15663812,23.66449572,24.72195358,31.45691257
38976,25.61196359,22.86721035,25.87765161,25.64317445
39792,26.09055436,23.78122117,27.74493926,22.38328521
10763,30.06105235,20.028075,24.80315239,25.10772027
14356,24.8719934,25.46434965,30.61430692,19.04935003
26116,15.7172899,28.11096016,28.78089155,27.3908584
26551,15.7172899,28.11096016,28.78089155,27.3908584
41176,34.46199879,19.5498147,13.94423659,32.04394993
35290,34.85399859,22.30177978,17.3763884,25.46783322
21279,32.37709509,19.89581106,21.18472145,26.54237239
26964,19.44515214,24.76301757,26.42553786,29.36629244
31037,25.93598935,27.03885076,26.57612589,20.449034
31518,25.93598935,27.03885076,26.57612589,20.449034
39480,26.16135535,23.69857077,22.7988487,27.34122518
15085,9.206495972,37.74238087,33.60815969,19.44296347
32214,20.5947469,25.36641438,28.39992333,25.63891538
32681,20.5947469,25.36641438,28.39992333,25.63891538
37260,24.60915809,27.95576004,21.63394624,25.80113564
1391,17.28390616,24.44406426,29.09664747,29.17538211
14227,32.25286753,20.42856619,4.799749748,42.51881653
34677,33.73920665,20.68174939,20.15468612,25.42435784
13278,23.90166451,23.37298898,30.84294286,21.88240364
23721,24.77241679,28.9303206,26.23881256,20.05845005
23922,29.06205838,24.13648571,21.68636137,25.11509453
37112,31.71366215,17.18582904,19.51997252,31.58053629
27493,26.52945108,27.65297464,23.97123828,21.84633599
40198,8.626130996,27.53775649,27.7832718,36.05284072
40681,13.07533169,29.46865341,22.49641678,34.95959812
2184,15.32966483,23.75490551,26.73663437,34.1787953
5768,13.92287967,25.50257151,26.0439168,34.53063202
15503,12.42210275,25.1109255,32.09761096,30.36936079
36289,22.45214849,22.03941186,26.15295042,29.35548923
16230,32.55550301,21.66354814,21.28782028,24.49312857
899,19.91290329,26.39923651,31.16803045,22.51982976
24596,27.07217739,22.18977894,20.56023501,30.17780866
321,20.05503958,30.83810809,25.6232567,23.48359562
38655,23.81104197,26.92168608,25.54619913,23.72107282
8749,24.13842128,23.14570559,31.44046746,21.27540568
9694,27.55229683,27.49804311,20.61017426,24.3394858
16626,20.46052421,20.43921615,22.29398076,36.80627888
33672,30.54557953,18.65653571,20.79159063,30.00629413
19657,25.72623911,26.50897919,22.43709291,25.3276888
22696,27.82789392,18.53330138,23.62850176,30.01030294
30764,38.99774605,16.97546842,17.43871271,26.58807283
31100,25.79022102,21.4796941,26.99660224,25.73348265
31579,25.79022102,21.4796941,26.99660224,25.73348265
32061,21.37598289,24.53578254,31.42591015,22.66232442
8878,30.98123164,20.67694799,23.33887118,25.00294919
38981,30.35401427,21.67857349,26.31828184,21.64913039
40164,22.66645467,22.22344002,16.43720666,38.67289866
13696,25.5688473,18.69635934,19.73314637,36.00164699
31985,22.00297259,31.10915898,21.21586901,25.67199943
32478,22.00297259,31.10915898,21.21586901,25.67199943
12566,18.02313035,24.23218145,31.61837699,26.12631121
11353,31.13769098,18.20116777,21.61272489,29.04841636
16853,22.93985191,22.03590026,22.50008966,32.52415817
19687,23.91795976,30.9675371,25.86210389,19.25239926
30431,30.44938236,19.60943678,10.37830752,39.56287334
1382,28.9196835,21.63936936,21.86139721,27.57954993
39948,30.04050208,19.56357906,19.4343569,30.96156196
15079,15.57234285,28.70195674,36.16976706,19.55593335
41568,36.46597438,21.20751735,14.88760948,27.43889879
20848,23.37752222,23.55168412,25.7191968,27.35159686
21951,18.40015011,28.4361433,35.25422962,17.90947696
35118,25.685493,26.72190493,26.69535469,20.89724737
32974,38.17995392,20.91907369,15.07148914,25.82948325
589,23.68587773,25.8787607,27.04166419,23.39369737
34031,21.09014516,21.01422426,25.00258141,32.89304917
40001,25.51862076,19.45879544,20.81854073,34.20404306
585,28.790691,21.27038357,25.79390822,24.14501721
6844,24.06093795,19.90135334,23.34642006,32.69128865
38783,26.73656569,23.94546145,26.03324894,23.28472392
40562,31.50720294,21.47140979,24.33900587,22.68238139
41312,19.0339864,37.57781675,4.637675328,38.75052152
14427,15.72213589,27.6134563,25.02355152,31.64085629
30274,23.3699066,24.60995501,26.60396419,25.41617421
12971,19.82109389,22.42586931,27.51704397,30.23599283
256,22.99380899,18.55023207,15.27639016,43.17956879
37758,8.714705908,30.73619676,30.65934135,29.88975597
8385,27.5630926,17.95613877,23.47878663,31.001982
2287,26.40741629,26.15916592,26.36592753,21.06749027
12450,24.55097733,23.24121848,30.55953818,21.64826601
13684,25.79161618,21.37582489,21.61286577,31.21969316
24121,27.06735136,32.88482486,13.4653872,26.58243658
27933,23.51440427,24.76531607,27.82482187,23.8954578
28349,23.51440427,24.76531607,27.82482187,23.8954578
15778,27.63148345,18.78934746,23.50077721,30.07839188
17213,11.44198883,29.15659554,25.89182309,33.50959254
17557,11.44198883,29.15659554,25.89182309,33.50959254
35881,27.98843196,23.81146719,25.1858054,23.01429545
2232,1.414954495,37.74086878,36.55911761,24.28505912
16950,23.4963333,27.6215548,29.20778666,19.67432524
22960,19.90423767,28.89869473,34.41854179,16.7785258
10658,31.54925386,17.13156729,22.44858464,28.87059421
23007,26.37287375,20.62511498,21.31308093,31.68893033
23453,26.37287375,20.62511498,21.31308093,31.68893033
11556,26.38498363,23.24006441,26.16391946,24.2110325
13116,28.43362705,20.8039844,23.81724639,26.94514216
16832,27.36654388,22.94607119,20.89334521,28.79403973
5415,28.42614061,20.51577453,24.64606826,26.4120166
5958,17.31732205,27.88127433,28.6125456,26.18885802
13840,33.38127207,20.30694733,17.28144421,29.03033639
14279,33.38127207,20.30694733,17.28144421,29.03033639
20480,19.69765987,21.88678891,21.28356941,37.1319818
1214,28.28787854,18.62458167,21.49051792,31.59702187
1621,28.28787854,18.62458167,21.49051792,31.59702187
23885,20.25546888,32.28755995,28.35188459,19.10508658
23946,24.00025494,22.29310078,29.28815867,24.41848561
2034,20.17588842,26.20682839,28.05000628,25.56727691
668,22.99380899,18.55023207,15.27639016,43.17956879
41137,31.41418491,24.54224971,22.32906713,21.71449825
20754,11.29634755,29.88818457,16.11224977,42.70321811
25423,14.88304101,24.38533622,26.32055032,34.41107244
30158,44.62602945,16.42500042,8.49355569,30.45541444
36515,19.3150424,26.18494001,28.41135994,26.08865766
40793,25.4230514,24.68414472,25.11260553,24.78019836
5371,32.33350702,17.79533659,17.36783083,32.50332556
13890,11.66850712,31.44373023,37.76711569,19.12064695
28934,20.12548222,30.11275261,21.05159243,28.71017274
2647,28.17985767,20.37601005,25.31507369,26.12905859
31111,25.37997884,21.9579667,25.50573321,27.15632126
31588,25.37997884,21.9579667,25.50573321,27.15632126
33878,35.15607987,19.39376021,15.51900177,29.93115815
9634,21.12904172,22.19052853,16.40245555,40.2779742
16558,22.411119,26.33991896,32.17649333,19.07246871
39822,26.78922251,21.55788861,27.02803246,24.62485641
6622,4.012185364,27.93285813,34.06345225,33.99150426
26137,21.26068371,30.08199451,26.89308705,21.76423473
26576,21.26068371,30.08199451,26.89308705,21.76423473
28089,30.34854848,21.93631778,22.58748897,25.12764478
28485,30.34854848,21.93631778,22.58748897,25.12764478
31024,26.0048137,26.63283541,23.98977339,23.37257749
31506,26.0048137,26.63283541,23.98977339,23.37257749
31963,27.65771134,21.8192548,24.75991644,25.76311742
40251,5.242001744,43.52038295,13.94806157,37.28955374
17800,27.66529762,22.50235225,26.70973478,23.12261535
36019,22.16273149,22.17547431,25.26222677,30.39956743
38858,8.40890516,25.93612287,28.3756093,37.27936267
31132,26.09411436,22.0384847,25.18508086,26.68232008
31615,26.09411436,22.0384847,25.18508086,26.68232008
7608,2.595248933,40.09376411,38.23607326,19.0749137
37378,28.98618074,20.17232356,22.89656214,27.94493356
35494,20.34065271,25.29678568,26.78029874,27.58226287
26991,9.848161843,42.36204725,29.58390382,18.20588709
7664,35.23930378,21.64065413,20.40335741,22.71668468
14490,26.4045102,24.04589105,30.03840426,19.51119449
15627,17.52397037,26.15936874,31.21260792,25.10405297
633,28.18301319,19.41771008,26.83084057,25.56843617
31365,23.27491535,23.45097743,26.3624826,26.91162462
31834,23.27491535,23.45097743,26.3624826,26.91162462
2632,9.52490301,27.18538076,31.61703771,31.67267851
1291,25.89954518,23.77029398,23.42826854,26.9018923
22698,27.71001341,29.61000744,19.41491343,23.26506572
31489,27.48303523,21.7605459,25.2024141,25.55400478
35525,36.24524215,21.04223417,16.29273468,26.419789
5336,29.00497695,21.42213618,22.81607082,26.75681605
12331,31.01612156,19.07844541,23.21684202,26.68859101
25511,32.36872929,18.59502966,22.40739279,26.62884826
24310,25.99234634,22.26351099,25.32728128,26.41686139
38209,21.13378916,41.20459384,17.10097693,20.56064007
39814,19.37928086,26.17772492,22.83286509,31.61012913
24646,22.46496392,27.04125038,30.10540095,20.38838475
25385,22.46496392,27.04125038,30.10540095,20.38838475
884,34.38918799,18.64667484,14.26231201,32.70182516
15224,29.13087581,23.34226978,26.74888627,20.77796814
39798,26.64342457,21.05102427,23.5855337,28.72001746
10509,25.1357233,24.15816821,30.52951444,20.17659406
18397,18.57759772,24.83474967,26.82885375,29.75879886
20865,30.01421184,16.38651711,20.31762414,33.28164691
13822,19.03608958,27.509818,17.96802345,35.48606897
15495,15.06089774,25.13643332,28.59555227,31.20711667
16072,24.61893755,21.73971432,26.38427261,27.25707553
13550,29.28690526,24.84479507,26.84656151,19.02173817
13998,29.28690526,24.84479507,26.84656151,19.02173817
15099,17.40468943,22.65008833,22.60046852,37.34475371
16641,28.29490707,22.91350068,21.13206873,27.65952351
17559,30.3632553,25.52750166,22.24129894,21.8679441
23771,28.16695224,21.2097013,19.33221706,31.29112941
34347,18.07269435,22.76703746,28.53461746,30.62565073
22636,27.65336636,22.00433894,24.23772254,26.10457217
169,28.83567167,21.25044426,25.43386252,24.48002154
5306,11.37404948,27.11665935,27.34262997,34.16666121
27778,18.00533368,27.0147627,23.24215091,31.73775272
25632,25.85894841,27.34599948,20.52428229,26.27076982
35133,17.31945094,24.88211337,24.91076388,32.88767181
25453,36.90239415,15.85438308,10.38803358,36.85518919
8153,12.15718227,24.3259309,27.62631662,35.8905702
13534,20.42451272,27.7621543,34.49518184,17.31815113
13620,31.4427175,19.0945858,17.18518828,32.27750842
25362,18.96599165,25.73383331,35.30133121,19.99884383
35501,31.56970874,19.32643028,25.26837596,23.83548503
14969,34.41155675,17.48006995,12.60912891,35.49924439
23122,16.23651159,28.10645731,37.21762066,18.43941045
31207,23.46824069,27.41238531,26.30791287,22.81146113
39173,21.34401588,26.23928815,29.14083151,23.27586446
38257,4.867491184,32.72941701,32.01885413,30.38423768
9613,20.75278249,25.00273834,27.69230865,26.55217051
16892,17.01945147,33.50383016,29.55260028,19.92411808
17338,17.01945147,33.50383016,29.55260028,19.92411808
30218,24.10664938,19.99673422,24.18204261,31.71457379
40482,30.04932457,19.9059721,21.5373298,28.50737353
3245,17.24188701,32.23324251,24.59916531,25.92570516
39226,10.88313595,33.79066677,23.51902685,31.80717043
17962,28.50315275,26.49754337,22.34404154,22.65526234
35604,11.24867026,25.01203766,32.96148962,30.77780246
20081,21.00699078,28.23732301,32.48920116,18.26648506
188,25.97447653,26.67723014,27.3194076,20.02888573
35002,25.84580565,28.33412343,26.12787919,19.69219173
19237,21.45565138,21.09860969,25.2522062,32.19353273
36397,28.76612113,27.12840037,25.8205951,18.28488339
38993,38.69533074,17.72688713,14.75792766,28.81985446
26202,17.93442574,23.82127378,30.85775169,27.38654878
26644,17.93442574,23.82127378,30.85775169,27.38654878
32996,22.31326459,30.46787779,26.4191421,20.79971552
4805,17.44269012,24.8384753,27.66135428,30.0574803
8093,37.14816821,19.7128354,18.02234798,25.11664841
584,30.18502378,20.51159034,25.41174813,23.89163775
8428,32.09573631,20.18353174,19.36201939,28.35871256
17521,22.55530781,20.15176568,24.35658561,32.93634091
27185,22.13546492,24.88762675,26.10737737,26.86953096
325,17.3926223,24.50150616,25.42328322,32.68258831
10927,37.8381351,14.53002963,8.158510211,39.47332506
14445,15.3480959,23.08641878,25.23361355,36.33187178
31029,19.08601188,28.22471585,32.69411553,19.99515675
31511,19.08601188,28.22471585,32.69411553,19.99515675
6450,33.91883654,20.81820308,17.86728623,27.39567415
36078,31.95516652,15.54318688,17.41430568,35.08734092
573,27.40225497,25.83773184,22.70799796,24.05201524
14558,19.97904881,24.72989029,24.20874545,31.08231546
14920,19.97904881,24.72989029,24.20874545,31.08231546
1026,16.88753632,31.58985139,28.61896393,22.90364836
1447,16.88753632,31.58985139,28.61896393,22.90364836
1500,14.29004237,24.85758187,24.19246183,36.65991394
8540,33.9031438,15.50635527,13.78927253,36.8012284
15156,26.67146228,23.66722141,29.47467878,20.18663753
15524,26.53271967,27.6998998,21.44342038,24.32396016
37420,28.31263356,21.49164074,24.70256142,25.49316428
7660,26.55843916,23.76333254,27.17945452,22.49877378
34637,28.57496663,24.05771349,12.89411943,34.47320046
4020,18.22106909,27.89050925,28.62484221,25.26357945
11789,30.17035335,25.06175085,23.13782862,21.63006717
37962,6.63591781,25.2197429,29.09291035,39.05142894
1752,23.6385852,23.87471738,31.41428176,21.07241566
14754,14.21402941,23.48950442,27.98469075,34.31177542
39116,26.83458355,22.6234456,24.27011831,26.27185254
5277,24.05841619,24.5013175,28.04071188,23.39955443
15673,14.60441961,24.31293442,30.14090875,30.94173722
19957,27.42922485,28.59992207,19.0600795,24.91077358
34731,31.0362462,17.8532831,14.8966867,36.213784
13637,34.20257759,23.05091104,18.49134879,24.25516258
17015,28.22123665,23.02735195,27.23157998,21.51983142
34447,29.593766,19.47335496,25.97176689,24.96111215
38879,4.562220785,30.62322238,27.76953907,37.04501777
18964,24.80839349,21.55127117,24.41663772,29.22369763
37928,23.8496869,25.25384345,29.28350787,21.61296179
1285,13.07247646,27.05903778,28.26516272,31.60332304
2303,23.32089268,24.35669343,22.92230675,29.40010714
658,10.5140451,28.37906669,23.80043061,37.3064576
12535,21.69194784,27.6957954,21.08700248,29.52525428
37318,5.261642924,28.49636757,30.16395015,36.07803936
22791,23.93979258,29.06569092,23.41754567,23.57697083
17087,27.11794054,27.15614261,23.41290607,22.31301078
17463,27.11794054,27.15614261,23.41290607,22.31301078
22721,24.9230896,29.44574217,29.41183141,16.21933681
23215,24.9230896,29.44574217,29.41183141,16.21933681
36476,29.15949225,27.28179382,21.11362401,22.44508991
152,25.19604642,26.13898738,24.39473139,24.2702348
14378,18.1802698,21.91818763,23.58103592,36.32050665
14720,22.83650663,24.63503616,27.97825949,24.55019772
15183,18.1802698,21.91818763,23.58103592,36.32050665
33342,20.14594829,25.40382276,24.58584036,29.86438858
37909,34.85502192,22.35205301,17.36943504,25.42349002
12973,29.82234647,21.4050672,22.00263329,26.76995304
13959,26.87072654,19.81807674,18.04745442,35.2637423
40327,28.52882668,18.38405198,17.80295931,35.28416203
8028,24.28521072,24.69834146,30.6638288,20.35261903
34635,25.69489619,22.46395286,24.51992714,27.32122381
648,24.73138971,33.12804621,24.34547693,17.79508714
5495,25.33169555,23.80408512,27.05018864,23.81403069
15792,24.32020061,29.00088934,27.57498285,19.10392719
38570,14.71287838,22.86217879,30.88852684,31.53641599
14637,24.51563254,27.90977116,25.29741503,22.27718127
23329,31.48714831,18.63634039,20.9891604,28.8873509
4298,21.34131203,26.94099835,28.30040001,23.41728961
24257,26.86379724,20.85868037,23.0136059,29.26391648
34957,23.46834105,24.06022819,27.99201229,24.47941847
38157,27.9483148,23.0288008,28.39586606,20.62701834
726,19.02348315,21.96056886,26.01983507,32.99611293
18545,26.33483715,19.30043758,28.56969458,25.79503069
26001,25.9476704,20.2246291,27.58819669,26.23950381
1209,22.86506006,27.425411,30.91521192,18.79431702
15595,18.53768032,24.60177206,28.79482781,28.06571981
17789,15.45561969,22.89460808,25.67258636,35.97718587
32425,19.1692539,22.09602171,19.28328552,39.45143888
29500,9.289073122,33.07140518,28.9145795,28.7249422
2253,24.55017282,19.46066815,25.34611971,30.64303932
32427,18.88091,24.35597355,33.4977309,23.26538554
32911,18.88091,24.35597355,33.4977309,23.26538554
5724,9.804576542,28.09258076,26.7375866,35.36525609
6135,9.804576542,28.09258076,26.7375866,35.36525609
25535,24.84748574,22.44817068,27.05300862,25.65133495
32008,24.31920551,21.5257522,23.65353266,30.50150963
32499,24.31920551,21.5257522,23.65353266,30.50150963
3927,20.11036425,26.07620189,32.82315133,20.99028253
16636,20.58483823,24.6937752,25.56026697,29.1611196
35470,28.90918663,25.53922314,25.9018346,19.64975562
3132,33.06520454,19.05755117,18.40941261,29.46783168
16415,27.82212387,22.22944454,21.76989867,28.17853291
640,26.97515112,23.65419369,25.15566625,24.21498893
250,15.76690203,23.31229113,23.87750702,37.04329981
40278,21.57928841,29.47524573,19.18234187,29.76312399
6559,34.94959852,20.23872928,18.89706888,25.91460332
6956,34.94959852,20.23872928,18.89706888,25.91460332
9182,25.78919832,20.281936,15.89778806,38.03107762
9585,25.78919832,20.281936,15.89778806,38.03107762
19095,28.12465611,21.72321686,26.83632847,23.31579856
6083,11.95491302,24.18877,30.27550089,33.5808161
40496,26.88799985,27.11404803,18.57174256,27.42620956
3965,13.78588254,25.18903222,27.6854288,33.33965644
15801,14.79369393,22.21700453,29.65966571,33.32963583
22626,19.86008994,21.22834047,23.82412676,35.08744284
13522,41.03787357,23.28597325,12.30497747,23.37117571
13974,41.03787357,23.28597325,12.30497747,23.37117571
14531,28.78015909,21.83168271,22.59441417,26.79374403
1471,26.5397264,22.56273677,24.77588681,26.12165002
1778,17.13775731,25.08672268,36.96598531,20.80953469
32277,33.93664232,17.59118038,20.37724041,28.09493689
26959,17.39375659,25.52550864,23.9628566,33.11787817
8668,34.1958573,17.40178415,23.20457181,25.19778674
11167,14.7449219,25.13065989,26.54225633,33.58216188
18155,8.869420277,29.65892033,34.5880509,26.8836085
9239,27.64490738,22.27851704,30.02403307,20.0525425
9623,27.64490738,22.27851704,30.02403307,20.0525425
34024,31.20020184,21.35085373,25.16912132,22.27982312
39421,26.35497432,24.3669025,24.07357562,25.20454756
25044,10.48659808,33.38243936,31.13873263,24.99222994
23345,31.13822198,17.79825178,22.54325143,28.52027482
34426,21.34635914,25.91097002,22.50583685,30.23683398
26077,8.900293074,37.78586521,31.73702954,21.57681217
26527,8.900293074,37.78586521,31.73702954,21.57681217
30272,10.12215234,25.99620785,32.37779536,31.50384445
3074,18.60262351,32.49576732,23.93867136,24.96293781
8034,30.61094573,18.47508381,19.67670972,31.23726074
32294,21.81642145,22.60038814,20.76655079,34.81663963
32761,21.81642145,22.60038814,20.76655079,34.81663963
1785,27.87167165,20.6047942,26.89130498,24.63222917
13640,26.31384491,21.64976186,29.30781303,22.7285802
14078,26.31384491,21.64976186,29.30781303,22.7285802
26087,15.30362462,26.22647975,31.25333155,27.21656409
26534,15.30362462,26.22647975,31.25333155,27.21656409
31396,27.09670645,26.46973118,23.63515752,22.79840484
31861,27.09670645,26.46973118,23.63515752,22.79840484
39880,20.93138054,26.93955011,33.63179534,18.49727401
9783,25.11312992,21.33018059,22.94249521,30.61419428
21977,31.15306902,22.89333099,23.24757309,22.7060269
38343,11.81239203,37.56547103,29.97956653,20.64257041
39079,29.49207929,21.15309441,22.72162747,26.63319883
15292,31.89733683,19.01734987,23.14623806,25.93907524
23166,34.8741584,18.28196649,17.50320467,29.34067044
23627,34.8741584,18.28196649,17.50320467,29.34067044
30490,23.70478504,25.73784527,26.68071182,23.87665786
4393,31.94647997,20.74280719,24.82895515,22.4817577
23727,23.86749287,35.3402868,19.9755015,20.81671883
31082,25.27075485,29.46841252,23.23703324,22.02379938
31561,25.27075485,29.46841252,23.23703324,22.02379938
21076,9.008801515,31.49272108,42.22493791,17.27353949
1213,24.84684144,21.19036214,19.94304252,34.0197539
23184,25.94876423,22.95775181,21.46172519,29.63175877
24526,19.21378619,22.34866868,29.44432868,28.99321645
40848,28.21798451,26.17288561,24.38249454,21.22663534
1829,29.16668635,23.97140507,23.1685649,23.69334367
23283,29.19833513,24.86486366,21.17581045,24.76099076
22921,20.80949979,30.70890744,29.39023639,19.09135638
36141,32.00256528,23.02813034,21.31401368,23.6552907
2650,27.10247252,23.22668269,26.47195072,23.19889407
8822,19.38382265,28.00137516,21.83937493,30.77542727
31993,25.48706283,24.43347612,26.20686128,23.87259977
32484,25.48706283,24.43347612,26.20686128,23.87259977
40279,8.820537896,31.58621225,35.88655992,23.70668993
10791,23.86737819,25.16851241,23.18357346,27.78053594
11253,23.86737819,25.16851241,23.18357346,27.78053594
6858,25.96447162,20.03953936,18.38749999,35.60848903
23672,20.27913535,25.45189968,32.30665479,21.96231018
35728,25.26118448,22.43857151,28.50021581,23.8000282
13480,24.10997627,23.72719313,25.33340535,26.82942525
40374,6.866483871,32.64759864,31.42023618,29.06568131
35028,29.22507889,22.10437757,26.16501966,22.50552388
26737,29.48932366,20.33674423,26.90708824,23.26684388
225,27.22196381,22.8586134,27.7341736,22.18524919
8939,25.35270854,21.06765812,20.68600002,32.89363333
40120,30.09288543,18.50346102,22.84390726,28.55974629
35612,23.49049154,30.93063162,13.78753953,31.79133731
31558,12.16246674,25.80858163,28.06038757,33.96856406
34317,30.67875217,21.96577125,23.06947688,24.2859997
1803,27.46981432,31.21027177,20.54444479,20.77546913
17485,25.39592459,33.49467455,15.95763772,25.15176315
17834,23.97935761,20.42304472,28.95871119,26.63888648
40533,23.67882237,22.43711694,25.24008468,28.64397601
5368,25.19605819,25.06722731,22.54415063,27.19256387
10730,23.45644093,28.57360159,26.91739827,21.05255921
8327,22.49323498,24.73909815,33.09562139,19.67204548
24319,22.96833746,25.80539617,28.31865192,22.90761445
27054,19.70443395,27.27049058,30.26287405,22.76220141
15578,19.73672915,23.67254315,23.39053052,33.20019718
16027,15.00150032,27.28839999,21.89031968,35.81978001
16481,15.00150032,27.28839999,21.89031968,35.81978001
35658,17.71678601,26.98172443,32.85039561,22.45109395
36307,20.92722289,24.57752036,30.25278458,24.24247217
38763,10.61187169,27.16076426,30.30907002,31.91829404
6196,22.77919568,25.41553752,25.3581076,26.4471592
6639,22.77919568,25.41553752,25.3581076,26.4471592
16094,26.92013872,21.47437204,20.45681709,31.14867215
22845,27.58991582,21.39049382,24.30115952,26.71843084
23313,13.31638058,26.12914486,25.33837479,35.21609977
25089,35.82933721,19.73424834,18.52558266,25.91083179
1504,20.93422656,21.42888918,23.41237004,34.22451422
5961,27.33179655,24.74045491,24.98531043,22.9424381
13526,16.25944864,28.84437504,24.4700646,30.42611171
13975,16.25944864,28.84437504,24.4700646,30.42611171
38303,27.847207,26.13345222,25.30184874,20.71749204
39272,27.29598966,22.30921859,24.51950961,25.87528214
2699,25.74146671,25.57534744,27.43972193,21.24346393
3123,25.74146671,25.57534744,27.43972193,21.24346393
14062,29.33819896,18.76284599,23.24510129,28.65385375
31278,32.79682566,18.03197203,18.44668358,30.72451873
31748,32.79682566,18.03197203,18.44668358,30.72451873
19836,24.0775319,19.38959069,20.42956759,36.10330982
17215,27.69143546,26.59956273,23.31557621,22.3934256
37891,31.55427808,20.76256925,22.5978565,25.08529618
786,28.38389856,20.56646487,25.4770726,25.57256397
14805,19.71114824,22.20096337,25.72286535,32.36502304
15120,25.84921753,21.78620738,27.3948571,24.96971799
15350,19.60389181,28.4134435,35.11995241,16.86271227
34633,11.01374794,28.64613851,31.21695284,29.12316071
3192,16.8989507,27.97974228,27.14496945,27.97633757
13853,23.08118997,22.60670889,27.05379826,27.25830288
14303,23.08118997,22.60670889,27.05379826,27.25830288
23832,28.90992057,21.25773523,25.02946597,24.80287824
12612,25.60022212,21.9845803,32.69712302,19.71807457
15923,18.19588926,20.34394989,22.02023522,39.43992563
25749,20.0135172,23.87555795,31.63426393,24.47666092
745,29.02016246,22.04146841,28.82736315,20.11100598
1416,26.86408934,20.65443121,28.42844502,24.05303443
15651,18.74059827,25.98296139,25.98191257,29.29452778
23785,27.96866727,21.29365046,23.42350171,27.31418056
26264,29.09316292,20.53736406,19.75088787,30.61858515
26704,29.09316292,20.53736406,19.75088787,30.61858515
16551,38.42285235,19.26955868,17.57057262,24.73701635
22866,30.12636798,19.77878959,21.45623329,28.63860914
6899,29.03657681,19.54777159,25.2316404,26.1840112
19122,27.08885061,20.77839346,13.18824773,38.9445082
22422,19.95912842,28.60406365,34.50364462,16.93316331
36254,25.28579892,27.98033462,14.54964348,32.18422298
37379,26.89535524,21.54871047,26.76967582,24.78625847
37656,34.37465997,18.78828515,11.91244533,34.92460955
14074,31.28703874,23.69731613,19.51248072,25.50316441
8099,30.44665628,23.81569676,19.66518931,26.07245765
3319,25.10500216,23.29123358,27.84849446,23.75526981
31684,23.67348777,27.66925563,25.89774036,22.75951624
12376,26.16993388,17.49744205,18.41907781,37.91354626
7940,12.48132626,29.0038705,29.66122658,28.85357666
22666,26.50038858,23.49321713,31.91248764,18.09390664
14156,17.15820776,27.44663876,36.10913091,19.28602257
34473,20.6273039,28.50275874,32.23656169,18.63337567
11681,29.97791167,20.51506683,29.28479844,20.22222306
12585,29.97791167,20.51506683,29.28479844,20.22222306
13479,24.26764675,22.09092514,23.91082744,29.73060067
24759,21.6127641,27.00613072,33.25261282,18.12849237
36940,26.64591948,27.0161244,25.59391387,20.74404225
37848,31.30985071,18.09681325,22.83186824,27.76146779
38286,28.15166186,18.23087689,24.88630771,28.73115354
15664,23.27544332,24.06125562,30.41323379,22.25006728
31980,23.34596778,21.74515034,29.75807638,25.15080551
32472,23.34596778,21.74515034,29.75807638,25.15080551
3499,32.47724299,18.78087156,21.07600181,27.66588364
3944,32.47724299,18.78087156,21.07600181,27.66588364
18873,20.93410251,25.41152088,32.63993456,21.01444206
38094,27.26439615,17.88095166,16.31977307,38.53487912
40701,9.577697094,26.56850191,31.9054053,31.9483957
727,37.46942448,16.7574424,8.495186989,37.27794613
10662,27.68332404,24.38510499,22.43697597,25.49459499
24302,23.70219253,23.80442492,24.19761833,28.29576423
17655,20.71831654,31.95923304,19.03134558,28.29110485
25171,33.46240803,19.44123245,17.01875796,30.07760157
40233,9.782164745,44.51917495,19.26898715,26.42967316
1729,25.50398167,24.04255745,25.2554266,25.19803428
26316,14.3776692,33.02255986,24.26694041,28.33283053
26749,14.3776692,33.02255986,24.26694041,28.33283053
12472,15.57099884,30.72927145,23.68137237,30.01835734
38352,27.62406502,20.60977281,23.73301106,28.03315112
8622,27.94291659,19.31012292,17.78324751,34.96371298
657,32.01820554,18.54613611,21.5477455,27.88791285
20097,24.69301577,23.76954912,27.37329464,24.16414047
32916,29.09914989,21.94322846,27.20693697,21.75068468
33383,29.09914989,21.94322846,27.20693697,21.75068468
14552,27.74294363,20.31530247,20.60512305,31.33663085
14860,33.09489181,20.27725678,18.29000779,28.33784362
14914,27.74294363,20.31530247,20.60512305,31.33663085
27430,21.83577343,24.63357853,31.91414317,21.61650487
12994,28.59131694,20.77456073,20.78841895,29.84570339
15151,22.00820744,23.8086694,27.87144848,26.31167468
19325,16.22513736,29.47302355,33.4518006,20.85003849
24671,13.6472696,24.2504719,25.84271326,36.25954525
25408,13.6472696,24.2504719,25.84271326,36.25954525
346,25.530811,17.87769318,19.74944974,36.84204608
40750,9.873070946,28.20525068,31.50854299,30.41313539
22873,24.85656953,21.52677043,28.84393041,24.77272963
23354,24.85656953,21.52677043,28.84393041,24.77272963
39957,13.40539355,26.15160613,23.20095828,37.24204204
1974,28.39732041,21.32340957,23.79603034,26.48323968
10700,32.69513724,22.66099229,18.1090125,26.53485797
24203,23.25677924,27.17009398,27.03038052,22.54274626
4638,22.3396469,20.01517776,27.79110483,29.85407051
22209,25.1803927,25.46360688,18.72009242,30.635908
743,26.26762846,17.51868594,19.37938148,36.83430412
744,37.41668322,22.0203933,17.22202645,23.34089703
15096,19.70582471,24.92480087,27.48227065,27.88710377
23328,32.34429364,20.04021829,19.03921353,28.57627453
23788,34.83185456,19.83602702,16.65382865,28.67828977
39755,29.22147345,28.01136059,21.4579575,21.30920846
7857,22.6877583,26.1543453,20.92109284,30.23680356
347,37.67899917,21.64330446,18.28884719,22.38884918
38573,29.92077143,19.46570525,22.3290147,28.28450861
13022,20.06940247,24.42436613,27.0300949,28.4761365
41247,30.76521605,19.02359106,22.22423335,27.98695954
16575,16.78462816,30.50034525,25.37237339,27.3426532
24774,34.43713815,19.43110629,16.56622474,29.56553082
34499,29.07149182,25.8270028,22.39865719,22.70284819
36976,19.41643994,35.38908836,25.13178248,20.06268923
41252,30.36123422,18.99840792,20.58843006,30.05192779
8083,35.2901982,20.89867536,19.49313375,24.31799269
15244,22.15430637,22.47933314,22.91362918,32.4527313
19914,28.15571519,22.45277833,28.43113645,20.96037004
7582,24.40820453,23.08520596,29.04820355,23.45838596
26430,26.01192036,20.88258294,23.00464654,30.10085015
26914,26.01192036,20.88258294,23.00464654,30.10085015
31289,25.84873959,23.15285502,29.89218846,21.10621693
36020,22.29639116,26.29619008,24.46409754,26.94332122
36203,25.40479428,26.37691885,5.18467615,43.03361072
1858,32.13296826,19.22763578,18.32153256,30.3178634
10415,28.14344196,34.44158107,13.7987693,23.61620766
24450,19.42971747,21.68006182,27.75407166,31.13614905
29481,23.5456983,24.5552215,29.77636298,22.12271722
10775,25.79314319,28.0251045,25.0382957,21.14345661
25156,23.0703176,27.18214933,27.69044178,22.05709129
32430,29.34970952,19.41809596,22.37497697,28.85721754
32908,29.34970952,19.41809596,22.37497697,28.85721754
40005,22.67804856,24.67835223,32.30995139,20.33364783
33810,28.09845532,18.75791693,23.17147868,29.97214907
3167,8.204008172,25.33394057,25.71021673,40.75183453
4387,23.61438991,25.35748183,28.17098905,22.85713921
24148,34.2734419,19.32771749,20.01086121,26.3879794
25106,38.29240263,15.53021485,9.507619268,36.66976325
27027,28.24460707,21.07672623,24.92324456,25.75542215
41328,15.64404889,29.66476026,36.22675724,18.46443361
2176,25.19481398,23.80024235,23.93660107,27.0683426
20129,27.91600257,20.19065137,25.84483785,26.04850821
41376,27.91600257,20.19065137,25.84483785,26.04850821
6170,16.06497016,28.65684326,35.81981383,19.45837274
31760,25.99235507,22.98329161,29.76461908,21.25973425
25937,18.21894446,20.42232229,18.68285565,42.6758776
41440,14.76603445,30.91916685,32.34935539,21.96544332
9521,27.87742495,22.34456711,18.80842341,30.96958454
38977,21.15241968,28.89777338,29.52808458,20.42172237
19447,29.24962986,17.11222954,15.90291089,37.73522971
1992,25.95782549,23.73239344,21.23953442,29.07024665
7699,24.48085209,22.95129428,28.3788952,24.18895844
30101,26.34147804,23.42935011,21.03169971,29.19747214
36533,32.57234224,20.0817443,21.80300482,25.54290864
40726,10.15777943,30.76927559,26.12345359,32.9494914
35497,26.20196207,20.22229753,24.09192889,29.48381151
2252,17.19855285,25.55502482,27.62712829,29.61929403
32090,26.32855592,25.7847252,22.84828814,25.03843074
32593,26.32855592,25.7847252,22.84828814,25.03843074
13962,21.32117961,27.90430909,29.92017652,20.85433477
16992,24.57813795,23.03776531,31.17504574,21.20905099
17401,24.57813795,23.03776531,31.17504574,21.20905099
20460,27.49860301,24.20326396,27.32743588,20.97069715
27429,26.96970342,20.91598786,24.44599613,27.6683126
5829,38.82799513,15.27844193,10.31729651,35.57626643
18040,19.68236931,21.01029315,20.62273854,38.684599
38847,24.90411027,22.5956179,30.67753341,21.82273842
3430,37.53270824,19.89605407,13.26128306,29.30995464
15925,15.414015,23.14456118,28.32910146,33.11232236
3509,31.11668847,20.71938441,25.65423452,22.50969261
11836,22.70608854,22.27333992,22.08862386,32.93194768
13387,29.58493024,17.87983087,22.37927289,30.155966
35557,31.13412857,20.04301684,25.12236776,23.70048683
13724,30.62783673,17.49575918,21.79998329,30.0764208
16833,10.8538139,27.00353255,28.05540009,34.08725346
37255,35.38371614,27.04253116,11.41756754,26.15618516
27521,20.16143551,20.86127411,25.84603249,33.13125789
41199,10.035608,26.89747538,34.15755044,28.90936618
26915,9.723390959,26.8494262,28.00046503,35.4267178
35547,21.61927117,19.06104441,22.88385521,36.43582921
40421,25.44999125,27.07304582,30.09133741,17.38562553
24496,16.88688637,20.13020449,29.8059663,33.17694284
10632,16.02682982,26.30650303,26.82415608,30.84251106
25733,27.7741954,28.76364643,16.49274424,26.96941393
39233,19.23673847,20.94812754,22.86167432,36.95345966
20923,16.21197999,19.25842397,27.13763357,37.39196247
21838,16.21197999,19.25842397,27.13763357,37.39196247
2758,7.232280622,26.50302659,27.45983417,38.80485862
5860,20.38231037,26.77287421,28.75943013,24.08538529
22654,27.1424929,25.37661271,25.4320871,22.04880729
31577,13.64234776,25.78919721,28.41164928,32.15680575
40452,22.43063904,24.75147728,28.08814653,24.72973715
13973,28.6725693,17.84045865,19.55350245,33.9334696
24011,18.67416383,30.21761293,30.45744604,20.6507772
5969,13.29355591,26.99607506,26.48641674,33.22395229
33841,20.96559843,22.65994762,27.61302922,28.76142472
2221,13.46837114,29.50186503,26.8023512,30.22741262
31107,22.07679247,28.69314755,28.9742156,20.25584438
31585,22.07679247,28.69314755,28.9742156,20.25584438
40484,25.58675097,19.00256611,26.99474061,28.41594231
38225,25.76935389,23.6965868,29.53070066,21.00335865
35063,10.03976121,32.04264225,20.17632677,37.74126977
39768,12.29502092,30.64740491,35.41507394,21.64250023
1335,31.92334459,18.8663727,22.88605833,26.32422438
10801,39.02044991,16.74996185,12.7232704,31.50631784
2634,19.72402872,27.44482552,27.49105817,25.3400876
8853,17.65376963,25.91841294,27.76345681,28.66436062
9701,17.65376963,25.91841294,27.76345681,28.66436062
35810,25.22658789,29.67672861,22.77781944,22.31886406
39910,16.53041714,25.23550842,28.44718349,29.78689095
24324,25.33348201,29.37066079,19.54471172,25.75114548
30778,28.75159593,19.1762158,21.8072119,30.26497637
37941,36.34549967,15.93655631,18.45848756,29.25945646
6623,22.17875647,25.98592492,30.75329828,21.08202033
25790,31.88381798,24.36814076,21.14274736,22.6052939
40405,15.88786683,32.4317233,23.05805103,28.62235884
11114,25.02937037,23.97633987,25.9398756,25.05441417
37111,34.81579803,18.05207951,21.58344354,25.54867891
33399,23.48941573,20.20991542,23.85731531,32.44335354
14798,20.31626,21.70039425,26.19702143,31.78632431
37273,6.042016219,35.82563386,29.27857459,28.85377534
40808,23.0479342,20.29717976,20.76592194,35.8889641
15032,17.56859307,23.89875711,21.39080329,37.14184652
16144,27.53398041,21.68875194,21.49944269,29.27782496
36561,26.58561617,23.24086961,25.74896346,24.42455076
22470,31.46770926,22.90359808,26.63029039,18.99840227
35534,29.77835168,19.32663651,20.3834546,30.5115572
13521,29.73191544,20.88537405,20.65717214,28.72553837
40204,18.20041214,27.95645827,20.68666825,33.15646133
1428,35.63875886,17.84638579,16.25331081,30.26154455
5257,7.383777677,32.25838998,29.06651074,31.29132161
38058,38.02893468,16.69513042,13.29600019,31.97993471
39846,14.82158466,34.31254808,18.07650968,32.78935758
39870,23.32479221,25.6213522,24.25765738,26.79619821
7630,23.3239674,27.07424699,24.8541064,24.74767921
10340,26.59655819,23.91466271,27.76078739,21.72799171
41221,7.04568797,29.40324076,29.96531433,33.58575693
5655,36.44385995,19.03772373,17.91029779,26.60811854
31994,25.1453779,26.27500231,26.2393183,22.34030149
32485,25.1453779,26.27500231,26.2393183,22.34030149
40187,35.70089485,20.07870369,17.01259888,27.20780258
36799,4.027043373,28.88550913,32.43269009,34.65475741
37448,30.57163798,19.40414902,21.22439962,28.79981338
35508,18.05549654,22.27118769,27.57506847,32.09824729
40693,11.88099067,28.39595924,42.29323681,17.42981328
11218,24.07329362,20.10276247,27.18622391,28.63772001
17156,24.70153597,19.83436532,20.39579962,35.06829909
31143,27.732573,20.98867672,23.73627015,27.54248012
31621,27.732573,20.98867672,23.73627015,27.54248012
23811,29.82739199,19.04483386,21.08891603,30.03885812
37387,8.251387085,24.54953771,32.78681559,34.41225961
34183,31.40244812,21.40840128,25.96155712,21.22759348
36939,27.02565879,28.97126421,20.03076641,23.97231059
40143,28.79148236,23.0646437,21.23554809,26.90832585
1128,27.04959584,21.50603918,23.92284322,27.52152176
24157,30.12724952,21.70797565,26.48881748,21.67595735
803,18.11491935,24.11669732,31.84854083,25.9198425
38908,31.34803893,18.04341953,20.63850294,29.9700386
20188,34.87267138,17.29740443,15.71065579,32.11926841
20644,34.87267138,17.29740443,15.71065579,32.11926841
806,28.48825395,19.79245628,23.58534033,28.13394944
39933,5.773774179,29.10880346,28.9611635,36.15625886
1442,28.46257011,20.25782809,27.13920542,24.14039638
19651,27.75232342,25.03369318,20.85429617,26.35968723
8152,29.33142337,22.61069255,26.17345529,21.88442878
24349,23.67093369,39.55359624,16.32028109,20.45518899
40288,9.178849606,44.63920341,11.07483886,35.10710813
10626,16.91252835,30.96608962,32.84602867,19.27535336
13861,5.828221189,32.59302757,30.05547133,31.52327991
26994,16.66334295,24.73069748,27.65181745,30.95414211
40282,17.29369072,36.33718411,19.20445754,27.16466763
815,15.99212666,27.00918981,34.37834437,22.62033916
410,31.84343202,21.26603771,20.48352683,26.40700343
40234,6.409144006,31.56805016,29.08023329,32.94257255
40354,27.99845549,23.81902561,26.46489729,21.71762161
9801,18.2629711,24.38631037,28.75004328,28.60067526
9808,31.42428081,21.27815905,26.00230366,21.29525649
31660,25.75118592,29.46630454,23.36948144,21.4130281
34389,20.58057565,25.7246083,27.44483562,26.24998043
40139,25.43079684,20.3428613,18.30868875,35.91765311
11280,34.52787906,17.67250687,17.318381,30.48123307
26090,19.07820611,25.1912789,37.28133459,18.4491804
26535,19.07820611,25.1912789,37.28133459,18.4491804
36348,19.50862486,27.90162619,25.59562086,26.99412809
39853,17.16453408,26.82838069,36.48559368,19.52149156
6392,23.05496724,20.46755488,24.26487886,32.21259902
23310,27.38030707,21.15012745,23.10310202,28.36646346
23386,26.27025537,22.29535902,29.35562575,22.07875985
794,34.69689193,19.75543165,18.04351619,27.50416024
5490,11.09772844,23.35964302,25.88889116,39.65373738
26053,26.97062324,21.17708573,23.40749962,28.44479141
26503,26.97062324,21.17708573,23.40749962,28.44479141
6788,18.75593244,19.17700612,27.05217953,35.01488192
13632,23.7708393,20.99253212,28.06572741,27.17090117
40380,18.01595537,22.10557061,30.53535595,29.34311808
8274,23.9898391,19.89523706,24.34881845,31.7661054
618,22.83843768,27.63961736,17.54533526,31.9766097
18271,23.28778682,24.49766404,26.2615946,25.95295455
22728,29.50058179,21.60461665,20.08452015,28.8102814
23218,29.50058179,21.60461665,20.08452015,28.8102814
36775,14.41648336,32.06149343,15.51755472,38.00446849
14686,22.58786904,21.37870533,22.6769876,33.35643803
15016,22.58786904,21.37870533,22.6769876,33.35643803
20519,26.83476409,22.09019235,27.67222732,23.40281623
3078,24.84442466,23.65389151,24.33721852,27.16446532
14910,19.36332042,31.37789731,31.52017191,17.73861035
15606,23.09945484,21.26905302,27.62889738,28.00259476
25664,19.63589257,30.75226296,23.74746495,25.86437952
31991,24.6471759,19.76697021,24.35372578,31.23212811
32993,34.56960042,19.79467123,16.45897152,29.17675683
2093,31.26736011,21.95312527,24.64818962,22.131325
15771,20.02241351,28.35758847,31.9327712,19.68722681
35282,34.97408558,19.18360473,18.72708135,27.11522834
1723,19.75857023,22.53152667,26.15476643,31.55513667
13415,29.10864536,28.26040476,21.95996209,20.67098778
2770,14.56392887,30.60298165,25.83475742,28.99833207
9212,26.55614301,23.96234128,25.2947429,24.18677281
27017,20.37896007,27.56726754,27.85015266,24.20361974
31468,20.63867998,23.03417368,23.24764645,33.0794999
8368,29.45713458,23.67342193,25.88115202,20.98829148
11962,26.90537849,22.10374052,27.49695034,23.49393066
12372,26.90537849,22.10374052,27.49695034,23.49393066
13536,23.63729896,25.28768214,27.46359764,23.61142126
13987,23.63729896,25.28768214,27.46359764,23.61142126
15632,18.2838633,26.85371206,33.5263081,21.33611654
29220,19.1025233,22.15808738,28.10197101,30.63741831
37029,32.55237794,18.86485597,24.53385337,24.04891272
8410,27.13518637,21.41256316,25.52926717,25.9229833
26092,30.97591283,19.91394955,20.77039045,28.33974717
26542,30.97591283,19.91394955,20.77039045,28.33974717
32948,30.21243285,18.48780011,21.864652,29.43511504
5154,19.49252198,33.39472294,25.97485056,21.13790451
25285,10.77367248,27.78821823,25.86932345,35.56878583
40531,29.94100743,23.38434164,17.006326,29.66832492
3058,29.46639703,21.67907476,24.21444766,24.64008055
21078,24.86388418,24.5765129,29.00194083,21.55766208
23152,24.12689923,24.20566634,32.68304094,18.98439348
23608,24.12689923,24.20566634,32.68304094,18.98439348
31184,26.29673109,29.01838763,23.15542082,21.52946047
39727,20.81566567,31.46535589,27.66945773,20.04952071
40369,11.64649728,29.51195273,22.80006077,36.04148922
8516,31.27274717,19.19116676,20.66548546,28.87060061
31099,14.93588474,24.98145711,27.7118223,32.37083585
15317,27.77390194,21.44652727,24.97816558,25.80140521
27043,18.65214079,30.93021939,33.19170809,17.22593173
31943,25.40790637,20.64345472,28.65078693,25.29785198
1172,11.74294219,33.44992477,34.54449014,20.2626429
7539,28.61953763,25.32891464,19.14042513,26.9111226
22973,23.88013966,25.48839549,27.44020231,23.19126254
36085,27.47257172,19.48164411,21.30924216,31.73654201
18000,22.22078766,22.39462873,26.95882832,28.4257553
37568,24.88699458,27.20866753,28.15305331,19.75128458
10255,24.48478492,20.81713128,22.07633847,32.62174533
10267,19.86304904,23.66822979,25.74678548,30.72193568
10476,27.40926805,24.69241935,26.1600057,21.73830689
11788,30.01728082,21.65498454,26.32540257,22.00233208
13539,23.90267699,22.51544483,24.94851992,28.63335826
13992,23.90267699,22.51544483,24.94851992,28.63335826
11380,29.40515737,21.88829478,25.09227558,23.61427227
37591,24.04994455,23.75769771,32.19509728,19.99726046
19532,23.23940118,23.80815145,31.98574655,20.96670082
41058,29.96530794,21.06821449,21.49655962,27.46991795
11560,17.52715419,29.62304008,24.16996014,28.67984559
15282,21.06620733,21.2999278,23.2943411,34.33952378
18984,25.49829432,19.03278089,18.46876347,37.00016132
19278,25.49829432,19.03278089,18.46876347,37.00016132
6604,18.28897374,22.66065196,26.88738694,32.16298736
7038,18.28897374,22.66065196,26.88738694,32.16298736
18558,35.14536375,19.91625668,22.50589617,22.4324834
23791,25.70278785,21.40745828,25.45315728,27.43659659
762,34.28924481,20.52369864,17.78765659,27.39939996
37323,27.55285463,20.56345994,19.5024828,32.38120263
40231,1.927790495,33.69624603,25.48904947,38.886914
34379,23.12003854,22.42713109,29.23717794,25.21565243
836,17.86863063,23.68610458,27.1598966,31.2853682
2825,20.97600234,26.40295309,29.32052437,23.3005202
3222,20.97600234,26.40295309,29.32052437,23.3005202
39989,24.64970891,21.37220249,27.03763062,26.94045798
13622,29.23950418,19.73127154,23.55547323,27.47375105
15885,23.7839957,18.42317628,16.44132643,41.35150159
32022,17.30119872,30.84656066,20.29115914,31.56108149
32512,17.30119872,30.84656066,20.29115914,31.56108149
36080,26.25608799,19.6745174,25.80905067,28.26034394
16529,24.8612773,22.4495321,23.09436528,29.59482532
5731,15.37612951,28.48815931,13.74689307,42.3888181
21563,20.58937692,24.17874027,35.46639684,19.76548597
22848,28.48383243,20.65186013,22.56815781,28.29614963
298,17.65371515,21.74516107,30.06014897,30.54097481
40443,26.46315594,19.14037177,25.49146364,28.90500865
13518,24.6465725,25.93982062,22.91904272,26.49456415
14653,9.204963222,32.6437694,41.69910426,16.45216311
8452,10.26260131,24.60790545,28.68033057,36.44916268
22402,32.17539343,24.20333975,22.16094982,21.460317
29600,20.6697133,28.25282588,31.73075932,19.3467015
704,17.65371515,21.74516107,30.06014897,30.54097481
16117,13.42917156,30.61260728,25.23240317,30.72581799
16544,13.42917156,30.61260728,25.23240317,30.72581799
39553,19.29670792,21.59161412,25.67865264,33.43302532
40616,8.313414002,29.71787277,33.68462235,28.28409088
968,17.98668262,30.86659201,31.79455618,19.35216919
35197,22.42571548,21.26207062,21.63811302,34.67410088
40653,2.725608491,24.46316122,19.56165103,53.24957926
35681,21.04687559,20.56126985,19.961124,38.43073057
10973,20.40593182,26.12684217,25.10933535,28.35789066
39748,29.02990241,17.81590259,21.97296708,31.18122792
35671,26.690278,23.38233598,28.36055907,21.56682694
3139,20.57130995,32.71557034,26.03816952,20.67495019
7556,24.66837389,23.54524702,31.73174469,20.05463441
11949,18.31991028,20.77167839,30.6391909,30.26922043
822,23.38526187,27.93256382,22.57047888,26.11169542
13596,16.56931159,26.29009343,22.90614416,34.23445083
15765,6.703339768,28.31499757,25.23162208,39.75004059
23813,25.19672195,24.14797542,29.41208755,21.24321508
32062,23.48460721,28.19115778,28.89845647,19.42577855
32543,23.48460721,28.19115778,28.89845647,19.42577855
13513,33.5533406,20.22475803,20.92069279,25.30120857
23189,26.71250705,20.72147708,24.47928356,28.08673231
35187,26.85444553,23.0116436,29.98757104,20.14633984
21739,22.8816909,20.55392234,24.88561259,31.67877417
32913,4.837096091,35.93431984,27.56767751,31.66090656
37269,6.235701065,35.8651477,26.08542524,31.81372599
1665,17.13548666,33.98287812,19.12178077,29.75985446
6941,22.86652669,20.35603387,24.79473418,31.98270526
14557,17.69783262,30.05782323,30.53113821,21.71320593
29609,30.45210374,24.05739058,24.40405279,21.08645289
7064,16.0288283,28.50427973,38.77862431,16.68826766
7984,15.77025618,30.15149662,24.4528512,29.62539601
9614,26.97995287,20.10953114,23.96554416,28.94497183
13968,41.62729778,18.05483814,14.34531864,25.97254544
36923,19.90089607,37.9488671,23.75890211,18.39133472
9946,25.44264989,19.31733316,21.37264483,33.86737212
16540,21.46040122,26.62352206,32.05446495,19.86161177
24054,24.56857277,22.92739137,27.86315354,24.64088232
25602,20.24122823,24.90509243,25.87948999,28.97418935
11143,22.9676129,22.39158031,28.62397847,26.01682832
23094,8.253163454,28.23530781,29.59466217,33.91686656
359,24.08349737,24.33628215,33.71176777,17.86845271
6145,12.3299384,26.88488075,29.7714092,31.01377166
35116,25.24361384,24.51163474,29.22956125,21.01519017
36087,37.45020294,15.93394197,9.724165678,36.89168941
13458,29.330879,19.63681818,21.86504424,29.16725858
16012,7.202558667,30.04580671,31.29688062,31.454754
36868,16.25434356,25.74341753,29.60254585,28.39969305
25342,25.06688561,27.46537826,16.62308054,30.84465559
31928,21.12535298,22.75860496,22.58746805,33.52857402
38711,20.40557518,23.27080544,28.93771619,27.3859032
23255,28.62742375,22.56533867,27.70806791,21.09916967
23638,21.74434661,28.13933191,31.65197269,18.4643488
39863,31.52750209,21.14103669,22.99560537,24.33585585
15990,21.45337483,19.48889831,17.400405,41.65732186
35875,15.52765872,28.56081914,23.42961085,32.48191129
21309,24.19683206,20.63466159,22.82837844,32.34012792
41698,27.91992644,21.18776804,28.68665056,22.20565496
38471,25.92638753,20.11778499,23.00799221,30.94783527
517,32.09131142,20.75572572,24.72350103,22.42946183
13,23.20561729,25.83688701,25.64132889,25.31616681
40578,10.93462746,25.30133207,24.78971916,38.97432132
4870,25.7583885,30.12013364,23.59243352,20.52904434
2871,26.11003055,21.8856496,25.61734934,26.3869705
39767,32.14855963,19.21193023,17.38348808,31.25602206
3618,24.91586324,22.27334269,27.78361505,25.02717902
10728,5.993938024,26.04720532,36.46133105,31.4975256
11207,5.993938024,26.04720532,36.46133105,31.4975256
23163,20.80653427,27.06400623,30.42070132,21.70875818
3750,32.02574347,18.27428482,21.70723297,27.99273874
22736,17.19467226,28.27858467,22.15750237,32.3692407
37429,28.05776276,22.32445177,25.5674284,24.05035707
39942,17.93305036,24.24465685,23.07256171,34.74973108
25818,24.61900795,27.7283588,28.83636492,18.81626833
32069,16.438379,33.88684017,17.73170319,31.94307764
32558,16.438379,33.88684017,17.73170319,31.94307764
19034,29.57527102,19.54332841,23.76714634,27.11425423
23760,26.77010668,19.09746771,26.27940552,27.85302009
40639,5.273397692,32.28603798,30.66606942,31.77449491
17744,15.17951956,25.02478545,26.81934297,32.97635202
20496,7.279724125,27.81486137,35.66630113,29.23911338
24090,23.240587,26.43122929,30.69480268,19.63338104
24990,27.16897959,17.43224965,18.490029,36.90874176
36103,31.4988081,27.99148708,19.94267483,20.56702999
14160,36.69436174,18.84416309,18.14200565,26.31946952
454,15.22017275,30.14000478,26.03585077,28.6039717
8458,21.8248332,25.86929796,24.15257391,28.15329494
36776,5.876949828,31.29533109,28.18409673,34.64362236
18236,28.56136402,21.33988398,24.58242575,25.51632625
18647,25.60225089,25.13392052,27.84157131,21.42225728
19057,25.60225089,25.13392052,27.84157131,21.42225728
19203,1.427767443,28.2555034,24.03784797,46.27888119
2739,20.13214751,25.0319988,29.94703042,24.88882327
13644,21.20377144,24.80758846,34.48770167,19.50093843
15097,33.86200159,17.52566143,14.4699422,34.14239478
16477,19.07386016,28.05666844,29.838361,23.0311104
38200,23.25464119,28.53002201,27.63512986,20.58020693
879,18.96183401,28.59293297,33.94620377,18.49902925
33485,24.51944434,23.67294278,28.90971161,22.89790127
7373,31.5727179,22.43472396,20.62383712,25.36872102
8829,11.49834971,24.70124898,29.36173875,34.43866256
15911,28.64030537,20.72060426,23.66755786,26.97153251
23323,17.27823435,33.99553019,28.84856383,19.87767163
13954,26.72390297,18.20703654,22.88710236,32.18195813
22178,31.30969505,20.20739135,22.94322025,25.53969335
25877,29.87061671,21.13960106,25.09415348,23.89562876
36633,33.02975325,17.43306406,13.66904992,35.86813277
20558,24.94985656,23.87594932,28.0598051,23.11438902
39361,20.09630027,21.61658108,29.35122087,28.93589778
31500,25.68337859,20.57096085,28.86710676,24.8785538
13590,27.81095007,20.17183829,22.82948689,29.18772475
14033,27.81095007,20.17183829,22.82948689,29.18772475
21053,17.37645778,28.28441988,34.80223599,19.53688635
29993,12.24060851,25.85516054,31.71447802,30.18975292
5269,11.9749342,29.50740656,25.62163047,32.89602878
18275,28.45370133,21.98525279,21.89642212,27.66462376
32013,25.20316368,28.13460175,25.95284707,20.7093875
32505,25.20316368,28.13460175,25.95284707,20.7093875
36082,24.36566327,23.39618596,28.21912871,24.01902206
8487,26.51777756,18.57268708,18.86397228,36.04556308
14968,23.91661149,18.57055917,20.96119771,36.55163164
16859,10.8905551,26.9092383,30.47502658,31.72518002
30008,27.74369284,21.6436749,26.00770764,24.60492462
33598,22.29813552,19.41388099,20.84668022,37.44130327
15563,25.42504601,29.75940082,16.62108878,28.19446439
20161,28.65735085,21.05220984,19.42902491,30.8614144
21150,29.27970777,21.54206539,23.36517998,25.81304686
30171,31.32854506,18.19464251,18.72330625,31.75350618
1552,17.1921287,29.09137647,32.45221322,21.26428161
3017,19.05345842,26.14166156,31.01498901,23.78989102
5886,27.76195696,22.43768409,26.06630659,23.73405235
13301,25.49525207,18.76443947,24.14488393,31.59542452
455,11.52956589,26.00547449,30.48104031,31.98391931
429,18.23752018,22.90900423,23.45921357,35.39426203
900,31.08279132,19.39554233,22.30775978,27.21390656
11717,34.65515457,17.59469412,21.40930549,26.34084582
7929,22.61311634,27.92893168,31.24420989,18.21374209
27532,26.19737616,20.97530345,19.98730959,32.8400108
8067,15.47687061,23.56434826,25.86770148,35.09107965
430,23.1054198,24.19475126,28.06374413,24.63608481
16205,23.4951318,28.77859167,29.60888258,18.11739396
26122,27.46406276,24.32913487,26.90624716,21.3005552
26570,27.46406276,24.32913487,26.90624716,21.3005552
31031,26.78928669,28.79652615,23.69084924,20.72333792
1847,16.93829694,31.65080002,32.62157768,18.78932536
5869,27.31004899,20.38852349,26.93708975,25.36433777
16900,24.2388344,21.32557663,23.08304274,31.35254623
39995,20.84028081,30.22313766,30.15204073,18.7845408
14719,24.52509015,23.11195733,30.14846519,22.21448733
30577,26.56750745,30.73170234,11.6818983,31.01889191
4173,27.65035183,20.74779472,22.32511031,29.27674314
15517,11.83976531,31.62599438,40.25104165,16.28319867
20436,29.56143742,21.22860881,25.79588813,23.41406564
14590,6.430292978,37.54525309,29.08793547,26.93651846
14947,6.430292978,37.54525309,29.08793547,26.93651846
21159,25.30175636,24.04396562,30.52480935,20.12946867
31315,17.06932162,27.68533422,30.28375294,24.96159122
31791,17.06932162,27.68533422,30.28375294,24.96159122
34167,21.17353828,21.8832841,22.92787595,34.01530168
36994,20.73064985,26.65165008,19.72584453,32.89185554
8114,24.03198812,24.57011234,28.72759997,22.67029958
15534,7.252184132,36.65534974,31.35990642,24.73255972
37768,25.17567758,24.16104447,29.39948611,21.26379184
1812,21.99881102,23.9216509,24.84156127,29.2379768
6424,25.60456112,19.83772867,22.62296716,31.93474306
12010,22.50697555,24.8179514,26.33338824,26.3416848
33790,20.2509703,23.70292561,26.08661446,29.95948963
39855,23.15294375,25.77360007,30.45468853,20.61876765
42,19.17576938,33.04351843,18.59724469,29.1834675
15688,28.0992035,19.98894055,25.70978398,26.20207197
1726,22.48485016,27.5219369,22.00386792,27.98934502
5260,7.899505986,31.58561477,24.48680526,36.02807398
13982,13.26607067,24.03522385,30.51348338,32.1852221
28,4.238853184,44.11654637,37.34849492,14.29610552
10950,30.35675686,27.06630907,22.30714117,20.2697929
22759,28.88687286,20.97416592,28.24826764,21.89069358
33911,27.73437691,18.55854541,19.42768838,34.27938931
37245,22.60676449,25.12569794,33.39353981,18.87399776
1629,31.71985533,18.28077741,20.0072344,29.99213286
5821,17.85695431,24.76210702,34.14111436,23.2398243
31979,22.28339392,26.46149166,33.26577733,17.98933709
32471,22.28339392,26.46149166,33.26577733,17.98933709
38707,14.81767806,27.68368047,29.98315078,27.51549069
41054,18.4004921,25.68215185,31.15310189,24.76425416
14951,24.07974002,26.10156951,29.57358297,20.24510749
1538,16.27507027,22.99866776,32.2682791,28.45798286
7776,31.70321653,18.86641881,16.65608631,32.77427835
34517,19.0417927,20.87955237,24.19149279,35.88716215
35954,27.4983172,24.24654692,25.84376887,22.41136701
3819,11.39505873,31.02525198,37.1081376,20.4715517
13506,27.97807939,19.05486039,16.85936179,36.10769843
39359,23.66491247,27.81410931,23.04366301,25.47731521
14481,23.69413998,23.32785161,24.60313969,28.37486872
16046,11.57924129,27.95207786,29.75255452,30.71612633
17335,23.05446993,19.9545198,19.01531138,37.9756989
20921,22.36193498,23.67959911,28.1130829,25.84538302
24322,29.27802643,20.60699883,27.45480924,22.6601655
56,26.14966767,36.22521232,3.390428284,34.23469172
1698,24.33434862,19.75096568,19.71512257,36.19956313
8592,20.34721786,26.57199842,31.80128777,21.27949595
31072,21.97030445,21.25859366,21.40617408,35.36492781
31550,21.97030445,21.25859366,21.40617408,35.36492781
41059,29.74345227,19.53885877,23.15032804,27.56736091
18332,24.96463888,31.77533416,18.97321297,24.28681399
23317,25.60808315,22.36282575,24.74317805,27.28591305
34830,5.71431491,44.04348258,33.50412794,16.73807457
38803,16.23556999,25.61720974,28.01527777,30.13194251
18094,30.65690874,16.97117397,10.75867421,41.61324308
22249,0.349980404,34.25258793,39.16306076,26.23437091
37352,33.23292523,18.59607458,20.73760138,27.43339881
40072,27.8489482,18.76735513,22.19042337,31.19327331
9174,23.65156889,21.31236699,28.64069985,26.39536427
38757,22.28539783,33.44712992,21.1248873,23.14258496
40097,23.94082062,24.336131,31.13720846,20.58583991
1473,24.43683317,25.27934426,25.08172308,25.20209949
12272,39.08787062,17.88159799,14.77577817,28.25475322
39820,17.4255402,23.61574568,30.69122746,28.26748666
3634,27.83930512,22.56011614,22.63977955,26.96079919
7860,12.18069968,30.40733952,24.43610248,32.97585832
24144,27.61494619,23.85046355,24.39015809,24.14443217
29973,23.3699066,24.60995501,26.60396419,25.41617421
37359,28.75480028,23.22288931,22.61373349,25.40857692
40579,14.92134987,25.75528204,30.36260065,28.96076744
34852,22.50118863,36.1740551,2.9866278,38.33812848
4994,19.94798202,22.24370225,26.98233387,30.82598185
2305,18.15045439,20.28008959,25.73471763,35.83473839
10510,12.43121631,24.39521621,29.41123511,33.76233238
466,24.52757666,36.77157548,9.137310382,29.56353747
7799,26.25201974,25.69259877,26.16716069,21.88822079
9509,16.63410745,24.59561657,17.38325317,41.3870228
26901,27.38483406,22.72652922,21.25117528,28.63746145
2166,18.04346333,22.39273972,24.34945706,35.21433989
10436,15.04409014,29.66587895,19.91740492,35.372626
40331,30.57631894,31.4886062,16.89456618,21.04050867
1980,37.69676852,19.95425767,14.27344471,28.0755291
8080,34.58373312,20.41653574,19.05663823,25.94309291
19030,27.44052416,20.47742917,24.12264889,27.95939778
24303,24.28601741,30.49955237,18.9632264,26.25120382
37950,31.23181696,20.57043746,24.00118707,24.19655851
38866,19.18818188,25.49677186,30.90152146,24.41352481
40309,19.26490001,27.27094524,35.79272543,17.67142933
19090,11.12080169,29.25779085,27.19577133,32.42563613
32984,21.30875889,21.78132994,24.26518004,32.64473114
38064,25.63621901,23.61289144,29.97608609,20.77480346
10399,24.59032734,24.19127979,29.46659091,21.75180196
14990,25.72837915,19.27461967,15.88069753,39.11630365
8391,19.65013025,24.16031808,28.45009997,27.73945169
8835,19.65013025,24.16031808,28.45009997,27.73945169
18603,21.26914285,27.85929463,28.58753041,22.28403211
31327,28.377923,21.97881703,21.9373125,27.70594748
31475,12.66799202,28.91188672,28.688793,29.73132826
31786,28.377923,21.97881703,21.9373125,27.70594748
31940,12.66799202,28.91188672,28.688793,29.73132826
32025,26.91506917,20.79590257,22.5435742,29.74545405
32526,26.91506917,20.79590257,22.5435742,29.74545405
7817,22.25581911,28.55224994,29.80002093,19.39191002
7951,24.84132647,25.14523656,30.27097723,19.74245973
22765,20.24864031,29.1435792,30.76940784,19.83837265
40764,8.249043743,31.76230999,27.10089837,32.8877479
5343,28.470902,23.09201341,23.42332443,25.01376016
17996,24.5485816,20.64316501,18.551003,36.25725039
36000,15.72918649,27.04051351,26.22241687,31.00788312
40281,23.89828278,27.10769173,24.92203729,24.0719882
11990,25.65981643,20.4277251,20.36400011,33.54845836
12382,25.65981643,20.4277251,20.36400011,33.54845836
14591,24.02887206,26.21848734,29.67819808,20.07444252
30188,32.29068694,19.01868541,24.97234974,23.71827791
13764,19.90687826,27.60238826,30.58634676,21.90438672
1,18.77650979,25.92939442,27.28794045,28.00615534
40100,19.90687826,27.60238826,30.58634676,21.90438672
40181,34.27581205,18.31593953,20.7761019,26.63214652
1363,28.16272585,21.42581319,24.14376259,26.26769838
31513,26.74525374,26.10257907,26.0283445,21.12382269
19688,27.89703897,19.91304651,23.21524043,28.97467409
24033,8.246578202,26.95125216,31.5985846,33.20358504
24240,19.93695902,30.4260647,27.84711913,21.78985715
5178,18.80196767,20.48586383,25.60395718,35.10821132
2042,25.91311105,20.51887511,22.12849141,31.43952243
4340,25.52988804,33.84434559,7.718079598,32.90768677
40376,21.97562534,28.60785051,20.63430144,28.78222271
34800,17.62926645,23.58080051,28.89995534,29.8899777
1311,23.02794761,20.63477263,19.71827974,36.61900002
16023,18.70799896,27.4591952,34.85037905,18.98242679
17769,20.76863453,21.5843207,24.72984339,32.91720138
8397,11.57513021,29.04230183,30.70108707,28.68148089
31179,16.64254245,27.04908791,25.69007623,30.61829342
31655,16.64254245,27.04908791,25.69007623,30.61829342
8078,27.66656449,21.52596239,25.00030985,25.80716328
8535,27.66656449,21.52596239,25.00030985,25.80716328
12210,26.65564398,19.94819726,18.99620579,34.39995297
20929,15.78178385,28.18202178,38.29249734,17.74369704
23254,22.85975582,29.35966051,27.65256661,20.12801706
39895,25.03603071,21.50571883,18.318101,35.14014946
5908,41.18162752,17.76418037,13.11966685,27.93452526
13905,4.055711929,33.959363,18.98633336,42.99859171
29172,19.18100936,22.24966476,25.91103975,32.65828613
16088,26.41282769,24.31107568,23.56186926,25.71422737
13880,24.42562954,31.54402598,23.22539605,20.80494843
15055,23.29887604,23.10325943,28.76617752,24.831687
40314,23.6602589,22.95614309,25.7404852,27.64311281
7407,16.16326395,21.72060261,28.83372398,33.28240946
11136,22.23321017,27.48520846,30.41908079,19.86250058
19983,20.46396011,30.27623746,29.24433595,20.01546648
23193,21.99491895,25.09346273,27.64853008,25.26308824
36767,13.22088303,22.67922876,22.23372769,41.86616052
38946,28.73598418,23.00074758,23.95406277,24.30920547
450,20.86270815,25.7290688,23.26322449,30.14499857
23736,29.3520633,23.21496798,24.51747425,22.91549447
40040,14.05209139,24.52652703,26.39563819,35.0257434
29197,26.68338308,23.70143342,28.52681867,21.08836484
30792,42.56885018,17.72569611,12.87402536,26.83142835
37292,8.66525946,23.93035453,26.64204988,40.76233613
37563,18.27250534,22.65328521,17.35123517,41.72297428
22,21.9468824,26.10256229,28.17691473,23.77364058
34825,20.89839183,24.73418888,29.9027731,24.46464619
2168,27.36926921,21.87221172,25.9690807,24.78943837
17985,30.47543262,23.70766401,11.48729958,34.3296038
8088,30.72497391,19.86885725,18.85171956,30.55444928
36325,25.26858979,23.85760751,29.25049528,21.62330742
13529,18.61425312,23.8301745,25.98860695,31.56696544
14886,25.20303793,22.69759334,26.13584524,25.96352349
33402,19.48764856,27.58565267,32.85867939,20.06801938
14185,30.37845123,22.53386961,27.99036686,19.0973123
10709,19.04468438,29.88399589,17.88383623,33.1874835
16514,25.57307076,20.79853601,24.12803658,29.50035665
7636,20.41162567,20.63825578,28.35597901,30.59413954
1528,21.04917036,18.39491666,22.66972961,37.88618338
10855,28.33107867,20.90117014,24.45662695,26.31112423
35338,29.51505901,21.39488748,22.60925158,26.48080193
20664,14.32006811,30.2028546,34.62634856,20.85072873
27576,27.45696282,18.73259519,22.92508021,30.88536178
35,22.40304552,26.09946012,26.1954506,25.30204376
2250,26.43341859,23.17131519,29.48084447,20.91442175
38011,28.85019658,25.76868518,20.1816187,25.19949954
39825,16.97661232,24.72939156,30.86577746,27.42821866
30078,23.11181669,24.77874349,27.04703309,25.06240672
22187,21.03655344,27.32533865,29.47570667,22.16240124
11589,29.11468823,18.17107149,20.99577903,31.71846125
12508,29.11468823,18.17107149,20.99577903,31.71846125
14691,26.21384885,19.18405019,15.64757384,38.95452712
16405,24.43673313,29.25137682,21.64057495,24.67131509
19582,18.67101105,33.96120914,15.95316069,31.41461912
23692,18.72205114,27.86495215,22.29379583,31.11920089
1693,18.13264091,31.70567849,17.82239366,32.33928694
31208,31.32336377,19.282161,23.14882975,26.24564548
34033,31.2124978,23.34981461,21.50543698,23.93225061
18551,7.129493266,33.75271269,32.54499694,26.57279711
34835,19.80973566,25.52066614,27.65746553,27.01213267
15239,5.749734551,27.9340773,30.26364275,36.0525454
23734,25.37834407,31.15622058,19.35928329,24.10615207
24786,32.95106218,17.98942082,21.5657532,27.49376379
36999,25.58769329,27.2796774,27.24099275,19.89163656
27184,24.26509575,32.27597664,15.79296338,27.66596423
5727,7.675998031,29.98076626,29.20166214,33.14157357
1347,22.5753743,20.59023066,25.74741644,31.08697859
1609,27.93640053,19.95049057,22.75084499,29.36226391
5661,24.92063477,23.48689501,27.23346636,24.35900387
22036,22.768358,23.94822847,32.64087643,20.6425371
37662,24.92063477,23.48689501,27.23346636,24.35900387
36962,23.86616799,30.23917568,24.59791455,21.29674178
55,19.62981464,26.87300159,23.67350938,29.82367439
8351,25.05900267,27.33276161,26.91687274,20.69136297
10383,29.36510162,19.07469863,26.91251752,24.64768222
23422,25.53788161,30.01034585,30.36673619,14.08503635
31034,27.04238811,22.87373523,24.73181034,25.35206633
31516,27.04238811,22.87373523,24.73181034,25.35206633
20570,24.34660272,29.00999451,23.16666303,23.47673974
31281,17.73113321,26.68151485,34.45632774,21.1310242
31741,17.73113321,26.68151485,34.45632774,21.1310242
40101,30.75017662,17.09041223,18.65110059,33.50831056
41238,15.1093115,27.74616888,27.33870736,29.80581226
11200,26.70042411,25.55045795,28.1702662,19.57885175
24267,26.21689052,27.58725783,21.47996686,24.71588478
8194,43.7711205,17.96962192,10.46024442,27.79901317
14709,11.00200764,31.07599274,33.50375298,24.41824664
15026,11.00200764,31.07599274,33.50375298,24.41824664
38370,27.18864999,21.26070699,24.15668853,27.39395449
17740,11.94530681,25.76216576,29.04569681,33.24683062
17989,11.94530681,25.76216576,29.04569681,33.24683062
21833,22.28434476,26.4750723,24.37107025,26.8695127
16143,22.70588312,30.21030496,26.82501101,20.25880091
31095,15.8681885,24.14704393,26.47154526,33.5132223
31574,15.8681885,24.14704393,26.47154526,33.5132223
13481,18.37733018,21.5909749,29.98611475,30.04558017
15665,28.42789535,22.36380184,24.66725145,24.54105136
34951,26.27082538,31.45337593,11.42002727,30.85577142
34817,25.45747098,34.84993222,17.57617261,22.11642418
7749,19.62373609,22.74762636,25.3697417,32.25889585
39444,14.96819412,31.68775871,19.98321374,33.36083342
954,20.81481246,22.65758038,25.47180632,31.05580084
37611,23.41450126,25.99805415,27.03924264,23.54820195
40271,28.34304021,23.35563027,24.67579753,23.625532
39852,11.69826238,25.51438448,29.0021804,33.78517274
17093,14.0458854,30.81482502,26.96644575,28.17284383
18076,25.99690838,20.51795429,26.14560396,27.33953337
3082,27.5332861,22.3372904,25.55685247,24.57257103
8455,20.00358443,26.13144447,23.96783448,29.89713662
16418,12.71041837,25.47342031,30.98973206,30.82642926
30721,22.81221015,24.17417816,29.00684723,24.00676446
16209,27.13732049,27.36673517,24.32873086,21.16721349
18151,25.39385332,17.76471837,16.22552216,40.61590615
23974,26.81897987,22.8171448,24.20521814,26.1586572
25835,26.06370261,23.99095221,31.01418377,18.93116141
34375,31.22813493,24.99896663,21.19189359,22.58100484
40346,30.19309164,23.47314144,19.33292562,27.0008413
12856,22.76496614,19.4944067,27.55754078,30.18308638
26941,25.33571419,21.70921379,12.74650034,40.20857167
36111,33.06109545,20.38609865,23.73003011,22.82277578
35316,28.2152311,35.21418902,12.63506407,23.93551581
32458,6.908964229,28.64936195,27.36319317,37.07848066
32888,6.908964229,28.64936195,27.36319317,37.07848066
25386,30.72437342,20.38909278,20.52053698,28.36599682
23654,9.792923938,30.10095075,26.12574354,33.98038178
9530,18.75717032,20.97901685,23.23545514,37.02835769
20616,34.66336887,18.05884202,17.62446707,29.65332203
22175,36.19202641,16.94207734,17.36788062,29.49801564
36983,26.0621015,22.96729922,27.66542575,23.30517353
39380,23.81801241,24.40500291,29.07497697,22.7020077
23,23.2185096,33.19016711,22.5725503,21.01877299
10789,26.60709498,23.72413824,26.94441942,22.72434736
13416,11.21005358,29.03478002,27.47914211,32.27602429
18575,29.95364993,19.57747713,21.07896301,29.38990993
7102,28.34577836,19.89941656,23.71327769,28.04152739
25338,20.17048143,22.96376218,25.96284291,30.90291348
30968,28.75901433,17.66809148,23.70280468,29.87008951
32111,20.40656887,28.65495121,32.00051186,18.93796807
32572,20.40656887,28.65495121,32.00051186,18.93796807
34037,35.7931953,20.5742211,18.35983239,25.27275121
26958,24.22914674,27.05308742,24.05995445,24.65781139
37265,38.60549757,15.9310336,14.09739652,31.36607231
13516,25.65518577,23.21343927,25.82967655,25.30169841
15313,25.01218067,25.06988387,21.64841302,28.26952244
22892,26.07410338,24.28008219,28.36288152,21.2829329
24112,13.37534461,30.75826275,22.98045089,32.88594176
31121,21.00285556,26.38621767,26.24603296,26.36489381
31605,21.00285556,26.38621767,26.24603296,26.36489381
3789,16.98114374,27.14519658,21.61596527,34.25769442
4201,16.98114374,27.14519658,21.61596527,34.25769442
19550,34.61070694,18.06117548,15.93682159,31.391296
31971,13.25656078,34.8717128,20.4729627,31.39876372
32463,13.25656078,34.8717128,20.4729627,31.39876372
14289,31.68020234,18.47657595,11.61836551,38.22485619
23689,20.59112365,24.97543399,27.43134976,27.00209261
31941,21.08051837,19.8772779,24.28220731,34.75999642
34949,20.91250696,25.5487148,24.33197122,29.20680703
40491,24.07565288,35.90227216,23.51550577,16.5065692
39860,30.68811505,19.72747784,22.42323476,27.16117235
16417,12.11373446,27.57747604,29.23959989,31.0691896
18150,25.64420221,25.83636644,25.46198255,23.05744881
18033,27.46784913,19.547356,24.53568232,28.44911255
34293,34.42943,19.78141649,16.07349523,29.71565828
19476,23.66262065,25.29803272,24.82396709,26.21537954
438,20.37037518,30.14178669,29.95801182,19.52982631
3154,33.54335639,18.37056267,24.01555876,24.07052217
24125,25.37132309,24.33077617,26.5478551,23.75004564
34861,10.25549329,24.78699168,28.1656697,36.79184533
8580,33.12782328,15.61859453,15.92668938,35.3268928
9442,27.59448756,25.92060108,26.7878466,19.69706476
1330,20.05838125,33.93545969,23.63714173,22.36901733
19805,20.97521779,27.27561266,31.32157011,20.42759943
22966,25.49283836,30.08996828,29.01710616,15.4000872
31498,21.12017291,20.39441369,24.10122936,34.38418404
35348,9.690515645,21.7177731,20.83673019,47.75498107
36431,17.24359211,32.61594377,18.23378511,31.906679
36,30.52351023,20.16656816,22.76442646,26.54549515
11483,18.34102843,17.91675493,11.64326698,52.09894965
39819,14.56487159,29.71998401,29.69797188,26.01717252
3244,26.94933381,26.48929258,26.49355753,20.06781609
11668,26.34040847,25.0649263,26.49673728,22.09792794
6203,18.47858003,23.09040819,24.18097817,34.25003361
6644,18.47858003,23.09040819,24.18097817,34.25003361
13583,19.3779589,27.60926855,34.03929371,18.97347884
14030,19.3779589,27.60926855,34.03929371,18.97347884
26252,30.48356768,21.46559276,26.42393502,21.62690455
26683,30.48356768,21.46559276,26.42393502,21.62690455
30756,20.34452827,26.92236108,29.36572919,23.36738146
67,11.74391907,22.44570477,25.51332803,40.29704813
13989,22.66108292,27.24864821,32.09658108,17.99368779
4334,20.19862868,24.96191727,28.20613962,26.63331443
35373,25.25051293,24.42238497,28.25636943,22.07073267
16298,28.87237817,20.14618867,22.93578083,28.04565233
1007,17.68230727,26.65940159,36.59412529,19.06416585
1422,17.68230727,26.65940159,36.59412529,19.06416585
16384,19.03183584,20.49966397,23.68382375,36.78467644
478,19.88179675,22.26700606,19.99781349,37.8533837
1984,25.85604949,28.69771561,24.11792179,21.32831311
25931,15.5511073,30.99464179,33.32589413,20.12835677
19504,19.15173347,25.71684711,31.96006858,23.17135083
20429,18.4983773,23.47351236,23.12368573,34.90442462
27370,27.11630193,19.53867735,21.16937076,32.17564996
33605,21.11139255,22.44594251,27.64206816,28.80059678
451,28.5519419,20.05161355,26.96842225,24.4280223
2426,28.40023645,26.12705472,19.0592263,26.41348253
8407,22.05786834,26.14993082,31.90934626,19.88285458
21263,18.51450587,26.19853147,33.08525722,22.20170544
11149,23.61869672,23.66330539,26.02515598,26.69284191
14063,36.01150526,16.75344591,14.2556879,32.97936093
31180,19.2486534,24.7865834,27.53181194,28.43295127
36593,35.4156767,18.80409982,17.80910561,27.97111787
41319,25.35764687,26.01227712,28.15435184,20.47572416
24364,31.45545727,20.37456536,21.33345503,26.83652233
520,16.98749701,31.22277134,26.96568595,24.8240457
10667,16.80522257,27.51367921,23.95006475,31.73103347
28937,27.3634524,25.59915147,15.81489621,31.22249992
5745,27.00169685,22.71051052,28.05565538,22.23213725
12034,25.01675677,29.34940581,18.76685973,26.86697769
32177,28.51361345,18.64667456,21.27342178,31.5662902
32655,28.51361345,18.64667456,21.27342178,31.5662902
41234,11.22842373,21.20926157,15.21897367,52.34334103
7576,15.28183418,31.68712358,23.08714249,29.94389976
19984,14.42764178,23.13951283,28.84317681,33.58966858
37889,29.43462429,20.86229669,21.46201353,28.24106549
3458,30.12335513,34.17426918,6.115905732,29.58646997
10637,12.71781933,25.32780458,29.45347911,32.50089698
11126,12.71781933,25.32780458,29.45347911,32.50089698
16854,13.829021,26.35241998,25.29471848,34.52384054
625,21.76538572,23.84716523,24.32087128,30.06657777
905,24.66952295,27.74345873,23.80502015,23.78199817
13342,21.21611159,23.66210609,29.92836865,25.19341367
28108,26.41047097,24.84203603,26.06056256,22.68693043
28515,26.41047097,24.84203603,26.06056256,22.68693043
26851,34.96112529,21.75107095,11.61736452,31.67043925
40417,11.22403941,25.71621888,36.1370971,26.92264461
881,24.28897638,18.49482097,21.13232208,36.08388057
16692,28.32296477,21.33184424,24.29826938,26.0469216
18087,22.99600194,21.00148987,23.03318307,32.96932512
38204,25.85774821,18.28288322,26.90855464,28.95081393
9375,24.7245504,25.34336832,28.58158671,21.35049458
11863,32.27178636,19.71851386,23.74289916,24.26680062
12229,32.27178636,19.71851386,23.74289916,24.26680062
35438,14.51334093,26.78167205,29.8802406,28.82474642
40228,24.18550466,23.42734578,26.56153846,25.8256111
13623,34.3231278,18.64248721,15.99877976,31.03560524
31623,18.67819811,28.33866002,34.34955515,18.63358672
12970,21.22765317,31.27752633,28.42109749,19.07372301
19956,24.24047358,28.52725502,24.00671441,23.22555699
25329,14.73521331,24.37825636,24.38656244,36.49996789
36494,33.25834853,19.46723417,20.33735602,26.93706127
20067,20.71834831,27.92626396,28.94771076,22.40767698
24076,21.25343965,26.55426181,28.18101527,24.01128327
33854,7.176139483,26.56268177,30.38170703,35.87947172
4747,10.46466371,32.66524736,39.04732138,17.82276756
14976,21.75823035,25.17150953,30.26369807,22.80656205
27161,25.90436026,19.54115157,23.00000872,31.55447945
33064,27.75693455,22.9725715,27.74092983,21.52956412
34833,20.95356129,22.44788768,25.22577207,31.37277896
39977,34.28887021,17.44570607,16.92084583,31.34457789
2441,19.77491386,32.58314232,33.20721617,14.43472764
14038,19.85731836,24.39248925,21.05109823,34.69909416
23741,34.06870619,20.40675623,19.20227197,26.32226561
18651,21.90515039,36.44631866,24.92519582,16.72333513
19786,26.56321042,21.10465352,27.42014693,24.91198913
4568,26.46071523,17.72473913,21.26132568,34.55321995
5302,19.40919837,21.18245939,22.45720302,36.95113922
10549,39.99865929,16.3937937,12.58745396,31.02009304
15607,24.32439278,24.94982515,30.23389552,20.49188655
34750,23.67875058,24.81669542,24.75347726,26.75107674
22792,28.27845938,23.61396404,23.22268784,24.88488874
23355,27.69559137,20.67360937,27.11683955,24.51395971
13609,30.80933283,20.20387359,23.5958596,25.39093399
29803,29.27265183,23.48869808,18.20247852,29.03617157
37114,22.65173657,25.47175338,30.03629219,21.84021786
213,25.22534883,23.22642732,20.46677137,31.08145248
8819,30.28381697,21.33763231,27.17351154,21.20503918
8932,18.02342075,28.42657855,34.80308988,18.74691082
16321,29.3694092,19.92190637,21.6833995,29.02528493
16728,29.3694092,19.92190637,21.6833995,29.02528493
5405,23.87781881,26.33401007,28.09764875,21.69052237
11734,30.48041424,19.91204224,18.83770244,30.76984108
12130,30.48041424,19.91204224,18.83770244,30.76984108
3893,20.63064641,27.65982731,27.69984979,24.00967649
18620,40.43066187,17.31488534,14.14280081,28.11165198
19037,40.43066187,17.31488534,14.14280081,28.11165198
23557,15.49831814,29.08622201,35.06333675,20.3521231
24233,32.88016993,27.16849322,14.88101496,25.07032188
896,24.28373102,23.80758006,21.81496458,30.09372434
18695,11.8618961,24.10313629,32.46917464,31.56579297
31657,20.66106446,24.93274207,26.4252184,27.98097507
36602,25.84795621,22.53434091,27.53574613,24.08195675
37297,10.0401664,25.55748738,27.4980565,36.90428973
33111,31.1170391,23.7262531,20.06258451,25.0941233
14426,20.23711954,28.97605189,28.96353815,21.82329042
27416,23.35474123,26.91269656,20.70966058,29.02290163
27514,25.86307389,23.46957904,21.90351688,28.76383019
15129,28.6437415,21.2295052,22.46756375,27.65918955
15762,19.40533955,30.25896423,31.51826197,18.81743425
18999,32.70281011,19.57412655,23.71274053,24.01032281
19294,32.70281011,19.57412655,23.71274053,24.01032281
23637,15.74345515,23.60487688,27.43329687,33.21837111
23725,30.27002687,21.61418402,22.03365199,26.08213713
156,17.47042027,25.31579179,26.22814582,30.98564212
5866,21.16689387,26.96219551,29.28822345,22.58268717
40962,17.62492333,19.48265391,21.79273607,41.09968669
35358,34.15872778,18.1997566,12.89827717,34.74323844
36664,17.68708416,24.49149294,29.7531574,28.06826549
35177,36.34300077,17.01879677,22.42646676,24.2117357
16301,19.6239268,28.84103808,31.53165495,20.00338016
31152,18.59251911,28.17432889,35.06344468,18.16970733
11234,22.31289592,26.77197745,32.49793497,18.41719166
29827,21.45983894,28.22599668,28.25892355,22.05524083
8436,12.7422475,26.22626896,32.81705434,28.2144292
20456,13.12289482,31.99194723,30.60155211,24.28360584
22339,26.47183922,24.15227826,19.62447316,29.75140936
1306,31.38379417,21.66481479,15.34205999,31.60933105
11521,16.98296179,24.55219336,28.25951098,30.20533388
5410,20.14589757,28.5552324,29.81179896,21.48707107
7045,15.21026438,24.66235498,29.59379474,30.5335859
15378,32.11496981,27.70092876,13.84452701,26.33957442
23660,17.04528068,36.49450576,10.33351014,36.12670343
33023,19.31089927,28.01224337,27.32861173,25.34824563
33826,24.78160182,27.065713,22.13082096,26.02186421
37495,21.30249328,26.53353759,30.65642037,21.50754875
39847,23.70510059,27.40750125,24.71304235,24.17435582
1136,23.16090896,20.92722003,27.39624491,28.5156261
15161,9.76375155,30.08946845,29.11394043,31.03283957
15993,25.75659707,18.27339392,21.74009204,34.22991697
31446,23.08013515,26.92595254,32.34277111,17.65114119
31914,23.08013515,26.92595254,32.34277111,17.65114119
33633,30.31577871,20.49786888,20.59153527,28.59481715
34774,31.17051398,23.97864106,23.48600806,21.3648369
40171,25.3569779,27.5245163,28.27218494,18.84632086
10156,16.94110221,28.13149452,24.13879425,30.78860902
15999,22.96658235,22.42138184,30.39878462,24.21325118
21324,27.15661151,25.11583993,27.08021641,20.64733215
22825,25.88375024,22.46179391,28.26831271,23.38614313
31088,25.34394472,25.39934592,28.1849131,21.07179625
31568,25.34394472,25.39934592,28.1849131,21.07179625
33900,39.43492821,22.4330908,12.84580218,25.2861788
12963,26.64622174,21.69722554,25.00545557,26.65109715
13338,13.27945013,34.65847451,31.65302066,20.4090547
32390,32.6602288,18.35543888,18.46884179,30.51549052
32846,32.6602288,18.35543888,18.46884179,30.51549052
21280,29.44873965,21.10704283,24.18825057,25.25596696
27583,20.43374208,32.68340925,27.70883289,19.17401578
34271,21.80513047,24.25787366,26.68447584,27.25252003
37776,18.3860246,22.80217133,25.80569788,33.00610619
38040,34.0437328,19.05770043,19.955162,26.94340478
39754,8.354728276,31.05465191,27.93015224,32.66046758
40323,16.80146618,26.58222296,29.18899511,27.42731574
35383,23.64227926,21.42093871,23.33385048,31.60293155
19883,23.40190683,27.49168528,18.21129813,30.89510976
25761,23.97196137,27.4033331,30.07422828,18.55047725
1787,31.41980917,23.23616374,21.34379546,24.00023162
7632,18.15044302,25.9708986,28.24327191,27.63538647
15326,22.66584145,20.56060455,25.60995131,31.16360269
18901,29.65156756,18.31311016,21.73746088,30.29786139
19228,29.65156756,18.31311016,21.73746088,30.29786139
19916,27.44222918,27.5769268,17.58300729,27.39783674
40257,24.52183687,28.24030204,27.19518954,20.04267154
41436,17.80023223,27.10919879,36.72345025,18.36711872
3137,27.95408715,25.96947767,18.86167413,27.21476105
4703,11.73003929,29.86152389,35.16485644,23.24358037
582,29.09529803,18.20707744,20.50977636,32.18784817
14546,17.81834576,28.68462723,30.29307043,23.20395658
38406,16.774628,30.22625124,20.42925214,32.56986862
25953,24.49690092,26.48298264,27.48676493,21.53335151
13543,12.42571412,26.25921805,25.36802131,35.94704651
32076,21.66730736,22.07946757,25.4901242,30.76310087
32556,21.66730736,22.07946757,25.4901242,30.76310087
34780,19.13535053,25.37473607,35.87677677,19.61313663
41266,10.2909491,32.29711021,23.49303735,33.91890334
22895,25.69158081,24.63646067,20.72970059,28.94225792
33491,17.28133818,26.24926695,30.96281912,25.50657576
41024,18.24443048,21.45950532,30.21420465,30.08185955
491,27.76226044,21.4282669,26.73843647,24.07103619
9988,20.57917139,22.78203292,23.37701046,33.26178523
8520,28.62006391,19.88162741,25.89562896,25.60267973
15222,13.43112155,26.55407673,32.63037653,27.38442518
19062,21.40860208,31.33439342,30.80663045,16.45037405
23621,4.98095117,26.32604601,27.61768605,41.07531677
29193,26.85217533,23.4356228,27.88492395,21.82727792
7462,7.106722215,36.93183998,21.82185183,34.13958597
4054,26.19201719,23.33984901,23.84130418,26.62682962
15699,9.105003704,28.74310922,35.48598824,26.66589883
19879,33.3526632,21.39354971,23.41163212,21.84215497
40311,23.32392107,23.56419257,22.98855433,30.12333203
7324,27.95732411,22.64976725,28.22313077,21.16977787
25672,22.67915225,31.2244938,15.36199934,30.7343546
3153,20.76079645,23.27477997,19.44119675,36.52322683
3313,18.38703061,26.3681482,26.94287685,28.30194434
624,31.58640732,19.05250021,23.00379449,26.35729798
39347,22.87640152,20.48736851,21.02645791,35.60977206
16152,24.0844259,20.92754875,26.19843316,28.7895922
22982,20.61788255,26.49522112,34.10582516,18.78107117
22701,14.48444245,37.08796028,12.2140981,36.21349917
24280,29.24953672,23.0946624,23.68267715,23.97312373
25369,1.332930852,31.12711609,35.15443195,32.38552111
13741,17.95129167,29.6893865,35.22039663,17.13892521
23844,31.88721088,23.49174618,18.35844411,26.26259883
31297,19.31272177,20.89926207,22.63382293,37.15419323
31770,19.31272177,20.89926207,22.63382293,37.15419323
39095,23.81128185,24.2018466,30.39764967,21.58922188
7713,28.99306972,30.06301511,22.90512097,18.03879419
29099,9.723018718,34.32136399,24.00517632,31.95044097
31276,33.56326513,18.66419322,20.65314618,27.11939546
31752,33.56326513,18.66419322,20.65314618,27.11939546
693,30.60585945,17.7696524,20.77214565,30.8523425
31371,7.921933778,32.33053519,42.43430377,17.31322726
31845,7.921933778,32.33053519,42.43430377,17.31322726
1548,23.54401899,28.05743998,27.71155913,20.6869819
23318,16.89378909,25.04768092,23.3112577,34.74727229
22685,22.57813373,27.00272607,27.10680682,23.31233338
29591,21.33223699,21.84981213,29.61005869,27.20789219
31013,8.518491644,25.34373146,31.42316622,34.71461068
32357,27.36478714,19.75046238,22.04614838,30.83860211
32821,27.36478714,19.75046238,22.04614838,30.83860211
35360,25.92935558,26.43824726,23.61448654,24.01791062
1708,21.47460688,23.87645523,20.96674078,33.68219711
31074,23.90276545,29.10255437,26.50247223,20.49220795
31557,23.90276545,29.10255437,26.50247223,20.49220795
14824,25.61670596,21.63064878,16.05326088,36.69938438
34000,16.17548778,24.16434497,24.82342661,34.83674064
40320,29.67184164,22.03831439,23.40532601,24.88451796
17320,11.40919234,31.25629681,24.93383047,32.40068038
41217,21.406785,31.28652805,28.69945103,18.60723592
9761,32.00899376,20.30125042,21.55894307,26.13081275
11117,20.49346998,24.73093076,23.83052649,30.94507277
15494,25.04082112,19.44391087,19.11273345,36.40253456
16527,27.77026069,24.57324753,23.43002306,24.22646872
16839,19.80970626,27.30371017,23.03271283,29.85387074
21830,18.20354299,31.02812306,34.17828796,16.59004598
7592,18.71184659,27.73046409,25.11538162,28.44230771
17163,26.31627228,18.84565959,23.8535001,30.98456803
22861,25.71887092,23.88864274,28.9065285,21.48595784
5292,26.95851795,22.96708143,21.85070618,28.22369443
24193,12.86435568,24.97543452,36.96402221,25.19618758
33865,9.950903472,30.09726588,28.6531584,31.29867225
34875,27.90310864,22.9512615,26.9385387,22.20709116
7053,22.69059977,20.35731414,26.46015727,30.49192883
8845,26.29256427,26.63129957,25.32205393,21.75408224
9284,26.29256427,26.63129957,25.32205393,21.75408224
5749,13.27579216,31.09503506,21.54681359,34.08235918
11485,29.54288068,21.94403495,16.01601803,32.49706634
16874,18.40643185,23.68598059,25.9713811,31.93620646
22777,26.16425651,24.16822329,24.44489552,25.22262469
31106,21.34541163,23.76170218,20.39829504,34.49459115
31583,21.34541163,23.76170218,20.39829504,34.49459115
8778,26.43269916,23.59921178,28.23467888,21.73341018
11687,12.19204421,24.72920851,31.12857067,31.95017662
12096,12.19204421,24.72920851,31.12857067,31.95017662
33140,18.96982448,23.19470898,28.8044597,29.03100685
38162,39.67001355,15.40181287,9.592984629,35.33518894
19320,27.03091836,23.11554821,28.30416051,21.54937291
15302,26.73626406,25.38108176,28.7273466,19.15530758
22695,10.12150212,25.65513602,26.85955074,37.36381111
36152,23.64523102,27.85583114,24.49788532,24.00105252
25211,20.92947218,33.15497716,22.71266161,23.20288905
9147,24.36136475,20.85038637,18.50049239,36.28775649
19485,33.9080607,20.86057347,16.38261325,28.84875259
32918,23.22703333,25.26991303,29.64416841,21.85888523
37329,9.687160736,31.87965304,30.89075248,27.54243375
1846,25.41477748,26.74837888,27.65661834,20.1802253
10907,39.51445655,18.32620342,14.57620127,27.58313876
22841,18.49735797,21.85796651,20.69293736,38.95173816
23321,18.49735797,21.85796651,20.69293736,38.95173816
36598,32.15280667,22.42257358,23.14884207,22.27577768
7046,27.16485133,22.93985327,24.94224255,24.95305285
12426,20.07514167,23.87961241,25.4341471,30.61109882
14803,19.88379786,28.02301492,35.29174788,16.80143934
37565,19.59256686,27.99827453,32.89259681,19.5165618
20003,16.32521005,28.39904077,26.61765242,28.65809676
31682,31.71749153,19.43790461,23.01938959,25.82521427
37305,28.2959496,22.31694715,28.2948329,21.09227036
39018,20.31032238,23.67501207,25.1912754,30.82339015
17355,26.08368783,23.38822338,21.04862018,29.47946861
17279,22.50659885,23.93408269,27.84727772,25.71204075
21065,23.10743562,29.35888615,26.09109892,21.44257932
17691,12.30646315,30.06935796,25.30352015,32.32065875
5784,25.48920272,32.55864647,24.35112194,17.60102888
6156,16.16892823,30.98327318,25.58249022,27.26530837
14838,14.03055905,32.34392111,30.79359051,22.83192933
17778,21.0820415,22.56363679,27.21326976,29.14105196
38137,31.82667224,17.21505987,15.57977469,35.3784932
1051,24.97028895,17.52866093,20.13994243,37.36110769
17159,10.50628063,26.06255354,25.61205298,37.81911284
26141,29.82096943,19.07452552,21.04481627,30.05968877
26572,29.82096943,19.07452552,21.04481627,30.05968877
34934,13.68737431,39.35666986,30.04241544,16.91354039
20625,22.89392853,25.97917983,32.19579609,18.93109555
38492,27.23665189,22.46985132,24.25023571,26.04326108
39938,26.5942093,22.92064619,24.23441571,26.2507288
15812,22.70457026,26.24504165,32.6912849,18.35910319
7287,28.14589464,19.00586725,21.64647576,31.20176235
8001,20.46135564,25.90705938,26.35382881,27.27775616
11239,25.729981,27.8937666,22.50056537,23.87568703
25373,25.549969,25.15464809,27.12539447,22.16998843
31038,18.09952006,23.61151706,25.50438959,32.78457328
31519,18.09952006,23.61151706,25.50438959,32.78457328
31978,23.01852623,21.9177758,25.07129773,29.99240025
32470,23.01852623,21.9177758,25.07129773,29.99240025
37415,19.61706589,30.08203377,29.03162103,21.26927931
34970,28.08828671,20.83287478,21.30170031,29.77713819
40230,13.91964533,28.43292124,29.36882475,28.27860868
170,31.31103583,19.71852717,20.99682057,27.97361644
11688,18.70998197,27.78677693,36.57395979,16.92928131
12097,18.70998197,27.78677693,36.57395979,16.92928131
24456,25.26068571,25.03902171,30.09179718,19.6084954
26470,14.45696193,26.91177145,26.79122998,31.84003664
26902,14.45696193,26.91177145,26.79122998,31.84003664
13589,28.25812175,23.54915068,22.18153493,26.01119263
24115,11.14518594,24.38153682,28.92990436,35.54337288
27023,22.58429839,26.3441226,31.97287635,19.09870266
2179,19.36447142,29.98238927,34.2662434,16.38689591
12171,41.48778019,17.7607956,12.50072382,28.25070038
33142,29.38036141,23.62985134,24.07237261,22.91741464
15383,28.40953718,18.38253702,26.01689879,27.19102701
18048,24.27646031,22.10038359,19.20735138,34.41580471
78,27.29974855,23.00795458,27.42697556,22.26532131
19918,27.6494414,25.64370509,22.56108697,24.14576653
24335,18.49962326,21.34151863,29.61976379,30.53909432
31101,37.78209115,16.79958979,16.65790162,28.76041744
31578,37.78209115,16.79958979,16.65790162,28.76041744
16872,8.661294504,25.24591583,30.22791886,35.86487081
928,27.55103329,20.09381638,22.77406346,29.58108687
17945,15.52734169,34.16933368,18.37108011,31.93224451
30925,21.74905505,36.02505746,15.89378762,26.33209987
31041,16.66878808,22.75354037,28.117928,32.45974355
13603,17.57825279,23.91328611,26.79251784,31.71594327
35448,29.12769155,17.51753019,23.75367319,29.60110507
39865,21.15253258,34.72762111,22.32362165,21.79622466
1684,5.702823826,27.91765256,28.52490543,37.85461818
2463,25.24667425,20.57743366,18.51553887,35.66035322
8252,33.59746702,17.97050212,19.93233547,28.49969539
13508,20.16137581,31.59158508,27.2228964,21.02414271
24918,22.04661139,24.74434881,27.78565921,25.42338059
13619,18.79054263,20.53100032,25.39790763,35.28054942
14060,18.79054263,20.53100032,25.39790763,35.28054942
16464,26.34059266,27.53348977,24.33423592,21.79168165
34503,27.59416737,17.11086644,14.02513565,41.26983054
37826,18.60623126,24.85375317,29.23506107,27.30495449
128,12.02454099,39.82789638,29.34153896,18.80602368
1691,18.39150171,22.46509852,26.37084634,32.77255343
8077,20.26252251,21.90862662,20.75092613,37.07792474
24933,17.2938447,23.52310613,24.60216734,34.58088184
36349,33.61646551,21.23908085,21.10077784,24.0436758
40741,11.34384039,29.94197744,28.26929219,30.44488998
29797,31.32854506,18.19464251,18.72330625,31.75350618
22160,24.74608974,25.90990479,27.29309285,22.05091262
22203,24.74608974,25.90990479,27.29309285,22.05091262
34708,22.79031302,23.913287,25.43843406,27.85796593
13830,20.52884036,20.54437763,26.9050628,32.02171921
20481,19.01273228,23.62048912,27.30349809,30.06328051
22017,20.7466276,24.89826062,32.93639438,21.4187174
37832,31.87966336,20.36050763,22.19132368,25.56850534
40200,18.69448527,26.33966717,23.77974578,31.18610178
2480,6.639875479,28.41693944,32.75489361,32.18829147
13494,16.28492489,31.29359257,20.77259056,31.64889198
35013,19.59486827,25.67709055,28.93615052,25.79189066
979,20.7869776,28.60770142,32.30595077,18.2993702
1695,24.40213617,20.30505995,25.10572288,30.18708101
6110,30.12289971,20.12233064,25.44811134,24.3066583
22794,31.9246946,22.93319769,20.20975495,24.93235276
2222,28.85150696,25.11988656,27.41950912,18.60909735
23682,17.91305736,24.48874329,28.06922546,29.52897389
212,22.41033674,22.85866065,27.5077486,27.22325401
966,22.53842203,26.78345856,31.20613319,19.47198622
13005,19.31589088,29.99855417,28.17497145,22.5105835
30026,29.02875238,24.51454852,19.40261946,27.05407964
14361,17.55700939,30.59475671,31.8258416,20.02239231
1704,29.14507129,23.96270658,22.95756712,23.93465501
16392,20.08090137,26.95443778,23.28183307,29.68282778
41488,10.4159374,24.93281857,25.62905019,39.02219384
26474,11.80021258,25.65594278,29.23719893,33.30664571
26896,11.80021258,25.65594278,29.23719893,33.30664571
37013,35.46394892,18.40789147,20.11354613,26.01461348
5758,26.04919609,23.71239668,30.37391242,19.8644948
15408,21.46912273,23.90522746,29.30904886,25.31660096
22673,16.31228282,23.467692,27.03298539,33.18703978
36556,34.0605283,20.89583392,19.36018944,25.68344834
3347,29.67092378,20.35069796,25.62844436,24.3499339
35699,21.69566651,25.55823688,25.06168443,27.68441217
8356,29.15165144,21.29631319,26.33802865,23.21400672
21183,26.86153197,21.10847349,24.93291263,27.09708191
22952,31.45606928,21.68942006,21.93275489,24.92175577
23414,31.45606928,21.68942006,21.93275489,24.92175577
34364,29.14147678,15.85090819,16.7663964,38.24121862
40416,14.80747238,32.06181669,19.55567925,33.57503167
4057,19.4255127,24.96311343,27.9854269,27.62594698
40355,19.91572108,34.56702323,14.15257672,31.36467898
5328,25.59706492,23.69737488,31.28636662,19.41919358
27443,9.871822294,29.07486094,18.75060699,42.30270977
39550,22.35088548,23.24170469,26.65249734,27.75491249
41392,28.65909979,25.04389045,22.29729911,23.99971065
5295,26.63972769,23.97623316,29.7538779,19.63016124
22770,22.115134,20.45966963,15.24965454,42.17554183
23261,22.115134,20.45966963,15.24965454,42.17554183
39873,30.65946144,21.31699217,22.41796357,25.60558281
35215,24.23516834,26.69265281,23.24821236,25.82396649
16413,30.32022865,21.57605107,24.26442238,23.8392979
18286,25.83983905,26.78547603,27.6328651,19.74181981
24385,24.99488412,23.58400565,28.64798052,22.77312971
40618,30.45834446,23.23832586,23.41239332,22.89093637
2718,22.58580557,26.51358833,30.95539764,19.94520846
16617,23.00379534,30.55644869,30.53458877,15.9051672
7956,20.87829645,22.73717508,26.35633377,30.0281947
13781,32.72812217,20.1478369,21.43142855,25.69261238
14195,32.72812217,20.1478369,21.43142855,25.69261238
5577,21.93564892,22.26954718,31.06086641,24.73393749
7063,26.05936487,24.66406365,28.13611001,21.14046147
13841,19.73667696,21.10840846,23.4412773,35.71363728
14280,19.73667696,21.10840846,23.4412773,35.71363728
22674,19.70825092,29.22971604,33.79930787,17.26272517
36779,8.50898372,33.31770698,24.21734429,33.95596501
20530,16.50776795,27.946014,29.97871048,25.56750758
40061,17.65722778,32.73225189,32.82005807,16.79046226
7201,25.81166815,28.10064492,26.27045816,19.81722876
14161,37.24118733,20.94365847,18.97508958,22.84006462
26250,30.14732568,24.22693618,23.41217904,22.2135591
26672,30.14732568,24.22693618,23.41217904,22.2135591
31990,21.64715239,23.71600323,23.86395363,30.77289075
32482,21.64715239,23.71600323,23.86395363,30.77289075
8426,19.45124765,21.46434056,28.74691678,30.337495
19982,26.89740977,27.61395767,21.67906788,23.80956468
24632,25.49535412,23.24429415,29.79610365,21.46424808
31483,24.65681497,19.93862412,18.02024671,37.38431419
31950,24.65681497,19.93862412,18.02024671,37.38431419
33921,22.6431673,24.54299072,31.37880677,21.43503521
1212,25.53668582,24.48052916,29.56010574,20.42267927
16478,27.93019222,23.86265384,22.45241729,25.75473665
4395,26.21915646,23.48765542,27.03027015,23.26291796
6216,23.8378876,19.87262421,23.71671139,32.57277679
8958,26.60271546,23.75583327,27.78992892,21.85152235
22281,23.33900458,27.91588259,19.87929314,28.86581969
26493,19.35410606,21.33000532,19.19997885,40.11590977
26874,19.35410606,21.33000532,19.19997885,40.11590977
9957,22.86487411,35.69810142,19.04089981,22.39612466
16517,23.18846791,29.11038144,9.019680244,38.68147041
21527,22.84847655,25.52620167,25.32570798,26.2996138
33923,23.52724948,26.20717179,31.00731914,19.2582596
2904,22.70101806,25.95240599,27.66378722,23.68278872
6147,24.67968567,22.94506958,26.36136731,26.01387743
33060,17.27987867,22.09529371,25.13675883,35.48806879
37150,42.73319789,15.72591773,6.639605103,34.90127927
6342,29.50513093,18.42369523,21.02665264,31.0445212
25402,21.67891496,25.70369718,26.45576964,26.16161822
35922,15.66266726,23.05979964,29.11869905,32.15883405
38997,22.86838004,21.57732095,28.22282521,27.33147379
18616,33.62284155,20.5072707,19.09506305,26.7748247
25094,21.53584059,24.60081969,25.89454551,27.96879421
32926,8.969926989,27.29496256,31.95415853,31.78095193
20118,17.24176758,23.34679106,25.44774412,33.96369723
20575,17.24176758,23.34679106,25.44774412,33.96369723
1779,28.24602693,18.53854491,16.33353777,36.88189039
23592,20.32874911,26.53284091,28.91976824,24.21864174
32092,27.48744751,19.55503469,22.10759724,30.84992056
32595,27.48744751,19.55503469,22.10759724,30.84992056
11454,24.05298112,23.72305632,21.88759411,30.33636844
16125,13.24402043,23.37143296,30.1803945,33.20415211
2732,21.95606172,22.79096664,19.50389527,35.74907638
7523,38.09102819,17.79951186,11.3274033,32.78205665
11202,35.24120992,18.80950664,17.22378132,28.72550212
16623,27.08455012,22.21620059,28.1935077,22.50574158
25445,17.33551333,29.18184955,32.65437439,20.82826274
20037,16.96448176,25.61421656,22.9795123,34.44178938
37326,26.81079056,23.6924384,28.46632846,21.03044257
14371,14.60427625,30.21469223,39.9643986,15.21663292
17618,28.3950992,22.12036773,24.30994604,25.17458703
37897,21.20551294,21.34594421,22.57430993,34.87423293
2366,30.58710742,24.22729882,20.01991013,25.16568364
20150,36.05307269,18.2519558,18.32856805,27.36640346
39971,30.55624083,19.77794548,23.43651505,26.22929865
5474,21.52550183,25.41480189,28.03496,25.02473628
9983,25.7410968,19.00287386,18.16298447,37.09304487
38470,29.59662622,22.12230698,26.51352992,21.76753688
9366,26.16622119,24.44722746,25.15403967,24.23251168
9384,31.14489908,18.99103141,25.32950618,24.53456333
15175,25.35968523,21.20591201,23.50603115,29.92837161
19255,16.25849408,21.10230729,25.69810848,36.94109015
23198,20.69248481,23.844622,21.38303552,34.07985767
2127,20.53330485,20.74654095,28.51515177,30.20500243
13434,14.40644866,28.1786281,26.48406078,30.93086246
16899,22.81539285,27.91293574,20.09604318,29.17562823
17340,22.81539285,27.91293574,20.09604318,29.17562823
33307,31.11153374,24.71866683,18.21921826,25.95058117
40286,27.80595047,22.1677774,25.8589921,24.16728003
24138,27.05055583,25.31199756,27.41240713,20.22503948
13704,18.65420777,21.6045645,24.45753093,35.2836968
2201,21.0892814,26.7128349,27.86850734,24.32937636
23742,9.730867816,24.62133261,25.75448975,39.89330982
24627,2.361594206,27.6964169,32.82744972,37.11453917
5764,22.8919294,23.36347492,23.5983451,30.14625057
7398,13.39659012,32.30651859,38.02138465,16.27550663
10400,31.26729953,22.57624643,15.37687434,30.7795797
22733,27.68211375,20.66853009,25.80130323,25.84805293
24201,23.07494228,23.91917683,30.38014119,22.6257397
11466,25.59423313,23.50310045,20.80337652,30.0992899
16631,29.58931573,21.46997881,23.88696521,25.05374025
18031,29.84713772,22.82952063,25.88831871,21.43502293
370,25.53168166,27.65301447,20.77325536,26.04204851
12388,23.02550396,21.72221887,19.34176779,35.91050938
35573,12.67951427,26.55710797,28.29690042,32.46647733
35477,13.32468864,26.25318578,30.06422379,30.3579018
38781,13.6864288,29.23128109,23.88273109,33.19955902
39874,27.95215503,25.69099278,20.1655653,26.1912869
9795,21.34185812,27.89102673,30.30082558,20.46628957
26992,10.90519091,26.27595395,26.73441111,36.08444404
39899,14.13363442,22.87237401,30.25994274,32.73404882
31014,25.22855836,18.07883454,25.46233527,31.23027184
34056,30.55093048,22.6181769,25.35973894,21.47115368
36344,12.24231009,24.96263065,29.01627083,33.77878842
40264,16.06911372,24.89162575,24.47501148,34.56424905
7256,14.86326501,29.25796937,35.26002169,20.61874392
8325,24.66528143,23.92275868,30.02083816,21.39112173
13531,24.09380976,28.83791572,23.17483626,23.89343827
13004,27.5527519,29.98653005,22.31397783,20.14674022
15168,15.61175588,29.35680161,23.33042156,31.70102095
16420,29.10360206,19.65328829,17.98189811,33.26121154
20872,26.85898911,22.41021916,17.21804619,33.51274554
37175,34.97461015,18.68576569,8.905324852,37.4342993
13507,20.64525145,28.08836896,30.86838425,20.39799535
27172,30.12804308,20.81958575,26.68445856,22.36791261
2461,24.37136106,26.62144388,29.25446784,19.75272722
2857,21.02117119,30.71827367,25.47869357,22.78186157
24218,29.89726895,19.51959316,22.91927504,27.66386285
5576,17.92169614,29.05923629,33.49193376,19.52713381
15387,17.42543706,24.78374039,25.94223438,31.84858817
19671,14.86984457,26.61012101,28.81460145,29.70543297
32163,27.49723697,24.08572912,27.16361369,21.25342022
32636,27.49723697,24.08572912,27.16361369,21.25342022
34075,19.38101027,24.46049457,26.87742617,29.28106899
35948,19.86456663,26.59312833,22.14039429,31.40191075
37641,35.66187502,18.38407981,19.02289427,26.9311509
38479,31.09112814,20.93554824,21.64846008,26.32486354
30102,25.44637275,21.32185911,20.48022035,32.75154779
4524,10.78601228,32.79455354,32.15786134,24.26157284
9888,25.95582658,21.76404863,22.22080257,30.05932223
19322,31.88739238,21.11461935,24.88975623,22.10823205
39135,25.83832804,24.21166908,26.92318858,23.0268143
39476,21.52367108,27.62975791,31.81118442,19.03538659
34994,15.02959014,23.70099262,31.33331343,29.93610382
5314,7.944746763,31.13296044,34.32587012,26.59642268
21976,25.09626019,23.96224811,28.87108701,22.0704047
36387,26.18287149,30.41196247,18.21447351,25.19069254
38629,29.80007116,21.96898099,23.22768104,25.00326681
37883,21.63152257,22.63039466,24.50805201,31.23003076
40275,33.91936459,18.72421894,20.89686201,26.45955446
5282,16.36851145,29.17078735,24.51033063,29.95037057
13855,34.45588551,22.4791385,16.43567701,26.62929897
14305,34.45588551,22.4791385,16.43567701,26.62929897
15397,4.997199549,28.51506908,28.74588359,37.74184779
15858,4.182085644,28.26410662,33.26291573,34.290892
35588,24.73777129,17.91971153,13.7872577,43.55525949
5737,15.84996967,26.33204431,27.21100796,30.60697806
17794,20.30738239,29.67603001,31.43277536,18.58381224
21969,23.68553204,29.84198282,23.89502767,22.57745747
33927,25.11681109,29.1431543,25.10344126,20.63659335
16000,28.10833954,18.4405161,21.36941771,32.08172665
21661,26.76979323,19.63194686,13.95157511,39.64668481
23270,22.35295437,25.01068432,16.10163062,36.5347307
41394,35.373958,19.80051154,17.60790415,27.2176263
6292,16.09415576,26.36310152,38.20303274,19.33970998
20152,27.16146908,26.00136212,23.6357865,23.2013823
40102,17.88778567,20.96359775,30.548685,30.59993158
10246,27.96853756,22.84438801,24.82779303,24.3592814
20569,31.15801149,19.48517289,21.22344196,28.13337366
16007,14.13256618,28.18397658,25.95811015,31.72534709
24454,22.67897441,24.1399217,32.81787815,20.36322574
18486,9.091644789,30.28048312,31.99287613,28.63499595
24676,17.91209606,30.37853573,35.25047064,16.45889757
4580,25.85912706,29.6366436,25.96654713,18.53768222
10192,17.84075289,23.11225724,25.48734622,33.55964365
5857,25.63555845,23.51160041,22.72039123,28.1324499
11222,23.60287353,23.18843832,26.32545267,26.88323548
9819,20.20652913,22.76303386,30.06347978,26.96695723
22428,17.93544886,21.03048989,29.42720086,31.60686038
33369,27.96135542,24.32471726,28.52899205,19.18493527
33847,27.96135542,24.32471726,28.52899205,19.18493527
13863,24.16041902,23.79438097,26.90709667,25.13810334
14510,14.73092562,33.42496924,35.72743028,16.11667486
31294,23.17971202,26.01095611,24.24455023,26.56478164
31765,23.17971202,26.01095611,24.24455023,26.56478164
4814,23.56764026,27.69577111,28.62145682,20.11513181
37627,17.80428118,28.68134932,33.83462616,19.67974334
1602,24.11084394,22.05341339,24.76352571,29.07221696
26146,26.4933747,20.66952551,22.78088484,30.05621495
26588,26.4933747,20.66952551,22.78088484,30.05621495
37214,22.19188617,22.46449923,19.44730363,35.89631097
3031,27.46123954,19.18307001,22.44370073,30.91198972
7983,36.77302953,18.94341434,13.42121001,30.86234612
8524,28.55741585,19.15681335,18.12887583,34.15689498
12093,23.1003839,21.87367703,27.93638575,27.08955332
16357,22.26057828,26.8224233,31.35168821,19.5653102
16747,22.26057828,26.8224233,31.35168821,19.5653102
39789,19.48969239,39.86689545,10.36890875,30.27450341
5766,28.15388297,22.1418181,21.48758275,28.21671618
34378,19.99334061,20.67255285,25.44363407,33.89047247
39014,26.71232646,27.79615759,19.85878978,25.63272616
14672,25.18208839,21.15757621,20.81170227,32.84863312
20019,31.50706823,20.69566796,23.96982407,23.82743975
33099,31.92729179,21.05435196,24.30080994,22.71754631
38642,13.10869186,34.43529107,34.34968867,18.1063284
17865,21.43261146,26.07402911,33.46623295,19.02712648
10456,25.21441386,18.29283925,16.73508922,39.75765767
14273,20.86286432,20.01747178,24.00044144,35.11922246
20909,18.37354059,29.88912059,34.52283207,17.21450674
26339,24.59855738,18.97720261,23.7697768,32.65446321
26770,24.59855738,18.97720261,23.7697768,32.65446321
10593,24.48402197,28.68607647,22.78409274,24.04580882
36587,16.39952474,27.39243695,23.50410457,32.70393373
2087,27.83907453,22.41015544,28.2533301,21.49743992
23217,22.75724339,22.63866284,25.14954706,29.45454671
16840,22.09223798,19.54138094,22.45703214,35.90934894
24114,8.227102597,30.69581818,20.96447063,40.11260859
32068,25.35423026,22.22406074,25.45160954,26.97009946
2678,23.02383274,22.72556754,28.08178086,26.16881887
23173,13.09904129,30.95999224,37.04240025,18.89856623
23645,23.34361189,30.2302273,22.65775938,23.76840142
32330,26.26060283,20.90792798,24.82012525,28.01134394
32981,11.57151147,26.22555573,28.91932989,33.28360291
34508,9.993754748,25.09805052,27.08867396,37.81952078
35591,31.54754066,19.04521164,20.07531166,29.33193603
31522,22.00029612,19.65978414,20.59611781,37.74380193
41276,16.66388219,25.34436791,23.26071595,34.73103395
8621,38.00823105,16.31164955,19.45513364,26.22498576
14032,27.24957937,24.63029938,23.69295885,24.42716239
24722,24.40073103,20.5767359,27.90689347,27.1156396
1588,36.99904664,19.87709388,20.42843953,22.69541996
7367,17.02798654,17.92652791,24.02802343,41.01746212
23279,23.82323653,23.9964079,18.83439628,33.34595929
38071,27.68361193,25.74226738,24.27691536,22.29720533
39470,18.98328807,21.742819,26.43189341,32.84199952
13958,29.74875617,22.65481812,19.79425512,27.80217059
39956,18.33499011,23.05413433,28.44313405,30.16774152
3087,28.43544784,18.00872935,20.3836495,33.1721733
14274,35.81765743,25.46640211,15.55183098,23.16410947
25031,21.41424109,22.57314854,27.45558388,28.55702649
31357,21.36413376,29.13536283,28.65084231,20.84966109
31828,21.36413376,29.13536283,28.65084231,20.84966109
16465,13.4604537,28.96686831,27.09548168,30.47719631
20078,21.97241938,20.88965269,21.84023589,35.29769203
20495,25.2352457,23.30755914,31.13391952,20.32327564
39919,11.05878918,22.9118196,31.02011246,35.00927876
40402,30.1642906,21.91738764,22.86513896,25.05318279
33879,35.95646269,17.78811731,19.32596959,26.92945041
38978,28.10471506,20.10967568,23.7053183,28.08029096
3552,10.48298574,32.10243879,27.65125583,29.76331964
4425,10.48298574,32.10243879,27.65125583,29.76331964
16491,12.12934365,27.58201593,29.60821931,30.68042111
22689,14.68927125,29.89058669,24.04207129,31.37807076
31482,28.62798038,19.27925657,16.77382873,35.31893433
31953,28.62798038,19.27925657,16.77382873,35.31893433
34778,21.65974308,19.32743042,21.06834791,37.94447859
2473,21.29618625,21.17193177,26.5511827,30.98069928
15565,15.72480306,30.75224504,24.13442131,29.38853058
15797,27.4202348,20.76687506,29.13817989,22.67471025
38329,28.65649805,21.61861936,23.25232316,26.47255943
1397,21.07681967,27.80375494,29.77332054,21.34610484
19437,32.48819332,24.45552688,22.00268724,21.05359257
22713,25.55961586,25.18860924,29.95671674,19.29505815
35104,23.14822914,19.06992324,21.21204279,36.56980483
10259,20.77733889,23.46295212,22.09421485,33.66549414
13043,26.62382081,19.74058708,23.26192169,30.37367042
18122,19.76160637,24.74930966,27.85759603,27.63148794
25410,22.31580025,27.34568231,33.14600003,17.19251741
38579,25.0384806,21.70058433,22.33552086,30.92541421
18507,25.61748475,29.03885284,19.50519983,25.83846257
5285,16.22182911,23.99618308,24.02346001,35.75852779
14722,24.11285573,23.81353682,20.52668501,31.54692243
14764,24.90427684,21.74696699,20.47103975,32.87771641
7753,20.99459963,23.65395739,27.02623839,28.32520458
5291,19.40104092,25.12481068,26.47992056,28.99422785
17562,22.2300231,23.42498184,23.54858961,30.79640545
19612,25.26533766,29.9777573,15.06885553,29.6880495
37157,28.69477533,21.15230128,19.4670722,30.6858512
37307,19.40104092,25.12481068,26.47992056,28.99422785
14112,22.08705623,21.01247099,22.07118773,34.82928505
40325,14.64565441,28.64471772,24.3108224,32.39880548
35762,24.3781787,18.30240861,8.973635642,48.34577705
40077,29.51443262,25.74583642,23.58775127,21.15197969
5935,27.75198431,21.92439138,24.29953198,26.02409233
17736,16.04068888,23.38049065,27.86947438,32.70934609
19789,28.82587865,20.40337674,26.05895718,24.71178743
23488,31.56517263,22.43493073,21.90910312,24.09079352
2298,28.65298753,20.87427461,21.90403882,28.56869904
23117,15.04746144,22.88739302,29.08329089,32.98185465
23552,15.04746144,22.88739302,29.08329089,32.98185465
36473,19.06813719,30.74553005,31.6457699,18.54056286
12975,27.67495205,24.86197905,21.32276863,26.14030027
7052,17.88096387,31.19014952,26.3756675,24.55321911
11541,31.65483092,18.88489262,12.7924298,36.66784666
35032,24.50947293,26.70666665,21.49162055,27.29223987
25273,14.94072729,24.33743826,24.80117203,35.92066242
26989,23.58028112,19.19172206,23.0724048,34.15559202
7080,18.03505019,29.42766852,33.56247935,18.97480194
14488,14.2259508,33.55440844,15.51405083,36.70558993
39779,19.11973923,30.14804724,22.28356219,28.44865134
40788,25.77544724,23.78910722,29.93004859,20.50539696
1996,20.46775878,20.53966916,28.83507519,30.15749687
8434,33.73618931,19.38824928,15.19954986,31.67601155
19384,14.86296775,21.71060523,26.94827005,36.47815697
20147,22.60085238,22.87419803,24.56689135,29.95805824
20604,22.60085238,22.87419803,24.56689135,29.95805824
27446,25.33966392,23.50621197,25.59502289,25.55910122
31351,34.20354747,19.49754918,21.52132253,24.77758083
31816,34.20354747,19.49754918,21.52132253,24.77758083
33917,22.85806963,21.96936998,24.31013548,30.86242491
40756,13.46563367,28.8195575,23.28023528,34.43457355
27961,22.73366109,27.97636119,27.8854337,21.40454403
28374,22.73366109,27.97636119,27.8854337,21.40454403
34727,26.3789992,21.57635697,25.16220066,26.88244317
4230,11.59362299,31.03268532,38.7326271,18.64106459
15323,27.93282199,22.2764954,29.01941951,20.77126311
16569,17.4019074,24.95981887,38.66545999,18.97281374
35535,21.31856197,32.42764567,27.8832354,18.37055696
35730,13.09801699,38.66334533,27.18655081,21.05208687
27002,19.18997056,21.76837502,27.1567091,31.88494533
33108,20.12999237,30.38647229,29.96944337,19.51409197
33582,20.12999237,30.38647229,29.96944337,19.51409197
1393,15.72535175,28.64986826,34.32278982,21.30199017
40904,27.04931627,21.11557659,21.3586424,30.47646474
3310,12.39101551,36.25558257,30.28393076,21.06947116
13655,19.59350881,31.0227515,30.61145916,18.77228053
14085,19.59350881,31.0227515,30.61145916,18.77228053
20213,22.89356668,25.12063168,34.31738689,17.66841474
20665,22.89356668,25.12063168,34.31738689,17.66841474
24430,24.06317575,27.97359314,17.89475228,30.06847882
40371,17.56455074,22.06369887,27.04639525,33.32535514
15124,17.43602556,29.41654246,22.2370593,30.91037269
15139,21.49271505,22.43736723,27.75793281,28.31198492
13061,24.40187224,22.43729038,28.59431281,24.56652458
15766,22.87454946,20.24220305,25.40450748,31.47874001
22799,16.18051156,30.27985649,29.83978853,23.69984342
22965,20.55370821,18.94841253,22.27024298,38.22763627
25620,11.60647704,24.99987193,26.13717623,37.2564748
12103,17.85118716,18.19393551,21.79180024,42.16307709
13252,11.40583855,28.62441997,42.06789032,17.90185116
14904,27.85714335,22.05521764,21.10821929,28.97941972
15058,31.59465858,17.94057876,24.51600077,25.94876189
15422,23.77197065,22.8252842,28.36916645,25.0335787
23765,35.39426388,19.57039576,14.90367135,30.13166901
31410,34.53317448,20.59740284,18.01134915,26.85807353
31880,34.53317448,20.59740284,18.01134915,26.85807353
34456,16.0422794,27.17073627,25.77749939,31.00948494
38373,23.40264454,23.30006703,27.04592425,26.25136419
39354,22.58854419,23.08542685,27.06121975,27.26480921
39915,24.77391489,23.95417157,24.6489699,26.62294364
7868,25.35909701,24.20271518,29.78135953,20.65682829
39179,23.10930842,25.0117792,25.70513296,26.17377943
40445,16.68643411,24.60735471,23.62709118,35.07912
35667,21.06172603,25.37547925,32.23847685,21.32431786
1783,27.22522408,26.73381933,21.74446935,24.29648724
8447,35.26634143,16.65563296,18.27779687,29.80022875
8728,20.19448101,25.49251184,32.1639066,22.14910056
33749,34.2331582,22.21408699,21.75200802,21.80074679
13821,32.23204423,17.85690711,22.23511346,27.67593519
22297,23.71468609,24.39595218,24.62295404,27.2664077
24133,19.30569911,25.05449563,26.81195263,28.82785262
39025,22.35361276,27.05152416,30.7047821,19.89008098
24672,29.99505574,22.60316063,25.32468984,22.07709378
30405,21.01362283,24.32034666,27.60235057,27.06367995
31470,27.9597531,21.17148504,21.84125816,29.02750371
31925,27.9597531,21.17148504,21.84125816,29.02750371
40774,14.58502274,23.04941227,25.39344204,36.97212295
13952,22.16923412,24.91762684,20.81445068,32.09868837
35755,13.66165302,30.82574988,36.58703527,18.92556184
36100,30.71550682,20.05303581,23.65818279,25.57327457
11115,18.85387628,27.39795978,33.50282012,20.24534382
24327,13.32707385,22.3738104,30.60121313,33.69790262
38003,26.6464695,22.22101958,24.45816658,26.67434433
21397,18.76797628,25.14202882,31.89709166,24.19290324
31379,20.64714658,21.98990086,23.29637525,34.0665773
31849,20.64714658,21.98990086,23.29637525,34.0665773
38912,19.17599464,22.89527857,25.18613094,32.74259585
35613,17.40973859,33.06592642,15.62467348,33.89966152
880,10.4460567,26.62257321,32.48699923,30.44437086
25061,29.93152648,19.9283176,26.02707319,24.11308273
39836,23.04922554,22.55382841,19.20636074,35.19058532
41327,23.20199773,21.30332632,19.87281664,35.6218593
1182,33.92400515,21.33160774,23.36018852,21.38419859
8220,28.30705701,21.52916663,27.82607565,22.3377007
23648,14.44927683,29.48792683,24.86808081,31.19471553
30167,29.27265183,23.48869808,18.20247852,29.03617157
33675,27.580111,17.62706614,21.83566555,32.9571573
1115,20.71717749,22.50283425,21.16176396,35.61822429
2878,23.3042264,21.59873776,24.90756241,30.18947343
15298,13.01953503,28.87961842,25.29564036,32.80520619
1343,26.38598594,24.45700794,27.40328359,21.75372253
13184,22.34490872,22.34760969,27.05412207,28.25335951
7704,20.66071689,20.89732268,26.26422629,32.17773414
10738,23.55901593,23.43586145,23.89392532,29.11119729
11209,23.55901593,23.43586145,23.89392532,29.11119729
14500,30.56617373,19.2703364,21.26661035,28.89687951
16121,15.67428726,21.23099855,20.66267251,42.43204169
17568,32.52864325,22.81548589,23.68502492,20.97084594
20139,29.92837011,20.18754755,16.57646783,33.30761451
20595,29.92837011,20.18754755,16.57646783,33.30761451
26040,22.35293317,22.64123999,20.28835076,34.71747608
39242,37.07117867,19.54355562,15.60637602,27.77888969
3020,20.35276087,25.03906259,27.24155495,27.36662159
12175,31.04861316,19.65699833,26.70566964,22.58871887
15299,18.26644836,36.2861899,26.42181241,19.02554933
16019,16.02289433,26.69322397,26.3556642,30.92821749
16474,16.02289433,26.69322397,26.3556642,30.92821749
14768,22.54570656,26.30636141,27.02679787,24.12113416
41179,33.08504351,29.73784091,8.182673196,28.99444238
14665,11.57800703,25.21163256,31.87425976,31.33610065
14982,11.57800703,25.21163256,31.87425976,31.33610065
10751,23.30095023,20.95128337,24.95513277,30.79263363
18384,8.554561807,31.02431848,27.05453003,33.36658968
40123,21.55944472,20.12575872,19.30705428,39.00774228
23062,24.20166516,20.51554893,23.24546551,32.0373204
23498,24.20166516,20.51554893,23.24546551,32.0373204
16552,27.48061201,25.28548849,24.78168808,22.45221141
37032,27.01417463,22.35486868,28.94632541,21.68463129
37063,23.54048576,22.50164089,26.07433138,27.88354197
15499,18.7779833,27.99737202,27.79513494,25.42950975
35926,29.03833072,21.09154849,28.43275034,21.43737044
36343,22.05303489,23.19536607,29.49640576,25.25519328
38364,26.49588435,25.60344044,25.30414631,22.59652889
38869,25.93678205,23.56039818,26.18443615,24.31838362
13496,29.48861894,20.25507168,19.10313692,31.15317246
13682,13.45200538,22.01182453,26.3439847,38.19218538
14429,14.23926027,26.64171542,27.5793403,31.53968401
17874,28.19526444,24.12052653,24.24108573,23.44312331
18227,18.89449893,33.16810083,22.83428579,25.10311445
19700,28.40643393,18.49182171,21.2602155,31.84152887
19999,18.62188326,29.04170138,36.94566007,15.39075529
37573,19.65685158,25.40972689,27.31940393,27.6140176
39195,29.03970432,18.92434527,22.68833716,29.34761325
40834,20.36860141,22.53072582,26.72305779,30.37761498
21355,8.234232426,29.55253266,44.23537822,17.97785669
24415,32.5690625,17.43519524,23.25533973,26.74040252
34316,20.73101837,27.43511057,27.45525679,24.37861426
39244,17.47587643,30.60178566,29.06462924,22.85770866
7121,26.96882505,19.97314682,19.90445701,33.15357113
19356,25.21942277,27.99656901,26.65364572,20.13036251
35609,32.95399676,21.42353232,21.23042086,24.39205006
36376,24.39564633,21.66069367,25.40560239,28.53805762
40928,26.68500056,23.48328698,26.2091368,23.62257567
15446,24.06996149,26.28403426,20.86903509,28.77696915
15730,27.00201503,22.99128947,28.92546867,21.08122683
22431,26.06874224,26.85935705,20.17533274,26.89656797
22486,34.31920027,21.92258101,21.92791568,21.83030304
4336,27.16123705,23.36205902,23.9404531,25.53625083
17766,21.50209121,24.37146066,26.82111628,27.30533186
13729,31.27240558,19.34925433,24.62186456,24.75647553
15163,25.91756148,26.78400482,27.15785241,20.14058128
41232,13.9240309,23.95524886,27.58278742,34.53793283
1687,26.63646034,18.30578541,16.89912364,38.1586306
17377,8.282710664,26.93510602,33.31524925,31.46693406
37564,27.2600528,19.59750289,13.4847941,39.6576502
40050,33.59309015,20.26090282,20.8265884,25.31941863
5574,23.59545895,20.10555892,15.33988198,40.95910015
8538,32.68837491,20.1412733,22.41818172,24.75217006
10465,26.72442354,17.97573954,23.2072354,32.09260151
11219,26.94872221,19.08030935,21.34640729,32.62456115
12676,30.90478829,18.9072797,21.23951372,28.94841829
20869,31.883742,20.69043651,20.89006606,26.53575544
23756,24.79818039,19.30974457,22.73419445,33.15788058
38521,28.4114256,26.08814815,15.80048858,29.69993768
13908,20.24849903,29.13764904,33.666495,16.94735693
14234,16.65419695,24.52310089,8.882348036,49.94035413
14536,25.49814476,22.63822139,22.77329388,29.09033996
17576,17.08658669,25.57959959,23.7704684,33.56334532
18206,10.91803913,37.97346108,15.82035089,35.28814889
23656,13.7226349,25.06755663,30.19418549,31.01562297
38562,17.33271294,26.68182228,26.22570408,29.7597607
39633,25.95766475,20.59959385,25.61919388,27.82354752
15875,32.29104123,23.60325764,20.0781646,24.02753653
40453,23.7990666,24.7576661,28.82248474,22.62078256
35249,15.16488361,29.06243948,34.66442294,21.10825398
1705,9.027262207,26.54962651,28.37145318,36.05165811
8020,33.10283462,21.4758144,19.93809318,25.4832578
31056,27.90546436,21.9677199,25.51227773,24.61453801
31343,19.84413926,24.7261628,23.43113793,31.99856001
31537,27.90546436,21.9677199,25.51227773,24.61453801
31819,19.84413926,24.7261628,23.43113793,31.99856001
32072,20.56063571,26.10520357,30.70322145,22.63093928
32547,20.56063571,26.10520357,30.70322145,22.63093928
25857,26.74451612,19.41826672,25.97325126,27.86396589
37020,31.52234626,22.10111109,28.12085661,18.25568604
38857,28.23866536,20.42260271,22.28272008,29.05601185
6169,27.11659016,23.87692746,26.3084969,22.69798548
8598,36.22754522,18.0834829,17.62676541,28.06220647
396,17.50964189,30.21897276,32.85616059,19.41522476
1556,27.23773078,23.0956577,21.88143881,27.7851727
27538,22.23749593,24.00817385,25.83657384,27.91775638
16691,26.45649312,22.4744576,15.26639076,35.80265852
22687,24.6048759,23.17947076,26.69247726,25.52317608
23186,24.6048759,23.17947076,26.69247726,25.52317608
11700,24.42800551,17.86526001,22.83499533,34.87173916
33002,23.88555411,24.6708596,29.51825264,21.92533365
14688,12.39867532,25.43023969,27.16833109,35.0027539
15018,12.39867532,25.43023969,27.16833109,35.0027539
36678,21.90463777,21.64469085,30.10389121,26.34678017
3433,24.13622099,25.68991905,26.59614057,23.57771939
3902,24.13622099,25.68991905,26.59614057,23.57771939
40144,25.43784465,19.9185526,18.78512087,35.85848187
15481,21.00798397,23.07499531,34.12162234,21.79539839
5116,19.56409832,20.44624602,25.69351441,34.29614125
8788,32.28063876,21.50309797,23.58970789,22.62655538
14516,15.97595617,22.59526808,28.93598106,32.49279468
15315,15.97595617,22.59526808,28.93598106,32.49279468
16022,23.76403842,22.34904951,24.74178933,29.14512273
16580,16.49471753,24.46349269,26.6804604,32.36132939
16939,27.42870965,20.30542501,21.57974457,30.68612077
40262,17.47139033,29.56865042,22.85219469,30.10776456
13499,17.5662085,22.19850229,24.56385286,35.67143634
16822,28.99903701,21.90188071,23.56254564,25.53653664
22754,38.78226073,18.32403552,12.66987691,30.22382683
23250,38.78226073,18.32403552,12.66987691,30.22382683
26965,30.16594754,22.96580737,23.77175211,23.09649299
30190,31.58573936,21.23123588,23.53270451,23.65032024
22723,20.07907724,24.17532752,26.8322378,28.91335744
29195,16.27685581,28.08815397,30.53620843,25.09878179
38658,26.57153804,28.02264791,21.37591179,24.02990227
39803,23.13826524,31.50655419,25.90285124,19.45232934
16928,27.50515786,28.14838469,21.67752407,22.66893338
17371,27.50515786,28.14838469,21.67752407,22.66893338
38275,19.16638102,27.28906051,22.12157803,31.42298045
22035,26.91702927,20.37980979,19.25577148,33.44738946
23988,19.16820975,26.74491729,35.58051614,18.50635682
40207,39.54529323,13.52159345,7.697779897,39.23533342
7558,20.29796851,27.05341101,34.3886991,18.25992138
19629,15.99643769,21.02059363,22.46028649,40.5226822
20454,23.1613193,25.06746323,30.60192684,21.16929063
31982,18.95976581,31.31104656,33.40194927,16.32723836
32474,18.95976581,31.31104656,33.40194927,16.32723836
34038,29.78924324,22.74773301,19.93720757,27.52581619
39751,13.78836493,29.76680355,25.12531629,31.31951523
1962,20.12894544,21.29800348,23.45957582,35.11347526
2389,25.94794509,27.29997132,27.52792431,19.22415929
7149,20.68986234,27.10186597,28.99432057,23.21395112
7737,21.29421161,21.85462682,28.95906703,27.89209454
11599,28.02157309,19.35524128,25.88461641,26.73856922
16943,20.77432071,28.03229254,32.17431382,19.01907292
19462,11.16629025,25.87653857,32.06927271,30.88789846
24713,17.50788421,28.95355998,33.14448499,20.39407082
37261,27.62367301,22.82649144,12.65667967,36.89315588
40885,16.08324733,28.24046232,23.62638272,32.04990762
5578,21.55796454,25.27704749,30.79004537,22.3749426
6373,14.29171718,30.51284306,34.6512269,20.54421286
16594,17.45391275,22.07505957,26.62645822,33.84456946
19438,20.78683977,35.80174966,24.42654068,18.98486989
20593,15.04647266,29.8663545,39.36282829,15.72434455
3949,21.76065978,22.80166681,26.9953335,28.44233991
19668,26.96496523,24.53733716,20.2826996,28.21499801
34116,18.49238348,23.58498021,23.64411113,34.27852519
16603,18.67619398,22.67290636,24.40091933,34.24998033
31236,31.48137906,22.5329389,23.18786764,22.7978144
31700,31.48137906,22.5329389,23.18786764,22.7978144
3502,25.27736936,25.30637636,24.69936432,24.71688996
5021,14.34965137,24.46373677,27.73047475,33.45613711
6155,17.53505918,24.40956258,29.1889456,28.86643264
9820,26.96038422,30.67675491,21.22584162,21.13701925
11605,12.43098712,23.62042146,27.46925269,36.47933873
31183,16.62645255,27.1863432,33.27886717,22.90833709
31659,16.62645255,27.1863432,33.27886717,22.90833709
33958,11.52497545,25.52875049,25.72656912,37.21970494
16034,18.27556791,30.20512784,34.11859273,17.40071152
4398,27.46625143,21.26671713,24.61729452,26.64973692
8239,30.7618695,21.68778896,24.0997353,23.45060624
22997,19.20903471,22.70108745,29.67364041,28.41623743
29212,18.54530367,29.97459685,36.02847362,15.45162586
40575,23.36113947,21.97277139,24.3927943,30.27329484
41215,26.15447471,28.64452604,18.28663547,26.91436378
14432,16.50182528,25.48353783,26.46813347,31.54650342
14833,16.50182528,25.48353783,26.46813347,31.54650342
18634,22.56136143,27.54971554,29.95352126,19.93540177
23673,25.57795175,25.03941346,29.17755551,20.20507929
26265,38.23750962,17.71544386,20.10513827,23.94190824
26697,38.23750962,17.71544386,20.10513827,23.94190824
31466,25.78740462,18.03829499,19.77283385,36.40146655
768,18.39381998,26.15053956,21.43615084,34.01948962
23249,23.83597589,32.74144495,24.54866748,18.87391168
4297,32.05859447,24.42973888,18.34157121,25.17009544
36038,19.58463039,32.6937067,28.02593227,19.69573063
39840,16.33532873,21.22944533,25.01638902,37.41883692
13446,21.26263674,29.89728615,32.44643161,16.3936455
19927,24.71587331,28.9547691,24.05091456,22.27844303
30887,22.84543797,28.72758332,23.77319262,24.65378609
8480,18.15428365,23.75738788,23.47551395,34.61281452
11260,20.31681402,26.56499384,31.98723518,21.13095696
12053,32.12439723,19.01957749,21.63374635,27.22227892
14326,20.46473444,30.85106752,18.63351125,30.05068679
24215,19.08314991,22.64052374,24.28943817,33.98688817
29435,11.53730886,34.4802873,18.93671921,35.04568464
31931,25.19779835,17.4149935,19.26853839,38.11866977
33400,9.425732246,25.83005888,29.40146721,35.34274166
8629,41.74404569,17.33390927,10.847832,30.07421304
13957,20.47082536,19.11926739,23.54228811,36.86761915
16903,31.44625161,20.93743365,18.91985594,28.69645879
36985,27.0539537,22.45184171,27.03636787,23.45783673
35765,7.30198361,35.1737763,39.91362333,17.61061676
6188,31.59486631,18.89510818,24.07759042,25.43243509
6633,31.59486631,18.89510818,24.07759042,25.43243509
10598,15.09300598,23.15120113,27.88252294,33.87326995
14586,16.12126216,22.90499141,23.40249625,37.57125019
20247,27.30881388,19.09850486,18.90830203,34.68437923
27427,14.34960149,26.02975964,28.52989765,31.09074122
1716,4.507645565,28.01347,31.53244528,35.94643916
1777,8.40327045,27.40852599,29.45158254,34.73662102
2902,32.15869576,21.00027413,21.38369728,25.45733283
3287,32.15869576,21.00027413,21.38369728,25.45733283
8635,23.15364362,25.10114899,26.46251008,25.28269731
12144,15.07453779,29.11479577,37.54537385,18.26529258
18553,3.49443823,25.60849461,35.17176763,35.72529953
19988,13.4139714,24.97918423,30.22361019,31.38323418
40175,18.06581463,29.0402469,25.44256765,27.45137081
2316,28.63044993,27.29415157,22.23770823,21.83769028
22885,30.17028255,18.8645176,25.04758378,25.91761608
41200,25.12101179,25.99226719,25.4486664,23.43805462
5427,23.9032311,25.33035672,28.7716032,21.99480897
19954,13.62898089,24.99324741,30.27215275,31.10561895
35827,25.49337159,26.53187394,23.97079697,24.0039575
31112,29.56512442,19.45595205,23.81581488,27.16310865
31590,29.56512442,19.45595205,23.81581488,27.16310865
33005,13.26743672,23.55937997,25.96041678,37.21276653
38947,22.08550676,22.87881954,24.39791807,30.63775562
2025,25.40992555,20.93446322,23.63848351,30.01712773
23750,25.35069899,27.77226306,24.8943484,21.98268955
32131,24.76579977,21.84843521,22.98461429,30.40115073
32616,24.76579977,21.84843521,22.98461429,30.40115073
14617,20.54857545,26.85321584,20.61932839,31.97888032
23906,24.81086924,19.57631662,19.30563322,36.30718093
40879,24.32088767,22.8097012,26.2496333,26.61977783
15932,12.26179419,24.27896046,28.27962101,35.17962434
38232,21.49866173,20.20284172,23.58630697,34.71218958
5824,25.54570991,24.13363045,26.67816435,23.64249529
8664,18.30426149,27.3513817,34.20615255,20.13820426
15080,13.29344613,29.38886038,25.61837076,31.69932274
16545,27.573783,28.10110357,24.19784866,20.12726476
41018,26.79539978,21.43766915,27.44611735,24.32081372
21153,25.86540153,20.15803471,18.00932043,35.96724333
21738,25.9224615,16.23351421,6.914774365,50.92924993
34818,24.01371799,34.03631191,16.9088515,25.0411186
12483,9.138729846,28.13518587,25.09854435,37.62753993
13423,16.40145919,29.71485101,26.0955107,27.78817909
22598,25.89677954,25.13648832,25.88351565,23.08321649
15567,10.41828224,28.25949112,31.69521087,29.62701578
16201,17.61887836,22.37152508,25.29448332,34.71511323
23121,24.49851168,24.44499346,31.40388299,19.65261188
8956,30.40212571,20.05014815,22.59727084,26.9504553
13212,16.5146643,33.8787307,28.84863281,20.7579722
13443,24.55777486,24.45024848,28.22469246,22.7672842
1315,38.71027614,16.05120023,13.08187622,32.1566474
3561,28.68033562,17.84867857,21.72491745,31.74606836
4444,28.68033562,17.84867857,21.72491745,31.74606836
8186,29.35742639,20.57848707,21.48342948,28.58065705
16182,18.34384046,23.88035232,24.13471498,33.64109224
24409,30.95862286,22.12620312,24.49283298,22.42234104
24665,25.62896177,24.18767727,24.05343196,26.129929
37524,26.89562321,19.31626427,25.55131361,28.23679891
37805,38.11801291,17.85047083,12.8942815,31.13723476
7655,25.63858634,26.396804,28.85965415,19.10495551
14577,34.97789753,17.68512157,18.33574451,29.00123639
14936,34.97789753,17.68512157,18.33574451,29.00123639
23050,22.70248494,27.04145951,30.8438101,19.41224545
41039,19.63633764,20.34972627,25.61437653,34.39955956
3853,10.68992531,34.43925051,36.36466783,18.50615635
17550,23.10387779,26.86618151,29.78883785,20.24110286
30703,28.34468366,28.80247754,17.20546155,25.64737725
26,20.00975548,29.72289464,26.79778876,23.46956112
27270,27.37235851,25.45324323,21.9382852,25.23611307
34333,10.17791938,25.73796375,26.8336685,37.25044838
36622,28.7721041,26.29075216,25.27776665,19.65937709
3109,28.56905816,21.53703011,22.75223469,27.14167704
13113,14.41918647,23.90352779,27.49517727,34.18210848
13994,19.22906912,22.41278342,24.24774775,34.11039971
14332,26.08968761,20.84798266,25.04425669,28.01807305
19341,15.2894035,26.84456813,23.72325082,34.14277754
4034,21.46224986,23.68566409,26.34837905,28.503707
23039,30.47534201,22.52468318,20.75763096,26.24234385
26855,22.37620294,27.70398289,27.52409464,22.39571953
33163,29.84705595,21.42498605,22.33803799,26.38992001
38777,24.62147758,22.2936356,27.76589094,25.31899587
1892,18.8528841,26.14780341,29.5861106,25.41320189
19655,27.98937646,25.58430215,24.2753971,22.1509243
24069,21.45071715,28.08081044,29.44325431,21.0252181
31456,31.57995545,17.01601167,14.24388836,37.16014452
31922,31.57995545,17.01601167,14.24388836,37.16014452
40555,36.41918216,20.17333269,21.76628549,21.64119965
11063,23.10558067,19.10884044,22.73836375,35.04721514
11479,23.10558067,19.10884044,22.73836375,35.04721514
37566,24.77412448,23.53383268,28.3343875,23.35765534
38198,32.19776803,21.02135395,23.79878887,22.98208915
38644,18.98253525,26.88561787,25.74524107,28.38660581
40925,27.21645868,29.38780695,20.29037593,23.10535844
18207,9.076786002,22.19990981,10.51448435,58.20881984
34067,22.93631605,24.88288257,32.41777716,19.76302422
35313,23.52132231,26.69855653,22.2432865,27.53683467
10273,26.69982145,23.61583397,29.32025973,20.36408485
31258,35.34652473,21.21122816,18.2081653,25.2340818
31727,35.34652473,21.21122816,18.2081653,25.2340818
9739,27.79350589,18.41278169,23.98557219,29.80814023
15658,28.84266543,23.07469659,20.9231916,27.15944638
29711,25.44637275,21.32185911,20.48022035,32.75154779
41354,24.02217482,20.97204813,22.95503935,32.05073771
7671,33.97637033,19.83850355,22.8627279,23.32239822
11535,27.4095173,21.7391582,24.88742632,25.96389818
31113,25.17201052,23.14366512,28.51856819,23.16575617
31591,25.17201052,23.14366512,28.51856819,23.16575617
31983,26.67417833,24.70678051,28.53041014,20.08863101
32473,26.67417833,24.70678051,28.53041014,20.08863101
8437,26.37026292,25.45883474,27.06350163,21.10740071
38005,18.88672341,20.71870752,27.14533791,33.24923115
40075,31.61317557,18.62291062,23.59505009,26.16886372
40691,28.52670241,22.23807625,24.93195216,24.30326918
6144,26.88926125,22.33837244,25.76288566,25.00948065
31201,25.66985731,24.82221179,27.13285508,22.37507582
31676,25.66985731,24.82221179,27.13285508,22.37507582
34265,23.83833265,19.88863877,22.50948164,33.76354694
41220,15.91777307,25.24142969,29.44308841,29.39770883
947,32.10164456,20.06443742,15.71324959,32.12066843
6233,32.07695703,20.72658112,21.58033155,25.6161303
25041,22.30559692,28.56273089,13.99842357,35.13324862
37781,19.78538313,23.06706342,24.55769791,32.58985554
39856,19.90886883,21.27693933,22.96914084,35.84505099
3664,10.44533538,32.54366122,31.17959454,25.83140886
13754,24.76268458,27.00865448,28.20689285,20.02176809
14726,15.63479517,22.97739076,23.62086799,37.76694608
15037,15.63479517,22.97739076,23.62086799,37.76694608
30227,26.13839094,26.43974616,19.58241747,27.83944543
33270,30.54186156,19.63684996,23.7866079,26.03468058
33707,30.54186156,19.63684996,23.7866079,26.03468058
2235,15.27078525,30.73540046,37.44557349,16.54824079
12509,19.5347209,27.35628769,29.75497565,23.35401576
18895,30.69521836,18.67163237,19.75693336,30.87621591
19231,30.69521836,18.67163237,19.75693336,30.87621591
26051,15.53566906,34.81557594,16.22950073,33.41925427
4356,17.54719328,33.0883818,33.89802368,15.46640125
23242,22.81392705,19.91209961,19.03883692,38.23513643
35921,21.25108473,21.7620304,24.74830987,32.23857499
39023,26.63433371,21.9238637,26.18198358,25.259819
41075,27.34141505,20.33709965,23.69759792,28.62388738
13767,21.37416308,21.19492839,24.7527939,32.67811463
23903,25.05107416,19.30009655,24.2778629,31.37096639
30876,25.8764767,23.60572816,25.99697163,24.5208235
31067,22.92143551,23.98083077,28.08643684,25.01129688
31548,22.92143551,23.98083077,28.08643684,25.01129688
34318,14.36791692,25.64558922,28.90269896,31.08379489
41292,30.54009668,21.0335308,23.63010134,24.79627118
2173,25.05924684,20.67118911,22.25911409,32.01044995
6187,17.69729296,29.46610833,34.3869914,18.44960731
12405,33.99531328,16.09163367,19.0911212,30.82193185
17582,17.30981637,22.716421,23.11412665,36.85963597
35024,13.72563792,26.90343842,31.90085081,27.47007285
33041,11.48228028,26.29352976,27.87250791,34.35168205
33527,11.48228028,26.29352976,27.87250791,34.35168205
229,16.26159054,27.05468832,27.74062523,28.94309591
13723,21.65245522,19.56912189,27.34237909,31.43604379
14142,21.65245522,19.56912189,27.34237909,31.43604379
14338,18.75540879,24.65195796,27.16270651,29.42992674
18078,23.3345792,21.94909366,26.28980529,28.42652185
34839,12.34514195,29.84679656,25.00986181,32.79819968
25979,13.40425421,23.05044229,25.63162334,37.91368016
41126,19.03297763,30.43076829,28.49400675,22.04224733
34858,23.89950359,24.45639117,23.76794152,27.87616372
11196,23.07973462,20.28845373,25.47939905,31.1524126
11565,13.00256844,24.85139119,24.74459532,37.40144505
16024,26.67593069,20.38997773,27.19836945,25.73572214
22891,27.84628305,24.9330781,27.84628872,19.37435012
6064,35.72912833,18.85864643,21.49826315,23.91396209
10750,28.00010898,21.31130863,28.84915584,21.83942654
13441,21.28638589,29.78986833,22.25886006,26.66488572
13745,32.84198627,25.1125977,20.76098993,21.2844261
15182,8.620146218,27.87715913,25.18420012,38.31849453
18012,21.47200152,21.72887899,23.34157087,33.45754862
20195,14.16687552,30.24252642,35.71966882,19.87092924
24591,19.55135799,24.07536856,25.1509558,31.22231765
25333,19.55135799,24.07536856,25.1509558,31.22231765
36653,25.61415167,22.38163308,27.97733374,24.02688151
35630,30.6529686,24.14940619,15.93530761,29.2623176
8970,24.9182572,31.4304862,22.16764256,21.48361405
12431,29.02355348,21.20282824,24.51182851,25.26178977
16635,12.9916141,32.50599115,27.77426984,26.72812491
37536,25.67843793,20.10021364,21.73883392,32.48251452
18165,22.79032288,19.74118603,22.55311152,34.91537957
39115,23.59162501,22.32648626,23.68495962,30.39692911
40986,20.93288622,23.12387423,26.85326169,29.08997786
8691,27.50457006,20.49106284,19.94338816,32.06097894
38702,22.17847543,23.24024258,27.87753123,26.70375076
11825,21.38485882,27.57771044,32.6083323,18.42909843
12192,21.38485882,27.57771044,32.6083323,18.42909843
12469,16.29662227,25.31217151,29.47380372,28.9174025
22427,30.97918897,26.53531676,19.51145473,22.97403953
8163,31.22283487,19.16762192,21.9068317,27.70271151
18604,16.96949594,23.84080819,27.08660307,32.1030928
23361,21.32700548,23.62956311,22.97590396,32.06752746
37919,32.1664173,24.62233233,19.98494375,23.22630662
1279,30.27924425,24.53890537,21.07091074,24.11093965
4976,18.20483333,22.46742248,27.41389551,31.91384868
13509,21.06901856,21.28757717,24.93744549,32.70595878
24657,29.59360238,16.57778447,18.08332919,35.74528397
25079,29.59360238,16.57778447,18.08332919,35.74528397
35635,18.52409187,24.94655996,23.79809136,32.73125682
1921,27.25223581,21.43753872,25.92844624,25.38177923
3367,24.22791833,22.02533111,25.21526588,28.53148468
12193,22.91918422,21.39241446,28.84579136,26.84260997
37098,39.15276345,16.8654293,15.49573286,28.4860744
973,27.90502494,21.25641451,22.91735093,27.92120962
11295,26.53685446,20.62973341,26.39629526,26.43711688
17299,32.79683176,17.1364497,18.56151824,31.5052003
25718,12.25313048,31.13711108,25.41610525,31.19365319
33871,35.97698657,22.55802686,16.3805931,25.08439347
36420,21.82885595,21.16889218,21.34726522,35.65498665
3002,24.37357622,21.96859562,25.03849223,28.61933594
2845,30.83715469,19.8225812,21.04769903,28.29256507
3515,24.88465094,25.40130658,26.6749007,23.03914177
25336,19.01957138,24.96566428,28.0869758,27.92778853
27420,13.07418711,24.30634866,29.47672879,33.14273545
13689,24.43331026,20.94519463,22.44143572,32.18005939
35322,28.12632452,29.54611761,20.05760815,22.26994972
20559,37.03510736,19.24332023,16.68701854,27.03455387
15591,24.03926875,22.83206474,26.8997804,26.22888612
32159,27.28461428,23.53238636,25.13300616,24.04999319
32640,27.28461428,23.53238636,25.13300616,24.04999319
21047,26.8686968,19.76285315,24.35220767,29.01624239
24656,25.72071996,21.70622162,25.29929326,27.27376516
28256,28.45276956,20.313456,24.46131302,26.77246142
28707,28.45276956,20.313456,24.46131302,26.77246142
27000,32.54648459,22.6185551,19.63110515,25.20385517
23831,28.77930962,21.02379565,26.83441784,23.36247689
35343,29.38876439,20.2021939,22.98913377,27.41990795
19816,24.67986863,20.08199621,19.02042969,36.21770546
25641,12.40910571,18.2874969,7.580304822,61.72309257
21011,25.63822727,21.97911386,29.94847819,22.43418069
20526,17.98734593,31.62339167,22.67830294,27.71095945
14739,28.03489708,21.28275017,24.40241406,26.27993868
12904,28.4373422,21.53514279,24.88780363,25.13971138
9523,30.83929103,19.03144229,22.2046769,27.92458978
53,13.72510626,25.82844006,24.22106473,36.22538895
17111,29.37312171,19.00215299,25.66044042,25.96428488
17482,29.37312171,19.00215299,25.66044042,25.96428488
24190,31.42792526,18.09441763,16.66363318,33.81402393
30793,38.80816574,15.9832207,13.51613721,31.69247635
20975,31.68412472,21.7001711,21.45018186,25.16552233
15445,37.20710955,17.8000114,15.4716331,29.52124595
24651,34.71192539,20.12829087,18.64318651,26.51659723
3365,34.09320481,20.77071656,23.92991434,21.2061643
15223,24.99066085,26.01991643,28.20555393,20.78386878
6361,32.32383652,18.9923532,23.28075587,25.4030544
3415,34.14876372,20.9916364,22.13396617,22.72563371
28084,36.8806629,16.42158539,19.01151675,27.68623495
28483,36.8806629,16.42158539,19.01151675,27.68623495
2150,26.42737286,20.88762969,25.29071263,27.39428481
22812,25.34309169,24.20677835,31.83143965,18.61869031
32010,28.89375404,21.91204598,26.12041032,23.07378966
32495,28.89375404,21.91204598,26.12041032,23.07378966
26148,19.52798734,29.43928257,28.47682527,22.55590481
26590,19.52798734,29.43928257,28.47682527,22.55590481
39640,26.09378278,30.10828362,19.34215245,24.45578115
4705,32.93094855,19.36744366,23.31610714,24.38550065
31269,27.56524735,20.27489401,25.97287996,26.18697868
31743,27.56524735,20.27489401,25.97287996,26.18697868
23797,26.89301221,23.89272918,27.43058006,21.78367855
3913,28.04313603,22.18899373,24.04650506,25.72136519
3517,29.00904596,21.61468831,25.11899731,24.25726843
23762,24.81576567,24.24030337,31.07693671,19.86699424
8536,27.16156141,21.69856567,27.94832809,23.19154482
21034,32.16900972,19.42666017,22.50782625,25.89650386
13561,24.4081815,21.17599544,27.45692944,26.95889362
14003,24.4081815,21.17599544,27.45692944,26.95889362
27011,31.06020513,20.18951491,25.20766508,23.54261488
31283,30.98573466,19.63795958,21.11382179,28.26248397
31753,30.98573466,19.63795958,21.11382179,28.26248397
4499,28.99794155,21.60034794,24.41823474,24.98347577
27363,28.62715122,19.09812259,27.98547614,24.28925005
23554,30.12598167,20.82424609,23.02730469,26.02246755
23848,27.06317118,21.2698777,30.40022135,21.26672978
6472,24.40881554,21.56073945,25.53625137,28.49419364
20549,27.86005634,23.43238986,29.63077543,19.07677836
14299,24.07752139,23.61959703,27.89411998,24.4087616
3980,29.94158746,19.14271681,21.57513427,29.34056146
27536,28.91309161,21.75297647,24.10817725,25.22575467
14660,31.73265435,17.53025028,18.87297731,31.86411806
20874,32.03828807,19.37457851,18.42523922,30.16189421
14616,30.4133679,20.85583714,25.40238038,23.32841458
1978,32.82323458,20.12989403,19.99059896,27.05627243
12929,32.6698759,19.42066337,21.7662656,26.14319512
1580,29.39767988,18.25684516,21.56382075,30.7816542
24613,24.95060394,24.87684706,25.6953565,24.47719251
21909,26.0854055,24.90734951,28.28956355,20.71768144
24787,23.2997985,21.03880701,27.86501535,27.79637914
13493,22.88677591,27.63709503,30.30420618,19.17192288
2004,26.11611499,22.85550257,27.94401396,23.08436848
26795,31.3651511,19.9201258,15.02991239,33.68481071
40180,36.32078018,19.74411425,18.44375964,25.49134593
14790,33.32440933,18.88407691,20.19173628,27.59977748
16218,37.35791893,16.89800442,17.58226569,28.16181097
14423,27.88810121,21.10744136,25.74150355,25.26295388
14215,44.72861315,19.06780063,11.56501658,24.63856964
34792,33.84415918,18.98219918,19.28831128,27.88533036
34857,16.54719303,25.4790974,24.22125432,33.75245524
18160,25.9671304,20.26356671,23.75643041,30.01287248
18246,24.48039856,20.919248,23.21729042,31.38306301
18568,24.80016605,22.04883157,23.40408592,29.74691647
592,16.03075325,29.48758398,35.88072765,18.60093512
22164,31.9368054,19.49721838,22.35373956,26.21223667
17641,38.65501366,13.45011709,5.889958145,42.00491111
6275,24.30462214,21.69136891,27.33382601,26.67018294
26111,31.51229966,20.43966852,22.31401484,25.73401698
26553,31.51229966,20.43966852,22.31401484,25.73401698
27730,36.17830385,19.56216854,19.58359799,24.67592963
41233,19.6887308,35.60103803,26.42721856,18.28301261
19272,19.16832081,27.92518028,23.80476511,29.10173379
36888,22.51531244,28.04175985,27.2634446,22.17948311
14565,30.15934461,17.50142613,22.91893301,29.42029625
11901,38.57440398,18.53548255,16.88812583,26.00198764
23631,30.51005096,21.09665871,16.60051756,31.79277277
3960,28.71629664,21.73479422,28.59466729,20.95424184
22093,26.0156895,27.89622685,23.40642458,22.68165907
5889,25.20191209,26.00158948,29.91963132,18.87686711
19308,27.71899256,33.28104859,11.09782308,27.90213576
14246,26.70867558,20.49780534,25.73325744,27.06026164
4174,32.00201156,18.86451133,17.93747359,31.19600352
2828,32.15272295,21.10605521,16.58501115,30.15621069
33112,34.9215259,19.21915499,16.34135469,29.51796442
36055,19.64890445,25.51542892,20.22340156,34.61226507
13680,31.6417491,18.61606344,23.31315087,26.42903659
40392,23.92280195,22.78883833,31.97761362,21.31074611
32147,29.12200701,21.4124985,22.95732369,26.5081708
32629,29.12200701,21.4124985,22.95732369,26.5081708
4007,27.00012189,24.84349073,24.95287759,23.20350979
40831,30.57768863,22.44523249,21.56666346,25.41041542
25355,29.96781891,19.86481398,21.44209036,28.72527676
20047,28.46904114,21.02351529,26.38647473,24.12096884
21770,26.60613092,20.42599074,21.46400238,31.50387595
15218,29.61219042,21.20833068,23.2488572,25.9306217
595,29.55180466,17.93744224,23.68103888,28.82971421
25844,34.44585938,18.94301331,12.86780939,33.74331792
5419,25.69208138,22.72611882,27.85687554,23.72492427
22910,29.75325261,21.49038322,27.39146562,21.36489854
8554,40.42382276,19.54426421,12.22476378,27.80714925
41068,21.47283185,26.44029072,29.35658154,22.7302959
3923,33.54741844,31.8039101,12.26177215,22.38689931
13560,26.85182393,25.86250951,22.52425707,24.76140949
14734,32.96164212,22.00313919,18.6712954,26.3639233
15686,25.22951882,23.08141902,26.49244589,25.19661626
34442,26.05108456,21.9874052,25.45335084,26.5081594
1296,30.24400546,23.23012921,19.30483735,27.22102798
25048,26.47669758,24.47640668,25.20106713,23.84582861
8272,30.74656225,22.17651525,23.94334004,23.13358246
8694,30.74656225,22.17651525,23.94334004,23.13358246
27059,27.39886209,20.92847192,22.95015504,28.72251096
17613,25.13513886,20.02039941,14.74884855,40.09561319
40192,37.42768986,18.81118084,11.80525554,31.95587376
6874,27.60988437,23.81214316,25.55513638,23.02283609
39005,22.65189593,23.24115409,29.43611426,24.67083573
7835,29.02612885,20.62490883,23.8502699,26.49869241
4816,33.2799679,21.52106172,23.80121745,21.39775293
21200,26.02878266,25.94929232,25.30840119,22.71352383
30654,35.80554186,19.27203312,17.07160077,27.85082425
21773,38.36486956,15.8517785,10.29774768,35.48560425
23851,27.5362509,21.82466478,28.85381778,21.78526655
1886,34.76038406,20.1873205,20.06477303,24.98752241
15485,24.53718513,24.72108884,26.49875879,24.24296724
22094,34.35253287,16.36921852,16.51383642,32.76441219
5089,39.29054622,15.96243687,17.26737062,27.4796463
36756,26.99431235,29.25534019,22.13233632,21.61801114
9809,26.19297925,33.09431305,18.38625721,22.32645049
24617,30.20889418,21.40492499,22.37041515,26.01576568
40520,23.53229766,22.911846,24.69530559,28.86055075
3091,22.54873995,23.74922226,33.68872918,20.01330861
19753,30.47278239,18.53614867,18.52283622,32.46823272
1957,31.42435743,20.31728818,23.13395375,25.12440064
33904,23.35877094,23.48764422,28.25343964,24.90014521
1603,38.92766696,17.57524633,14.89518995,28.60189676
1791,27.44327896,21.4914923,24.4546281,26.61060064
19803,26.33154347,28.08911054,11.7955007,33.78384529
18469,24.44914091,23.87293959,26.34080201,25.3371175
33965,30.3842266,21.31763624,21.159796,27.13834116
25738,27.66446003,17.89729791,21.97803188,32.46021018
9234,33.19305952,18.54240627,19.61593685,28.64859737
9633,33.19305952,18.54240627,19.61593685,28.64859737
33968,34.07281553,18.99974371,23.51819534,23.40924541
4855,30.42984437,23.30779035,26.24970589,20.01265938
32245,31.75948716,17.72349179,20.74130839,29.77571266
32715,31.75948716,17.72349179,20.74130839,29.77571266
38182,27.68033505,24.1218515,28.7529258,19.44488766
15240,24.65821832,23.68261397,26.37403452,25.28513319
20902,33.58080593,17.26334794,19.01338059,30.14246554
23300,23.86570819,24.12851034,30.75853865,21.24724282
14779,30.10696671,19.59141302,20.69128281,29.61033745
25726,15.97468901,31.57139674,25.42043764,27.03347661
4494,30.5804887,18.28513659,19.19944843,31.93492628
21315,25.58979337,23.27851707,27.7177848,23.41390475
25319,42.96032681,14.34378451,7.292262315,35.40362637
27800,34.48630502,20.11928195,19.68441812,25.70999491
32122,32.152932,20.90157137,24.16220975,22.78328687
32603,32.152932,20.90157137,24.16220975,22.78328687
4636,32.78616476,19.29533113,21.36570771,26.5527964
34586,29.50763197,20.25829925,25.33203766,24.90203113
29308,21.61000264,26.5545697,33.32309616,18.5123315
26178,34.21204995,21.0556179,17.24847203,27.48386012
26615,34.21204995,21.0556179,17.24847203,27.48386012
2431,28.06440554,24.95727502,21.98740283,24.99091662
32125,29.34508293,22.63120397,23.9405856,24.0831275
32599,29.34508293,22.63120397,23.9405856,24.0831275
32418,31.29248047,22.30552451,17.96034368,28.44165134
32879,31.29248047,22.30552451,17.96034368,28.44165134
25068,27.11117311,33.28914644,15.77784298,23.82183747
1945,28.48536116,25.10825781,24.1009781,22.30540294
31973,23.75502499,25.65049584,28.06148205,22.53299711
32465,23.75502499,25.65049584,28.06148205,22.53299711
35472,30.45723741,18.65149758,20.90840799,29.98285701
12748,29.45045763,20.85553394,23.43276874,26.26123968
14425,24.64652214,27.15742323,29.27072047,18.92533415
8572,28.57364857,21.53698026,22.905145,26.98422616
26136,23.39203087,28.72199111,28.44981013,19.4361679
26583,23.39203087,28.72199111,28.44981013,19.4361679
7343,27.99316129,24.95122774,30.69254606,16.36306491
13984,17.35397487,30.49035395,27.7072269,24.44844428
23957,35.82195484,19.66397818,20.34273943,24.17132756
4829,32.08937478,23.04130742,16.68472418,28.18459362
19779,36.71006253,19.40375731,19.00788235,24.87829781
34460,20.34263814,21.54931264,30.46104807,27.64700115
33437,43.32734626,19.56594446,9.896432439,27.21027684
18610,31.21239826,20.82602276,21.47305072,26.48852827
6336,21.03940216,24.66457225,35.58344045,18.71258514
22152,29.44087471,20.7581476,25.20996752,24.59101017
33746,30.93824794,23.02706263,22.94797549,23.08671394
1058,28.81112771,24.19899331,24.80076492,22.18911405
14725,24.02806112,23.26535583,29.44031705,23.26626601
40606,29.98492898,22.92089557,16.77615546,30.31801999
22298,33.24705657,19.54030249,19.36078164,27.8518593
15531,25.66758122,23.42873747,26.05874297,24.84493833
34394,24.92173682,19.24545504,21.17852556,34.65428259
14169,39.77698483,16.96135121,15.0330177,28.22864627
21319,32.27103035,18.66715999,16.20397399,32.85783568
23287,31.43339183,24.25284751,19.02805677,25.28570388
13801,22.99662759,27.73902709,26.47192531,22.79242001
14218,22.99662759,27.73902709,26.47192531,22.79242001
7471,28.18863514,21.44584194,23.7680315,26.59749143
15132,25.1533308,20.98744259,27.34077032,26.51845629
40174,27.73350618,24.64437528,27.33309363,20.2890249
6756,35.99248539,17.59495099,20.87061332,25.5419503
12429,20.37244621,23.57731436,31.4852286,24.56501082
32012,22.71843527,29.24052249,25.48438416,22.55665808
32504,22.71843527,29.24052249,25.48438416,22.55665808
34063,27.90800168,21.0570764,23.48265392,27.552268
19821,38.87603284,17.66587062,15.24215736,28.21593918
21958,28.1400265,19.58301352,22.18080112,30.09615887
25076,41.35980833,16.59503775,12.74104404,29.30410988
1171,30.74594552,19.34210896,19.04181166,30.87013386
7920,23.0867064,23.7211333,29.43730571,23.75485459
16260,37.71792618,20.31594319,16.53650901,25.42962162
25852,29.95578423,19.77791542,25.3719073,24.89439305
23277,32.36913613,16.70504942,11.22094115,39.70487329
15029,25.64771934,22.64091642,29.77056102,21.94080322
36486,26.08778038,21.77826901,31.37053475,20.76341587
25797,25.78279154,21.81405277,25.38283969,27.020316
14420,30.33099726,21.50597767,20.26283761,27.90018746
1507,31.50588003,19.17132893,15.93906928,33.38372175
31492,39.37538631,18.40665655,14.69069653,27.52726061
31964,39.37538631,18.40665655,14.69069653,27.52726061
15525,23.5190578,25.03766128,29.30781996,22.13546096
25995,30.15361072,19.7141917,21.44355235,28.68864523
13819,37.17993103,19.01796068,12.11964115,31.68246714
15808,29.6241228,22.25823895,24.74413535,23.37350289
26046,32.57536351,15.56770328,15.55038154,36.30655167
6734,27.73887023,22.38818414,24.13013443,25.74281121
3762,33.02624064,19.01100599,22.78940575,25.17334763
36537,22.29807512,35.7000835,21.0891412,20.91270019
24377,30.73208449,20.42908568,21.47383216,27.36499767
4925,36.70529139,18.69490734,19.97046335,24.62933792
14485,32.99579936,28.42902984,17.05456197,21.52060883
14866,32.99579936,28.42902984,17.05456197,21.52060883
17306,28.60610747,22.9146892,24.04543976,24.43376356
1594,39.0687767,19.11531147,13.33719855,28.47871328
3546,34.55299848,17.95828896,20.19214792,27.29656464
3981,34.55299848,17.95828896,20.19214792,27.29656464
12690,36.20369248,20.22583883,18.85143144,24.71903725
25407,24.54308787,24.73942665,30.46130533,20.25618015
34645,33.25191451,22.37694595,20.41885148,23.95228806
17392,31.68718552,19.49669073,17.94348094,30.87264281
34510,33.05384635,21.69113097,18.60249699,26.65252569
935,29.63244948,20.76047988,21.05394659,28.55312404
1370,29.63244948,20.76047988,21.05394659,28.55312404
21327,33.03846909,19.70606844,20.6990579,26.55640457
1823,36.6226575,19.67753624,13.4446187,30.25518756
26100,32.38367828,23.14115686,17.09018174,27.38498312
26539,32.38367828,23.14115686,17.09018174,27.38498312
4935,30.53503872,18.17508531,21.90310269,29.38677328
40407,28.29084506,25.44050581,24.45452067,21.81412846
17366,32.1541625,18.87281219,19.56826772,29.40475759
13358,37.41282529,18.70201494,17.14817237,26.7369874
1872,27.47589677,21.6200314,24.54370373,26.3603681
15480,28.09903812,23.01328752,22.59891144,26.28876292
21820,29.28631317,24.54856003,25.3976337,20.76749309
8338,26.90008248,25.30708289,28.57558789,19.21724674
19023,26.08143278,23.8306794,27.74021835,22.34766948
31298,33.11780643,24.74781191,19.13285217,23.0015295
31771,33.11780643,24.74781191,19.13285217,23.0015295
5867,33.38827225,20.69401159,22.88600844,23.03170772
17046,31.58658495,19.30883643,24.49549901,24.60907962
17451,31.58658495,19.30883643,24.49549901,24.60907962
33218,34.06934787,22.31982532,20.10482435,23.50600246
14923,35.08777106,16.56698163,15.17063678,33.17461053
38950,37.44257856,19.15982896,10.77951788,32.61807459
15053,30.18214582,22.23287575,21.23057728,26.35440114
12109,39.11854339,18.96784294,13.81964666,28.09396701
22241,20.56433208,20.74313875,23.19601602,35.49651315
24569,31.31191202,19.53680235,16.34434146,32.80694416
24350,38.57528859,17.96417261,12.26407085,31.19646795
28482,32.22280787,17.17993964,12.38909937,38.20815311
38033,28.75595532,21.98236578,27.67332085,21.58835805
1851,27.08810587,25.30040017,24.38326522,23.22822874
34832,22.93334714,31.40625964,22.24466902,23.4157242
40069,35.82629617,21.51961514,19.44735022,23.20673847
5408,25.37755147,22.54845217,32.22822988,19.84576647
5863,25.37755147,22.54845217,32.22822988,19.84576647
37062,26.95756243,20.7717551,26.49200552,25.77867695
4420,24.02779189,23.88370752,30.67992783,21.40857275
8874,25.13356804,22.37215572,23.35470849,29.13956776
9721,26.74528982,22.82266699,22.49644933,27.93559387
14335,30.03335231,21.84310379,21.82961945,26.29392444
2501,30.07589064,24.07648947,26.79028467,19.05733521
14006,29.0444138,23.41432823,23.78108872,23.76016925
18821,29.21875838,21.77948059,26.72344512,22.27831591
19180,29.21875838,21.77948059,26.72344512,22.27831591
10459,30.20662658,20.3153414,21.72436934,27.75366267
36548,31.80368621,20.81212036,26.11597382,21.26821961
1573,25.3007977,22.82517345,27.20765049,24.66637836
13772,35.02704302,16.73847701,17.96849875,30.26598122
12887,35.4862248,18.05533594,18.75547263,27.70296664
40556,32.88909663,21.08731591,22.51663395,23.50695351
17458,28.9122107,20.74808532,26.14586073,24.19384325
13234,25.92007398,20.04231832,22.89926585,31.13834186
6820,23.51693393,25.59575082,19.99781595,30.8894993
33596,29.59199799,22.31086902,21.59603152,26.50110147
1805,32.59285982,21.55199672,22.68283072,23.17231275
22643,37.16839685,19.29951359,19.83540701,23.69668255
25933,29.03837406,15.64228872,18.01500796,37.30432926
32089,31.16535308,20.91301389,22.65242987,25.26920317
32571,31.16535308,20.91301389,22.65242987,25.26920317
17699,42.88969921,16.14726936,12.09541577,28.86761566
4396,19.00803642,28.12291148,33.31202259,19.55702951
25405,31.80842384,22.96981692,24.42929322,20.79246602
6459,34.48955638,19.38658927,20.24954279,25.87431155
32193,30.652313,21.25947588,21.56499049,26.52322063
32667,30.652313,21.25947588,21.56499049,26.52322063
15088,31.06052722,19.8505046,22.46909759,26.61987058
33650,30.84526829,17.24549885,22.19903969,29.71019317
20428,37.391895,17.14688185,17.59056445,27.8706587
40011,29.4009011,20.16944599,25.41176782,25.01788508
23711,30.36408765,25.66715895,24.98027215,18.98848126
6388,40.50752911,18.27925425,13.79196107,27.42125557
6807,40.50752911,18.27925425,13.79196107,27.42125557
17080,29.27520127,20.87761905,25.80993373,24.03724596
27379,23.43706638,23.4394033,25.59048915,27.53304117
12571,33.4442766,20.17744677,23.67425934,22.7040173
25077,31.13755448,17.26083779,20.67478241,30.92682532
2210,27.84304377,18.88751583,25.97502947,27.29441093
3958,35.93104705,19.49590493,19.56559857,25.00744945
16336,20.09142504,23.60937115,34.53754376,21.76166005
2134,27.74010315,21.61561868,26.59770225,24.04657592
12198,22.07148216,24.41488915,16.71344788,36.80018081
2988,29.67088775,21.47627961,18.86290382,29.98992882
3356,29.67088775,21.47627961,18.86290382,29.98992882
2021,36.22345278,19.59238529,16.25692519,27.92723674
21696,32.60650918,19.65202794,19.1129496,28.62851328
7139,22.41216947,25.1813795,22.30635048,30.10010056
1516,42.36334264,17.91776197,12.48553341,27.23336199
23314,36.31116878,18.67988382,21.33616284,23.67278456
31051,24.19666553,24.20579244,29.30827185,22.28927018
31531,24.19666553,24.20579244,29.30827185,22.28927018
17011,31.72131868,20.88049861,23.12459883,24.27358387
17410,31.72131868,20.88049861,23.12459883,24.27358387
18099,31.91319896,19.23373028,21.66085555,27.19221521
21308,32.01744056,20.72730538,18.92925771,28.32599636
21338,29.65088048,21.02517341,25.26854074,24.05540537
41522,24.68483731,23.48554629,24.82775452,27.00186187
41670,37.36388287,18.78192247,18.56861456,25.28558011
6053,36.28481232,22.23484195,16.97517669,24.50516904
27676,34.75473638,21.37602737,23.40900657,20.46022968
6011,22.17748743,25.47441724,30.27613878,22.07195655
30012,18.01193767,25.96027056,27.13801722,28.88977456
17280,28.89110903,19.78375193,22.66576002,28.65937902
17673,28.89110903,19.78375193,22.66576002,28.65937902
30841,28.40265043,20.19108698,26.74692682,24.65933577
23305,30.80855436,21.49645458,20.33139488,27.36359618
39904,29.18797015,23.87193242,24.98410831,21.95598912
6587,23.35406846,28.06873254,29.09333557,19.48386343
6997,23.35406846,28.06873254,29.09333557,19.48386343
18983,22.89703552,23.55311457,27.16589398,26.38395593
19292,22.89703552,23.55311457,27.16589398,26.38395593
34248,36.55217683,18.17774857,16.96576662,28.30430798
27,21.11046775,32.54150942,25.15951201,21.18851082
3311,28.60268744,23.77485563,19.26160836,28.36084857
14837,23.48021373,28.29074602,29.84902344,18.38001682
29833,33.2664192,19.22121436,16.42764655,31.08471989
40395,30.31601729,19.44396849,26.78082046,23.45919376
23895,27.40712732,21.74970619,25.44709369,25.3960728
7712,34.77807186,19.40169777,19.45327632,26.36695405
953,26.11396547,25.19512602,26.03679017,22.65411834
14013,30.53510775,18.48981573,7.875861149,43.09921537
32447,29.34156433,24.07979298,25.63799174,20.94065095
32900,29.34156433,24.07979298,25.63799174,20.94065095
13768,34.09725651,19.41310777,17.35030281,29.13933291
14181,34.09725651,19.41310777,17.35030281,29.13933291
32176,25.53711447,23.63431719,30.04311973,20.7854486
17287,37.60551432,20.67383088,17.91147215,23.80918265
17654,37.60551432,20.67383088,17.91147215,23.80918265
19362,30.17449174,21.68738598,26.29886731,21.83925497
20250,37.91071286,22.73456492,18.47174009,20.88298214
41478,36.95376525,22.88396898,20.18695761,19.97530815
25810,36.10058934,17.20996708,15.72255042,30.96689316
12775,29.19861484,20.56151135,22.00196371,28.23791009
15997,29.9710399,20.10119892,25.34919437,24.57856682
24275,23.38727285,23.80611648,29.31851466,23.48809601
7839,32.52817486,23.55301318,21.25303296,22.665779
39887,25.73649621,22.61276508,23.43599827,28.21474044
22745,14.46514667,30.80777658,35.18320951,19.54386724
23240,14.46514667,30.80777658,35.18320951,19.54386724
22321,33.20287273,20.69092609,21.21492367,24.89127751
7134,28.02317616,22.02207522,25.48646507,24.46828355
17816,37.06177753,18.89589661,17.92999471,26.11233115
16388,28.8657379,22.78975642,27.16455474,21.17995094
40813,23.45220841,25.2908319,30.62071865,20.63624103
34611,35.68943107,20.70078765,18.67549902,24.93428227
25977,35.97468043,17.48497262,19.0092846,27.53106235
921,30.09827622,23.67176329,24.04767922,22.18228127
35969,31.60471759,22.20789772,21.84644173,24.34094296
26753,42.01402265,14.73144102,6.163482273,37.09105405
31337,36.44603216,19.21611494,15.37345483,28.96439808
31808,36.44603216,19.21611494,15.37345483,28.96439808
4771,40.61483865,21.91799287,14.0920413,23.37512718
18193,20.38976791,27.09178472,32.71649838,19.80194899
32167,37.50696938,18.46840128,17.06529538,26.95933395
32658,37.50696938,18.46840128,17.06529538,26.95933395
2500,41.86654346,19.06592856,9.522464432,29.54506355
4128,34.12755037,21.60975672,17.41866422,26.84402869
17589,32.30646572,20.0870082,25.29574228,22.3107838
11744,31.21622257,20.7558924,19.97877798,28.04910705
12139,31.21622257,20.7558924,19.97877798,28.04910705
22950,26.30139763,23.91036118,21.48299518,28.30524601
26139,26.1466194,24.46526833,26.47698717,22.9111251
26578,26.1466194,24.46526833,26.47698717,22.9111251
13189,29.78911019,19.14039395,24.25585276,26.81464309
14966,40.13142478,20.15061426,14.35608426,25.3618767
35120,26.37194927,30.66988699,22.93329413,20.02486961
2277,26.11746812,26.12318437,25.90087226,21.85847526
10906,33.00283407,24.99103879,19.76992236,22.23620478
34753,23.55389136,27.82325515,33.0411261,15.58172738
29566,30.64838026,18.28495144,22.49822661,28.56844169
7232,32.65195552,23.57737171,18.07586499,25.69480779
1833,31.00742661,23.76884145,23.06999299,22.15373896
19623,27.13635881,22.21713045,29.94008564,20.7064251
23492,16.0179484,26.95950424,22.44935985,34.57318752
11230,24.31873352,22.37555534,30.00769957,23.29801157
1564,29.53299223,22.36554436,28.84557149,19.25589193
306,24.44056641,29.96322339,26.76343749,18.83277271
20461,20.06451265,24.69560459,33.25478765,21.98509511
13734,35.92156003,22.6317088,18.68648489,22.76024628
22890,27.88055704,24.31688911,24.9575314,22.84502246
23836,27.88055704,24.31688911,24.9575314,22.84502246
41191,33.03740955,20.03250673,22.0291392,24.90094452
15723,23.9387192,28.31038452,24.27663293,23.47426335
39641,31.84451532,23.98985997,12.67251101,31.49311371
846,23.76959674,28.66948024,26.18077314,21.38014988
1288,23.76959674,28.66948024,26.18077314,21.38014988
15319,26.07546452,21.79903142,28.88211828,23.24338579
3874,39.47570732,22.98153329,14.30495625,23.23780314
7709,33.13983879,20.66729366,23.52845496,22.6644126
40027,32.01160473,21.55959194,21.94285804,24.48594529
33472,36.91155665,19.98282849,17.03851668,26.06709818
14471,23.33131111,25.59082085,31.51014439,19.56772365
14858,23.33131111,25.59082085,31.51014439,19.56772365
14187,21.64474808,26.19132033,27.68648721,24.47744437
16113,25.59688423,28.19186708,25.1361922,21.0750565
4241,34.08496846,17.83733808,20.03835829,28.03933517
22095,27.18023452,22.2665557,25.46621515,25.08699464
24868,21.30812353,25.83186147,34.30866446,18.55135054
22817,30.87833148,23.87091055,20.09970154,25.15105643
23871,22.40223047,22.55621181,32.00663757,23.03492014
31291,36.2410142,23.13531062,15.10024913,25.52342605
31762,36.2410142,23.13531062,15.10024913,25.52342605
33519,31.67715367,19.69657117,22.23658488,26.38969028
27105,25.25468888,24.04630624,31.62371996,19.07528491
1409,20.70625419,23.18673315,23.22796165,32.87905101
6786,27.71041307,24.2838619,22.25447903,25.75124601
15185,21.62468164,28.43880302,29.53683749,20.39967785
11331,27.60332107,23.96891842,26.160309,22.26745151
1544,30.92312093,22.03382921,21.37083784,25.67221201
14157,34.22897041,21.47996541,20.10103699,24.1900272
23705,26.56653912,21.54055828,28.86041802,23.03248458
39398,37.62491151,21.0671342,16.73931645,24.56863783
25915,26.65335191,21.12906407,22.76571521,29.45186881
19929,31.26764654,23.90318487,18.87875476,25.95041383
24673,28.36328227,24.15801972,27.40070175,20.07799626
6467,28.70593562,25.61503475,24.96165697,20.71737266
24994,32.27062503,21.82160479,24.50465454,21.40311564
3516,20.28038828,28.17382817,33.58153642,17.96424713
24544,23.89129787,21.9054033,26.89867876,27.30462008
13681,25.44763098,25.23707258,28.1158995,21.19939694
40034,25.44763098,25.23707258,28.1158995,21.19939694
15051,43.43659947,17.22706901,11.38216933,27.95416218
17316,36.41441314,18.55633399,18.49442837,26.5348245
21806,30.16370461,20.68650575,19.79590821,29.35388143
21842,34.46756206,20.53960004,20.93538643,24.05745147
11450,33.40319971,21.26465842,10.75789229,34.57424958
19067,29.18892562,26.39150456,23.28483856,21.13473127
32178,31.18209586,24.09307155,21.09194245,23.63289015
32657,31.18209586,24.09307155,21.09194245,23.63289015
4804,28.90978635,23.95186057,26.30572412,20.83262896
17694,27.0467152,26.68111577,24.10519417,22.16697486
7740,36.64854603,20.46105072,20.09929556,22.79110769
18152,31.22730586,23.91798532,15.98393947,28.87076935
19602,37.1401128,20.55050231,14.44796838,27.86141651
14732,37.53555986,20.67666644,15.80725903,25.98051467
2446,29.13919724,23.64255843,27.43272084,19.78552349
1142,31.06975449,22.91994951,20.95829842,25.05199758
7355,26.92712981,28.03426402,24.71412671,20.32447946
20220,22.24115284,23.27192539,32.61862349,21.86829828
20674,22.24115284,23.27192539,32.61862349,21.86829828
19949,30.29129207,18.87205929,19.73679858,31.09985007
18989,23.60912519,24.90073756,30.84256984,20.64756741
15036,18.0984589,25.12209077,32.71776143,24.0616889
17872,31.27577425,21.24027119,24.62264471,22.86130985
21793,34.58638514,19.01266385,14.95367699,31.44727402
18649,30.76491955,21.46548006,24.58311611,23.18648428
36118,41.46796866,21.40386716,11.26001741,25.86814676
22760,29.37831351,27.63422697,23.59768045,19.38977907
13580,35.10135659,21.56806594,21.52169616,21.80888131
34779,22.32542109,22.87051237,26.55632911,28.24773743
39941,35.10135659,21.56806594,21.52169616,21.80888131
687,27.97491827,19.6321967,20.61004916,31.78283586
1380,22.55944743,27.70719895,28.29007738,21.44327625
15357,29.37779181,21.97718775,26.65058953,21.99443091
28866,21.40332546,27.77259383,29.80250407,21.02157664
12178,23.95368664,24.02979399,31.09573273,20.92078663
65,20.75533352,22.42090637,27.7338456,29.08991452
2414,37.83710612,17.53921606,13.90682714,30.71685069
25090,27.9360734,23.66606439,28.6714273,19.72643491
9700,25.66756486,23.52189172,27.01014304,23.80040038
28257,27.80771531,22.11454735,27.1318649,22.94587244
28708,27.80771531,22.11454735,27.1318649,22.94587244
33174,23.35703477,27.4703271,30.12694466,19.04569347
18034,37.28701985,20.57244491,15.7572999,26.38323535
3440,24.12073438,27.00062146,27.20535497,21.6732892
6578,28.94138382,19.90025737,24.83640484,26.32195397
6979,28.94138382,19.90025737,24.83640484,26.32195397
8532,16.28225927,35.42844065,19.93920811,28.35009196
8849,22.60919832,24.12042892,29.43861293,23.83175983
16963,36.83042929,20.73083289,17.49327496,24.94546287
29528,24.37821557,22.84458202,26.73903817,26.03816424
9702,26.72105913,24.73787102,26.34224459,22.19882526
4329,21.8220963,26.616972,30.75925541,20.80167629
32364,23.34834839,26.35671839,24.33225474,25.96267847
33333,35.41307038,20.62697507,17.77231829,26.18763626
6908,34.55806366,20.76554018,21.68300318,22.99339298
15927,21.75574887,28.27989921,30.36905856,19.59529336
17770,36.13383086,18.52383092,19.96545447,25.37688376
8653,31.84094854,17.6884074,18.54085677,31.92978729
20550,22.73791913,24.46142854,29.00196285,23.79868948
31231,16.93984726,31.78954239,35.87598665,15.3946237
31710,16.93984726,31.78954239,35.87598665,15.3946237
33892,35.79745747,23.74466117,18.52024913,21.93763223
34498,33.18290437,21.36580024,20.98136227,24.46993312
27084,26.72772167,23.37244836,27.60038118,22.29944879
4015,26.40575883,22.86180781,30.78555192,19.94688144
23370,25.32091626,22.94682297,28.61793501,23.11432575
6759,15.82627545,26.50879204,37.69500128,19.96993123
15273,27.07536339,23.39553979,29.53262151,19.99647531
33615,43.33024762,18.81292508,11.02914621,26.82768109
37129,14.21975759,30.7505583,28.40308902,26.62659509
33008,33.67114759,20.07323655,20.49264311,25.76297274
2069,26.66462817,22.1892711,29.87784463,21.2682561
15916,29.5564515,20.95359301,16.33385022,33.15610526
33797,32.97942346,16.7329494,19.98656409,30.30106305
17525,29.79569149,23.64041221,16.45430269,30.10959361
24189,27.75464218,20.8288974,21.17132859,30.24513183
33941,33.13726555,21.4982218,19.92145678,25.44305587
33420,37.01566908,21.33994611,12.15800242,29.4863824
27835,41.94492617,20.16777948,9.751371938,28.13592241
23409,13.510398,37.31659482,31.55957219,17.61343499
9687,36.33695306,15.60364491,14.98493108,33.07447095
21983,32.11433388,19.91707988,21.62452324,26.34406299
25075,19.23074694,27.80842854,26.4873942,26.47343032
25973,17.83932764,31.31297923,24.94903675,25.89865638
15121,21.28681611,26.0451579,33.01431877,19.65370723
21802,34.42529916,24.25918154,17.47879552,23.83672378
34163,33.45883906,20.88286192,22.08940161,23.56889741
14532,34.60867193,20.12616356,20.01310763,25.25205688
33501,33.98159033,21.56715087,22.01632193,22.43493688
1849,22.88703637,27.26069137,30.50683084,19.34544142
2206,22.94084554,29.14001825,24.1286143,23.79052191
18409,35.31638027,19.47723447,20.29783849,24.90854677
33075,28.64820112,21.66108143,21.11786897,28.57284849
6552,32.22548986,21.26853241,23.82239508,22.68358266
23132,20.59817749,24.99304061,28.33153115,26.07725075
33760,37.85763249,20.26094759,16.37577121,25.50564871
21281,30.238059,22.98699827,26.90505744,19.86988529
21480,15.46199806,27.51158734,38.0746324,18.95178221
33637,22.83846494,28.32341983,27.27471189,21.56340333
26891,34.745487,18.81759259,9.597168084,36.83975233
34215,26.50118595,26.14161998,27.08330048,20.27389359
1697,24.60032002,24.76166684,27.2238403,23.41417284
32226,30.77065674,20.15844933,25.00688102,24.06401292
32713,30.77065674,20.15844933,25.00688102,24.06401292
34640,31.95602198,18.04863619,22.022894,27.97244783
17634,28.58897337,22.62336308,16.73685992,32.05080363
21084,31.34447673,19.8224206,21.71868375,27.11441892
14917,15.67985992,28.68678974,28.34467381,27.28867652
23586,31.71052944,21.63090756,16.66596042,29.99260258
7834,31.01609475,20.95180891,27.18187776,20.85021859
6366,29.99441834,26.51744982,20.59533265,22.89279919
1631,22.47390738,27.07605916,28.83655689,21.61347657
38202,28.42024186,25.40798738,21.32793578,24.84383498
9630,27.08306908,20.15936837,23.19853636,29.55902618
34020,30.48181066,27.90337905,18.1294211,23.48538918
6433,45.18852416,16.65856392,9.052182506,29.10072942
40690,23.43579231,27.72223132,29.72703106,19.11494531
22084,32.6398985,18.13332543,13.16278997,36.06398609
15413,33.39093643,21.31324532,19.80146073,25.49435753
15004,32.56342728,20.8326944,17.50709827,29.09678005
25796,23.66838943,25.18473893,33.11509745,18.03177419
19561,22.54709247,27.80524359,31.05191765,18.59574628
7247,27.55921483,22.20878864,26.45087618,23.78112035
21133,24.14611233,25.98774979,27.54084327,22.32529461
19076,19.98425408,25.00121844,32.46081315,22.55371432
23966,30.27008825,25.34910741,19.21081012,25.16999422
16536,32.0197678,29.082663,20.9527026,17.9448666
11804,23.44741476,25.95021599,30.91469346,19.68767579
21148,35.33689031,23.99590865,17.9326793,22.73452174
21651,23.24443888,21.65577673,22.97459583,32.12518857
4772,22.53290541,27.89877557,29.32473688,20.24358215
6846,33.17487156,21.86779559,20.00077981,24.95655304
8852,30.07900733,21.88915435,23.52896924,24.50286909
20760,40.87492986,19.71287013,13.85649967,25.55570033
41019,22.63289534,29.93017624,24.23220416,23.20472426
40708,34.85675276,25.26858976,15.72049969,24.15415779
21754,24.00322148,25.26537714,25.34739702,25.38400435
14900,32.68062909,20.90018809,19.07647616,27.34270665
26399,22.6422934,25.21295304,29.28705883,22.85769473
26810,22.6422934,25.21295304,29.28705883,22.85769473
14321,20.77288765,28.13926849,32.31896213,18.76888173
18407,16.89996685,28.22369516,37.17670205,17.69963594
22567,35.63234932,17.42639186,12.94334515,33.99791366
20867,20.21806288,25.55945223,14.48184005,39.74064484
25667,30.34372976,25.00433494,23.0011618,21.65077349
25829,26.00672263,21.76252563,11.68064015,40.55011159
22221,30.58155565,20.0619459,16.40442467,32.95207379
23563,22.29209016,24.74019496,25.69177229,27.27594259
28177,20.00970417,31.18637473,17.19480521,31.60911589
28569,20.00970417,31.18637473,17.19480521,31.60911589
6851,16.6218336,25.16493968,30.70590775,27.50731897
14474,27.74641291,23.40303601,28.98071425,19.86983684
32031,22.69794432,23.73240661,31.8852093,21.68443977
6310,29.69729508,24.7689654,26.859089,18.67465051
14255,20.37478781,31.46399713,27.24977443,20.91144064
10377,40.46007745,16.99565408,13.68348494,28.86078353
34729,20.4289933,31.25143747,30.5659271,17.75364213
22155,28.80288458,24.43167054,26.93698214,19.82846274
34687,29.43943887,19.03799178,24.59319409,26.92937527
2474,17.07327822,29.17502584,33.75193743,19.9997585
6726,29.80938067,24.5053948,20.6942711,24.99095342
9856,33.64854741,19.6956449,19.39042404,27.26538365
17218,25.15010672,21.55359246,20.04029632,33.25600449
40727,16.74597114,26.13868674,37.55595355,19.55938856
14241,41.72474938,15.6536296,7.77535062,34.8462704
4162,27.77459668,24.53077675,23.27737473,24.41725184
17379,30.76154926,22.20069339,22.7998125,24.23794485
25195,17.01904076,29.48397727,25.96601975,27.53096222
32053,21.11917445,25.44871662,29.74038127,23.69172765
32540,21.11917445,25.44871662,29.74038127,23.69172765
33414,36.35782295,22.7097034,13.87966217,27.05281148
21188,30.22221192,19.72621638,14.43536553,35.61620616
40344,18.62391257,26.70956105,32.74281962,21.92370675
14184,39.71321651,20.36694597,10.34536668,29.57447085
15396,38.91091118,20.73508344,15.9088042,24.44520118
36213,26.276777,18.65800359,12.47419155,42.59102786
37525,18.15217456,28.23847597,34.74763444,18.86171502
7783,35.56110115,21.94046139,20.91356229,21.58487517
10418,30.56880885,23.61579986,25.10764719,20.7077441
4275,21.46060344,32.4095281,24.67189066,21.4579778
18440,18.9227029,24.83551513,32.02222315,24.21955882
14381,16.75556287,27.80785179,36.13985038,19.29673495
15952,32.83745863,24.72985983,19.54257803,22.89010351
5470,23.02297318,24.90430232,29.56596954,22.50675496
1946,28.21286753,22.22234562,24.45106228,25.11372457
36849,37.15568362,15.00568046,7.307871422,40.53076449
10170,28.61894341,24.49883398,24.13721173,22.74501088
13826,18.65011903,29.60167627,24.9156294,26.83257531
14243,18.65011903,29.60167627,24.9156294,26.83257531
18510,41.13872253,16.86379244,9.699659985,32.29782504
27135,28.64413742,22.64379369,29.42375626,19.28831264
33394,18.87616121,30.68289696,24.84196263,25.5989792
10464,31.2876438,23.90541075,22.14569942,22.66124604
18093,27.68574813,20.01430488,15.96385538,36.33609162
37543,22.28349133,24.44718198,30.07246022,23.19686647
25849,26.09874841,28.33741538,22.58234279,22.98149342
9810,20.63190026,28.48822612,24.78653596,26.09333766
16719,13.1685167,32.17065621,28.87351503,25.78731206
15883,26.05673398,25.16654452,28.38035978,20.39636173
38115,15.26278003,20.36627828,28.34492881,36.02601287
33249,33.63718658,25.6406635,17.5437552,23.17839472
38380,18.42367393,32.91587044,27.2665887,21.39386693
25549,12.39025586,39.05408833,23.82367692,24.7319789
24825,13.76100262,38.90085183,22.90258133,24.43556422
1937,29.10927799,23.21391641,23.25229947,24.42450613
34432,32.65069046,21.04089214,18.99880241,27.30961498
13666,29.936718,23.38577105,24.83389313,21.84361782
18460,22.18009764,26.44485383,19.33683462,32.03821392
24980,32.94242624,16.34287617,13.46169678,37.25300082
11186,32.61164835,28.78184445,18.99093351,19.61557369
21772,22.04776995,24.26242343,27.57645913,26.11334749
6965,42.05896436,16.89451372,7.132995442,33.91352648
17298,28.4102102,25.17013119,24.48225195,21.93740666
17667,28.4102102,25.17013119,24.48225195,21.93740666
7186,25.78741014,25.84802836,29.25084912,19.11371239
12422,23.38604632,28.35954264,24.42663156,23.82777948
14973,24.27194843,24.43117409,27.31218446,23.98469302
41566,41.80076554,21.52584348,13.92588004,22.74751095
4197,38.20659538,19.49336796,17.80613105,24.49390562
15870,16.69145917,32.0551033,23.57703653,27.676401
23028,32.15912115,23.96626059,14.88835263,28.98626563
30863,25.38087187,23.23385999,25.13172684,26.25354131
26015,34.40520894,20.4735912,12.37459838,32.74660148
21332,39.90158184,21.24591229,13.72131307,25.1311928
21767,39.90158184,21.24591229,13.72131307,25.1311928
23225,35.09788479,24.92698248,20.49835941,19.47677331
12143,27.45003003,19.97216096,25.61531748,26.96249153
5878,18.47676672,26.39778264,30.37900389,24.74644675
21778,22.69332996,25.69942885,22.69475352,28.91248767
22020,34.90377835,22.6633608,19.51145953,22.92140131
13815,28.31104922,24.64057009,14.87632908,32.17205162
25294,34.62851564,15.92470889,14.52589,34.92088548
28670,42.20356471,13.38846665,5.652715027,38.75525361
33772,29.71153368,23.70776053,20.94622113,25.63448466
9894,19.98190648,29.81442633,24.49670767,25.70695952
27202,37.82333384,20.77245831,12.93125611,28.47295174
32964,35.97115597,25.83600655,15.71732143,22.47551605
19190,20.38947213,27.73663425,21.47307608,30.40081755
6384,28.10153062,22.08688071,25.96669859,23.84489008
41382,23.72514145,25.16995069,27.10306283,24.00184504
30019,19.57650109,28.5536761,32.24535464,19.62446817
40478,41.95251857,15.4591614,6.526978499,36.06134154
33565,36.65911506,22.49028383,13.58192381,27.2686773
19592,24.38909344,25.22259265,13.40724832,36.98106559
33502,32.29112179,23.53004422,18.01956689,26.1592671
21843,19.85518023,26.8318413,35.34024598,17.9727325
32293,24.64294631,29.49993294,25.80348663,20.05363411
32778,24.64294631,29.49993294,25.80348663,20.05363411
996,23.39844533,25.4354342,30.63313723,20.53298324
706,24.59336095,26.9276954,29.27536041,19.20358324
29108,21.5145288,26.36888842,16.15255997,35.9640228
40222,25.65411168,26.52680968,14.95689917,32.86217947
25893,21.46962003,31.07041454,18.96306265,28.49690277
37241,24.01998696,29.21981659,31.5434021,15.21679435
5186,39.38570039,18.31494258,12.69713038,29.60222666
23324,26.88565839,28.1698341,11.67660782,33.26789969
33232,20.08043424,30.41547603,20.73055573,28.77353401
33676,20.08043424,30.41547603,20.73055573,28.77353401
33091,20.75258337,32.21233491,20.02737639,27.00770533
33569,20.75258337,32.21233491,20.02737639,27.00770533
25967,25.93186287,23.78488594,16.49525592,33.78799527
34515,17.79030681,29.52478116,30.34692516,22.33798687
14992,19.40421403,27.03591488,24.85361515,28.70625593
11364,21.3332009,27.4064141,28.91832401,22.34206098
40151,3.549625783,45.55278122,27.2961827,23.60141029
28500,27.86293736,24.06448673,21.39163941,26.6809365
34095,34.90007847,23.79215953,17.84629806,23.46146394
7334,20.73853302,28.17492216,32.92016327,18.16638156
9415,30.23626478,25.87427597,18.64236368,25.24709558
27574,30.08615735,28.27232713,17.74581061,23.89570491
33078,19.20112306,31.40861795,33.67076699,15.71949199
40711,40.12132593,17.16870242,12.69142315,30.01854851
1574,27.10971808,26.08226603,26.26111181,20.54690408
1585,17.35813249,27.16194819,37.87580423,17.60411508
20828,17.79065694,36.27795353,19.27124301,26.66014652
4633,38.93402606,21.92686693,11.08898525,28.05012177
25596,23.27022577,30.25819629,27.38976745,19.08181049
7775,24.70313287,31.33428899,21.82864872,22.13392942
38607,19.13404181,24.65418795,12.73984652,43.47192373
19669,24.33387097,28.60676743,18.34202204,28.71733956
26930,29.83516796,25.36764034,20.95072978,23.84646192
6895,35.4707274,20.51014574,12.32512408,31.69400278
27339,32.66146049,23.92750556,18.15057461,25.26045934
33713,28.86093472,19.14676785,15.7722714,36.22002603
23622,21.95855704,25.43261305,14.01478551,38.5940444
30375,30.53428208,20.70529538,10.99887783,37.7615447
565,19.85245493,26.7432957,22.87880353,30.52544584
25883,37.79922218,19.3761065,18.87474668,23.94992464
1173,41.30117436,18.73561405,10.41080678,29.55240481
1578,41.30117436,18.73561405,10.41080678,29.55240481
6476,17.79820531,36.76589051,21.49993271,23.93597148
14935,36.09146224,22.32168011,16.06580675,25.52105089
1162,27.54489745,27.30123115,25.34536986,19.80850154
15777,30.45848551,25.61713019,18.96190747,24.96247683
17532,27.12753111,21.9186724,16.16562778,34.78816872
17092,28.38300912,33.07601402,18.92294231,19.61803455
34267,22.21648963,29.04816132,26.7288511,22.00649795
40106,31.66366772,26.48836876,20.22547539,21.62248812
23332,21.59228708,31.31336135,18.90206388,28.19228769
12173,38.03875976,26.32548649,11.01431076,24.621443
34707,15.4118186,31.63764626,25.83301648,27.11751867
30184,21.45983894,28.22599668,28.25892355,22.05524083
36982,38.03480127,13.47970721,6.893350734,41.59214078
33332,21.82662012,30.7388879,24.02949549,23.4049965
24510,23.82726082,30.88579541,25.29411131,19.99283246
33555,12.0177261,35.11291682,35.17706402,17.69229306
17470,28.62982139,33.63850426,17.04271837,20.68895599
29001,17.97140388,34.73806076,28.12134735,19.16918801
25528,36.4637034,21.76339288,15.52479417,26.24810956
40057,33.0446803,24.61010782,10.39057944,31.95463244
14271,4.326176725,43.79650162,28.14556387,23.73175778
26386,3.942630835,49.07211289,18.94371311,28.04154317
5537,3.983790354,48.54044573,19.14147804,28.33428588
16082,3.878718015,49.89768978,18.63662219,27.58697002
5626,4.042835879,47.77774083,19.42518238,28.75424091
5417,3.942630835,49.07211289,18.94371311,28.04154317
5536,4.042835879,47.77774083,19.42518238,28.75424091
30993,4.13268404,46.61715107,19.85688848,29.39327641
24606,3.746094858,51.61081419,17.99938905,26.6437019
24818,4.13268404,46.61715107,19.85688848,29.39327641
27906,4.042835879,47.77774083,19.42518238,28.75424091
10955,4.023544239,48.02693547,19.33248912,28.61703116
17228,4.042835879,47.77774083,19.42518238,28.75424091
21650,4.13268404,46.61715107,19.85688848,29.39327641
26465,4.098131592,47.06347314,19.69086947,29.14752579
27751,4.13268404,46.61715107,19.85688848,29.39327641
20834,4.115648207,46.83720692,19.77503402,29.27211085
16998,4.061709682,47.53394349,19.515868,28.88847883
25914,4.13268404,46.61715107,19.85688848,29.39327641
26295,4.061709682,47.53394349,19.515868,28.88847883
17269,4.061709682,47.53394349,19.515868,28.88847883
18934,4.080147145,47.29578247,19.60445707,29.01961332
19628,4.080147145,47.29578247,19.60445707,29.01961332
19829,4.115648207,46.83720692,19.77503402,29.27211085
26075,4.080147145,47.29578247,19.60445707,29.01961332
26469,4.098131592,47.06347314,19.69086947,29.14752579
40208,4.115648207,46.83720692,19.77503402,29.27211085
18779,4.098131592,47.06347314,19.69086947,29.14752579
24696,4.003855054,48.28126529,19.23788573,28.47699393
29779,4.098131592,47.06347314,19.69086947,29.14752579
37005,4.098131592,47.06347314,19.69086947,29.14752579
17135,4.061709682,47.53394349,19.515868,28.88847883
24862,4.061709682,47.53394349,19.515868,28.88847883
24979,4.098131592,47.06347314,19.69086947,29.14752579
29665,4.098131592,47.06347314,19.69086947,29.14752579
7014,4.13268404,46.61715107,19.85688848,29.39327641
17512,4.13268404,46.61715107,19.85688848,29.39327641
17746,4.115648207,46.83720692,19.77503402,29.27211085
5584,3.900274016,49.61924585,18.74019534,27.74028479
5670,4.080147145,47.29578247,19.60445707,29.01961332
5945,4.13268404,46.61715107,19.85688848,29.39327641
6023,4.115648207,46.83720692,19.77503402,29.27211085
6070,4.13268404,46.61715107,19.85688848,29.39327641
6141,4.115648207,46.83720692,19.77503402,29.27211085
6743,4.13268404,46.61715107,19.85688848,29.39327641
6880,4.115648207,46.83720692,19.77503402,29.27211085
7007,4.13268404,46.61715107,19.85688848,29.39327641
7430,4.13268404,46.61715107,19.85688848,29.39327641
7467,4.13268404,46.61715107,19.85688848,29.39327641
10726,4.061709682,47.53394349,19.515868,28.88847883
10830,4.003855054,48.28126529,19.23788573,28.47699393
11093,4.061709682,47.53394349,19.515868,28.88847883
11175,4.115648207,46.83720692,19.77503402,29.27211085
11440,4.13268404,46.61715107,19.85688848,29.39327641
11453,4.13268404,46.61715107,19.85688848,29.39327641
11455,4.13268404,46.61715107,19.85688848,29.39327641
11468,4.13268404,46.61715107,19.85688848,29.39327641
11472,4.13268404,46.61715107,19.85688848,29.39327641
12118,4.13268404,46.61715107,19.85688848,29.39327641
12119,4.13268404,46.61715107,19.85688848,29.39327641
12243,4.098131592,47.06347314,19.69086947,29.14752579
12253,4.098131592,47.06347314,19.69086947,29.14752579
12310,4.13268404,46.61715107,19.85688848,29.39327641
12332,4.13268404,46.61715107,19.85688848,29.39327641
12335,4.13268404,46.61715107,19.85688848,29.39327641
12370,4.13268404,46.61715107,19.85688848,29.39327641
12373,4.13268404,46.61715107,19.85688848,29.39327641
12430,4.13268404,46.61715107,19.85688848,29.39327641
13595,3.983790354,48.54044573,19.14147804,28.33428588
13757,4.023544239,48.02693547,19.33248912,28.61703116
14024,4.115648207,46.83720692,19.77503402,29.27211085
14219,4.13268404,46.61715107,19.85688848,29.39327641
14223,4.115648207,46.83720692,19.77503402,29.27211085
14262,4.13268404,46.61715107,19.85688848,29.39327641
16111,4.003855054,48.28126529,19.23788573,28.47699393
16222,4.023544239,48.02693547,19.33248912,28.61703116
16322,4.13268404,46.61715107,19.85688848,29.39327641
16391,3.921588143,49.34392627,18.84260633,27.89187926
16774,4.115648207,46.83720692,19.77503402,29.27211085
16776,4.13268404,46.61715107,19.85688848,29.39327641
16844,4.13268404,46.61715107,19.85688848,29.39327641
16871,3.812911772,50.74772445,18.32043367,27.11893011
16883,3.921588143,49.34392627,18.84260633,27.89187926
16959,3.900274016,49.61924585,18.74019534,27.74028479
17127,4.003855054,48.28126529,19.23788573,28.47699393
17161,3.983790354,48.54044573,19.14147804,28.33428588
17219,4.023544239,48.02693547,19.33248912,28.61703116
17310,4.003855054,48.28126529,19.23788573,28.47699393
17326,4.13268404,46.61715107,19.85688848,29.39327641
17431,4.13268404,46.61715107,19.85688848,29.39327641
17507,4.13268404,46.61715107,19.85688848,29.39327641
17508,4.13268404,46.61715107,19.85688848,29.39327641
17511,4.13268404,46.61715107,19.85688848,29.39327641
17522,4.13268404,46.61715107,19.85688848,29.39327641
17529,4.13268404,46.61715107,19.85688848,29.39327641
17534,4.13268404,46.61715107,19.85688848,29.39327641
17616,4.13268404,46.61715107,19.85688848,29.39327641
17679,4.13268404,46.61715107,19.85688848,29.39327641
17685,4.13268404,46.61715107,19.85688848,29.39327641
17715,4.13268404,46.61715107,19.85688848,29.39327641
17912,4.13268404,46.61715107,19.85688848,29.39327641
17981,4.13268404,46.61715107,19.85688848,29.39327641
18577,4.13268404,46.61715107,19.85688848,29.39327641
18622,3.963373846,48.80417055,19.04337997,28.18907563
18664,4.115648207,46.83720692,19.77503402,29.27211085
18708,4.13268404,46.61715107,19.85688848,29.39327641
18836,4.13268404,46.61715107,19.85688848,29.39327641
18852,4.042835879,47.77774083,19.42518238,28.75424091
18910,4.115648207,46.83720692,19.77503402,29.27211085
18912,4.13268404,46.61715107,19.85688848,29.39327641
18921,4.13268404,46.61715107,19.85688848,29.39327641
18946,4.080147145,47.29578247,19.60445707,29.01961332
18950,4.13268404,46.61715107,19.85688848,29.39327641
19042,4.13268404,46.61715107,19.85688848,29.39327641
19233,4.115648207,46.83720692,19.77503402,29.27211085
19244,4.13268404,46.61715107,19.85688848,29.39327641
19548,4.13268404,46.61715107,19.85688848,29.39327641
19754,4.080147145,47.29578247,19.60445707,29.01961332
19939,4.115648207,46.83720692,19.77503402,29.27211085
20426,4.080147145,47.29578247,19.60445707,29.01961332
20484,4.098131592,47.06347314,19.69086947,29.14752579
20486,4.13268404,46.61715107,19.85688848,29.39327641
20757,4.13268404,46.61715107,19.85688848,29.39327641
20820,4.13268404,46.61715107,19.85688848,29.39327641
20827,4.13268404,46.61715107,19.85688848,29.39327641
21366,4.13268404,46.61715107,19.85688848,29.39327641
21398,4.13268404,46.61715107,19.85688848,29.39327641
21640,4.115648207,46.83720692,19.77503402,29.27211085
21666,4.13268404,46.61715107,19.85688848,29.39327641
21669,4.13268404,46.61715107,19.85688848,29.39327641
21686,4.13268404,46.61715107,19.85688848,29.39327641
21718,4.13268404,46.61715107,19.85688848,29.39327641
21760,4.13268404,46.61715107,19.85688848,29.39327641
21785,4.13268404,46.61715107,19.85688848,29.39327641
23185,4.115648207,46.83720692,19.77503402,29.27211085
23210,4.13268404,46.61715107,19.85688848,29.39327641
23465,4.13268404,46.61715107,19.85688848,29.39327641
23577,4.13268404,46.61715107,19.85688848,29.39327641
23579,4.13268404,46.61715107,19.85688848,29.39327641
23587,4.13268404,46.61715107,19.85688848,29.39327641
23591,4.13268404,46.61715107,19.85688848,29.39327641
23615,4.13268404,46.61715107,19.85688848,29.39327641
24600,3.983790354,48.54044573,19.14147804,28.33428588
24607,4.061709682,47.53394349,19.515868,28.88847883
24640,3.900274016,49.61924585,18.74019534,27.74028479
24725,4.003855054,48.28126529,19.23788573,28.47699393
24775,4.13268404,46.61715107,19.85688848,29.39327641
24934,4.13268404,46.61715107,19.85688848,29.39327641
24954,4.115648207,46.83720692,19.77503402,29.27211085
24956,4.080147145,47.29578247,19.60445707,29.01961332
24960,4.080147145,47.29578247,19.60445707,29.01961332
24966,4.13268404,46.61715107,19.85688848,29.39327641
25016,4.023544239,48.02693547,19.33248912,28.61703116
25172,4.13268404,46.61715107,19.85688848,29.39327641
25286,4.13268404,46.61715107,19.85688848,29.39327641
25630,4.13268404,46.61715107,19.85688848,29.39327641
25636,4.080147145,47.29578247,19.60445707,29.01961332
25645,4.115648207,46.83720692,19.77503402,29.27211085
25651,4.13268404,46.61715107,19.85688848,29.39327641
25671,4.115648207,46.83720692,19.77503402,29.27211085
25991,4.13268404,46.61715107,19.85688848,29.39327641
25998,4.13268404,46.61715107,19.85688848,29.39327641
26056,4.115648207,46.83720692,19.77503402,29.27211085
26083,4.061709682,47.53394349,19.515868,28.88847883
26327,4.098131592,47.06347314,19.69086947,29.14752579
26370,4.13268404,46.61715107,19.85688848,29.39327641
26382,4.023544239,48.02693547,19.33248912,28.61703116
26417,4.080147145,47.29578247,19.60445707,29.01961332
26433,4.098131592,47.06347314,19.69086947,29.14752579
26434,4.115648207,46.83720692,19.77503402,29.27211085
26447,4.115648207,46.83720692,19.77503402,29.27211085
26839,4.13268404,46.61715107,19.85688848,29.39327641
26848,4.13268404,46.61715107,19.85688848,29.39327641
26947,4.13268404,46.61715107,19.85688848,29.39327641
27273,4.115648207,46.83720692,19.77503402,29.27211085
27303,4.115648207,46.83720692,19.77503402,29.27211085
27305,4.13268404,46.61715107,19.85688848,29.39327641
27319,4.13268404,46.61715107,19.85688848,29.39327641
27325,4.13268404,46.61715107,19.85688848,29.39327641
27369,4.13268404,46.61715107,19.85688848,29.39327641
27548,4.115648207,46.83720692,19.77503402,29.27211085
27757,4.13268404,46.61715107,19.85688848,29.39327641
27776,4.13268404,46.61715107,19.85688848,29.39327641
27799,4.13268404,46.61715107,19.85688848,29.39327641
28092,4.098131592,47.06347314,19.69086947,29.14752579
28115,4.042835879,47.77774083,19.42518238,28.75424091
28615,4.13268404,46.61715107,19.85688848,29.39327641
28630,4.13268404,46.61715107,19.85688848,29.39327641
28631,4.115648207,46.83720692,19.77503402,29.27211085
28672,4.13268404,46.61715107,19.85688848,29.39327641
29532,4.13268404,46.61715107,19.85688848,29.39327641
29534,4.098131592,47.06347314,19.69086947,29.14752579
29747,4.061709682,47.53394349,19.515868,28.88847883
29781,4.023544239,48.02693547,19.33248912,28.61703116
29840,4.13268404,46.61715107,19.85688848,29.39327641
29907,4.13268404,46.61715107,19.85688848,29.39327641
29953,4.098131592,47.06347314,19.69086947,29.14752579
29962,4.003855054,48.28126529,19.23788573,28.47699393
29977,4.042835879,47.77774083,19.42518238,28.75424091
29983,4.115648207,46.83720692,19.77503402,29.27211085
30001,3.878718015,49.89768978,18.63662219,27.58697002
30598,4.13268404,46.61715107,19.85688848,29.39327641
30614,4.13268404,46.61715107,19.85688848,29.39327641
30647,4.13268404,46.61715107,19.85688848,29.39327641
30723,4.115648207,46.83720692,19.77503402,29.27211085
30896,4.13268404,46.61715107,19.85688848,29.39327641
30971,4.13268404,46.61715107,19.85688848,29.39327641
30977,4.115648207,46.83720692,19.77503402,29.27211085
30992,4.13268404,46.61715107,19.85688848,29.39327641
35811,4.098131592,47.06347314,19.69086947,29.14752579
37064,4.13268404,46.61715107,19.85688848,29.39327641
37132,4.13268404,46.61715107,19.85688848,29.39327641
37211,4.13268404,46.61715107,19.85688848,29.39327641
37234,4.13268404,46.61715107,19.85688848,29.39327641
37238,4.13268404,46.61715107,19.85688848,29.39327641
37256,4.13268404,46.61715107,19.85688848,29.39327641
37257,4.13268404,46.61715107,19.85688848,29.39327641
37299,4.13268404,46.61715107,19.85688848,29.39327641
37649,4.13268404,46.61715107,19.85688848,29.39327641
37743,4.115648207,46.83720692,19.77503402,29.27211085
37747,4.13268404,46.61715107,19.85688848,29.39327641
39947,4.13268404,46.61715107,19.85688848,29.39327641
40163,4.13268404,46.61715107,19.85688848,29.39327641
40696,4.098131592,47.06347314,19.69086947,29.14752579
