UniqueID,Wide_Centre-Back_(LCB),No_Nonsense_Centre_Back,Ball_Playing_Defender,Wide_Centre_Back_(RCB),Libero
35693,10.37782209,22.62225165,42.46138597,15.28457766,9.253962627
35349,14.64479293,15.18881454,34.95299105,12.78244803,22.43095345
34512,20.6195781,25.04446074,10.6291057,20.97331795,22.73353751
19547,18.44631939,25.18409926,10.83554594,26.40619635,19.12783906
34305,22.02012008,24.80678968,10.97657145,23.66628509,18.5302337
25856,21.18964706,26.73532848,11.26743022,23.92344505,16.88414918
25950,20.1680096,25.66229791,11.58435765,26.93992673,15.64540812
34097,15.76327563,25.64842298,11.68524509,24.08495031,22.81810598
25868,23.33822749,25.76460328,11.99852356,21.71201149,17.18663418
24729,18.86566392,26.42506905,12.00801357,26.06925662,16.63199684
16669,19.18281916,24.77118278,12.07399172,25.68358201,18.28842433
2420,21.20842645,23.92123395,12.18444388,22.80946517,19.87643055
34300,18.58245125,25.26772117,12.24747994,22.94687116,20.95547648
34537,18.75465385,24.50590993,12.26865275,21.82928586,22.64149761
33280,22.63113789,23.92229084,12.28142537,19.49015802,21.67498787
34192,21.9856148,23.41190704,12.30821561,18.67578678,23.61847577
34775,21.49273597,27.09254552,12.31035278,20.46057248,18.64379325
33658,18.31990665,26.36799833,12.31441143,21.8047755,21.19290809
34751,22.14911536,22.73845722,12.34243711,26.60866156,16.16132876
34612,22.13481823,21.65577614,12.35621502,20.830801,23.02238962
34614,22.86749545,21.18780464,12.37777103,22.42092634,21.14600254
34191,19.1520787,22.87147841,12.39948156,22.38517906,23.19178226
33348,16.88510243,27.1743009,12.40983932,23.9231097,19.60764765
38543,19.43917929,26.36541724,12.45711017,23.93716895,17.80112435
34154,18.20868815,25.01014105,12.47302499,21.6906001,22.61754571
2458,22.96459331,23.46608493,12.48107063,19.06059591,22.02765522
7861,22.80479485,22.42891204,12.4935317,22.20108094,20.07168047
16278,19.57925192,22.70777428,12.53137028,24.97623986,20.20536366
16423,19.81327536,23.2970199,12.54071414,22.36826131,21.9807293
33128,18.64150261,26.6071278,12.54871054,22.61397355,19.5886855
2118,22.35124745,23.07632994,12.55680501,19.15405468,22.86156293
16097,23.22565299,22.95596427,12.60420842,23.00662998,18.20754434
25129,21.09539961,21.70380711,12.60524499,25.51768632,19.07786197
25804,18.09406,23.72301128,12.61250396,24.74309384,20.82733093
2002,22.11113349,23.95852285,12.61887376,24.30689726,17.00457264
34253,22.3764789,25.07408031,12.6269325,25.72153035,14.20097794
3182,19.72814009,23.06370955,12.68969303,23.90238152,20.61607581
33214,19.12345662,27.22661124,12.78945219,23.54804211,17.31243784
764,11.4681931,26.30376188,34.58533581,15.90292771,11.73978149
10470,22.7507529,25.61726633,12.81242365,20.03259741,18.78695971
25811,21.12862851,20.62437894,12.86570311,22.06130748,23.31998196
25905,19.39923637,24.75121527,12.87514015,21.55935751,21.4150507
34062,18.51112964,25.21919864,12.87547911,21.86500553,21.52918708
34207,23.11715022,22.07583131,12.88091019,19.12723925,22.79886904
3299,20.53680973,23.37072738,12.91230873,25.7917826,17.38837157
296,11.3926664,22.69323445,33.58829844,13.15696099,19.16883972
3739,23.51835616,17.99795736,12.9400599,23.24380175,22.29982483
2602,18.55894037,23.69730473,12.94213017,20.767916,24.03370873
24426,23.50957433,23.45645375,12.94716263,23.52737636,16.55943292
33336,16.83637045,28.23283816,12.95701279,17.9701908,24.00358779
17115,21.33694957,22.20717139,12.97338625,20.13801087,23.34448192
17490,21.33694957,22.20717139,12.97338625,20.13801087,23.34448192
21251,22.55261544,21.17482565,12.9809094,23.19615596,20.09549354
25820,20.1982022,22.28225547,12.98278398,22.53988628,21.99687206
25841,21.19532222,24.2391568,13.00552495,17.85293772,23.70705831
2079,21.32894227,24.49959906,13.02187666,21.69483112,19.45475089
33281,20.43631978,23.51013293,13.02455765,21.65402053,21.3749691
25253,23.64607754,25.89510133,13.02854381,26.62634476,10.80393256
2774,18.3457845,23.26658233,13.03414732,24.19930442,21.15418143
24846,18.24231076,25.3255632,13.04465926,23.11866233,20.26880445
25207,18.24231076,25.3255632,13.04465926,23.11866233,20.26880445
34595,20.38251285,24.71685877,13.05475549,19.09068245,22.75519045
33061,21.40980792,22.8095091,13.07730637,18.89867695,23.80469966
39563,23.04419078,23.16373143,13.09096491,20.54150995,20.15960293
25131,19.33389422,22.28305769,13.09465499,22.27469959,23.01369351
33085,21.05789417,25.21473158,13.10994983,22.16115998,18.45626443
12012,17.38674038,27.18940373,13.11604237,25.08799241,17.2198211
12454,17.38674038,27.18940373,13.11604237,25.08799241,17.2198211
25807,19.28459774,23.73228459,13.12281479,21.8739231,21.98637978
24705,21.37831943,25.90984588,13.12742932,19.80261596,19.78178941
22004,22.53262442,24.72186511,13.18166098,24.03558069,15.5282688
19193,17.60107644,28.61635858,13.19156127,18.50748341,22.08352031
19536,17.72068678,27.78873251,13.19356829,21.60419007,19.69282235
33734,18.01359248,22.57620401,13.21742763,22.92433538,23.2684405
25874,19.07479756,23.85934554,13.223104,19.44820184,24.39455106
34743,17.82699478,25.14186657,13.22736807,19.39616405,24.40760652
25565,19.32992457,24.09045813,13.24743666,22.21650826,21.11567238
10538,21.15165917,25.79979563,13.24791138,22.20489101,17.59574281
34008,20.82425413,25.20912665,13.26048401,22.34253329,18.36360192
24785,19.17253199,28.36593315,13.26430999,24.74837276,14.44885211
33356,17.63672405,29.91331738,13.26535836,23.12317849,16.06142172
10542,19.41156041,24.72310972,13.2702041,17.65239848,24.94272729
10263,18.31367082,23.7281438,13.27842307,23.60429547,21.07546685
33284,23.1823953,22.41630754,13.28508957,19.33604787,21.78015973
34681,15.6291786,33.10110034,13.28769543,21.08538417,16.89664147
25906,18.94113951,24.01295081,13.29023077,17.85764402,25.8980349
10588,23.12488838,23.54627343,13.29255421,19.69671753,20.33956646
34721,19.95755173,24.55435108,13.30597224,18.43807547,23.74404948
2049,20.22352203,25.00031062,13.30779702,24.88786403,16.5805063
25989,19.05963853,25.91538059,13.30806547,17.79185564,23.92505978
39720,18.21339058,37.70708877,13.31468842,21.85019258,8.914639656
25896,21.30238728,24.97962651,13.37206447,21.16425619,19.18166556
24903,24.07216204,26.26369341,13.37363478,24.8391227,11.45138707
38091,18.98287058,26.28441955,13.39992016,23.01907658,18.31371314
33191,18.91792133,26.54767162,13.40797536,19.14603576,21.98039593
2787,19.59271162,23.7096922,17.98228113,21.54136112,17.17395393
34091,21.97435947,23.12446608,13.42412068,19.47155111,22.00550265
24845,22.18044933,20.52252834,13.4274671,22.02181508,21.84774015
25206,22.18044933,20.52252834,13.4274671,22.02181508,21.84774015
33786,19.88621078,22.88251967,13.43035149,22.2646401,21.53627797
4775,18.72021072,25.76160688,13.4346528,24.10732213,17.97620747
34476,21.80107056,23.44365357,13.43469383,22.88370535,18.43687668
2547,19.78149272,21.4490189,13.43867966,23.12101409,22.20979462
34768,20.60081565,26.30181736,13.44197401,18.52402486,21.13136812
34243,16.15759167,28.64160062,13.45950335,17.51569598,24.22560838
34190,19.67221916,23.77826951,13.46252947,22.0192727,21.06770916
7774,18.38667714,25.0066838,13.46472041,20.82700998,22.31490866
22193,21.92306133,21.40813141,13.46554308,22.70957076,20.49369341
34061,19.73512645,23.35173755,13.48425143,21.56067884,21.86820573
25132,19.73118532,22.43382746,13.48904327,22.7755046,21.57043934
5485,23.14093565,25.24593262,13.49444486,22.65744895,15.46123792
24731,19.61528515,22.77001161,13.49536963,20.35403287,23.76530073
25873,18.88869687,24.57952332,13.50045109,21.98265403,21.0486747
9618,22.33735062,22.29022244,13.50169736,23.42485067,18.44587891
25826,20.34393301,24.06872281,13.51480463,17.03202905,25.0405105
33164,19.69300807,21.80326689,13.53897009,22.00627399,22.95848097
3215,21.82865026,19.77933786,13.53998055,22.55511287,22.29691847
9962,20.47758737,25.04599375,13.54040431,24.02592076,16.91009381
7850,21.71478817,21.2609878,13.54958127,22.76039252,20.71425024
18817,17.46201321,24.91290501,13.55263631,20.70906219,23.36338327
703,11.3926664,22.69323445,33.58829844,13.15696099,19.16883972
21145,20.82451778,22.09687678,13.5745342,19.95562739,23.54844385
17081,22.78831808,22.21656729,13.58206773,28.66308582,12.74996108
17460,22.78831808,22.21656729,13.58206773,28.66308582,12.74996108
40046,21.34899518,21.23732322,13.58437133,21.37341301,22.45589725
24865,19.40678581,23.83983814,13.59439046,21.85882052,21.30016508
16860,17.21618251,25.95256127,13.59661467,19.1832173,24.05142425
34666,22.77331449,23.97742212,13.59818884,20.62521172,19.02586283
16793,20.13802875,23.19201772,13.59840245,17.70464448,25.3669066
25027,18.61487837,22.52416807,13.6024265,20.11508416,25.1434429
25307,18.61487837,22.52416807,13.6024265,20.11508416,25.1434429
24889,22.69965598,22.1582328,13.60369202,21.49034964,20.04806957
6969,18.99262095,22.90272947,13.60747583,20.37987279,24.11730096
33221,21.9815026,22.30264079,13.61811294,20.8234374,21.27430628
33665,21.9815026,22.30264079,13.61811294,20.8234374,21.27430628
2576,18.37073641,25.18747272,13.62511075,19.89993372,22.9167464
32397,20.80615185,26.74975929,13.62541462,27.06521166,11.75346258
32855,20.80615185,26.74975929,13.62541462,27.06521166,11.75346258
35457,12.81082641,19.89252349,33.53909714,16.01592585,17.74162712
33037,24.24271741,24.42727169,13.62943294,23.41846642,14.28211155
39861,22.47285272,23.01955769,13.631036,21.89841073,18.97814287
32037,22.17518802,21.92384426,13.63475243,21.28739223,20.97882306
32516,22.17518802,21.92384426,13.63475243,21.28739223,20.97882306
4997,22.98451585,23.82394655,13.64381516,25.09507929,14.45264315
2465,19.25468384,26.4523049,13.67116262,20.50061577,20.12123288
9115,20.27148809,23.42257364,13.6756554,22.65185953,19.97842333
8914,18.52469141,22.68187676,13.6768129,20.41797387,24.69864506
695,15.11141942,15.06055343,33.03364101,14.63376878,22.16061735
16442,20.31404256,23.40818977,13.68007266,18.07057278,24.52712222
10592,23.53964995,23.74821249,13.68240386,20.34442975,18.68530395
13706,22.12968233,22.73544242,13.69569317,18.31566894,23.12351314
39178,20.93064674,22.63486926,13.70070556,23.4491457,19.28463274
41108,22.3424807,27.8669938,13.7064094,22.61423881,13.46987729
34790,17.87153147,22.92539427,13.70757441,19.11658206,26.37891779
2567,19.13928448,24.63200962,13.71275605,22.24291814,20.27303171
9218,21.79760678,22.50264497,13.71387818,22.67745926,19.30841081
25878,20.99664789,21.98490341,13.72336975,22.54663055,20.74844839
24735,21.31829914,22.65891408,13.72350173,22.45978327,19.83950178
25136,21.31829914,22.65891408,13.72350173,22.45978327,19.83950178
9339,18.53913453,22.60689726,13.72396796,20.36783637,24.76216387
19182,17.96642476,25.06573805,13.72977064,20.92146088,22.31660569
25582,18.51977556,26.86390236,13.73434349,20.23739734,20.64458126
25923,17.65411736,25.89777309,13.74281712,18.32086733,24.3844251
9925,22.71107888,22.36507163,13.75328761,20.97764566,20.19291622
1086,23.61304253,24.1625365,13.75403584,23.20945207,15.26093307
2555,21.26606037,24.27010564,13.77016059,19.92430305,20.76937035
29291,19.44764091,23.67280655,13.77045607,24.13097822,18.97811824
31378,20.89344349,25.09654423,13.78582954,25.51158749,14.71259525
31841,20.89344349,25.09654423,13.78582954,25.51158749,14.71259525
25422,22.4232777,23.18193591,13.79112152,18.91574893,21.68791593
25825,16.8253548,31.37910131,13.79161271,20.41001971,17.59391147
17365,17.76253043,24.54375023,13.79608925,19.62259355,24.27503653
4863,22.62228917,23.04443296,13.79682651,21.83467947,18.7017719
25983,18.99359045,24.61537361,13.79928865,18.21753002,24.37421727
28906,20.53343156,25.68139729,13.80084802,19.77035682,20.21396632
34450,18.7277382,22.7322605,13.8083986,20.23519874,24.49640396
10533,18.71317281,24.64931923,13.8091266,21.96691927,20.86146209
10469,18.42709375,23.1071879,13.82901564,18.76821057,25.86849214
4600,20.62652312,25.04233744,13.83016143,19.01251646,21.48846154
33770,15.61179,27.11490186,13.8414199,17.55543151,25.87645674
34679,22.50777872,17.0973758,13.84708105,20.80195018,25.74581425
27612,20.68904296,23.88088325,13.8671061,18.53054773,23.03241996
25436,20.13823727,26.42250014,13.87049947,19.45143865,20.11732446
34634,19.14486458,21.27330735,13.87817917,21.95358929,23.75005962
12914,22.87119185,22.47183609,13.87839487,23.90687386,16.87170334
25088,19.54562183,21.63522007,13.88112421,21.42411609,23.51391781
16823,18.45383929,24.52685287,13.90111458,20.38171924,22.73647402
2295,19.29088066,23.37482713,13.90786262,22.50619445,20.92023514
24691,22.65485477,23.0916468,13.91081203,19.0633102,21.27937621
21390,19.7020772,23.47242521,13.92441575,21.34414846,21.55693338
33203,22.60422864,18.35508345,13.92657737,20.29684214,24.81726839
18770,23.25628742,24.98813667,13.9296828,20.24499095,17.58090216
34290,18.30838912,28.8245338,13.93309993,22.54452114,16.38945601
25450,16.41545226,31.25832321,13.93545945,20.46364748,17.9271176
33488,18.78547666,22.63017276,13.94078518,18.04146311,26.60210229
37055,18.52655448,29.00073242,13.95225979,26.83851133,11.68194198
27588,20.75976747,29.48923506,13.9534274,22.12945202,13.66811805
10091,24.53199815,17.19060235,13.95417326,18.9633993,25.35982694
2260,22.4960559,21.36525942,13.95873514,20.64533464,21.5346149
34759,16.72162115,27.72395376,13.96467399,18.03777063,23.55198047
25885,22.86885395,22.25813219,13.96835215,18.46685759,22.43780411
33566,21.22818893,21.38907157,13.97507866,21.22180109,22.18585976
10024,22.14300051,27.71202553,13.98802406,21.36281681,14.79413309
34876,15.03762262,13.81886106,32.82969149,18.11638471,20.19744011
5033,21.50271346,20.86334425,13.99240639,21.8115295,21.8300064
6505,16.96034726,34.12136035,13.99585118,24.41035184,10.51208938
6907,16.96034726,34.12136035,13.99585118,24.41035184,10.51208938
10560,17.12147869,26.8580115,14.00603162,18.18967297,23.82480522
1963,22.41130904,25.03911806,14.00697048,21.95287571,16.58972672
14567,22.95599857,23.67053567,14.02373536,23.68988022,15.65985018
7831,22.51537593,20.66418681,14.02651231,18.82718309,23.96674186
9365,19.60789232,22.89419572,14.03524273,23.05763993,20.40502931
33989,20.65568353,22.88639296,14.03636821,18.24857099,24.17298431
22833,23.17769328,21.60952393,14.03679845,19.6372686,21.53871574
23319,23.17769328,21.60952393,14.03679845,19.6372686,21.53871574
626,14.65130875,14.41652444,32.72284509,12.49705997,25.71226175
22935,17.55963696,29.09175041,14.04244342,18.61806603,20.68810319
23400,17.55963696,29.09175041,14.04244342,18.61806603,20.68810319
10584,20.05133493,24.19332014,14.04721596,22.52374185,19.18438712
24732,20.28076409,20.94718599,14.05677238,22.03331727,22.68196027
15437,21.6708074,23.5860443,14.06006587,20.20218134,20.48090109
17405,18.08852215,25.40059574,14.06499695,24.07591864,18.36996652
18713,22.50824059,24.22305931,14.06603564,20.5087604,18.69390405
2119,19.04446556,23.8428538,14.06660042,22.98865232,20.0574279
2561,19.95073277,21.98327383,14.07223989,21.98225167,22.01150183
10434,18.04005681,27.22625707,14.07254907,25.27716962,15.38396744
1232,19.0918685,23.37751102,14.0794185,21.92631847,21.52488351
33248,19.05035602,23.2804869,14.08198755,21.12043365,22.46673588
22019,21.87285518,22.4143407,14.084947,21.42504671,20.20281041
33286,19.93243788,22.8936633,14.08525571,25.13039196,17.95825115
25456,20.52582695,21.3788278,14.09951558,21.17345013,22.82237954
2148,16.56309983,27.10064461,14.10003562,19.79516557,22.44105437
37235,17.77322927,27.51204868,14.10086333,18.92348277,21.69037595
23931,24.60831554,24.46272564,14.1093093,20.1262776,16.69337192
24879,17.50109096,29.40217436,14.11490684,18.27966444,20.7021634
25238,17.50109096,29.40217436,14.11490684,18.27966444,20.7021634
20747,20.32096592,26.63425328,14.11525361,20.82677887,18.10274831
5215,22.82272802,23.91761392,14.1165118,21.37702718,17.76611908
77,14.16913532,15.29607735,32.26676544,18.47468868,19.79333321
40917,23.97187727,26.47067182,14.12899911,20.02908849,15.39936331
34112,17.52913091,26.87066401,14.13182937,18.41053296,23.05784274
22527,20.30169692,23.80228614,14.13502327,24.10302025,17.65797342
1263,16.96954881,26.4010992,14.13816239,19.3873416,23.103848
2604,16.95914306,30.4308525,14.14364753,19.96723469,18.49912222
3847,19.90381084,23.51616983,14.14863547,21.93946278,20.49192109
2534,24.69816899,22.2110094,14.1497362,22.98916398,15.95192143
4896,23.96714213,23.32197346,14.15147853,21.58348046,16.97592543
29680,22.27539737,24.38418459,14.15303632,20.49044736,18.69693436
4996,21.50259885,25.74245583,14.15620827,18.41659901,20.18213804
2570,23.17006657,24.12742127,14.16188528,20.57054914,17.97007774
27526,19.05908436,22.22522959,14.16809884,21.53355909,23.01402812
3941,18.99745137,20.19982518,14.1761888,23.18178699,23.44474766
21284,17.13443643,28.9080293,14.18247789,19.72173335,20.05332303
21679,17.13443643,28.9080293,14.18247789,19.72173335,20.05332303
35340,10.9118625,22.35092772,31.92110303,16.96845351,17.84765325
66,16.57069434,13.32729994,31.77848932,19.02779438,19.29572201
19163,22.6728993,21.89183083,14.18945951,18.66496293,22.58084742
24803,20.17995354,23.37249868,14.19140235,24.39057336,17.86557207
26019,18.32166267,24.47443214,14.19385882,19.87777023,23.13227614
29783,20.76508742,23.58102431,14.19575106,24.63043716,16.82770005
25515,19.6424568,25.56995573,14.20211448,16.7266976,23.85877539
30087,22.15977054,24.07698857,14.20251975,19.85684253,19.70387861
34548,22.17847606,22.25639147,14.20568859,18.67358868,22.6858552
25504,17.49313907,29.20929445,14.20801902,22.04426484,17.04528262
34546,19.35958211,21.30747558,14.20812421,19.3970509,25.7277672
25538,19.67641384,23.46215519,14.21960302,22.75693543,19.88489252
39526,20.96579159,19.8429348,14.22019516,23.67421073,21.29686772
5034,19.24690038,29.78290106,14.22203023,23.12608093,13.6220874
5242,23.30536939,19.27400274,14.22530948,18.59495532,24.60036307
2281,20.0611563,23.0410357,14.22889163,22.53135841,20.13755796
34211,17.56197409,27.11274286,14.23270313,16.63733667,24.45524325
21135,21.06427777,23.28808284,14.23428698,21.04420862,20.3691438
39097,17.69023571,25.48874945,14.23515989,21.55916117,21.02669377
4141,22.57838716,21.51340446,14.23914082,19.39593953,22.27312803
19491,23.20183157,23.73567781,14.24559132,21.12020461,17.69669469
16653,21.21677544,20.32958783,14.25277642,21.45353431,22.74732601
2788,21.90884979,23.6776918,14.25387398,19.62657775,20.53300668
18792,22.60037777,21.92519258,14.25394549,18.62674013,22.59374403
31352,18.22804386,24.93015761,14.25395534,21.65144036,20.93640284
31823,18.22804386,24.93015761,14.25395534,21.65144036,20.93640284
15271,22.43825256,22.23223891,14.26092419,19.10105048,21.96753387
3840,21.7996232,21.33405227,14.267697,20.82373116,21.77489636
24104,22.19340254,22.81639084,14.26854291,19.38264012,21.33902358
25588,21.72081418,21.54395294,14.27614125,19.53612568,22.92296594
750,15.04314472,25.84747301,20.20444949,22.3303067,16.57462609
19492,13.8363187,26.018614,14.27968644,15.80331335,30.06206752
4900,23.45669409,23.02194454,14.28330106,20.26368737,18.97437294
2881,19.44364962,21.03960607,14.2861809,22.51734975,22.71321365
2587,16.97177826,30.58350953,14.28854172,19.11379355,19.04237695
28967,18.652542,23.94752952,14.29032489,19.2245031,23.88510048
14480,21.03532134,23.78001364,14.29243722,19.37042341,21.5218044
33966,23.36275877,24.17525944,14.29246396,23.21215043,14.9573674
33087,20.24386285,23.27654228,14.29483753,19.09783977,23.08691758
11868,19.1858178,25.04637151,14.29681454,22.95896937,18.51202678
12238,19.1858178,25.04637151,14.29681454,22.95896937,18.51202678
25113,17.97403021,27.17847976,14.29899104,19.45546323,21.09303575
24824,20.15426358,22.55786922,14.30391194,16.90959201,26.07436325
10044,16.78604479,26.4224833,14.31010034,18.6875556,23.79381597
19521,21.9110593,21.29977048,14.3101316,20.62876414,21.85027448
39503,21.585417,21.53015825,14.31787803,20.98711273,21.57943399
24893,17.56552938,28.048128,14.31881606,17.86798103,22.19954554
3246,21.38940062,23.59991961,14.32183053,18.30672813,22.3821211
33298,18.90774726,22.36109113,14.32398696,21.74319136,22.6639833
29924,22.33653419,24.07189772,14.32629715,18.79648325,20.46878769
22994,23.62653386,25.79814956,14.3276214,19.1376137,17.11008148
10534,22.56201138,23.78286226,14.32938478,19.26969392,20.05604765
2012,18.68533609,23.51494769,14.330673,20.30401828,23.16502494
22439,17.25341474,27.67527665,14.33074017,18.04187592,22.69869253
2140,20.01773109,19.44796271,14.3324554,22.90796749,23.29388331
19379,20.07955297,24.7348908,14.33542783,22.32125913,18.52886927
1190,20.4320658,22.54768208,14.33966258,18.98387955,23.69670998
476,19.14496599,10.94291037,31.55207672,19.43073064,18.92931628
4427,22.94059142,22.84558186,14.34568903,23.06544871,16.80268898
33341,18.93395599,23.38407468,14.35342041,20.11894352,23.2096054
27381,21.99087126,21.81773964,14.35650135,17.70345769,24.13143007
34868,12.04716967,23.75523536,30.84977283,16.67690508,16.67091706
13511,22.98490403,23.06232576,14.35913405,22.27543449,17.31820166
1256,23.79416805,18.84756676,14.36017165,21.43802282,21.56007072
4253,22.05108442,21.19709165,14.365581,20.53048315,21.85575978
9475,19.83356418,20.3370912,14.36788389,23.01475883,22.44670192
35303,12.24810283,20.78273867,30.80949268,14.65030968,21.50935614
37861,18.94248901,27.93757486,14.3729102,21.01324905,17.73377688
12884,21.29182058,21.93170338,14.37686334,20.69146935,21.70814334
40529,22.20800626,23.35627721,14.38188193,20.91634436,19.13749024
35405,10.71814374,20.51150484,30.80758244,14.47402964,23.48873933
35496,12.32492388,21.02923451,30.79354425,14.87726308,20.97503427
16075,17.26189198,22.55319904,14.39329618,21.15351744,24.63809537
4115,17.26218536,25.38420875,14.39433071,17.75363282,25.20564235
17044,21.29038291,19.45186427,14.39670492,22.33476679,22.52628111
596,18.37887984,22.43353447,20.17455063,16.90897974,22.10405532
34159,21.11753828,24.99384014,14.40064659,18.35182342,21.13615157
2496,17.11035077,27.80174195,14.40089223,18.18648747,22.50052759
39706,19.9659596,24.28875436,14.401757,20.62596178,20.71756725
13250,20.84604717,24.16578121,14.40179132,22.12533711,18.46104319
2223,21.69008209,24.48578472,14.41705515,19.66562558,19.74145246
17806,19.92660821,21.89694111,14.42852583,20.89113898,22.85678586
288,16.16803918,17.86708561,30.62019946,16.22723875,19.11743699
16270,19.66790486,21.24447694,14.43335808,20.34605537,24.30820476
39132,23.02095577,24.66662193,14.43476035,21.23752827,16.64013369
34245,20.06439473,21.32484569,14.43619659,20.58128795,23.59327504
23609,22.78291239,23.84519814,14.43868543,18.16415911,20.76904493
2502,18.51488709,26.97383763,14.43955657,22.04993475,18.02178396
8263,17.74005951,28.19139765,14.44268136,21.31593102,18.30993046
7873,17.45326338,26.35120916,14.44726551,18.66560607,23.08265588
33717,20.9538413,26.05584297,14.44743908,20.94883933,17.59403732
38515,20.28142933,25.79697489,14.4477373,18.50816133,20.96569715
25243,18.55703476,24.48155969,14.4504632,21.15210377,21.35883858
22279,19.1273411,23.1399441,14.45068757,22.5605479,20.72147934
5087,20.33138361,25.32129453,14.45566289,25.32163433,14.57002465
25455,18.49107457,23.73485744,14.45635211,17.94240574,25.37531014
3721,17.21692489,25.17972376,14.45681009,21.31261585,21.83392541
16243,20.40218624,20.77343082,14.46078042,21.30712194,23.05648058
9638,21.31477093,27.21016668,14.46545028,19.92751119,17.08210092
36575,20.38051052,25.43775158,14.46590079,22.14955055,17.56628657
41529,19.63449386,22.24013097,14.47611854,22.31037973,21.3388769
24784,22.49022252,21.71743456,14.4872575,19.12843033,22.17665509
25174,22.49022252,21.71743456,14.4872575,19.12843033,22.17665509
31689,23.06121395,21.91911272,14.49171275,20.84458736,19.68337321
33977,18.66446285,23.72542462,14.50060043,20.13752299,22.9719891
16395,18.31770722,24.17182798,14.51150622,19.93444915,23.06450943
34259,23.75964417,22.66120312,14.51647631,23.55040493,15.51227147
39403,19.73311317,24.84124356,14.51727074,21.35588868,19.55248386
34147,17.24797119,28.37885294,14.51900458,23.75275281,16.10141848
10994,21.51612334,24.21585369,14.52123989,19.54176289,20.2050202
11407,21.51612334,24.21585369,14.52123989,19.54176289,20.2050202
11256,18.29952811,25.10546706,14.52742802,19.44084116,22.62673565
34807,16.40233601,14.95352748,30.42639641,16.09439488,22.12334522
31229,23.15196986,21.81458899,14.52953659,20.88592262,19.61798194
2301,21.56923114,24.19990863,14.53978106,19.52052721,20.17055196
424,17.35692999,14.71122202,30.41969847,16.94049007,20.57165946
34981,11.24507766,22.15193597,30.30963114,18.0459657,18.24738954
34615,18.39314858,32.03162695,14.55055941,20.90260375,14.12206132
2285,22.88088425,23.44360813,14.55345776,20.38700533,18.73504453
38437,18.38306291,25.02748434,14.55429637,20.22642854,21.80872784
468,11.41402933,20.75409284,30.25153864,14.64341482,22.93692438
10446,20.28042265,23.63783866,14.56093585,20.23216084,21.288642
36425,22.63039128,20.04497325,14.5693081,21.88511983,20.87020755
33668,19.69474972,23.09871471,14.57065735,21.47090815,21.16497006
38077,19.87175823,23.62727628,14.57206022,21.98087067,19.9480346
38057,22.98444894,21.40093518,14.5827869,19.15669011,21.87513887
18771,23.09051739,18.0340387,14.58386693,19.91936319,24.37221378
25159,20.95232135,23.82810456,14.58458837,18.28806083,22.34692489
36654,18.00893357,24.53213719,14.58560967,21.02448419,21.84883539
22027,19.91584194,20.26955689,14.58759092,20.08928888,25.13772136
14550,17.83375942,25.3409144,14.58963663,17.79436316,24.44132639
15345,17.83375942,25.3409144,14.58963663,17.79436316,24.44132639
34237,22.76710793,21.44847128,14.59160359,18.63998614,22.55283106
34164,22.17133019,23.46112377,14.59663867,19.53262788,20.23827948
19494,22.2053969,24.36982428,14.60235314,17.81434154,21.00808413
16351,22.17844285,22.67886989,14.60501574,19.61944882,20.91822269
38900,15.69780624,27.43308135,14.6050526,18.96963577,23.29442403
2325,18.33069998,23.21588891,14.6126462,20.66675321,23.1740117
9269,19.84558931,24.25186517,14.62093087,20.78859812,20.49301653
9669,19.84558931,24.25186517,14.62093087,20.78859812,20.49301653
3714,16.70269895,26.9670117,14.62094064,17.89883603,23.81051268
25533,25.98237421,16.46895907,14.62468679,18.10370363,24.8202763
27206,18.68908859,24.91004838,14.62652828,25.89855955,15.87577521
29040,20.05183439,22.53730583,14.63626946,19.86446251,22.91012781
34869,15.08651531,17.44833199,30.24911664,19.21933955,17.9966965
39588,18.79827876,22.5521106,14.64336617,20.2030689,23.80317556
24761,20.55143124,24.11479801,14.65319695,18.57438336,22.10619045
19183,18.00105551,27.44312857,14.65648318,17.90034898,21.99898376
25004,22.46628077,25.19002406,14.66212038,20.35692086,17.32465393
25323,22.46628077,25.19002406,14.66212038,20.35692086,17.32465393
25476,19.9412812,23.73900613,14.66498536,18.70658492,22.94814238
10362,19.71273917,22.2050192,14.66563202,20.94405158,22.47255804
25218,21.78379195,20.82411192,14.66654572,18.67311654,24.05243387
27181,21.07926236,22.58330311,14.668237,18.99452335,22.67467417
34950,15.24333269,22.11112508,30.23323116,16.17882688,16.23348418
20748,19.85616666,25.5555166,14.67427518,24.88281642,15.03122513
22529,21.40307575,24.51908443,14.67660839,22.27694068,17.12429074
24795,20.71639587,21.99171543,14.67928414,21.53435754,21.07824703
25189,20.71639587,21.99171543,14.67928414,21.53435754,21.07824703
34584,18.33321526,25.23902207,14.68492144,17.3458837,24.39695753
16737,21.85504474,22.43579469,14.68581607,19.06292049,21.96042402
10341,18.49852122,25.33883785,14.68887641,19.68507518,21.78868934
4671,17.64590279,26.51389215,14.6931658,17.1873509,23.95968835
1144,21.24725411,22.02263471,14.6935028,22.79839078,19.2382176
4264,18.7574599,22.47020328,14.69839467,21.89957233,22.17436982
33269,19.99378645,21.89693915,14.70039633,22.8861283,20.52274977
33706,19.99378645,21.89693915,14.70039633,22.8861283,20.52274977
10453,20.6870987,25.34142515,14.70337202,25.54948408,13.71862006
33339,18.89648866,27.41210122,14.70417512,24.31771775,14.66951724
20992,18.13878217,31.69870187,14.70830812,20.34174209,15.11246575
7385,21.64290705,22.16827347,14.70997214,21.27167331,20.20717403
15250,22.7360913,22.78171285,14.71530391,20.41836143,19.34853051
21616,18.96237912,26.22839435,14.7175987,24.7298371,15.36179073
5132,21.50347022,25.36236782,14.71778478,19.42416799,18.9922092
15813,17.94699323,25.51958892,14.71792254,19.54619647,22.26929884
17624,19.22078902,25.64602651,14.71975932,19.06491972,21.34850543
9181,16.78524134,25.59943955,14.72418213,17.94028823,24.95084874
11632,20.59858502,21.9316904,14.73717626,21.832197,20.90035132
14453,23.04078371,22.42379395,14.73808857,19.65171411,20.14561966
5002,22.4122868,22.64194519,14.73880688,21.04221625,19.16474488
8264,20.56529722,26.58801729,14.74409174,25.52415854,12.57843522
32315,21.66990911,23.37192518,14.74439831,22.5232679,17.6904995
32782,21.66990911,23.37192518,14.74439831,22.5232679,17.6904995
183,10.55124128,20.6977776,30.14344941,18.95900711,19.6485246
1049,21.64871335,22.28736843,14.74463754,21.13028967,20.18899101
16373,22.52289253,23.40362947,14.7536432,23.36463922,15.95519557
31321,23.97332336,24.65021784,14.75661025,18.57064061,18.04920794
31795,23.97332336,24.65021784,14.75661025,18.57064061,18.04920794
6554,22.7057718,18.91692876,14.76206244,22.88969992,20.72553708
6945,22.7057718,18.91692876,14.76206244,22.88969992,20.72553708
10203,18.87371465,23.44468003,14.76494549,19.98668557,22.92997426
7872,16.3582126,23.72074183,14.76507197,24.7879594,20.36801419
33054,18.17904815,23.78637837,14.76858263,19.70499082,23.56100004
3711,21.02614365,22.119403,14.77034562,23.53114263,18.5529651
24702,18.66707517,23.40955672,14.7727605,23.02363454,20.12697307
9076,23.93867291,19.62895305,14.77505114,18.83412117,22.82320173
37800,25.28292185,24.89099725,14.77952496,22.81897109,12.22758485
4952,18.8448834,29.38824256,14.78012667,22.99450274,13.99224463
16287,19.19930289,24.30839586,14.78294945,19.41370741,22.29564438
38339,22.31602817,25.55330187,14.78444683,26.80390198,10.54232115
9589,24.78671144,20.5627398,14.7848961,20.62095424,19.24469841
38247,18.92539836,24.83505514,14.78521531,25.89349858,15.5608326
2921,20.69818514,23.31267175,14.78989409,23.12896316,18.07028586
33274,19.50876326,21.43667456,14.79010539,19.39101162,24.87344518
2600,20.44675504,26.96581029,14.7921471,19.7681952,18.02709237
29466,18.86249656,23.73501442,14.7950916,21.04654025,21.56085718
34670,21.49608803,18.8992307,14.79745481,20.18655833,24.62066813
41299,22.3764607,23.07467922,14.7991966,18.61233913,21.13732435
13675,18.87853338,21.51231072,14.80278742,19.64928457,25.15708392
37349,22.61320466,22.44783377,14.80504318,21.42129388,18.71262452
37228,21.46813887,22.704099,14.80553361,23.06083671,17.96139181
1861,21.27755342,22.84169093,14.81031998,18.68026942,22.39016625
27116,18.80888579,22.54121557,14.81214705,22.10151193,21.73623965
37873,18.92952137,24.66313832,14.81970257,20.9424547,20.64518304
30611,20.11058066,25.56855063,14.82514171,18.87785814,20.61786886
17250,17.62653869,26.74977081,14.82763447,18.48364229,22.31241374
17603,17.62653869,26.74977081,14.82763447,18.48364229,22.31241374
41009,23.0512125,23.03508431,14.82778089,21.9483278,17.13759451
37210,21.50451195,24.45068797,14.82856005,18.9527159,20.26352414
10507,21.96241001,24.44709079,14.83498997,20.42115816,18.33435107
7627,21.21791369,25.85239545,14.84174281,20.75003194,17.33791612
17842,21.82226861,23.61940519,14.84337294,19.82606052,19.88889274
34486,23.58712709,23.05150159,14.85039641,20.46903845,18.04193646
4657,19.54873746,17.7691271,14.85174243,22.33879656,25.49159645
25562,18.08317071,26.52248871,14.85490694,17.8588197,22.68061395
38099,23.19436352,27.49885025,14.85737709,21.47687561,12.97253353
2343,22.52632876,22.74069452,14.85887978,19.16192099,20.71217595
24908,21.28253684,20.36968959,14.86465479,18.81144557,24.67167321
25256,21.28253684,20.36968959,14.86465479,18.81144557,24.67167321
24382,18.66288946,26.8561195,14.86643821,24.27249835,15.34205448
37474,21.97175742,26.15090884,14.86671089,22.76583212,14.24479073
20329,19.85930949,25.58950603,14.86682959,24.99459886,14.68975604
25556,18.07957562,24.57705711,14.86775996,19.56111416,22.91449315
20998,19.88244031,25.31204494,14.87326455,22.74243816,17.18981203
3414,17.67781245,23.32803244,14.87492073,21.45272151,22.66651287
34827,12.22964139,22.16603499,30.12381834,17.45175475,18.02875053
39906,20.0162212,23.35116127,14.88196338,22.52158629,19.22906786
38191,19.89997749,21.56745614,14.88244613,21.80779612,21.84232412
17232,18.94889892,26.51980781,14.88906246,19.63758697,20.00464384
34194,21.15784752,21.94075097,14.89426356,22.74498279,19.26215516
33321,18.20799686,27.3160746,14.89661178,19.85150045,19.7278163
2141,19.07779611,28.22677558,14.89985214,25.6356955,12.15988068
25500,20.99821539,21.12021333,14.89995526,21.30628756,21.67532846
23512,17.81514415,32.59966119,14.90327345,22.03784666,12.64407456
37079,17.23148441,27.091907,14.90421393,16.03057833,24.74181633
20060,21.35758432,23.43851011,14.90597102,18.25729917,22.04063538
9224,18.35378273,28.66137813,14.910976,19.15280711,18.92105603
33587,17.73414976,26.07334692,14.91364638,18.49874814,22.7801088
1911,19.02693864,26.8861311,14.91596449,18.97526583,20.19569993
8175,20.27005881,22.36459834,14.9168544,22.75629978,19.69218866
25564,18.48728742,20.90142152,14.91840386,22.70023928,22.99264792
38661,23.15822391,22.33424349,14.91879573,19.66922117,19.91951571
540,11.54286373,18.27572808,30.00539326,14.75769915,25.41831577
34234,22.42549409,22.08804587,14.92526455,22.75303772,17.80815778
34335,19.30579247,21.59709252,14.9267425,19.71495995,24.45541257
33643,19.49639897,25.44543904,14.92971632,18.16095936,21.96748631
9918,20.47341254,21.19184375,14.94093177,20.42619852,22.96761342
35017,10.47802368,23.25100919,29.93946587,18.25927203,18.07222922
33313,21.315942,22.88898839,14.94958169,22.78212977,18.06335815
39655,17.36630624,34.06274957,14.95123269,21.99592292,11.62378857
2372,20.5652929,21.18849911,14.95260872,18.50975809,24.78384117
19661,18.58698671,24.65376232,14.95300724,18.79153263,23.0147111
5177,20.29450856,25.36382007,14.95391384,23.42346393,15.9642936
16272,21.61403439,21.90356748,14.95406869,19.33760898,22.19072046
30870,19.14647725,23.43796223,14.95436083,18.15694733,24.30425236
4186,20.70294663,25.12226655,14.95605948,18.76340047,20.45532687
5243,22.36343028,21.91167966,14.95820429,18.93898876,21.82769701
22651,15.69849902,29.81474426,14.96027394,18.80624601,20.72023677
12720,22.37738036,20.28829048,14.96032938,18.811109,23.56289079
17052,19.90826716,21.33558817,14.96398747,22.09325853,21.69889868
17439,19.90826716,21.33558817,14.96398747,22.09325853,21.69889868
11713,17.84465053,29.98745887,14.96433231,19.36976734,17.83379095
12120,17.84465053,29.98745887,14.96433231,19.36976734,17.83379095
6580,22.0983251,23.34686069,14.96784025,19.14593353,20.44104043
6986,22.0983251,23.34686069,14.96784025,19.14593353,20.44104043
8390,23.981728,23.97011736,14.96866528,22.03743816,15.04205119
11813,22.15953175,20.35129603,14.97232038,18.35147868,24.16537315
26477,22.2611045,25.3691496,14.9750705,19.97208304,17.42259236
26949,22.2611045,25.3691496,14.9750705,19.97208304,17.42259236
14503,19.40196058,23.70308921,14.97879546,22.49152344,19.42463131
25544,21.24182363,18.00332018,14.9797216,20.42002364,25.35511095
10082,18.81123866,27.47350101,14.98063023,21.03772328,17.69690682
25196,21.53575798,22.09526778,14.99292944,16.898411,24.4776338
4987,18.080435,32.24010065,14.99380878,21.35348171,13.33217386
11921,21.1452295,23.24481651,14.99735445,25.02006882,15.59253071
4504,23.50355587,22.50194974,14.99795519,19.97296773,19.02357147
8268,22.24703499,25.66799053,15.00281948,20.3460915,16.73606349
12168,17.67463493,24.97513085,15.00485415,16.51218331,25.83319676
21908,17.58711096,31.10169856,15.00843255,19.32241321,16.98034473
3776,17.80704301,25.89277147,15.00897944,17.1990881,24.09211799
2318,19.5902772,24.04586231,15.01233873,21.21788897,20.1336328
34108,17.82122743,30.07507736,15.01506717,19.37930915,17.70931888
17024,19.68359667,22.17365195,15.02060521,20.58609416,22.53605201
24848,20.51005339,21.32235168,15.02084589,17.0476589,26.09909013
25110,18.39520642,23.08653997,15.02678761,16.92755202,26.56391398
39628,18.2950268,29.88211771,15.03464717,23.151824,13.63638432
40773,25.55930099,21.59741106,15.03779265,22.80526631,15.00022899
25925,22.35242648,22.40375116,15.03931779,19.49032144,20.71418313
36505,21.23151412,22.98455226,15.04029088,19.1408946,21.60274814
26220,21.1771154,22.003613,15.04083713,20.05858018,21.7198543
26665,21.1771154,22.003613,15.04083713,20.05858018,21.7198543
17788,18.39504019,27.62041625,15.04116545,19.0173702,19.92600792
9343,22.21670447,21.60420722,15.0417856,21.22694684,19.91035586
39564,18.14592955,26.76614501,15.04268758,19.21631016,20.8289277
23991,17.69787354,27.61388225,15.04399156,19.19268677,20.45156589
28056,21.26096185,22.27845799,15.04407982,19.77853703,21.63796331
28466,21.26096185,22.27845799,15.04407982,19.77853703,21.63796331
19477,21.49964264,24.16133501,15.04522962,18.32504196,20.96875077
33325,18.51020481,28.66810821,15.0477816,20.31335777,17.46054761
5106,19.85029693,22.6711882,15.05054005,23.24088735,19.18708746
31440,19.94204011,23.71587418,15.05061648,21.67655432,19.61491491
31909,19.94204011,23.71587418,15.05061648,21.67655432,19.61491491
1489,17.4426784,25.97810484,15.0519286,17.16689825,24.36038991
34719,18.5327102,27.40367496,15.05406219,20.24887418,18.76067848
11946,23.04865081,22.26936017,15.05604096,17.72123711,21.90471095
25597,18.6914881,24.98107887,15.05613458,18.94117555,22.3301229
10971,19.13092551,23.31396011,15.06110483,21.68124623,20.81276332
3828,27.25032698,19.84618897,15.06494773,20.78422346,17.05431286
4745,18.1586365,32.30785562,15.06532153,21.71515656,12.75302979
15285,18.38516021,23.73389426,15.06917101,24.41085319,18.40092134
16938,17.9011254,26.45814886,15.06941994,19.09374194,21.47756386
41653,19.35413558,20.18184011,15.06968514,20.59516883,24.79917034
24991,17.41261369,27.36700295,15.07338813,17.20415126,22.94284398
12877,20.44057713,23.65491565,15.07492604,18.21329114,22.61629004
3627,22.02296133,23.32373293,15.07536975,19.04278366,20.53515233
31380,18.12758624,30.82128066,15.07808801,16.7869576,19.18608749
31850,18.12758624,30.82128066,15.07808801,16.7869576,19.18608749
16759,20.77131465,24.0481259,15.08060378,23.82690974,16.27304592
1928,20.86782776,22.99911107,15.08186937,21.08589244,19.96529936
31919,20.13461579,21.29637045,15.08309815,20.24498595,23.24092966
25489,19.42833223,24.41327964,15.08344007,21.48189481,19.59305326
26045,20.64427104,22.01716977,15.08546852,16.84553515,25.40755551
38542,21.62576838,22.49291585,15.08741727,21.16925864,19.62463987
3659,23.2785097,23.94771227,15.08817574,23.28572069,14.3998816
29301,21.61201738,22.54625815,15.09603657,17.69519682,23.05049107
31453,20.01240408,21.47741535,15.09633643,20.28751238,23.12633177
25843,16.96890149,27.05091143,15.09864019,19.77628364,21.10526326
39572,18.25494014,25.45563528,15.09884488,19.92597752,21.26460218
9253,20.14226952,22.98239665,15.1009042,18.93775626,22.83667337
39050,21.10790394,23.18727479,15.10131289,22.52671668,18.07679169
20668,19.12920127,24.38483968,15.10281317,19.41633917,21.96680672
38081,20.31458516,26.32473271,15.10349764,25.2446821,13.0125024
30421,21.85241458,24.95671037,15.10428376,19.08429223,19.00229906
39209,19.19428515,20.24373454,15.10429026,21.67422634,23.78346371
33919,20.28751413,20.77113651,15.10656039,19.96994339,23.86484558
18818,18.24026671,26.01071985,15.10823618,18.00005941,22.64071785
35367,17.28160282,16.78468255,29.9311528,14.88964352,21.11291831
7813,19.63271131,23.35029605,15.11224037,16.88934871,25.01540355
24336,21.69532572,20.32310597,15.11292677,21.44585357,21.42278798
34016,19.92821373,23.32891081,15.11433097,17.72068629,23.90785821
10917,17.48753701,30.2424884,15.11998683,22.89108174,14.25890601
11343,17.48753701,30.2424884,15.11998683,22.89108174,14.25890601
34025,17.5323621,28.01410463,15.12017008,19.60198102,19.73138217
36628,23.78792185,22.32081567,15.12418945,20.65229043,18.1147826
38834,20.26868695,26.3533498,15.12655512,20.25059694,18.0008112
36744,21.23436713,23.33478108,15.12778898,20.10607599,20.19698683
2533,18.28730594,24.54851881,15.13027209,18.91245869,23.12144447
20916,20.76279083,22.89554802,15.13242641,20.36322008,20.84601466
10497,20.70230284,24.15614552,15.1379234,23.38283766,16.62079058
2773,22.86372953,23.36362133,15.13907266,21.1150699,17.51850658
7599,21.44408591,22.02423477,15.13976189,23.63906724,17.75285019
33180,18.15466712,29.04149382,15.14145684,18.78639127,18.87599096
7887,17.09745781,25.53193279,15.14266572,16.85455237,25.3733913
21502,18.10152707,28.57144062,15.14345374,19.4163536,18.76722497
16353,19.45130347,21.47438182,15.14503403,22.51135841,21.41792226
64,12.29782912,21.55578973,29.82040795,14.99246588,21.33350731
34256,17.97254844,27.37332306,15.14802851,19.39727643,20.10882355
12557,20.61666753,21.70570292,15.14976227,22.06109579,20.46677148
41343,18.73682726,23.00805165,15.15045731,20.20563843,22.89902534
40560,22.60116078,19.46981884,15.15419824,16.53560775,26.2392144
38147,18.22160455,21.6580692,15.15440229,21.69899945,23.26692452
4906,18.29879086,26.96704464,15.15680832,20.1326791,19.44467708
16948,19.86432801,22.73667748,15.15843866,17.41391991,24.82663594
15884,23.1551616,21.81900674,15.16001376,20.60268366,19.26313424
22079,21.87444162,21.77393871,15.1601678,19.03789836,22.15355351
10770,22.15167808,24.63026339,15.161698,20.50530326,17.55105727
8343,19.88337531,20.40412976,15.1663706,21.51294367,23.03318065
8180,21.71136685,23.31369748,15.17058253,20.13570685,19.66864629
37002,16.33189467,28.19069253,15.17431634,20.98542284,19.31767363
168,11.05097848,20.56898625,29.30958135,12.28675803,26.7836959
7354,17.96214612,22.28064154,15.17689807,20.48039585,24.09991843
22607,19.21314826,20.89089019,15.17700274,22.428406,22.2905528
34662,18.15029924,21.34131789,15.17934354,21.6993274,23.62971193
31159,18.15383127,26.54315536,15.18068865,23.43498968,16.68733504
41645,18.67230865,26.83629767,15.1817592,21.76829222,17.54134227
580,11.05097848,20.56898625,29.30958135,12.28675803,26.7836959
8730,19.91220122,19.04709807,15.19572264,21.57690088,24.26807719
25537,19.41178125,21.51034293,15.20064992,19.73813499,24.1390909
34738,21.29968286,21.05746577,15.2023199,20.04998673,22.39054474
26041,17.41848066,25.40767935,15.20363786,19.98071172,21.98949041
31077,18.39043437,31.41365678,15.20498567,20.94494342,14.04597975
31556,18.39043437,31.41365678,15.20498567,20.94494342,14.04597975
41611,18.55661307,25.26900595,15.21111221,19.81233016,21.15093861
39671,16.9670591,24.80898984,15.2130614,24.86702359,18.14386607
25838,20.43570276,24.68646299,15.21803438,19.95522998,19.70456989
31266,20.81405255,28.66844314,15.21871288,20.96585572,14.33293572
33272,21.21408262,25.20506868,15.2200608,20.22404689,18.13674101
41045,17.19753434,30.31812505,15.22074137,19.92445152,17.33914772
9410,22.25534336,23.83336923,15.22359829,19.6155926,19.07209652
27175,18.25922931,28.23850073,15.22422785,20.24978286,18.02825926
39491,19.80805355,23.85577939,15.22595617,21.54293327,19.56727761
458,18.96035434,15.21694601,29.29975677,15.94246514,20.58047775
490,13.99827874,20.67258376,29.27073806,16.01480743,20.04359201
9187,20.58674372,22.59311773,15.23434297,17.65403123,23.93176435
38902,23.23320865,21.89498814,15.23664433,20.54921532,19.08594355
10001,22.3097295,19.74906283,15.23686081,19.99493559,22.70941127
20267,22.18921289,20.62048889,15.2370407,22.35136349,19.60189404
20704,22.18921289,20.62048889,15.2370407,22.35136349,19.60189404
21166,18.30274714,26.62206471,15.24065927,18.84801154,20.98651734
31735,20.73354878,28.7086109,15.24352443,20.85755558,14.45676032
13228,20.10123835,22.78981858,15.25043309,24.4073495,17.45116049
4457,20.85079207,21.72999126,15.2505755,22.20108444,19.96755673
18672,19.27632228,24.60828981,15.25191438,21.64085789,19.22261564
19435,23.0204731,22.97783356,15.25450433,21.19656413,17.55062488
21329,17.4722271,22.45809175,15.25996887,21.60291861,23.20679367
21783,17.4722271,22.45809175,15.25996887,21.60291861,23.20679367
33451,21.60980425,22.32034172,15.26109966,18.12182749,22.68692688
33651,19.12831975,24.23135909,15.2667197,17.96232961,23.41127183
25944,21.78479674,17.44145765,15.2708252,19.12247086,26.38044955
7821,19.33395065,25.51707536,15.27467523,20.0276137,19.84668506
2494,18.18478944,27.49161819,15.27700727,17.18101456,21.86557055
15119,22.24185516,23.37175603,15.27822289,19.35470342,19.75346249
37219,20.99853417,21.16143896,15.27838896,20.52204423,22.03959368
2954,18.30722689,24.84334153,15.28056363,20.94488495,20.62398299
28029,20.21571335,20.80369101,15.2817436,23.85441472,19.84443732
28441,20.21571335,20.80369101,15.2817436,23.85441472,19.84443732
10232,18.08038389,29.80764669,15.2838567,20.78318249,16.04493023
4248,19.15853611,22.56753119,15.28420187,21.05433138,21.93539945
3003,21.81837115,25.41638553,15.28445581,20.62042527,16.86036223
12642,22.08271795,22.01230662,15.28535347,18.75760117,21.8620208
4722,24.4544129,20.93572183,15.28895726,21.25427259,18.06663542
24043,18.45839101,31.38746426,15.28912118,22.01701094,12.84801261
447,14.78815859,20.52310687,28.77886445,18.73494103,17.17492906
37994,18.31386876,27.61568561,15.29477749,19.36493822,19.41072993
40528,23.21241813,22.7134265,15.29820737,18.08098146,20.69496653
8388,19.4790997,22.61439608,15.30179397,24.88424996,17.72046029
25853,17.52721448,30.5948097,15.30599614,20.23524931,16.33673037
36210,19.26329609,27.52085269,15.30665526,23.47917586,14.4300201
25474,17.51383547,28.06794327,15.30752122,18.18811234,20.9225877
3835,17.70625934,30.32401736,15.30936897,20.98701363,15.6733407
2326,18.76020294,24.60957787,15.31038718,17.22062433,24.09920768
21431,18.73430263,19.1771812,15.31313873,22.1164365,24.65894094
552,16.56225642,18.16937637,28.77589251,16.74361375,19.74886096
21911,20.50701972,24.0571063,15.31945924,21.89534557,18.22106917
24870,20.74864011,21.25467226,15.32159202,15.3750934,27.30000222
25237,20.74864011,21.25467226,15.32159202,15.3750934,27.30000222
25660,19.36450786,23.03735957,15.32275179,23.10629027,19.1690905
24810,20.05944345,22.81800778,15.32660718,17.08490979,24.7110318
40018,18.1332662,19.32113184,15.32683924,18.76334146,28.45542125
38934,22.26074746,23.7019967,15.32754754,20.74631157,17.96339674
20319,16.43281932,32.4331801,15.3323622,21.6276035,14.17403489
41546,16.43281932,32.4331801,15.3323622,21.6276035,14.17403489
2487,19.74949428,25.31596584,15.33266938,19.29541341,20.30645709
10078,18.90830307,25.2567492,15.3363703,18.19036559,22.30821184
19467,21.71561446,17.71756368,15.33978335,19.04966239,26.17737612
3401,16.12823968,28.80027378,15.34088062,18.89690969,20.83369623
39507,21.8542683,25.53751218,15.34127315,22.0851677,15.18177867
22054,18.14321334,27.44400769,15.34214859,18.69652735,20.37410303
30160,17.65484736,24.51435232,15.34934166,22.48000475,20.00145392
17418,20.48615157,18.74420552,15.35113789,21.29873703,24.11976799
1215,19.08457075,24.10705942,15.35361752,21.41403251,20.04071979
1622,19.08457075,24.10705942,15.35361752,21.41403251,20.04071979
2180,18.26820106,22.16886497,15.35580531,19.64896779,24.55816087
32,13.29189565,21.3612391,28.76188341,17.93709797,18.64788387
23123,23.77882632,17.91679416,15.35725304,18.03263239,24.91449409
13765,22.5199252,24.80035255,15.35990925,20.21140414,17.10840886
19865,18.57284732,24.40201338,15.36008928,20.97634267,20.68870735
20336,17.23965023,30.10394032,15.3630046,19.78922716,17.50417769
20756,17.23965023,30.10394032,15.3630046,19.78922716,17.50417769
34444,18.50927996,29.56804188,15.36323772,19.88108637,16.67835407
33618,18.59461262,28.1926071,15.36346307,18.35888223,19.49043498
36510,19.73286955,22.5335608,15.36416345,21.6448134,20.7245928
19533,21.51276279,23.64289999,15.36511696,21.21188038,18.26733988
1039,20.15115468,25.04047978,15.3675067,19.19453922,20.24631961
38566,17.11311404,26.39744938,15.36857107,20.23623558,20.88462993
14863,22.16654589,22.05250954,15.36997825,19.84885383,20.56211248
28942,21.99361333,20.8438026,15.37692773,18.06264991,23.72300643
20124,19.14763253,20.58185763,15.37731952,19.95457564,24.93861468
30489,17.90255399,26.89842286,15.37827433,18.75294541,21.06780341
34724,21.36158804,19.71069669,15.38159625,20.10630881,23.43981021
23433,18.39498936,28.17419634,15.38160453,18.44271984,19.60648992
38690,22.52887295,19.96362413,15.38182726,21.0986136,21.02706207
10576,18.2538301,25.63653603,15.38228773,17.57170246,23.15564368
19216,17.9920553,21.81319447,15.38348104,19.02336568,25.78790351
40593,21.72369576,27.59533149,15.38563414,20.6735166,14.62182201
21109,18.09365825,28.0723153,15.38686817,18.58644612,19.86071216
20312,17.97661324,22.61711492,15.38747797,21.57973632,22.43905755
32186,21.56055357,26.21323586,15.38867272,21.87473061,14.96280724
32663,21.56055357,26.21323586,15.38867272,21.87473061,14.96280724
498,16.89598025,15.88057906,28.74814832,15.28013753,23.19515484
22338,16.85012783,27.48490065,15.39160133,17.70390368,22.5694665
33094,17.61318171,26.20853451,15.39225077,16.98957588,23.79645714
33572,17.61318171,26.20853451,15.39225077,16.98957588,23.79645714
39687,21.22475471,22.83419728,15.39403438,18.04509081,22.50192282
3864,15.94449152,29.02521448,15.39540035,18.47312445,21.16176919
33296,19.78435838,21.05463382,15.3957557,19.23883013,24.52642197
23057,17.34155116,27.84752556,15.39926431,19.31958802,20.09207095
33347,20.83185587,20.27189661,15.40117787,22.03828816,21.45678149
21186,22.28343193,19.53062986,15.40268196,20.74362944,22.03962681
38699,19.92045118,24.35486569,15.40726841,23.50368722,16.8137275
33237,16.5618956,28.10840767,15.40734754,16.8626182,23.05973099
3585,22.0801851,20.03040736,15.40851165,21.59585025,20.88504563
2858,21.15980174,23.22139903,15.4090285,18.77996486,21.42980587
9250,19.31339742,24.56085949,15.40930909,18.53770924,22.17872475
24351,20.10657584,24.18944898,15.4113238,23.56101662,16.73163475
9069,19.71392965,22.51487306,15.41262445,20.56067832,21.79789452
33196,16.88760662,26.50242503,15.41394019,19.73053402,21.46549414
41585,19.64319333,26.57136221,15.41573805,22.5486755,15.82103091
5451,21.97178988,23.4508332,15.41787431,21.30435103,17.85515158
6527,22.75920501,27.09096953,15.41811171,20.36392249,14.36779125
23398,19.65339465,21.19978325,15.41893844,21.98940946,21.7384742
16618,16.03216165,28.54484711,15.41900424,18.89964401,21.10434298
21003,18.00213224,24.50865152,15.41975009,22.37353073,19.69593542
21074,17.86852582,26.27342157,15.42296431,16.92240881,23.5126795
21460,17.86852582,26.27342157,15.42296431,16.92240881,23.5126795
33304,19.20523405,24.1413544,15.43001395,21.84455578,19.37884181
3854,18.50191865,32.19238064,15.43523598,21.68622717,12.18423755
6456,21.33866568,20.04121055,15.43838058,22.46652147,20.71522173
38931,22.43588141,23.28838531,15.44032101,19.45205253,19.38335974
38084,20.65865301,24.9660585,15.44039726,24.27050488,14.66438636
31392,19.59520541,22.45909682,15.44184509,20.74581236,21.75804032
31865,19.59520541,22.45909682,15.44184509,20.74581236,21.75804032
8260,20.69365342,21.00514677,15.44315441,22.00478421,20.85326119
2592,17.89898506,28.92552958,15.44343412,18.81304359,18.91900764
33762,22.16731706,21.64195843,15.44556434,22.30429087,18.4408693
10046,20.02964859,22.89133746,15.44628191,18.15917941,23.47355262
28857,20.87467423,23.67687355,15.44852547,23.62150128,16.37842548
23878,18.97205839,22.5687159,15.44972619,20.94716113,22.06233838
7808,17.98071359,24.76091907,15.45141341,17.33749574,24.46945818
34483,19.55700957,22.77305084,15.45304878,17.14555686,25.07133395
23446,17.92004029,30.08197769,15.45596515,20.22391825,16.31809862
12707,18.46665027,23.44309427,15.45818476,20.13745196,22.49461874
16987,18.53418604,23.36164655,15.4583603,23.2666499,19.37915721
11028,18.97390007,27.74397351,15.45968236,22.93766108,14.88478298
21337,23.1619347,21.11320604,15.46012927,17.87493543,22.38979457
21775,23.1619347,21.11320604,15.46012927,17.87493543,22.38979457
7601,15.95114946,33.19358644,15.46361932,21.11640983,14.27523495
9067,19.66944002,22.65203707,15.46432291,22.25582154,19.95837846
30706,17.8908323,28.01387064,15.46483686,17.84379464,20.78666557
34397,23.89091274,20.56600787,15.46711385,18.60271396,21.47325157
7922,19.45561512,23.90247598,15.47037921,22.14890565,19.02262404
22977,17.02081531,29.63671947,15.47721582,17.81142672,20.05382269
976,20.39559747,21.75077737,15.47813194,18.48800631,23.88748691
34260,18.74247174,27.98421575,15.48367084,20.375136,17.41450566
24360,20.56428783,22.80801204,15.48467338,19.47528152,21.66774522
34877,15.65884347,17.76949588,28.63705044,17.45769379,20.47691642
39496,19.76094435,21.02716432,15.48674124,21.59739245,22.12775764
35066,11.94726084,26.00113166,28.59185172,14.54483634,18.91491945
21388,18.20406913,30.03242058,15.49786935,20.02639994,16.23924099
31275,22.63220492,21.65327889,15.49955879,19.45599339,20.75896401
31751,22.63220492,21.65327889,15.49955879,19.45599339,20.75896401
21831,21.08057576,22.00703462,15.50130829,20.0220238,21.38905753
34197,18.2310147,21.80627297,15.50360354,18.42698923,26.03211956
10962,23.03864407,25.38500675,15.5042085,22.34281011,13.72933058
25891,18.35739725,21.93378793,15.50458869,20.39493842,23.8092877
12581,19.4172342,23.88425939,15.50553315,22.52655948,18.66641378
22006,20.89823276,23.17847426,15.50757832,22.72939693,17.68631773
27236,15.15414337,27.53988823,15.51061822,24.39857615,17.39677403
19484,19.53641889,28.23632911,15.51148374,23.52587275,13.1898955
16155,19.57534284,22.22661099,15.51273609,22.81437919,19.87093089
40557,21.94135077,24.16112055,15.51284337,19.22884525,19.15584007
7937,18.34778317,30.12249226,15.51338216,20.42308817,15.59325424
10039,19.49151036,22.87375685,15.51409262,17.23454436,24.88609581
4797,18.92938281,22.66800085,15.51492126,19.47356706,23.41412802
7383,22.65147981,27.06625957,15.51508742,20.20136217,14.56581103
3046,18.48416835,26.41051543,15.5157861,18.20613505,21.38339507
7392,22.14101839,20.90408362,15.51713603,20.89928991,20.53847204
12666,21.56895271,22.28414493,15.51786867,21.39509697,19.23393673
17193,17.49697571,26.11461502,15.51920842,16.68574028,24.18346056
5160,18.54090167,27.39401708,15.51983632,19.08986452,19.4553804
37894,20.14707296,26.17436497,15.52763772,19.85938785,18.2915365
3553,18.94996168,23.33569415,15.52893473,22.55263445,19.63277499
8321,23.21657992,20.01957795,15.52906735,24.09510672,17.13966805
38155,23.21657992,20.01957795,15.52906735,24.09510672,17.13966805
19192,18.43205494,27.23326464,15.53193239,22.81589695,15.98685107
19901,22.3750647,24.50424243,15.53572248,20.26007202,17.32489837
40290,18.63669017,22.07413434,15.53657174,19.80708766,23.94551609
16718,28.04171221,17.2208789,15.53975049,22.48561969,16.71203871
1124,18.54187204,18.83129631,15.53996004,20.05716312,27.02970849
39580,22.07408924,25.40006298,15.54173825,20.44439029,16.53971925
19834,19.33358004,22.4903946,15.54213152,23.86984277,18.76405107
11003,22.90313213,22.53292878,15.54241544,21.49460377,17.52691988
22691,23.29869128,18.55910248,15.54469529,20.79996566,21.79754528
20399,19.95632431,18.67678206,15.54562656,20.22024748,25.6010196
7175,20.65528476,23.98455107,15.54742987,25.56112776,14.25160653
31423,18.33035606,28.9198742,15.54799595,19.2294889,17.97228489
7927,17.2619218,30.59269496,15.55239196,19.95915245,16.63383882
34227,19.12152936,21.05120432,15.55272001,19.15771445,25.11683187
37689,19.94554905,25.08955313,15.55690387,23.16773471,16.24025923
2266,19.51088201,23.97451861,15.56109009,21.54004896,19.41346033
19975,18.60090403,24.46104122,15.5649382,22.6079919,18.76512465
6272,18.40962605,22.16366954,15.5661868,21.9337519,21.92676572
6703,18.40962605,22.16366954,15.5661868,21.9337519,21.92676572
16196,15.02882629,30.41510137,15.56652188,18.96928422,20.02026625
20937,20.39585749,21.7177515,15.57077693,21.387858,20.92775608
21359,20.39585749,21.7177515,15.57077693,21.387858,20.92775608
19615,11.01902554,37.38829948,15.57364473,28.09451579,7.924514467
5005,22.63995708,21.5069355,15.5743465,20.16844172,20.1103192
23952,19.4293457,25.96716064,15.5755259,22.11403862,16.91392912
8311,19.52386715,21.33198655,15.57792121,21.86032408,21.70590101
2583,21.17115842,25.76083826,15.57989309,18.17390376,19.31420647
4732,18.54524085,27.26951222,15.58285249,18.6874895,19.91490493
4928,18.53042732,26.98574949,15.58360302,19.50192356,19.39829661
4119,17.25004157,28.82227487,15.58639388,19.9492028,18.39208689
18831,20.71382592,21.96164294,15.58887451,20.9358357,20.79982093
8,17.51690981,16.53188433,28.37844462,17.82643741,19.74632382
25791,22.40652524,19.17762771,15.58946548,19.92403311,22.90234846
40965,22.04566224,22.75987101,15.58964912,19.08609272,20.51872492
35138,14.50012144,21.37660001,28.29953688,15.02527387,20.7984678
41066,18.16402453,29.69365088,15.59669586,19.41480701,17.13082172
25416,18.91115713,26.51853997,15.60013935,19.46308914,19.50707441
41651,18.00959091,27.71504083,15.60136835,21.26931457,17.40468534
25682,19.25409488,24.66267855,15.61478879,18.40519563,22.06324215
38697,20.48070747,24.18506787,15.61648746,18.85495882,20.86277838
18840,18.51710663,25.81312188,15.61962305,20.51795628,19.53219217
13351,23.38315294,24.52081023,15.62024539,19.6209567,16.85483474
29809,20.3152327,22.77728754,15.62155823,20.73451396,20.55140758
27067,16.82432969,26.51495468,15.62296305,18.20956808,22.8281845
9022,18.18591415,20.52300775,15.62365081,20.31274418,25.35468311
9434,18.18591415,20.52300775,15.62365081,20.31274418,25.35468311
4877,23.54367868,18.70113543,15.62782824,21.31015488,20.81720277
2361,21.15885107,21.84035791,15.62793941,20.94265642,20.43019519
31637,18.11280708,25.53253744,15.62798703,22.85449878,17.87216967
4755,18.60627367,25.47796369,15.63079289,19.35546128,20.92950847
4252,26.18189747,20.54840347,15.63087689,20.65197388,16.9868483
16672,19.32648468,19.97328316,15.63496133,19.62731161,25.43795922
27729,16.67222947,24.89957143,15.63497756,18.92152575,23.87169579
20073,22.52580795,22.66951406,15.63935048,19.17312122,19.99220629
11783,17.65133383,25.22914058,15.64098505,16.3060556,25.17248495
36608,19.45979291,29.72089117,15.64284337,22.91087743,12.26559512
11653,21.64571855,23.22849077,15.64325116,18.72371344,20.75882609
5142,23.19521215,18.99676302,15.64426175,21.00532581,21.15843726
25865,19.01707889,27.56200186,15.64449327,18.99499128,18.7814347
1658,22.77360845,19.94035971,15.64559546,20.38904986,21.25138653
8997,23.57420102,20.76148324,15.6457725,21.00459965,19.01394359
17838,19.989247,26.15505182,15.64600323,19.30745941,18.90223855
20958,18.6256103,28.75727172,15.6467036,20.49347451,16.47693986
34712,22.28348847,20.42809758,15.64709027,17.23789685,24.40342684
30911,19.89961789,21.46713187,15.64941558,16.15830906,26.82552561
24998,19.03969392,26.09092456,15.65323332,23.61832399,15.59782421
25296,19.03969392,26.09092456,15.65323332,23.61832399,15.59782421
3868,18.42540438,25.20980973,15.65349258,18.97226455,21.73902876
38948,20.89927993,23.8507682,15.65580566,18.37527,21.21887621
389,14.64504169,17.91392243,28.18427534,18.32791697,20.92884357
6512,21.39144097,23.08618932,15.65813485,18.67880406,21.1854308
22497,20.18867388,22.96134289,15.66100435,17.92823715,23.26074174
14569,19.56248732,27.55536927,15.66472051,26.96669251,10.2507304
7208,22.51296126,20.84192938,15.6649184,17.0139422,23.96624876
11980,23.45990307,22.1263807,15.66523398,19.88606511,18.86241713
33018,18.18157942,27.4519111,15.66526465,18.59437313,20.1068717
19902,21.8682243,18.04907536,15.66565245,17.99291658,26.4241313
34114,18.50510761,21.62509462,15.6659339,19.81112308,24.39274079
18841,18.13576714,22.96185407,15.66618789,19.64745851,23.58873239
20387,14.88846879,28.17535466,15.66734766,18.44361545,22.82521344
8507,18.05166606,22.7191639,15.66844793,19.7079286,23.85279352
2608,20.02460246,23.5610584,15.6689897,19.79665549,20.94869395
26379,17.28178334,34.41009277,15.67020509,21.71789934,10.92001947
26789,17.28178334,34.41009277,15.67020509,21.71789934,10.92001947
19662,18.35649528,25.13143959,15.67035857,16.86357832,23.97812823
33796,22.68232712,20.5747504,15.67045438,17.81092367,23.26154443
18889,18.46932736,30.46912801,15.6717117,19.27290265,16.11693029
19219,18.46932736,30.46912801,15.6717117,19.27290265,16.11693029
7084,18.83326879,22.48852719,15.67223389,20.44090281,22.56506732
33312,22.45944609,20.58537939,15.67287467,17.74499702,23.53730283
33253,20.86810184,22.68928606,15.6730432,18.81573851,21.95383039
2422,21.23516446,21.76650609,15.67462166,17.79033816,23.53336962
36530,23.17290945,22.60575486,15.67491378,19.0349029,19.51151901
9513,17.94876002,25.4804552,15.67545765,17.29428321,23.60104392
17239,19.05775622,22.51913318,15.67769544,16.83043351,25.91498165
17579,19.05775622,22.51913318,15.67769544,16.83043351,25.91498165
34748,19.75164984,21.72264033,15.67870145,22.42703639,20.41997198
7754,18.57572705,25.38680186,15.67904853,20.39846489,19.95995767
30796,18.95417803,22.96708078,15.68115737,18.64779136,23.74979246
22964,23.40216464,22.18939498,15.68599899,17.8019615,20.92047989
25111,18.7988793,23.63073195,15.68663675,23.22317957,18.66057242
8828,24.31008733,22.52608473,15.68668546,21.45713425,16.02000823
19759,22.43774854,21.96318604,15.68746257,18.72133788,21.19026496
7870,19.03674129,20.79596414,15.68786833,22.93706455,21.54236169
23245,18.16384143,23.35337974,15.68971034,18.05737052,24.73569796
34838,17.1825156,19.27350484,28.14358444,16.22140078,19.17899434
40776,20.7551421,23.93314808,15.69305627,23.72840646,15.8902471
8054,17.03737199,28.23963072,15.69452009,19.29811116,19.73036604
25911,17.52024212,21.3084766,15.69607588,19.03662901,26.43857638
10109,21.437237,22.67927169,15.69881509,19.68901213,20.4956641
3011,21.53486204,22.51446435,15.69891607,18.48235899,21.76939855
15322,20.69434234,24.64129801,15.70229558,21.87242626,17.08963781
35071,14.82241839,22.0892928,28.12813532,16.41620171,18.54395178
21939,18.4100314,24.68568526,15.70505733,20.37167704,20.82754896
39549,19.86273049,24.9802109,15.70660138,22.53723271,16.91322453
37094,18.93642173,23.35658675,15.70717773,20.09907836,21.90073544
41421,19.72778469,19.84137294,15.70816006,21.91367338,22.80900892
7342,20.87347714,21.43017948,15.70979518,21.77226213,20.21428607
21192,20.60214449,21.48114066,15.71023415,17.71746714,24.48901355
21585,20.60214449,21.48114066,15.71023415,17.71746714,24.48901355
4375,19.01838303,25.24266435,15.71219273,18.72618059,21.3005793
7105,17.74348587,27.13871075,15.71249029,20.51618577,18.88912731
24695,18.14480704,27.35663184,15.71479714,19.16674861,19.61701538
25107,18.14480704,27.35663184,15.71479714,19.16674861,19.61701538
556,13.46234438,19.63099661,28.10341871,11.25445851,27.54878179
39661,19.95957161,24.72858652,15.71822703,21.870944,17.72267085
22549,20.56157046,22.08959896,15.71862794,21.37657777,20.25362486
6503,17.93152305,27.47227926,15.71909493,20.43098674,18.44611602
6903,17.93152305,27.47227926,15.71909493,20.43098674,18.44611602
17464,21.85167927,19.0755976,15.71920645,19.67895799,23.67455868
9642,16.33494868,24.29283531,15.72006656,17.71509266,25.93705679
19588,18.03538885,25.21223955,15.72183824,19.06270963,21.96782374
5045,18.30457848,26.57652153,15.72401301,18.21963606,21.17525092
23546,20.97262198,24.10592899,15.72488527,23.02397118,16.17259258
22170,20.57681317,22.54884086,15.72635755,18.42212462,22.7258638
37719,19.98351272,20.90273173,15.73296529,22.42245975,20.9583305
10933,18.2341973,30.95752251,15.73454685,22.08317255,12.99056078
11358,18.2341973,30.95752251,15.73454685,22.08317255,12.99056078
33133,18.78275411,26.25194841,15.73775434,17.74459994,21.48294321
13350,21.04049347,22.11390257,15.7378197,17.08108792,24.02669634
27658,21.66251422,21.33700872,15.73853586,19.19298116,22.06896005
10544,18.3009768,25.56654946,15.74192097,24.09299846,16.29755431
32970,22.06308268,23.18200885,15.7430743,17.34305564,21.66877853
31806,18.03855039,26.91278257,15.7478424,19.15479822,20.14602642
34181,21.5750662,24.86933429,15.74794477,19.12948151,18.67817323
2332,18.34658903,28.03868956,15.74991718,18.63817242,19.2266318
36977,18.27023321,29.38976678,15.7503416,20.81551592,15.77414249
28058,19.3939344,20.71799395,15.75149645,22.40298837,21.73358683
28469,19.3939344,20.71799395,15.75149645,22.40298837,21.73358683
34475,17.6119173,25.41948654,15.75220501,16.53333072,24.68306044
36109,23.95618197,24.17987064,15.75508825,22.81339136,13.29546778
28135,18.83188764,23.481096,15.75663728,20.46725625,21.46312283
28522,18.83188764,23.481096,15.75663728,20.46725625,21.46312283
24821,17.19848306,26.73110957,15.76186297,17.86563928,22.44290511
2883,23.23658352,25.56639443,15.76336826,19.83199863,15.60165517
21289,19.79570249,26.69499095,15.7633706,25.67368138,12.07225458
33782,22.55140075,14.17827378,15.76766034,19.55637258,27.94629255
12871,19.12146967,24.15261646,15.76842678,23.04733282,17.91015426
34968,10.88657371,20.62214052,28.08345493,18.89787342,21.50995741
35081,15.83785964,19.39840899,28.00465051,18.74586258,18.01321828
10566,17.81487787,26.66047674,15.77956518,18.25006738,21.49501284
16727,23.36185745,17.28085183,15.78200745,17.12552013,26.44976314
37025,19.61596012,22.56416709,15.78264009,18.77246921,23.2647635
12195,22.56010445,18.87696289,15.78502407,17.28317896,25.49472963
31330,18.44104693,25.4152019,15.78714651,21.27826331,19.07834135
31801,18.44104693,25.4152019,15.78714651,21.27826331,19.07834135
38545,22.68595942,22.867539,15.78800522,20.81387508,17.84462127
27988,22.00439408,19.67352651,15.79060878,21.13089835,21.40057227
28400,22.00439408,19.67352651,15.79060878,21.13089835,21.40057227
2820,21.41127728,21.35773586,15.79359304,19.98861141,21.44878241
40978,18.77419364,30.53362797,15.79563773,20.65399424,14.24254641
25430,16.65390689,23.88796384,15.79575549,17.56563155,26.09674224
7152,22.24309908,27.82433119,15.79677722,23.89161416,10.24417834
10211,21.225544,22.82082938,15.80214522,18.75577376,21.39570764
14004,18.95330807,28.2979762,15.80237665,23.68815459,13.2581845
38185,19.00272479,21.05112156,15.80457035,20.62077717,23.52080613
15796,18.32685066,24.74629017,15.80647993,17.86147746,23.25890179
31393,17.96875345,28.46764974,15.81191099,19.97997161,17.77171421
31866,17.96875345,28.46764974,15.81191099,19.97997161,17.77171421
40842,22.78602067,23.1044383,15.81209019,19.52755787,18.76989297
20370,19.12850985,23.14807752,15.81271189,20.71478322,21.19591751
21173,19.04811914,24.04013498,15.8135051,18.72095099,22.3772898
39716,22.4139622,22.71859363,15.8137074,22.24794814,16.80578863
22082,22.50709536,18.59408749,15.8162036,20.65588186,22.42673169
29557,23.25340727,18.08732717,15.81682679,18.58805518,24.25438359
38118,20.3640282,19.43560708,15.81750122,21.06146577,23.32139772
4577,22.26191197,22.49108895,15.81868217,18.8468805,20.58143642
25884,17.98710446,27.12832769,15.81968681,18.39477626,20.67010478
32259,20.70050599,26.36754901,15.82047096,19.39332917,17.71814487
32749,20.70050599,26.36754901,15.82047096,19.39332917,17.71814487
29312,18.39969549,20.91700292,15.82093159,21.30771872,23.55465128
31177,23.68632752,20.39491099,15.82211086,18.73968398,21.35696665
31647,23.68632752,20.39491099,15.82211086,18.73968398,21.35696665
34176,21.07289473,23.31573198,15.82284476,19.020187,20.76834152
41121,21.37901788,21.51587884,15.82574923,17.89006648,23.38928757
39456,23.76259757,23.69743077,15.8322149,21.04220773,15.66554902
27231,21.9511277,21.67149446,15.83347837,18.27670174,22.26719773
15412,21.17939152,24.09297775,15.83565608,26.43130084,12.4606738
10854,22.77965157,19.66134041,15.83577951,22.46351624,19.25971227
22109,18.12495906,24.10496475,15.83836784,16.99385107,24.93785729
7805,16.85206253,26.03957585,15.83853919,20.13549246,21.13432996
17284,18.77752316,26.42235519,15.83926422,20.98069167,17.98016575
38048,22.3798382,22.30547573,15.84129845,19.75238049,19.72100713
10896,17.29850759,30.13642058,15.84200883,20.85480841,15.86825459
38027,19.05373758,25.12123071,15.84228364,24.78873065,15.19401744
31455,18.22148018,25.58978244,15.84398173,18.75334405,21.5914116
31921,18.22148018,25.58978244,15.84398173,18.75334405,21.5914116
10376,18.2805568,22.75303821,15.85182123,19.57141824,23.54316553
25908,15.09063827,29.4195633,15.85188719,17.6253573,22.01255393
27648,17.68357065,28.30604844,15.85222001,16.84313221,21.31502869
35569,14.25847683,19.03876648,27.97626704,19.68305326,19.04343639
24857,17.175185,25.6052606,15.85478548,17.67491156,23.68985736
9579,22.76304268,22.54708034,15.85641965,19.6908824,19.14257493
10359,18.79200985,22.26072153,15.85819796,19.66548903,23.42358164
4972,18.21167078,27.18907768,15.86024799,18.95622153,19.78278203
17151,17.72699625,33.40374274,15.86284909,23.54315325,9.463258662
33335,17.98111888,24.07380541,15.8629633,22.15811699,19.92399541
7306,18.61043518,23.485354,15.86300461,22.02270493,20.01850128
33512,18.29903914,25.93431396,15.86374753,17.08081345,22.82208591
34329,21.25901498,21.10138798,15.86453259,21.01145921,20.76360524
10054,18.97777459,23.31046934,15.86539721,17.03460895,24.8117499
21732,14.05300733,37.93290638,15.86583803,19.71712607,12.43112219
855,18.03916089,22.31075871,15.87268786,19.41905718,24.35833536
1297,18.03916089,22.31075871,15.87268786,19.41905718,24.35833536
4322,18.71007881,25.97286189,15.87352135,19.79244139,19.65109655
475,13.38495642,21.50531146,27.82452526,15.22823624,22.05697062
34762,18.97887019,22.07338194,15.87506463,15.98194347,27.09073977
19511,17.7386597,26.20159464,15.87801307,17.13536683,23.04636577
34579,16.88825595,32.11244386,15.87863107,18.97702435,16.14364477
38139,19.01619919,21.56768933,15.88089041,21.83115183,21.70406924
7246,26.02271615,22.42565775,15.8816347,20.60376882,15.06622259
10035,20.58391469,23.27531637,15.88334608,18.03182371,22.22559916
40082,20.17177651,23.06904512,15.88610989,19.46601758,21.4070509
18778,18.83251839,28.24997755,15.88821708,23.77131672,13.25797026
23402,18.26745776,24.81506464,15.88873776,18.12589007,22.90284977
2479,21.79079388,24.32296771,15.88955857,18.77466794,19.22201191
31662,17.55553682,28.48891788,15.89029583,20.12322089,17.94202857
26467,19.29861152,23.43481821,15.8924391,18.90542921,22.46870196
26897,19.29861152,23.43481821,15.8924391,18.90542921,22.46870196
33026,18.44919285,23.03035393,15.89411102,19.79002005,22.83632216
21477,17.96099137,24.68558793,15.89444575,17.36600858,24.09296637
23923,17.89985125,29.39276662,15.89522709,19.33894171,17.47321332
34497,20.06476769,26.86154551,15.89637532,18.75795788,18.4193536
12579,18.81151583,22.77461143,15.89895596,20.31550879,22.199408
33109,17.57464735,28.17022256,15.8997435,18.72372224,19.63166435
17903,19.25554773,25.41480339,15.90057918,24.18025068,15.24881902
10066,18.84622457,23.05060724,15.90122268,22.59346257,19.60848294
2437,19.75268501,22.31442693,15.90128488,17.03814327,24.99345992
20234,19.20467938,20.33225007,15.90164026,19.81070035,24.75072993
20684,19.20467938,20.33225007,15.90164026,19.81070035,24.75072993
2805,19.13822493,24.50920088,15.90218558,20.60715146,19.84323714
39083,18.7338878,16.73703947,15.90237379,23.14834056,25.47835839
7803,20.32069242,23.65510015,15.90345179,24.03876106,16.08199458
1465,22.10428528,23.97522093,15.91128032,19.31842901,18.69078446
10384,18.6125901,27.35210233,15.9118136,18.82580644,19.29768753
19757,21.52249104,21.71869145,15.91327231,18.67375449,22.17179071
10275,21.84494933,23.15063273,15.91341904,19.94879891,19.14219999
26042,19.92512156,20.72582725,15.91539022,19.68672851,23.74693247
9088,19.31418549,22.76555642,15.91594984,21.15037714,20.85393112
5491,21.6051388,22.21327902,15.91646761,18.79522623,21.46988834
23034,17.29487691,30.66872399,15.92407094,20.41104242,15.70128574
23481,17.29487691,30.66872399,15.92407094,20.41104242,15.70128574
22750,20.49405687,21.32393392,15.92414275,19.11881095,23.13905551
34649,23.79691752,14.50971465,15.9247725,16.6155491,29.15304623
34407,18.17393263,22.3799008,15.9300298,17.82965564,25.68648113
7926,17.40223326,23.04994375,15.93052095,20.61885989,22.99844215
14925,19.89292774,25.53104156,15.93113078,25.97963199,12.66526793
13370,18.94648026,29.22036135,15.9348166,18.17475826,17.72358352
19745,21.52891906,27.33346382,15.93803261,20.71712614,14.48245838
9280,17.3844752,26.41419479,15.94256901,17.9773806,22.2813804
9684,17.3844752,26.41419479,15.94256901,17.9773806,22.2813804
38926,19.43540139,24.25139608,15.94357581,20.78377847,19.58584824
9176,23.33117642,20.12245479,15.94368548,19.86321593,20.73946738
8615,18.13052289,25.95138879,15.94380485,19.30044447,20.673839
3784,19.80081449,23.6325609,15.94437558,17.82728569,22.79496334
10087,20.1572456,23.1765535,15.94751255,18.42722601,22.29146233
4728,17.92242618,27.30864776,15.94757547,19.75590501,19.06544557
38680,19.446874,23.97535056,15.94825267,17.88810712,22.74141566
6593,18.04070237,24.36686761,15.94912098,15.577014,26.06629504
7015,18.04070237,24.36686761,15.94912098,15.577014,26.06629504
11809,18.77421568,21.77265895,15.94942508,21.49327691,22.01042339
19174,21.87119608,22.19815975,15.94996503,18.43065128,21.55002786
40867,21.60511004,22.26929368,15.95072707,17.70705679,22.46781242
13751,20.56674592,26.95573854,15.9516924,18.94380423,17.58201891
9421,21.39584131,17.49639883,15.95310287,16.98639921,28.16825779
25903,18.15226832,28.01815279,15.95351742,18.60742038,19.26864108
39413,17.38005912,26.23860329,15.95615377,17.24643204,23.17875178
10079,16.89147417,23.30471565,15.95823391,17.1044008,26.74117547
6330,19.68235651,21.95014858,15.95891507,22.31606512,20.09251473
25736,20.45139405,25.17313418,15.96079318,21.9602853,16.4543933
40087,20.70704357,26.88746125,15.96163394,18.92911593,17.51474531
2563,17.53562579,26.87823577,15.96284254,18.8625345,20.7607614
30891,17.80739626,22.47062387,15.96616191,18.76362345,24.99219451
30913,20.64078033,19.01208858,15.96748639,17.96367157,26.41597314
10428,18.36773623,27.47580792,15.9678684,18.70068368,19.48790377
33896,20.39727526,23.73670322,15.96825603,17.72027478,22.17749072
21220,19.16413496,23.04258551,15.96902672,17.42558495,24.39866787
18287,21.96752926,21.78697783,15.97091948,18.00095578,22.27361765
3820,23.24127789,23.6005961,15.97168695,20.32234834,16.86409071
22238,20.34504725,22.63286287,15.97458248,17.47595933,23.57154806
18402,18.50375525,25.06180489,15.97706153,21.83653137,18.62084697
18327,20.18798798,22.70038817,15.97711381,22.1175543,19.01695574
4289,21.29753597,24.43760756,15.97922918,23.09697564,15.18865165
38401,22.50348936,22.06703128,15.9793261,18.40940527,21.04074798
11385,17.30657636,27.94506047,15.98065093,19.19592777,19.57178446
16352,18.80010641,24.50662884,15.98078144,22.52852114,18.18396217
41329,21.60120332,21.21955082,15.98199254,17.95909089,23.23816243
39231,20.82141287,22.18012959,15.98280921,17.69660724,23.31904108
46,17.92481041,18.28977513,27.71931281,16.50077745,19.56532421
34658,18.18693396,25.32388171,15.98794796,17.82916846,22.67206791
39663,17.16772568,28.19099171,15.9881354,18.7044429,19.9487043
2611,19.60168585,21.06984791,15.99216975,21.78113442,21.55516206
10401,18.2093813,28.67542276,15.99358201,19.90515896,17.21645497
17025,15.56256415,25.83564943,15.99549356,16.01837159,26.58792127
17420,15.56256415,25.83564943,15.99549356,16.01837159,26.58792127
18803,19.15742581,25.543851,15.99571383,21.50996989,17.79303947
4523,17.79903835,23.20577888,15.99740479,19.49374321,23.50403478
39038,19.22987015,26.95046822,15.99800164,24.37247177,13.44918821
33115,21.58210613,21.73864245,15.99985871,19.01315605,21.66623666
19129,17.87100902,25.43410894,16.00013771,16.85628962,23.83845471
36538,19.17257631,22.18668686,16.00059564,20.25085689,22.3892843
6029,19.45875254,21.14524494,16.00412213,21.8925474,21.49933299
21198,21.85745003,20.16624852,16.00443431,17.67900557,24.29286158
41636,15.74661752,23.59625209,16.00505404,14.80133814,29.85073821
19149,17.54650128,24.3400922,16.00578471,15.61303442,26.49458739
23068,18.07395323,25.89369528,16.00721069,17.16378439,22.86135641
9196,21.6095203,17.41081541,16.00795663,22.75919056,22.2125171
10051,21.6095203,17.41081541,16.00795663,22.75919056,22.2125171
41465,23.09819626,22.45442642,16.01186073,19.05683632,19.37868026
33350,17.20944338,23.87814004,16.0146124,17.22229408,25.67551009
11510,22.78720908,20.44702335,16.0160698,18.7116711,22.03802667
38344,20.62336199,23.21714557,16.01720172,22.21983876,17.92245197
19496,18.76761026,25.3276764,16.01766236,21.4946661,18.39238488
41014,18.28070239,23.57111583,16.01898399,18.65198698,23.47721081
7658,19.79681982,23.6435388,16.02037446,21.34998545,19.18928148
22389,19.52989962,21.56743755,16.02082886,21.40725825,21.47457572
8342,18.13820179,30.08001839,16.02691616,19.80472091,15.95014275
30175,20.36195082,22.3414352,16.02762266,21.05528249,20.21370883
14178,17.9790372,29.43239914,16.02777355,20.16772077,16.39306934
4534,17.10774609,32.7465514,16.03287831,21.26947782,12.84334639
33262,19.88263609,16.48151296,16.03440016,19.08024754,28.52120325
425,21.43968498,14.99366195,27.63899475,15.24117049,20.68648783
19546,17.44530871,26.63660646,16.03688762,17.05091992,22.83027729
32100,20.22914146,21.85174566,16.03839324,22.81484028,19.06587936
21997,19.31778937,22.1379881,16.03922449,19.63211402,22.87288402
4958,23.51255517,19.61664397,16.04277479,20.267239,20.56078707
37603,19.12490607,24.24608082,16.04526863,19.64644629,20.93729819
32962,19.59018988,21.93110361,16.04668838,18.40836967,24.02364847
16147,22.64862384,20.78129945,16.0481245,19.59367279,20.92827942
24858,17.47799031,25.39116193,16.04895008,17.68989279,23.39200489
23629,16.10799951,26.38558218,16.04945171,19.0131447,22.4438219
2877,19.43566343,23.03566386,16.04976915,22.00374023,19.47516334
22928,18.65412394,24.34363015,16.05035617,21.43923914,19.5126506
13157,17.73720851,23.87828504,16.05066913,17.85510458,24.47873274
18814,18.05400338,29.98531078,16.05094901,19.23637203,16.67336481
19186,18.05400338,29.98531078,16.05094901,19.23637203,16.67336481
34734,18.4299319,27.62293566,16.05104229,18.38577617,19.51031398
2333,18.56161148,23.61729902,16.05305793,20.16704706,21.6009845
21242,18.80795909,28.62166871,16.0577904,19.7806634,16.7319184
22190,18.80795909,28.62166871,16.0577904,19.7806634,16.7319184
13339,17.07384822,23.01776906,16.06010202,18.90603016,24.94225054
33513,17.10058131,23.44021594,16.06156085,18.53472718,24.86291471
24762,17.36223446,27.9896424,16.0620635,17.57257101,21.01348862
35346,12.50093193,23.22783385,27.53188477,16.1051411,20.63420835
31066,21.11842362,25.39160537,16.0648926,18.96490033,18.46017809
31547,21.11842362,25.39160537,16.0648926,18.96490033,18.46017809
167,11.5052828,20.28617616,27.50582916,19.00836034,21.69435154
33534,17.39619856,23.30914415,16.06620279,19.05767782,24.17077668
39558,18.63195138,31.82662559,16.06629771,21.86407529,11.61105003
35984,18.62456486,21.77955413,16.0685616,20.06414188,23.46317753
11985,20.16077235,21.04478534,16.070535,19.91681573,22.80709158
12368,20.16077235,21.04478534,16.070535,19.91681573,22.80709158
28799,21.14844636,21.08259396,16.07062261,19.7883356,21.91000148
4702,23.50540178,22.01891523,16.07266725,19.9219089,18.48110684
9730,22.22245798,23.04953502,16.07414941,18.45420006,20.19965752
29457,18.99703039,21.91982619,16.07494144,18.95916331,24.04903867
36079,21.79892361,24.42999355,16.07530379,19.89732322,17.79845583
23755,17.62029806,24.68680763,16.07733228,17.2543687,24.36119332
25160,19.78007823,23.50857688,16.07742533,16.08356057,24.55035898
39604,20.72232685,23.85560818,16.07839679,18.63236812,20.71130006
26150,20.88915339,20.00529208,16.08004669,19.66571643,23.35979141
26587,20.88915339,20.00529208,16.08004669,19.66571643,23.35979141
14851,23.52767705,18.68157893,16.08254443,20.13960155,21.56859805
8957,19.76286847,22.68924411,16.08285612,19.30639014,22.15864116
3545,20.74263888,21.88574092,16.08289586,19.61610811,21.67261623
3993,20.74263888,21.88574092,16.08289586,19.61610811,21.67261623
10528,19.20647114,21.97891364,16.08558796,19.17358116,23.55544609
5194,18.96402489,27.16595772,16.08573126,20.61172389,17.17256224
10366,18.89897838,23.73631322,16.08976065,18.97768141,22.29726635
8138,18.51798101,26.04772179,16.08986749,18.74591944,20.59851027
37068,23.46604649,26.55521053,16.0930936,21.12104114,12.76460825
946,23.17347978,24.2284129,16.09599006,21.02558719,15.47653007
22954,17.6434614,23.81483046,16.09624336,17.66468892,24.78077586
25685,19.8562877,20.12232534,16.09912469,19.72318364,24.19907863
9202,20.00259138,23.75972199,16.09931561,18.00545955,22.13291147
4542,21.04102407,22.47380118,16.10079597,22.76712602,17.61725276
36555,18.38299049,31.22285783,16.10455955,20.32099215,13.96859998
19513,17.64661537,23.12602641,16.10885119,19.41273626,23.70577076
21900,22.21161102,20.24853403,16.10989337,17.99442601,23.43553558
12848,17.74936232,26.25173734,16.11039571,27.34690239,12.54160223
21888,18.66400538,25.5782768,16.11083855,21.44999478,18.19688449
1165,18.56515982,28.25144883,16.11143175,20.023858,17.0481016
31217,20.43085499,23.36883654,16.11160999,18.10347325,21.98522524
31692,20.43085499,23.36883654,16.11160999,18.10347325,21.98522524
9779,22.93149831,20.30557911,16.11270207,18.86210062,21.78811989
38631,20.40592332,21.69834074,16.11338399,17.58958232,24.19276964
32289,18.40923075,21.81970253,16.11513184,21.92701899,21.72891588
32760,18.40923075,21.81970253,16.11513184,21.92701899,21.72891588
30493,16.31148569,26.98099902,16.1153196,18.93471515,21.65748054
29814,21.6603158,19.37829964,16.11556434,20.27698241,22.56883781
11730,18.4337073,23.06192552,16.11636564,18.02992999,24.35807156
7644,18.6755168,26.14852637,16.11953786,17.3222303,21.73418867
15385,19.06143382,24.38286472,16.1212923,17.61806701,22.81634215
36576,17.59748359,24.86097776,16.1221968,21.37433847,20.04500338
7466,17.55200541,20.15866864,16.12378679,17.84432852,28.32121063
23464,18.60422615,28.07736189,16.12539927,22.09427385,15.09873884
18328,18.41041102,23.51967992,16.12815637,19.34066603,22.60108667
31855,19.08418992,27.58616857,16.12919805,19.69737258,17.50307088
9097,19.91771805,22.7939896,16.13092567,21.48911472,19.66825195
16325,21.08703698,21.54095178,16.13169945,18.10423886,23.13607294
34524,18.53358478,27.26738547,16.1319135,19.02330251,19.04381374
34282,20.8921609,19.47418723,16.13293827,21.54570189,21.9550117
34074,18.67589265,25.68326128,16.13302701,17.2599986,22.24782046
22016,20.05724412,21.45253797,16.13353273,22.34630063,20.01038455
9479,21.64175147,23.80836624,16.1356537,18.20843396,20.20579463
20391,18.08962531,29.40164698,16.13906576,20.11644992,16.25321204
31200,18.81198594,26.98428906,16.13931039,20.45847215,17.60594246
22064,19.2655116,23.9775819,16.14219482,18.6416121,21.97309958
20367,18.03852961,27.48207132,16.14226283,19.20294789,19.13418836
20780,18.03852961,27.48207132,16.14226283,19.20294789,19.13418836
13135,18.25154459,28.48181137,16.14459004,20.05901464,17.06303936
18916,18.45406278,22.67416423,16.14505319,20.67152279,22.05519701
19242,18.45406278,22.67416423,16.14505319,20.67152279,22.05519701
29898,22.3693082,24.75787454,16.1452059,19.35527091,17.37234046
5981,16.60377269,21.06879809,16.14999014,20.5443112,25.63312789
3667,18.46220708,30.62923111,16.1503341,20.71170293,14.04652478
40837,16.15309413,26.81607135,16.15090811,16.15174009,24.72818632
9035,15.85139755,27.10201709,16.15105222,18.94357861,21.95195453
9449,15.85139755,27.10201709,16.15105222,18.94357861,21.95195453
5918,17.09279125,26.34189978,16.1520635,16.48323929,23.93000618
5707,19.62282231,20.89489444,16.15273915,22.73549627,20.59404782
34166,23.15094574,21.97606149,16.15425072,19.17130453,19.54743752
19330,22.99543987,17.78816771,16.15764341,17.37928724,25.67946176
182,19.1617207,22.48040144,19.34051184,17.14370307,21.87366295
21060,23.56535596,18.4423328,16.15940925,19.3817889,22.45111309
21444,23.56535596,18.4423328,16.15940925,19.3817889,22.45111309
39009,19.42100286,21.94075417,16.15985156,22.90026989,19.57812151
39502,18.34076463,26.61625944,16.16134752,19.71455925,19.16706915
10521,19.12594079,28.81811475,16.16397587,20.3868767,15.50509189
24833,22.5673815,17.91886733,16.16634779,16.39447083,26.95293254
41076,18.72964321,27.48904917,16.1674562,19.13902906,18.47482236
25181,18.45599458,24.75614372,16.17409323,19.12462122,21.48914725
33338,21.42076696,22.8139774,16.17520617,18.88383632,20.70621315
22333,17.568453,25.18942588,16.18034521,16.99717942,24.06459649
5161,18.09225211,26.68402007,16.1807277,18.45595008,20.58705004
36938,22.08911898,23.28647497,16.18160495,19.03754822,19.40525287
8079,21.71380676,24.27725641,16.1832281,20.35137308,17.47433565
28124,20.88732505,20.22219175,16.18462673,18.45226347,24.25359299
28530,20.88732505,20.22219175,16.18462673,18.45226347,24.25359299
21196,23.7544928,23.84150588,16.18581766,19.44297063,16.77521302
21591,23.7544928,23.84150588,16.18581766,19.44297063,16.77521302
19880,21.24951495,25.7949236,16.18729452,20.62993003,16.1383369
14491,21.4044051,23.31343958,16.19266774,19.51249276,19.57699482
12815,19.30647067,24.92344137,16.1928096,20.99914258,18.57813578
41389,19.47318459,21.10196656,16.19364872,22.71297099,20.51822915
32570,20.31263111,21.69524046,16.19398178,22.11362891,19.68451775
7646,19.35220009,25.14227813,16.19451182,17.45123348,21.85977648
34794,18.80426662,21.42034117,16.19766083,22.64946032,20.92827106
37110,22.86170364,17.9823184,16.19808636,19.69970281,23.2581888
29784,18.31270022,25.55261067,16.19937207,18.27986917,21.65544787
39617,19.57064769,24.00792747,16.20127988,21.16903724,19.05110773
4579,21.98738562,25.33400084,16.20263592,19.40745271,17.0685249
33226,18.38068603,23.71320466,16.20668196,20.14935385,21.55007351
4028,21.35135975,20.09087518,16.2077997,19.34754254,23.00242283
16248,19.57685898,22.86986628,16.20790045,20.94721536,20.39815892
16655,19.57685898,22.86986628,16.20790045,20.94721536,20.39815892
23020,17.57278305,28.52000849,16.20807092,21.81160917,15.88752837
36907,17.99874054,21.65423965,16.20869797,20.302726,23.83559584
13651,22.04865678,19.92269036,16.20966728,19.64909073,22.16989485
34556,21.54271584,18.52228548,16.21039155,16.67270247,27.05190465
32247,18.54426843,28.66668613,16.21507168,18.56683864,18.00713512
32712,18.54426843,28.66668613,16.21507168,18.56683864,18.00713512
36597,20.23360887,24.21733664,16.21524415,22.95647252,16.37733783
29445,21.39805745,22.58167019,16.21568078,18.73535183,21.06923975
16324,18.03523842,28.51521963,16.21633215,20.92440466,16.30880514
12699,17.77761652,25.12398376,16.21791137,16.33548336,24.54500498
2271,17.58427657,22.17904935,16.21896849,19.05610609,24.9615995
21869,18.9304131,28.18704537,16.22048335,20.60392295,16.05813523
22835,18.35666269,26.42397719,16.2217171,25.3568331,13.64080993
39168,20.92159804,23.16740395,16.22302072,18.01531287,21.67266443
11956,18.7016666,24.10515367,16.22764782,22.9144933,18.0510386
10522,19.13310028,21.47973945,16.22979138,19.19564944,23.96171946
9179,21.81022966,20.15446279,16.23302649,17.07734531,24.72493575
31385,18.99996533,27.78487829,16.23317005,19.71125805,17.27072828
34268,18.40312895,22.89789418,16.23616842,18.46318575,23.9996227
38127,18.35921748,32.088821,16.23866746,24.82598496,8.487309105
3640,18.09087849,22.567928,16.23867632,19.83319496,23.26932224
5515,20.47907083,20.52814832,16.23978582,20.71312179,22.03987325
5955,20.47907083,20.52814832,16.23978582,20.71312179,22.03987325
1252,17.15688725,28.59073199,16.24087158,25.18717152,12.82433765
4592,17.0553891,24.5641677,16.24171332,20.5834864,21.55524348
4222,22.09856221,23.30845826,16.24562458,20.85184744,17.49550751
5232,19.21061001,25.0250842,16.24727984,19.56541184,19.9516141
31338,18.07163247,27.25479753,16.24737219,19.02523577,19.40096204
17861,18.26611745,25.91751095,16.24755362,18.50723114,21.06158685
10527,19.06860373,23.00911357,16.24929565,16.71160318,24.96138386
7478,17.67513874,25.78346685,16.25089641,16.99908778,23.29141021
40019,16.59325908,29.87162677,16.25559771,21.7206754,15.55884104
38575,18.6926458,28.22847904,16.2585452,19.27886317,17.54146679
5209,18.36800016,25.97711709,16.25868645,21.20524048,18.19095583
2503,17.39741408,24.91016583,16.25972957,16.93150582,24.5011847
15354,23.40813885,22.96895438,16.2606799,20.47373842,16.88848845
1350,16.94464754,28.80703315,16.26132492,18.66787559,19.31911881
19974,19.08381169,20.832101,16.26150884,21.64685185,22.17572661
24939,18.8238364,21.14615291,16.26301949,24.78884098,18.97815021
38004,14.22436484,31.76307173,16.26380053,19.61607429,18.13268862
2098,18.65428172,25.22846531,16.26383085,19.15024396,20.70317815
32183,17.72782099,25.61596169,16.2657408,18.02897235,22.36150418
35423,14.0374431,21.3870004,27.50357628,17.76745164,19.30452858
23056,18.8824428,29.99068034,16.26927643,22.58528493,12.27231551
14463,23.88235196,20.12006552,16.26960582,19.89493309,19.83304361
40049,19.60893996,20.0097106,16.26986849,15.49524151,28.61623944
35955,18.93877054,27.18715208,16.27106174,22.46869291,15.13432273
29296,20.55858369,22.91891342,16.27234775,17.12942965,23.12072549
29570,20.74982035,21.34459417,16.27301904,17.34192142,24.29064502
16990,20.20474349,25.29212328,16.27426316,18.68588822,19.54298184
13607,21.25283615,20.80677297,16.27559677,18.90746295,22.75733116
14095,18.53342229,25.10695266,16.27689018,19.18575564,20.89697923
36771,20.54011493,21.85744134,16.2778195,18.37844769,22.94617654
40104,20.00476364,26.64987197,16.27816765,19.78425308,17.28294367
13714,19.53140959,19.95642024,16.28009987,15.61880614,28.61326416
507,16.67409899,21.8397675,27.42016539,22.76292112,11.30304699
16208,19.91932484,21.14053091,16.28181325,21.64834489,21.00998611
16624,19.91932484,21.14053091,16.28181325,21.64834489,21.00998611
15867,18.49973537,27.40734218,16.2856771,20.31919504,17.48805032
14126,18.60328714,27.74201659,16.28691661,18.99285059,18.37492907
20294,17.17564704,22.90110399,16.28787748,19.18132813,24.45404336
12384,16.08151772,25.03034186,16.28835978,18.20069159,24.39908904
33641,19.96320848,20.69694783,16.28854845,16.68175974,26.3695355
17546,16.86611871,25.6727436,16.28864714,18.79794951,22.37454103
22913,19.11780314,27.25407234,16.28884126,18.56455323,18.77473003
23383,19.11780314,27.25407234,16.28884126,18.56455323,18.77473003
18827,18.09008787,23.21993901,16.29419673,16.27691904,26.11885735
19514,18.09008787,23.21993901,16.29419673,16.27691904,26.11885735
39616,18.10997873,27.40807124,16.29466502,19.91077321,18.27651179
8290,18.49685093,22.91110464,16.29567759,20.92513025,21.37123659
7110,20.75524155,22.0253056,16.29601993,21.94681947,18.97661345
22393,18.3010275,26.93413826,16.29689485,18.68889439,19.77904501
23746,18.18474259,23.58197709,16.29846019,22.03829899,19.89652114
5525,19.31987161,22.19250762,16.2988749,17.86447689,24.32426899
11925,18.06180489,25.14234501,16.30188641,18.40132306,22.09264062
12305,18.06180489,25.14234501,16.30188641,18.40132306,22.09264062
24579,16.82879847,29.32068673,16.30231917,19.80582501,17.74237061
8340,22.66259323,18.26435137,16.30493943,18.51361768,24.25449829
38341,22.15762996,19.17078688,16.30601588,19.60988875,22.75567854
32945,19.73404332,23.16151349,16.3071865,24.53866204,16.25859465
33432,19.73404332,23.16151349,16.3071865,24.53866204,16.25859465
15398,18.33750748,24.81814515,16.30883399,18.80784608,21.7276673
33725,18.65543341,25.29148578,16.30943285,17.86994131,21.87370665
39987,19.64281569,21.92312014,16.31261041,17.20585171,24.91560205
6008,17.54068242,24.71951924,16.31290765,22.24552825,19.18136244
28805,18.3050123,21.74127644,16.31374933,19.38429931,24.25566262
135,14.97207429,19.91699403,27.26600494,19.65110175,18.19382499
37451,20.69645155,25.68885411,16.31612035,21.38640081,15.91217319
21904,17.300955,27.28447249,16.31711889,24.26768185,14.82977177
7209,19.23290245,21.46342546,16.32438407,20.71067704,22.26861097
961,19.50929064,28.1445336,16.32577145,21.87553326,14.14487105
3658,20.51424016,21.78886592,16.33013768,24.81002689,16.55672935
27409,20.1240002,21.33964962,16.3325282,20.45296087,21.75086111
11077,22.27017147,22.39361653,16.33693773,18.95895574,20.04031854
9189,24.07027844,21.38262235,16.3381549,20.3213607,17.88758362
16160,17.02296383,30.51883263,16.33964563,21.18735743,14.93120048
8738,18.84142259,23.47756233,16.34387388,22.65509687,18.68204433
19412,17.4508785,26.67400585,16.34504298,17.98777135,21.54230131
8306,16.410364,22.12105528,16.34745346,18.69552308,26.42560418
22990,19.84217291,23.39839048,16.34748899,22.76627796,17.64566967
1586,17.57760697,28.7277398,16.3494092,20.05998973,17.2852543
6080,21.46742399,18.60590862,16.35295462,17.90808543,25.66562733
9260,19.00073597,29.90739163,16.35338662,20.82930685,13.90917893
24202,20.69119145,23.16752585,16.35539586,17.41803526,22.36785158
125,17.52516476,16.12904001,27.07889137,16.10735966,23.1595442
23798,19.141341,25.65819364,16.358349,24.59019097,14.2519254
10471,28.22265127,17.81756713,16.35900923,19.85514454,17.74562783
35408,14.28917229,18.28570268,27.06856696,19.43315497,20.9234031
32326,18.21980842,25.12164615,16.35933506,17.32595534,22.97325504
32800,18.21980842,25.12164615,16.35933506,17.32595534,22.97325504
22080,21.51386676,22.2147751,16.36090377,23.17480143,16.73565293
5859,21.52338725,26.2718642,16.36193757,21.79835478,14.04445619
41466,17.85628623,23.79712822,16.3625538,18.7126218,23.27140996
26126,19.65149696,21.68241513,16.3658179,19.66318319,22.63708682
26569,19.65149696,21.68241513,16.3658179,19.66318319,22.63708682
1565,23.46349192,23.15462325,16.36623478,20.85959276,16.15605729
37049,22.24606854,20.80982084,16.36835817,18.45899562,22.11675684
32442,17.97362105,25.16074818,16.36921306,20.7331504,19.76326732
32880,17.97362105,25.16074818,16.36921306,20.7331504,19.76326732
2843,21.3045773,23.82084551,16.37102927,19.25381435,19.24973357
3678,21.56209933,22.9091264,16.37299986,18.80367553,20.35209888
23143,17.57779836,26.74634299,16.37320673,18.57450241,20.72814951
25502,17.95247874,30.86491926,16.37338877,18.61475941,16.19445382
21255,20.03239244,23.34127622,16.37546383,17.47584251,22.775025
17194,18.07662562,20.30985362,16.37577999,21.61274064,23.62500012
17544,18.07662562,20.30985362,16.37577999,21.61274064,23.62500012
38984,21.52682904,21.93259153,16.38035574,19.10826892,21.05195477
7390,18.59261774,24.65711565,16.38089318,17.66046007,22.70891337
12807,17.25207908,28.53408635,16.38126396,18.6759599,19.15661071
16132,17.95928121,25.84376125,16.38238122,17.84903565,21.96554068
34403,20.02982608,18.97759783,16.38329277,22.96249657,21.64678676
22925,19.46130005,21.38899618,16.38409696,22.38263483,20.38297198
10796,20.29718667,26.26872329,16.38435365,23.02209175,14.02764464
16559,18.47899225,26.88904698,16.38659471,19.64263288,18.60273317
24864,19.68727992,17.54710611,16.39075146,21.29214903,25.08271348
39629,20.72037649,20.92958659,16.39688599,24.62052987,17.33262107
11771,18.34315966,24.3441812,16.39780122,17.15323413,23.76162379
13178,20.55996304,23.76882622,16.39868926,18.59406201,20.67845947
8354,17.76757977,27.01601361,16.40120266,17.15364166,21.6615623
37772,20.94805849,20.83663223,16.40413786,21.51933467,20.29183675
41158,17.31022994,26.08441409,16.40501633,19.68421929,20.51612036
10069,18.21685237,24.39846521,16.40520019,24.10842981,16.87105242
23292,12.83820145,31.21109852,16.40590898,18.57475311,20.97003793
10899,24.47440238,22.44155111,16.40630301,20.93526117,15.74248233
35250,14.39016511,19.82021785,26.9138246,18.39141843,20.48437402
15288,19.94130885,22.33651406,16.40972228,20.34436574,20.96808907
5202,16.57550197,27.30523281,16.41115798,18.6180532,21.09005404
32271,21.2905008,20.70286787,16.41250838,20.66712021,20.92700274
32750,21.2905008,20.70286787,16.41250838,20.66712021,20.92700274
23505,16.15394284,23.97711905,16.4163291,15.6135918,27.8390172
24094,17.46912897,26.49845916,16.41655629,18.3598706,21.25598499
10500,22.31160092,20.11248211,16.41933413,20.05382386,21.10275898
29353,23.34540719,17.49222797,16.42291453,18.15405974,24.58539056
27264,21.58058952,22.65235978,16.43092906,18.11421375,21.22190788
17929,17.82836834,22.93768518,16.43255707,17.51637966,25.28500974
33046,18.06385739,21.83725025,16.43298967,19.5361731,24.1297296
35937,22.4144626,26.26898771,16.433342,21.36896795,13.51423974
34809,17.45068674,17.1677258,26.89937885,19.03936792,19.44284068
17035,17.74261968,28.45889101,16.43410848,18.73130187,18.63307896
36179,19.64371144,27.60238521,16.43459645,21.61060269,14.7087042
14496,21.31493483,23.54274671,16.43479285,18.8403646,19.86716102
16135,18.70869634,26.35232586,16.43536635,18.92888959,19.57472185
24182,17.83187693,25.47791293,16.43587363,17.00270906,23.25162744
17186,21.70784674,23.17826412,16.43731635,18.53204973,20.14452306
38314,18.4589726,25.25199539,16.43733587,20.79052429,19.06117186
22063,18.76963855,25.42792643,16.43955831,16.69266741,22.6702093
32361,20.71614112,22.13537136,16.44099572,22.43574692,18.27174489
32827,20.71614112,22.13537136,16.44099572,22.43574692,18.27174489
9976,18.55826171,28.26426335,16.44191987,21.11748331,15.61807177
40601,17.75563343,26.83952422,16.44294462,20.92287275,18.03902497
23984,17.37466808,23.63476247,16.44344607,16.77659085,25.77053253
23127,19.65487265,21.4996873,16.4443246,21.0214117,21.37970375
33652,17.08469447,15.09890863,16.44434105,17.2276107,34.14444516
299,15.84476765,18.51707523,26.80646285,15.16125521,23.67043905
6806,18.02974708,24.13459342,16.44596831,18.29310025,23.09659095
26322,19.47553808,21.271144,16.44597994,20.75388313,22.05345485
26750,19.47553808,21.271144,16.44597994,20.75388313,22.05345485
8706,19.14340882,27.48438562,16.44607488,19.06451373,17.86161694
10121,18.90101635,29.86325657,16.4465162,20.76158562,14.02762525
31346,17.96620915,29.12271247,16.44653473,21.30590879,15.15863485
31820,17.96620915,29.12271247,16.44653473,21.30590879,15.15863485
37095,21.65238502,17.49036399,16.4478845,20.29615361,24.11321288
16570,17.4623752,24.05769523,16.44898287,23.46247576,18.56847094
23325,17.79437811,26.36995383,16.44999427,25.38296194,14.00271185
1194,19.70439142,20.20165571,16.45152424,22.2431836,21.39924503
19480,17.28536708,22.1002514,16.45822547,18.57651466,25.57964139
10127,21.73811833,23.55250249,16.4589628,20.39206473,17.85835164
37970,17.48591453,26.64742455,16.45923958,18.0092193,21.39820204
34272,21.59629539,21.16999261,16.45941747,18.80688515,21.96740937
20317,19.06521979,29.12048391,16.45980258,18.95494368,16.39955004
20356,18.27610069,23.2591277,16.45984959,15.98586194,26.01906008
41588,18.27610069,23.2591277,16.45984959,15.98586194,26.01906008
9675,17.70642418,23.88085844,16.46088531,21.11144919,20.84038288
36064,22.83695581,27.85099652,16.46370304,20.47109881,12.37724583
35110,15.84476765,18.51707523,26.80646285,15.16125521,23.67043905
34223,18.15562319,21.41505159,16.47037186,18.05275915,25.90619421
37463,17.83285117,22.29223541,16.47240449,21.26301342,22.13949551
19849,20.89427124,20.03239464,16.47298303,17.67650306,24.92384803
28949,21.97228372,19.17644138,16.47348359,18.78715315,23.59063817
3836,18.33221451,29.27069577,16.47529801,19.16110873,16.76068298
2350,18.66834126,27.36971476,16.47637332,17.59416907,19.8914016
10412,21.71912993,20.91210877,16.47667051,19.17616825,21.71592254
40073,20.61045393,19.90489086,16.47692367,19.82610767,23.18162386
24022,17.97421976,24.68336631,16.48107165,18.90000539,21.96133689
41511,19.32390794,22.48647732,16.48116626,20.12931801,21.57913047
34886,18.72430066,16.32791969,26.74435179,18.0623303,20.14109756
34301,17.28118028,28.15493639,16.48272048,18.25660513,19.82455772
38611,20.213987,22.00320627,16.48569277,17.48796461,23.80914936
4217,19.20564172,18.35059052,16.48630623,23.00924253,22.94821901
31309,18.32870187,28.99504577,16.48944558,20.78613847,15.40066832
31780,18.32870187,28.99504577,16.48944558,20.78613847,15.40066832
22724,18.10970998,27.41930631,16.48989789,19.01860088,18.96248493
20816,19.65394324,21.02790518,16.49036693,18.75307039,24.07471426
2256,18.2836836,24.20831515,16.49059006,17.41778402,23.59962718
7697,18.90403163,23.07309314,16.49243791,17.1037859,24.42665142
7401,18.41011741,27.44923168,16.49258835,20.16603888,17.48202368
23115,17.42797912,28.70968229,16.4943474,23.08287492,14.28511626
9473,16.55202617,27.56514623,16.49479496,18.04204358,21.34598906
10514,20.79059046,23.64614101,16.49493885,18.26532807,20.80300161
13238,20.89663117,25.12814859,16.49645692,20.17157281,17.3071905
3756,17.66505046,26.13119436,16.49715766,18.10510525,21.60149227
24383,22.76914404,22.26828652,16.50123508,17.40635827,21.05497609
3851,18.71822442,24.70017685,16.50274438,17.60375034,22.475104
4269,18.71822442,24.70017685,16.50274438,17.60375034,22.475104
2876,16.34552598,20.68070832,16.50322475,20.06090334,26.40963761
23899,17.88766866,22.41829453,16.50365721,18.36016087,24.83021873
4409,18.38083736,21.08461846,16.50395714,21.93741084,22.09317619
41559,17.80188861,32.36669284,16.50751556,22.23573038,11.08817261
6236,21.15538788,23.61242564,16.50792017,21.99637665,16.72788967
22979,18.8844012,25.24542606,16.51021961,23.72247162,15.63748151
13056,22.69392077,22.6111854,16.51112425,19.75184076,18.43192882
12735,18.71680414,25.61723261,16.51256578,17.92395726,21.2294402
40481,18.69189822,23.79086775,16.51339055,19.21278702,21.79105645
18069,17.93077656,23.1023134,16.51364074,17.03352401,25.41974529
32441,21.61749206,24.09585657,16.51642557,19.15593221,18.61429359
32905,21.61749206,24.09585657,16.51642557,19.15593221,18.61429359
18133,18.27532936,25.14492562,16.51775791,20.04626294,20.01572416
29018,19.64726095,24.548555,16.52097302,20.8544419,18.42876913
19864,20.43764958,21.32900727,16.52147574,17.21375963,24.49810779
11879,15.82580057,30.29701855,16.5230562,17.60938926,19.74473542
12252,15.82580057,30.29701855,16.5230562,17.60938926,19.74473542
22776,18.051547,21.07179698,16.52381083,20.79241551,23.56042967
23266,18.051547,21.07179698,16.52381083,20.79241551,23.56042967
17792,17.42071862,25.86328981,16.52416583,17.55736643,22.63445931
2838,21.42107462,21.20505964,16.52506532,21.17748399,19.67131644
3233,21.42107462,21.20505964,16.52506532,21.17748399,19.67131644
33685,18.53897546,22.87120525,16.52508257,20.77244837,21.29228835
7844,18.58275616,22.09484774,16.52542336,15.46327445,27.33369829
39381,18.90308449,20.66209401,16.52542787,21.26808923,22.64130441
8287,19.71504103,18.69888327,16.5261305,21.45035685,23.60958835
23088,17.94883754,24.66582541,16.52616585,18.89388299,21.96528821
10205,18.61214096,23.97100742,16.52740363,22.54759882,18.34184916
11929,18.08329437,21.6193394,16.52774762,17.33743695,26.43218166
12401,18.08329437,21.6193394,16.52774762,17.33743695,26.43218166
23995,19.55521907,28.29355149,16.52850584,23.14505308,12.47767051
4756,18.76671385,23.96540625,16.53041823,19.05595294,21.68150873
1820,18.83671709,26.38605503,16.53277891,22.98274539,15.26170358
20946,17.83120669,25.48620469,16.53693136,19.82083409,20.32482317
39032,16.58146886,21.10363739,16.53775487,19.88813467,25.88900421
41647,16.43815661,28.61091697,16.53801965,17.67058183,20.74232494
7673,18.41550181,26.46570595,16.53895275,21.44391818,17.1359213
40454,21.60894775,20.70656133,16.53954356,19.32105149,21.82389587
6054,17.49744815,22.31797288,16.54186437,17.17116532,26.47154928
19792,20.53140376,23.37175723,16.54228034,18.39705523,21.15750344
4783,18.43276664,23.22014956,16.5429938,19.62982849,22.17426151
2075,18.92124437,22.73222628,16.54524078,20.44293,21.35835857
38390,19.43640207,23.91250517,16.54580294,19.16071487,20.94457495
16433,18.09104599,23.52001046,16.54580489,20.39922628,21.44391238
16865,18.09104599,23.52001046,16.54580489,20.39922628,21.44391238
5220,18.97295398,21.54802163,16.54946276,19.19943977,23.73012186
41004,20.05755844,22.34515477,16.55060887,18.78685994,22.25981798
27787,20.54991592,22.06020097,16.55174432,17.91637259,22.9217662
19971,18.51098825,20.45268741,16.55345789,17.3518841,27.13098235
9737,17.35823093,23.93972436,16.55355522,19.55587345,22.59261605
7375,18.62549324,28.67938106,16.55544564,20.55862392,15.58105614
5930,21.07307735,21.62475314,16.55647543,18.13043178,22.6152623
972,20.29474898,24.5899066,16.55876231,24.20917875,14.34740336
23027,16.65539278,25.47087446,16.55912163,17.7592363,23.55537483
23471,16.65539278,25.47087446,16.55912163,17.7592363,23.55537483
4070,17.25355558,29.48418348,16.56269638,20.27829656,16.421268
33774,20.86274982,23.23301818,16.56367992,18.71881003,20.62174205
18378,16.95478866,26.87676436,16.56394443,17.26991675,22.3345858
14584,18.1762906,24.99647684,16.56515646,17.95212899,22.30994711
4126,18.91383731,28.88133922,16.56518773,20.63247706,15.00715869
29045,17.0261945,21.28482997,16.56615128,20.18758474,24.93523951
15972,18.04801984,24.77771267,16.56650168,17.17555974,23.43220607
472,13.16194648,20.38203621,26.69060533,15.49476215,24.27064983
39037,18.57439058,23.28046414,16.57152934,18.12730438,23.44631156
2078,20.10733602,21.27312522,16.57260706,17.81788758,24.22904412
978,18.89693923,24.2926784,16.57287903,20.05901186,20.17849148
14484,22.37560514,23.99310534,16.57417948,20.78773161,16.26937843
39711,17.37440443,31.13821461,16.57674453,20.43146293,14.4791735
33194,18.03993635,25.14270076,16.57747445,17.9023073,22.33758114
9447,18.93209916,20.43803203,16.57914531,18.75409901,25.29662449
30986,18.46157513,24.39243602,16.58139925,18.38945111,22.17513849
9083,19.20091081,23.01406385,16.58447161,20.42827415,20.77227958
9935,19.20091081,23.01406385,16.58447161,20.42827415,20.77227958
1614,19.45529947,19.31585973,16.58718903,22.09719033,22.54446144
36583,21.29063808,21.00338283,16.5882535,19.79878608,21.31893951
9271,19.0961451,22.56349823,16.58877944,22.11666821,19.63490901
29479,19.98663302,24.99463444,16.58915445,16.91675551,21.51282258
38653,18.71879771,28.43404008,16.58952305,20.21021318,16.04742599
31368,19.15247252,23.81142208,16.58972382,18.55658925,21.88979234
31839,19.15247252,23.81142208,16.58972382,18.55658925,21.88979234
40349,22.96179753,21.89259917,16.58989755,19.40432564,19.15138011
24107,19.42993771,23.34392307,16.59042426,17.92718101,22.70853396
41331,17.81942558,28.04366442,16.5909456,22.77943693,14.76652747
2172,19.44383132,25.19952653,16.59163867,18.90970733,19.85529615
21199,20.49867777,24.04455014,16.59167895,22.15357703,16.7115161
5046,18.28377818,24.69038239,16.59546338,17.93887692,22.49149913
27860,19.01820918,24.76765263,16.5964478,18.7411972,20.87649318
28289,19.01820918,24.76765263,16.5964478,18.7411972,20.87649318
34343,21.00984934,20.67361269,16.59949666,18.16822506,23.54881625
18993,22.3673566,23.03538046,16.60023997,19.59925449,18.39776847
20065,17.5383953,24.9945657,16.60063166,17.0905409,23.77586644
22630,17.98254207,29.29958795,16.60064929,18.23644304,17.88077765
10158,18.80712249,28.70421509,16.60227012,20.44673094,15.43966136
40447,18.28358429,24.41307955,16.60290015,16.48984357,24.21059244
2099,19.83289387,20.99871201,16.60410299,19.54231139,23.02197973
19329,20.47521553,22.00897332,16.60514173,18.79322873,22.11744069
39017,22.62659413,24.74815647,16.60520987,19.46113769,16.55890184
4250,19.59554855,23.27245246,16.60551298,23.50355242,17.02293358
20295,19.3647528,23.90347346,16.60793552,18.22388775,21.89995047
20725,19.3647528,23.90347346,16.60793552,18.22388775,21.89995047
10568,21.79926766,26.71449763,16.60855777,20.05888516,14.81879178
2504,17.49120035,25.02010127,16.60946446,16.46600195,24.41323197
24413,19.63123481,24.17262636,16.61064113,16.3663171,23.21918061
28204,18.44077525,22.73748376,16.61157436,22.45849241,19.75167422
28610,18.44077525,22.73748376,16.61157436,22.45849241,19.75167422
39548,19.03297664,25.44521755,16.61224192,17.91391189,20.99565199
19328,18.4451391,26.46222009,16.61299939,18.13546455,20.34417688
40544,22.11988309,21.36937666,16.61451097,19.20880014,20.68742915
16762,18.6752131,27.6139461,16.61466875,19.13643373,17.95973832
4310,18.47503747,26.34517599,16.61491038,19.08968051,19.47519566
4260,16.28200079,26.6412312,16.61515852,19.08203023,21.37957927
8244,21.07929867,21.84273345,16.61634377,18.52717938,21.93444472
11796,16.93667357,25.15010162,16.62014393,17.04414098,24.24893989
6209,16.32822181,27.78138309,16.62022972,19.08731345,20.18285193
21599,20.00353989,27.22340876,16.62134481,22.20768475,13.94402179
23461,17.61561973,27.6176711,16.62695533,18.0680985,20.07165534
2455,19.9100562,20.91338452,16.62847579,21.70460528,20.84347821
18011,19.78196713,24.23993867,16.62891943,21.27388007,18.0752947
13063,18.64522159,29.30988287,16.62950108,19.68996194,15.72543251
18516,19.1575258,28.41226023,16.63073755,18.24588811,17.5535883
38445,20.39783733,22.37424991,16.63181429,18.78001345,21.81608501
9954,17.70367726,30.18126949,16.63375274,20.35765029,15.12365022
25116,16.5641277,21.72292046,16.63479842,21.72484399,23.35330944
1826,18.57297249,25.04374494,16.63590941,20.22060915,19.526764
10920,21.32694977,23.34564722,16.63665427,18.77980832,19.91094042
24874,19.37707101,22.13718021,16.63821134,17.49207208,24.35546536
25234,19.37707101,22.13718021,16.63821134,17.49207208,24.35546536
24528,19.08846393,30.14527079,16.63905047,22.53445127,11.59276354
24985,20.66340268,18.99491745,16.64142399,19.53464193,24.16561395
4047,18.64797821,30.63152185,16.64252169,23.13595877,10.94201948
24709,17.53827102,20.33732149,16.64593488,21.28909796,24.18937465
5564,18.98860331,23.47202073,16.64616632,18.19383106,22.69937858
23911,23.6753179,21.504252,16.64776697,18.25366425,19.91899889
5901,21.66373712,21.91655481,16.65082913,17.88847631,21.88040263
11446,19.83673678,21.30656338,16.65257539,21.25904205,20.9450824
34742,17.89329453,24.06933609,16.65377982,17.47220212,23.91138745
40590,23.17882146,21.94862559,16.65391713,17.72740758,20.49122824
21132,17.04308918,22.86432558,16.65467419,20.53363735,22.9042737
22018,17.04308918,22.86432558,16.65467419,20.53363735,22.9042737
41154,18.98994602,24.00470201,16.65734232,24.07208733,16.27592232
23635,17.58954498,24.32000534,16.65826375,15.76824985,25.66393608
6774,18.66426261,22.75842286,16.65861321,19.40815743,22.51054388
29333,20.61264852,23.36590099,16.66103486,16.98340671,22.37700892
84,19.27940181,15.93573926,26.68023541,18.204391,19.90023252
33080,18.60417208,20.8203484,16.6620737,20.1222868,23.79111902
21098,17.02160035,25.66044425,16.66208182,18.76612323,21.88975036
21996,17.02160035,25.66044425,16.66208182,18.76612323,21.88975036
23369,18.35482609,26.59389179,16.66523973,19.19741686,19.18862552
22334,20.78129902,20.04540623,16.66746387,19.84014394,22.66568694
10125,19.81055292,23.58416486,16.66884319,19.87828519,20.05815385
17875,20.11535301,23.64502736,16.66946147,23.12145753,16.44870064
41500,21.20565189,19.62678402,16.66946379,21.73843577,20.75966453
35616,13.86433801,18.67953678,26.53367671,20.35447389,20.56797461
1497,19.96600642,25.0692604,16.67631178,21.08440384,17.20401756
25522,15.52257852,25.586245,16.67652208,15.11180572,27.10284868
15711,18.61751979,23.8477967,16.6783474,17.68004546,23.17629065
2606,18.13497433,23.20966805,16.68018241,17.27969041,24.6954848
9256,18.69974699,22.21727578,16.68350614,22.59297225,19.80649884
10118,18.69974699,22.21727578,16.68350614,22.59297225,19.80649884
7907,17.02929855,28.86670626,16.68541695,19.7093933,17.70918494
10124,20.30390504,21.40272691,16.68576538,21.20703214,20.40057054
24686,20.12293402,22.04921123,16.68953239,21.53885726,19.5994651
21185,18.8420011,25.80338048,16.68986731,19.0590114,19.60573971
37523,19.8698963,22.22247876,16.69112556,18.44205622,22.77444316
20389,19.2455346,25.99936068,16.69124211,20.10638486,17.95747775
24781,19.27725096,28.55774731,16.69158862,19.09793816,16.37547494
37985,20.89509089,24.39815359,16.69196579,19.14476543,18.87002429
10499,20.04290113,26.57476513,16.69332718,20.23303202,16.45597455
20104,18.52209583,21.44121111,16.69517908,19.69837831,23.64313567
41358,18.52209583,21.44121111,16.69517908,19.69837831,23.64313567
41652,19.03492329,26.60264631,16.69583199,19.74515134,17.92144707
11897,18.59388341,27.58879005,16.69589295,21.80504055,15.31639304
25662,19.60254244,16.5131928,16.69640662,14.40496654,32.7828916
26262,21.24676224,21.38155976,16.69665116,21.97249072,18.70253612
26710,21.24676224,21.38155976,16.69665116,21.97249072,18.70253612
13347,20.82520349,21.70293445,16.69749456,18.30700988,22.46735761
32944,19.99084228,22.48996148,16.69844479,17.56736064,23.25339081
4500,19.8552758,23.82292255,16.70029959,21.40393533,18.21756672
16562,16.50108407,20.34511706,16.70035883,20.89380144,25.5596386
17848,22.43316714,21.98402741,16.70303551,20.72396043,18.15580952
11898,19.03395494,21.79409187,16.70511336,22.33011832,20.13672151
35529,15.81491779,24.6068062,26.43533357,17.59330519,15.54963725
29699,19.78013598,19.67139239,16.70662825,19.84569927,23.99614411
30425,19.78013598,19.67139239,16.70662825,19.84569927,23.99614411
23175,19.40767485,22.88370831,16.70827064,18.43858998,22.56175622
27292,17.16578708,24.49534583,16.71213983,17.04759595,24.57913131
32935,17.34983936,22.20475591,16.71347336,17.96053489,25.77139648
32342,16.89108855,26.26706404,16.71599333,17.95473921,22.17111488
4620,20.54057767,20.3727619,16.71942787,22.82812468,19.53910787
34626,18.65892655,22.43301428,16.72063079,19.94357733,22.24385106
23830,20.08525982,22.37625218,16.72085223,17.49310634,23.32452942
33499,15.73397212,28.93464083,16.72138809,17.23733765,21.37266131
20386,17.95941405,26.12058562,16.72365825,18.81653873,20.37980334
2956,20.30627848,23.1504039,16.72397901,18.79863734,21.02070127
30819,13.16428031,25.99459087,16.72476727,17.07080548,27.04555607
57,14.38413558,22.5190363,26.3408786,16.80908046,19.94686906
41159,18.38697309,23.6017741,16.72494822,21.93718654,19.34911804
29518,23.64280945,18.19186026,16.72511643,22.84697271,18.59324115
5043,20.72535407,20.10284299,16.72583013,20.2374693,22.20850352
13071,21.01159773,21.0184726,16.72670261,21.71078759,19.53243948
39911,19.15503739,26.42379663,16.72838233,23.49539119,14.19739246
16216,22.54018678,19.33152217,16.72953114,22.24382974,19.15493018
14486,18.94029348,23.05847902,16.73222394,20.89319769,20.37580586
38090,23.36261953,22.18141221,16.73270234,20.30483705,17.41842887
41374,19.80063757,22.43604148,16.73406178,16.62603179,24.40322738
3605,20.31832067,21.90432444,16.73468314,22.15122692,18.89144483
7726,19.4079332,20.83317062,16.73482109,19.44099016,23.58308493
22741,19.41521016,21.3413627,16.73593942,22.7599202,19.74756751
23243,19.41521016,21.3413627,16.73593942,22.7599202,19.74756751
39569,14.13028434,32.74194858,16.73653125,18.59604513,17.7951907
7828,15.96034751,24.56138431,16.73682374,16.37679364,26.3646508
4257,21.55449374,22.18026636,16.73750374,18.93349548,20.59424067
39092,19.5988509,24.18017391,16.73840625,24.23390189,15.24866706
15696,20.91084625,24.32732425,16.7414802,25.86177344,12.15857586
39211,19.03082623,26.2326364,16.74189027,19.09212833,18.90251877
2013,21.48708191,21.9418425,16.7421763,18.70043732,21.12846197
11728,16.92035146,24.65627818,16.74432337,16.28606053,25.39298646
24080,20.10658466,21.05746563,16.74435194,19.88199315,22.20960462
38654,18.16670276,21.55421445,16.74443411,21.17104497,22.36360372
8685,18.33789235,27.56811035,16.74511122,20.26875633,17.08012975
10219,20.1602825,21.19310038,16.74673572,19.4361811,22.46370031
4543,22.45409607,22.01129724,16.74832909,23.07480068,15.71147693
41533,18.6368926,27.79222217,16.74882192,18.4134181,18.40864521
34554,19.45930839,22.03422646,16.74989044,17.55056097,24.20601373
14678,19.84269144,25.25222019,16.75108119,20.2322124,17.92179477
15008,19.84269144,25.25222019,16.75108119,20.2322124,17.92179477
33517,16.7067876,23.81154374,16.75141384,16.91248921,25.81776561
3827,19.2591547,23.49095026,16.75254443,24.08703257,16.41031804
11745,18.69727122,26.35253702,16.75330937,18.95141369,19.24546871
10058,18.4624497,27.15715172,16.75576576,18.26248611,19.3621467
22603,20.77566147,21.85333915,16.75595935,17.04017512,23.5748649
35760,15.4286649,18.56649675,26.26143541,15.79214274,23.9512602
12772,18.69530433,24.34442507,16.76021685,15.87965368,24.32040007
20183,17.02557554,22.70992707,16.76074922,18.56474584,24.93900233
20635,17.02557554,22.70992707,16.76074922,18.56474584,24.93900233
36925,22.19987392,22.33247646,16.76077237,19.48508127,19.22179597
40802,21.82738024,20.32414383,16.76181161,17.94332765,23.14333666
5317,20.78103257,20.77061809,16.76197509,20.30633693,21.38003732
7525,18.0180508,25.7713994,16.76470879,16.38388361,23.06195741
9729,18.1338008,25.84872028,16.7663499,20.14770417,19.10342486
18608,18.57219064,27.0625054,16.76684061,18.82691765,18.77154571
38698,17.67151939,27.31136149,16.76916298,19.37993236,18.86802379
22207,17.8545252,23.1057504,16.76922231,16.1465328,26.12396929
13728,18.28565088,22.23870493,16.76933509,19.75777638,22.94853271
36067,15.43705388,28.87853392,16.77090483,17.3484899,21.56501747
10361,17.61126732,28.20032168,16.77142601,18.2983251,19.11865989
24432,18.83623423,28.52442166,16.77428504,21.60190027,14.2631588
22896,20.84400316,21.25254676,16.77536507,24.06815023,17.05993479
18875,13.92513343,27.08883922,16.77993305,14.71287242,27.49322188
26935,19.00836983,25.76833301,16.78090849,19.53045791,18.91193075
3845,18.46059952,20.30827568,16.78184822,22.04669541,22.40258118
9947,18.71555644,24.79725671,16.78204641,20.01232027,19.69282017
8145,19.89881985,23.26591173,16.7848942,23.65211025,16.39826397
33953,18.44411107,22.42964653,16.7881274,22.15725981,20.18085519
22975,18.75174946,27.35411801,16.79571499,20.49366322,16.60475431
5554,18.89924624,18.90174076,16.79890668,21.11578052,24.2843258
18161,19.01093317,26.9917157,16.7990481,22.94495756,14.25334547
7404,17.74390923,23.1360971,16.8007385,16.28440709,26.03484808
34538,19.64536205,22.01936662,16.80193238,21.95484843,19.57849051
20268,20.23026227,24.7477466,16.80291541,20.89888017,17.32019555
20705,20.23026227,24.7477466,16.80291541,20.89888017,17.32019555
30583,21.11339715,24.79124562,16.8077105,17.47026622,19.8173805
41474,17.23822772,29.47752361,16.80857631,19.39258517,17.08308718
39556,16.86977861,26.63147871,16.81130696,15.97268145,23.71475427
8292,22.26483547,23.17969,16.81230535,19.2633737,18.47979548
36195,20.58954305,23.45352666,16.81433882,22.2833602,16.85923126
8377,19.55399076,27.78861142,16.81657085,16.58222955,19.25859741
34671,17.64591191,21.72334802,16.81662719,19.42597454,24.38813833
21313,19.54811691,20.00085071,16.81679506,21.58695579,22.04728153
13753,17.87492834,23.05588748,16.81712906,20.26704113,21.98501399
13665,16.33245129,29.82435434,16.81785055,21.46603442,15.5593094
647,17.68356171,15.38846436,26.14946165,15.08037086,25.69814141
10018,19.21066784,20.6480942,16.81914236,16.19231914,27.12977646
10559,21.88913576,16.09106899,16.82069074,22.46935086,22.72975366
14861,21.61056179,21.00490676,16.82136842,18.75396578,21.80919725
24002,18.40104531,27.27823848,16.82173966,17.62051491,19.87846165
20289,21.83646123,20.1323237,16.82213885,21.2617206,19.94735562
33731,14.14881166,24.22136655,16.82243118,15.96536773,28.84202288
38089,21.63908136,22.82369299,16.8249125,18.00987287,20.70244027
24358,18.30016347,28.24392616,16.82504813,19.54398842,17.08687382
22218,20.13547282,23.7518059,16.82505958,22.49054678,16.79711493
11764,21.38264323,20.57830482,16.82613269,20.95414258,20.25877669
10094,19.77925214,23.49840837,16.82643509,23.08131624,16.81458815
31,16.39385018,22.62517558,26.05464991,22.82881215,12.09751217
3860,18.23232217,24.64440971,16.82727416,18.86542154,21.43057242
3894,18.15608727,26.66806208,16.82749134,18.84172024,19.50663906
39100,20.07528272,23.07734076,16.8319,18.67863614,21.33684038
9169,21.08988597,24.14757043,16.8323787,24.6819206,13.24824431
922,19.25253215,26.96271428,16.83246147,19.10456916,17.84772294
6438,18.48716326,22.13942685,16.83404025,21.74110805,20.79826158
22479,15.19862396,29.39232324,16.83408165,18.97768605,19.5972851
956,18.66738967,22.29916807,16.83489447,21.8111853,20.38736249
22543,18.28779476,22.18310152,16.83582294,23.42174545,19.27153533
31233,20.54760933,22.63782688,16.83694654,24.44273256,15.53488469
31706,20.54760933,22.63782688,16.83694654,24.44273256,15.53488469
9565,21.35862647,21.18630087,16.83729714,23.78574471,16.83203081
36366,19.55356926,21.91835594,16.8382545,17.3317743,24.358046
25165,20.29435649,23.32206943,16.84149625,20.58953413,18.95254371
22597,18.59697636,25.29643836,16.84303456,17.27087571,21.99267502
21095,18.85165529,23.35836782,16.84311101,18.62992557,22.31694031
17020,19.09484001,21.34514653,16.8444588,21.78233824,20.93321642
18750,19.93884917,22.6372611,16.84593786,18.69024749,21.88770439
27477,19.43593029,21.00579597,16.84864281,19.37151764,23.33811329
30524,21.76707607,17.66972324,16.84965155,19.76808,23.94546913
26205,20.49223554,20.83193111,16.85176066,20.9250543,20.89901838
26649,20.49223554,20.83193111,16.85176066,20.9250543,20.89901838
6496,18.09264033,30.78385713,16.85243496,21.91787597,12.3531916
34428,21.80922865,20.44940496,16.85279989,18.22289358,22.66567292
12821,19.52873365,24.40585788,16.85350415,20.23509987,18.97680446
7552,22.36838489,19.12121931,16.85405914,21.55176738,20.10456928
29115,21.36944804,22.67016184,16.85690231,23.65521784,15.44826997
28062,19.84659029,21.55930424,16.85788093,18.39001321,23.34621133
28474,19.84659029,21.55930424,16.85788093,18.39001321,23.34621133
32343,21.22832518,23.4011129,16.85937738,19.96081049,18.55037405
32809,21.22832518,23.4011129,16.85937738,19.96081049,18.55037405
4717,19.36051768,21.0796379,16.86031208,20.80609887,21.89343346
4761,22.37391542,21.80891333,16.86060316,17.46196133,21.49460676
16366,17.18774401,24.40144116,16.86123204,17.0432023,24.5063805
16754,17.18774401,24.40144116,16.86123204,17.0432023,24.5063805
5617,18.8417746,22.4608415,16.86200197,20.8727964,20.96258553
17085,18.65327232,22.86454138,16.86576675,18.05090431,23.56551525
11660,20.25849098,22.06173546,16.86817004,18.94449603,21.86710749
446,16.39385018,22.62517558,26.05464991,22.82881215,12.09751217
28982,18.70265223,21.03260799,16.87072234,22.08194667,21.31207077
41501,17.11007364,23.14920879,16.87188696,19.92648123,22.94234938
13710,17.37887601,25.42601419,16.87286733,16.90378472,23.41845774
30509,16.71217447,26.73218581,16.87565368,16.64858512,23.03140092
38240,18.99156622,27.47094655,16.87589575,16.94302276,19.71856873
8289,18.84850166,29.32368892,16.87686284,20.16063915,14.79030743
22236,15.53995296,22.59740127,16.87731942,16.52685537,28.45847098
21288,19.27615638,22.84823964,16.87795527,15.7745816,25.22306711
10348,19.4618243,23.84533876,16.87821258,20.00282973,19.81179464
7649,20.60808344,27.82621362,16.87874897,20.55147985,14.13547413
33997,19.30042578,23.2119379,16.87885485,18.4960849,22.11269658
39159,17.63658475,23.62014054,16.87983318,21.61436955,20.24907198
1203,19.93957908,22.24270011,16.88266941,18.56979204,22.36525937
1193,20.2534805,21.94291683,16.88304994,18.54950647,22.37104626
1604,20.2534805,21.94291683,16.88304994,18.54950647,22.37104626
1845,19.70307875,25.8320992,16.88395334,21.14158463,16.43928407
21128,17.26968101,25.92593597,16.8841685,23.06981685,16.85039768
15268,19.44080658,21.03493183,16.8848841,19.02927329,23.61010419
21417,16.19525645,24.55691702,16.88698182,17.74624934,24.61459537
18129,20.64037378,23.00092976,16.88924816,17.21939376,22.25005453
615,16.01585682,20.15131671,25.88377293,17.69848387,20.25056967
35505,17.13254518,13.45796516,25.85385705,14.21900278,29.33662983
40912,15.08058711,27.56179118,16.89030964,14.62279381,25.84451827
9059,19.07121172,25.96607289,16.89077063,19.1828058,18.88913895
33721,22.63597018,17.78840601,16.89180196,22.46071915,20.22310271
39935,18.1804268,26.3633241,16.89253993,18.94117942,19.62252975
3736,20.09891706,16.07369548,16.89358415,23.96616425,22.96763906
3278,17.70161498,24.0725626,16.89714506,16.99753928,24.3311381
5993,20.12082335,22.48182432,16.89962241,17.93314854,22.56458138
21992,18.35440105,24.6678201,16.90090296,17.77492154,22.30195434
14597,19.86709803,25.24973545,16.90108984,23.74175854,14.24031814
11044,20.72949492,21.22098399,16.90374047,23.994104,17.15167663
36024,21.80585812,19.37529124,16.90518501,21.91094225,20.00272338
36853,18.35802185,24.33099581,16.90703989,19.49868937,20.90525308
33903,18.98154449,21.30409581,16.90845386,19.77539993,23.03050591
5069,18.99258014,23.027103,16.90962398,17.54364086,23.52705202
2418,17.85313378,24.65108901,16.90968953,20.7301845,19.85590318
5253,18.7833088,22.08104031,16.90999977,17.62955002,24.5961011
1530,21.10180786,20.38521438,16.91070754,17.74136058,23.86090963
21090,19.554522,24.24770335,16.910962,18.7293588,20.55745385
21486,19.554522,24.24770335,16.910962,18.7293588,20.55745385
7176,17.92547096,22.76813324,16.91165029,18.71529527,23.67945024
41497,19.41807794,24.43657015,16.91382599,19.03995457,20.19157135
6755,21.13920005,19.6724475,16.91674685,25.61863267,16.65297294
20994,21.41789217,19.87307677,16.91930427,17.26069948,24.5290273
3530,18.04158299,20.75767963,16.92054491,21.89263429,22.38755818
34371,19.31471099,21.01502918,16.92075097,17.99501418,24.75449467
41015,18.06760999,23.46901949,16.92530999,19.26750379,22.27055675
20924,21.27463079,20.16883697,16.92812476,17.96743729,23.66097018
6591,18.08159954,25.46514863,16.9294945,16.33046881,23.19328851
33057,17.97692981,24.4245208,16.93012667,17.52036091,23.14806181
39020,21.54539088,21.79136503,16.93309442,23.11690097,16.6132487
34381,20.10517485,24.3388089,16.93344887,18.73657142,19.88599597
30807,19.03754328,20.59981619,16.93464152,21.98619174,21.44180727
15739,18.74681933,20.2357223,16.93651624,19.68364156,24.39730057
15843,17.63820049,25.07073828,16.93756266,22.15042141,18.20307716
21860,17.98890588,25.12277006,16.93886219,18.52534963,21.42411224
19804,20.74648915,21.46189858,16.93912074,18.79750007,22.05499146
5028,19.1740438,24.86133564,16.9402337,22.51591594,16.50847092
31162,20.17777485,22.70013237,16.94416074,21.65038243,18.52754961
31640,20.17777485,22.70013237,16.94416074,21.65038243,18.52754961
20211,17.98997393,23.14389387,16.94418119,19.44702565,22.47492536
1448,23.22888241,15.56168552,16.94428812,16.37687159,27.88827237
2513,17.95501445,19.59783737,16.94497582,18.05757737,27.44459499
25429,19.52122744,21.47427834,16.94555864,18.39206843,23.66686715
1852,19.06091934,26.15075194,16.9482137,24.20418487,13.63593015
37538,18.06248185,22.69988618,16.94837582,18.04465002,24.24460613
9486,18.66184333,21.93936076,16.94846626,17.36163888,25.08869077
23076,19.45285889,25.59113027,16.94902382,19.3499227,18.65706432
9753,18.14818317,20.82489428,16.94958686,18.99925228,25.07808342
12657,18.93835689,24.90366836,16.95034765,18.09194616,21.11568094
6850,17.80745678,26.73384118,16.9505954,19.23771131,19.27039533
25850,20.22015615,16.16920235,16.95223188,19.87534148,26.78306813
26228,17.48165079,25.17654916,16.9526311,17.97128798,22.41788097
26666,17.48165079,25.17654916,16.9526311,17.97128798,22.41788097
34725,17.14387755,24.54992565,16.95419106,16.3977646,24.95424114
6708,18.59569262,28.72008275,16.95575062,21.50573252,14.2227415
9173,18.12427473,24.17826841,16.95686836,17.32366318,23.41692532
13140,18.86683364,26.51368888,16.95906362,17.54794816,20.1124657
17894,19.77165847,21.5516251,16.96079108,20.95241203,20.7635133
32379,19.66223467,22.0195006,16.96249996,21.70412686,19.65163792
32840,19.66223467,22.0195006,16.96249996,21.70412686,19.65163792
41682,17.06561364,27.23634168,16.96353283,17.82093711,20.91357474
32225,23.06699687,20.46346015,16.96403709,19.42346939,20.0820365
32696,23.06699687,20.46346015,16.96403709,19.42346939,20.0820365
32341,17.81711977,25.9642201,16.96518875,18.11301017,21.14046121
32799,17.81711977,25.9642201,16.96518875,18.11301017,21.14046121
38647,21.11355087,21.14318471,16.9696272,19.2664546,21.50718261
38966,21.82416979,20.90063051,16.9702613,18.30109037,22.00384803
35304,18.06566316,17.46229413,25.73020155,18.90973607,19.83210509
24744,18.02365771,23.58295767,16.9722087,16.59508129,24.82609463
25142,18.02365771,23.58295767,16.9722087,16.59508129,24.82609463
5426,18.31017023,23.74764213,16.97346008,17.54205022,23.42667733
9872,16.68582433,27.94897747,16.97539722,17.99325885,20.39654214
38614,20.09788272,23.35247231,16.97735426,23.37135056,16.20094017
2270,19.4450369,22.59296554,16.97751805,16.32369408,24.66078543
1401,19.26179836,20.69518105,16.97825037,19.21334283,23.85142739
29417,18.87006896,23.57217298,16.97835312,17.39292383,23.18648111
4665,18.87024927,25.13111782,16.97938442,18.02874129,20.99050721
2612,19.21266899,23.24815904,16.98125717,18.78898583,21.76892897
9,21.59652637,14.24853023,25.68022158,18.73224512,19.7424767
19400,17.21243516,23.6951435,16.98412074,17.33546692,24.77283368
18908,17.46152762,28.34890816,16.98504284,18.56824252,18.63627886
19235,17.46152762,28.34890816,16.98504284,18.56824252,18.63627886
5404,22.74202362,24.33385906,16.98595995,20.84785603,15.09030134
6359,19.28587253,22.52063751,16.98842728,19.35566621,21.84939647
21742,17.26888734,20.1770194,16.98877943,20.65749463,24.90781921
4573,18.69434929,24.00962286,16.9896166,17.69219829,22.61421295
25100,19.66287981,22.3178239,16.99145487,21.19183302,19.83600841
30638,18.80998233,29.69095412,16.99254717,21.50950821,12.99700817
22602,18.42484213,26.33836904,16.99335978,20.27148344,17.97194561
10208,22.58519824,20.01150862,16.99470595,23.17485695,17.23373024
6667,20.04454608,20.63534419,16.99547939,21.39755489,20.92707545
25782,23.37975814,21.53974713,16.99634852,19.74142265,18.34272356
32354,19.01343894,27.4084865,16.99638713,18.96534802,17.61633941
217,14.53951498,19.926399,25.64495349,21.63976686,18.24936566
6221,19.18547218,23.8364647,16.9986313,22.48246804,17.49696378
6661,19.18547218,23.8364647,16.9986313,22.48246804,17.49696378
3810,19.19105166,19.99064064,17.00037239,20.80580879,23.01212652
11940,18.86129438,24.10976206,17.000741,17.74209588,22.28610668
7341,17.18113052,27.16153722,17.0015035,18.37168091,20.28414785
13638,20.53065729,21.01737275,17.00211013,18.42175645,23.02810338
33187,20.15833814,26.88369182,17.00428082,20.97892784,14.97476138
4887,20.06893986,19.69458814,17.00440929,20.96157377,22.27048894
5568,20.79520251,22.79096661,17.00462983,23.73964824,15.66955281
34928,17.93696077,17.52275409,25.41893943,16.35319215,22.76815356
37140,17.48161728,27.21637166,17.00572505,17.17549245,21.12079356
39962,17.80343187,24.70808681,17.00711574,17.10134372,23.38002186
17071,16.5530429,25.13016198,17.00779168,16.65971123,24.64929221
17925,16.5530429,25.13016198,17.00779168,16.65971123,24.64929221
39344,23.42877721,22.63494716,17.01093187,18.5511212,18.37422256
17088,21.6937401,25.29798788,17.01121544,20.12743365,15.86962293
4205,21.54624588,19.17203467,17.01128991,20.12105415,22.14937539
20140,18.49002484,21.14151088,17.01525531,22.3623656,20.99084337
21268,16.08040485,25.0272796,17.01533609,16.46792245,25.40905701
2123,18.12666267,30.79450495,17.01644108,20.63511125,13.42728006
38211,14.43130328,36.6597492,17.02051103,20.73272182,11.15571466
2416,19.55219096,21.48052382,17.02191514,20.90395497,21.04141511
11043,19.88759199,28.02700145,17.0226956,22.26115972,12.80155124
11447,19.88759199,28.02700145,17.0226956,22.26115972,12.80155124
26376,18.35526769,22.63747758,17.02657276,20.39334822,21.58733375
26802,18.35526769,22.63747758,17.02657276,20.39334822,21.58733375
13558,17.91249867,29.05902281,17.02699631,22.38144066,13.62004154
34092,19.02630938,20.37508183,17.02792609,21.76462146,21.80606125
3886,18.57689154,22.10546565,17.03060951,19.80262535,22.48440795
11894,18.73043594,24.94049698,17.03285562,19.74024819,19.55596327
31097,19.75412895,24.12307511,17.03328544,20.73707973,18.35243077
31576,19.75412895,24.12307511,17.03328544,20.73707973,18.35243077
23130,17.59306848,30.05603745,17.03335355,21.64267341,13.67486711
9938,18.63099734,20.85748538,17.03633131,21.51231219,21.96287379
3610,21.07300269,19.7306354,17.03819551,18.27464821,23.88351819
14677,19.66396576,24.71409574,17.03912351,23.62101762,14.96179737
15007,19.66396576,24.71409574,17.03912351,23.62101762,14.96179737
9880,21.89646266,21.99398289,17.03957576,18.61331282,20.45666588
160,18.46877586,19.35584344,25.38257426,17.48529515,19.30751129
576,18.46877586,19.35584344,25.38257426,17.48529515,19.30751129
32426,20.13504811,20.79649827,17.04216964,19.82566346,22.20062052
32876,20.13504811,20.79649827,17.04216964,19.82566346,22.20062052
16584,18.87271242,23.89770261,17.04284491,19.41938509,20.76735497
16339,17.45844006,23.95780274,17.04350333,15.8618349,25.67841896
21243,14.88526093,24.56977448,17.04431772,14.53028999,28.97035688
20990,16.16619478,33.28916352,17.04450656,20.20686643,13.29326871
11367,17.55248306,27.5793227,17.04489127,19.52054772,18.30275524
4138,16.33033807,27.06617177,17.05167637,17.23878688,22.31302691
10546,19.12521226,22.46937925,17.05238584,19.86927316,21.48374949
38720,19.12951155,23.36010966,17.05294558,21.74797248,18.70946073
19558,19.61002966,25.99418848,17.05320685,18.29975931,19.0428157
9932,17.20751207,24.98430673,17.05363851,18.74471633,22.00982637
23419,17.1512271,25.11185625,17.05476917,14.19286226,26.48928522
2246,19.03635579,30.14041037,17.05495447,19.77897941,13.98929996
37682,17.16233274,22.19253002,17.05526586,21.72266268,21.8672087
18865,17.08034091,23.62348338,17.05568638,15.35567723,26.8848121
19202,17.08034091,23.62348338,17.05568638,15.35567723,26.8848121
23553,16.05530998,29.72364536,17.05746111,20.8340427,16.32954085
36065,23.72664892,22.14632809,17.05809662,19.92603649,17.14288988
3865,22.74783092,21.03579038,17.05935308,16.93565079,22.22137484
41528,15.15075761,31.4304599,17.06010025,18.40287031,17.95581193
31434,14.72852431,32.05002734,17.06102602,17.65576264,18.50465969
31901,14.72852431,32.05002734,17.06102602,17.65576264,18.50465969
13544,18.37833783,25.84608836,17.06207143,18.79486824,19.91863413
20589,18.56029058,21.84598081,17.0622865,22.65553482,19.87590729
627,15.38078958,16.54184572,25.30515689,21.12326953,21.64893828
40743,23.20518856,21.49252152,17.06424302,19.6105125,18.6275344
3862,18.35172793,31.10041617,17.06532057,21.11751017,12.36502517
4777,18.35172793,31.10041617,17.06532057,21.11751017,12.36502517
22459,18.44453818,23.4545123,17.06623847,16.52073117,24.51397988
41393,17.87402749,23.14399261,17.07276974,19.38765337,22.52155678
34859,14.59582829,22.98732115,25.18910336,16.29140129,20.9363459
38716,18.7063309,24.2625004,17.07559463,18.21068654,21.74488754
32975,17.91006747,22.84974788,17.07716713,20.69955889,21.46345862
8578,19.63487881,23.78742891,17.08204725,19.65257449,19.84307054
5461,18.19800546,22.24296135,17.08299169,20.71421259,21.7618289
29542,17.7397402,25.1759997,17.08441519,16.56595284,23.43389208
2847,16.36467666,27.63973751,17.08754573,19.14367725,19.76436285
3252,16.36467666,27.63973751,17.08754573,19.14367725,19.76436285
32260,21.30974487,23.05737908,17.08897089,18.96896931,19.57493585
32733,21.30974487,23.05737908,17.08897089,18.96896931,19.57493585
29378,19.369367,20.36181868,17.09380832,21.67997614,21.49502985
28999,19.15237592,23.78451501,17.09489061,19.55455153,20.41366692
10090,20.01780332,23.23896372,17.09498408,19.24150947,20.40673942
3876,18.26589638,21.40293901,17.0976206,19.42775487,23.80578916
11827,19.41085932,20.49363805,17.09834856,15.65823102,27.33892306
12207,19.41085932,20.49363805,17.09834856,15.65823102,27.33892306
9759,19.22485859,20.31653335,17.09922406,21.86479256,21.49459145
29482,18.36962857,27.27368073,17.10155266,17.98000181,19.27513624
2925,17.84989751,25.67210484,17.10162614,17.99423971,21.3821318
9496,20.28978618,20.62069254,17.10366263,22.37792902,19.60792963
9109,15.89576611,22.41645399,17.10384804,19.62637227,24.95755958
9539,15.89576611,22.41645399,17.10384804,19.62637227,24.95755958
22460,17.14429514,22.66126406,17.1052471,20.82603335,22.26316035
40664,23.29986369,21.44441333,17.11006976,19.79553614,18.35011708
434,18.4235539,14.91282722,25.17042347,16.24295033,25.25024509
34922,16.3813739,19.96810165,25.07027223,20.06378424,18.51646799
29360,21.90821649,21.88404767,17.11666592,17.65739831,21.43367162
35336,18.64713116,16.3414823,25.06427345,16.65516079,23.2919523
23929,20.87412613,20.3115351,17.1219299,22.04770277,19.64470609
16916,17.67002548,25.62991528,17.12623259,18.0422417,21.53158494
16813,18.24607092,27.36782468,17.12778357,26.07818414,11.18013669
1385,18.1376971,19.91827694,17.1283444,18.8004669,26.01521466
20886,17.29322241,24.40282548,17.12893489,14.41446433,26.7605529
22700,20.49646076,19.82189115,17.12948296,20.15975129,22.39241384
36520,18.58603419,28.90815022,17.13181656,21.08516254,14.2888365
24779,16.87654847,20.66040069,17.13313413,16.93164239,28.39827432
19604,18.80778209,19.12459148,17.13360127,18.32279167,26.61123349
14179,16.44258227,18.57478023,17.1338556,13.24267878,34.60610311
39778,18.64971471,22.34367463,17.13435873,17.27782885,24.59442307
12569,18.99249156,24.38704779,17.13676261,18.14039022,21.34330783
12507,23.28423156,20.06418937,17.13822645,19.30492281,20.20842981
28994,18.4080419,23.16049338,17.1383023,18.78776501,22.50539741
35035,15.9773936,17.63885066,25.00174487,15.8716778,25.51033307
5662,18.20426137,24.84096064,17.14113372,18.66906454,21.14457974
19610,18.09251216,23.72846529,17.14187998,16.46218126,24.57496131
63,14.54694474,23.04217572,24.94557439,16.19682889,21.26847628
32457,17.68576454,25.53980829,17.1457326,17.46050817,22.1681864
32906,17.68576454,25.53980829,17.1457326,17.46050817,22.1681864
36758,20.23274732,25.50537571,17.14632912,21.10418753,16.01136032
32386,17.49910769,29.353248,17.14809298,19.49004848,16.50950286
32845,17.49910769,29.353248,17.14809298,19.49004848,16.50950286
37963,20.25896466,21.15982529,17.15304802,23.99563106,17.43253098
33242,16.76157132,24.79507773,17.15402452,16.14873027,25.14059617
13797,16.74875754,27.26452064,17.15454098,17.36072821,21.47145262
12664,16.93789032,23.33143214,17.15516984,16.431254,26.1442537
7692,18.39156124,26.09459805,17.15805198,19.64577387,18.71001487
10539,19.00439553,27.12228803,17.1580759,19.25376899,17.46147156
14210,16.75288654,27.27124204,17.15877001,17.36500807,21.45209334
1979,19.42431982,25.50272182,17.16444784,22.71163308,15.19687745
22624,20.8983029,20.86091878,17.16454832,18.58574698,22.49048302
7606,21.48244701,19.52136464,17.16478751,18.87625265,22.9551482
21697,17.09327573,25.38355354,17.16480848,16.65743497,23.70092727
11018,20.5257513,24.79835498,17.16503868,20.99604194,16.51481311
22606,17.64720489,24.55497917,17.16579723,16.63403976,23.99797896
35972,17.79776125,27.6011261,17.16581644,18.75829978,18.67699643
39062,19.30878069,20.84773557,17.16593413,22.51898098,20.15856864
11806,18.61304025,31.13438614,17.16724776,22.81598946,10.2693364
25530,17.84695464,24.77259567,17.1709955,18.24658319,21.962871
23194,20.01268605,25.78948659,17.17265602,18.99920106,18.02597028
17423,18.90636938,21.20244718,17.17572498,21.59467364,21.12078482
15968,16.9665453,26.62211345,17.1771625,20.81476655,18.4194122
18809,19.55695723,22.67859648,17.17917237,17.34619326,23.23908066
24828,18.56875557,25.04257585,17.17958208,18.16042708,21.04865942
34405,17.46070966,23.82386977,17.18082135,16.7307057,24.80389351
24009,20.18402478,21.21154379,17.18279288,23.06845305,18.3531855
10827,20.2972993,20.84105898,17.18337274,24.09997793,17.57829105
12663,20.11018965,23.37172133,17.18406866,17.69688903,21.63713132
13579,17.49189864,25.33673288,17.18586952,17.83523953,22.15025944
30722,18.09226181,26.27852152,17.1861946,17.86494435,20.57807772
8912,20.27776497,18.32927676,17.18769711,19.48523488,24.72002627
21844,21.07716876,20.17777956,17.19331927,17.30975593,24.24197649
37358,21.62113447,19.62219285,17.19656707,16.59513282,24.96497278
18704,16.99551344,24.64214893,17.19719975,16.77140253,24.39373535
33408,17.40722839,24.11580096,17.1999872,18.70973543,22.56724802
38907,17.9507847,24.27129842,17.20112697,16.98087475,23.59591516
35603,14.87359137,20.35951332,24.89388756,16.32002377,23.55298397
4754,16.96553578,28.29577582,17.20798785,19.45429828,18.07640227
34208,22.51640173,21.65249884,17.20843273,21.55621525,17.06645145
37936,18.71711289,21.55150287,17.21077448,20.2722319,22.24837786
3417,16.63555011,27.62882274,17.21349541,19.82732043,18.69481131
30194,19.01585589,20.99863078,17.21428458,19.84496568,22.92626307
9637,19.31505152,17.64209732,17.21570126,20.98559708,24.84155282
14871,17.34195888,23.36243178,17.21958075,16.83534734,25.24068124
12462,11.99869797,30.80225725,17.22042585,16.5689589,23.40966002
18239,19.42416183,20.14388643,17.22061042,20.14531625,23.06602506
33682,17.09921992,25.03769083,17.22198324,16.35066675,24.29043926
20970,17.97357132,23.32683075,17.22842705,16.95966085,24.51151003
16532,20.41806299,23.10034603,17.23110807,17.64310661,21.60737631
15399,19.32159341,24.22207628,17.23120843,22.54928688,16.675835
36504,22.96220852,16.18770977,17.2346222,20.86568103,22.74977847
13806,19.35552112,23.92181924,17.23521114,18.22586304,21.26158546
34616,22.0638241,20.84798378,17.23787015,16.34692366,23.5033983
7288,16.44444591,23.28704202,17.23921517,20.35882784,22.67046905
5082,24.12581325,18.49048935,17.24000296,18.34629486,21.79739958
38183,22.14479649,18.16127069,17.24091926,18.48757081,23.96544275
36163,20.24509647,22.47806047,17.24286623,19.2667224,20.76725443
82,16.86628728,19.58948631,24.85968844,19.04676886,19.6377691
2566,16.09462967,28.23932124,17.24450173,17.65872399,20.76282337
11629,19.63718145,23.51331068,17.24520756,18.68188035,20.92241998
9034,19.48047515,19.90637522,17.24737044,19.29942279,24.06635641
33979,17.74048881,21.23975765,17.24788273,20.65493626,23.11693454
9265,18.06657819,20.58931228,17.24799902,21.16973234,22.92637817
10131,18.06657819,20.58931228,17.24799902,21.16973234,22.92637817
7441,16.63503786,27.02415866,17.25063797,18.71570366,20.37446185
20261,20.73824233,20.88454728,17.25137779,19.57842679,21.54740581
32049,16.91184084,24.54519731,17.25296422,17.75242845,23.53756918
32527,16.91184084,24.54519731,17.25296422,17.75242845,23.53756918
33073,18.24668875,23.32738456,17.25430166,16.6942705,24.47735454
31046,21.30778769,20.68754128,17.25541662,17.6355331,23.11372131
31527,21.30778769,20.68754128,17.25541662,17.6355331,23.11372131
13705,20.05258182,22.87893076,17.25570149,18.17236619,21.64041975
14127,20.05258182,22.87893076,17.25570149,18.17236619,21.64041975
39150,18.39900547,28.62543331,17.25685365,19.86713752,15.85157005
41029,18.3209585,29.33776025,17.25778235,19.60859423,15.47490466
8269,19.64043816,23.53777386,17.26090006,23.60019966,15.96068826
11215,19.0991745,22.39433893,17.26117207,19.82546549,21.419849
7954,19.37015141,21.65142256,17.26253147,20.20935253,21.50654203
237,15.91689663,18.9093582,24.83947514,15.68465644,24.64961359
35660,15.95494348,20.78101142,24.82698989,15.01696634,23.42008886
34352,16.04996706,23.38148695,17.26559433,17.26528836,26.03766331
11058,18.98329094,23.71130264,17.26629019,20.92587902,19.11323721
10536,16.97110076,26.08831091,17.26732885,16.33280194,23.34045754
11663,17.09859434,21.42244189,17.26873223,19.10079401,25.10943753
33638,14.61350345,29.18917823,17.27191894,18.01928443,20.90611496
11042,19.60715385,23.80556474,17.27289279,22.95726531,16.35712331
37441,18.13920737,23.85319423,17.27437491,17.78039138,22.95283211
4055,19.01144203,21.34594613,17.27492823,16.10970849,26.25797512
31373,19.56828659,23.90628857,17.27568329,18.83577381,20.41396774
31844,19.56828659,23.90628857,17.27568329,18.83577381,20.41396774
37199,18.07245453,28.10673572,17.27940651,20.24152551,16.29987772
21879,18.03101644,23.62568963,17.27962339,17.26396385,23.79970669
18883,20.15098745,22.9804926,17.28069851,16.53389489,23.05392654
9056,18.07721066,22.29029174,17.28128686,15.5457918,26.80541895
17901,15.68313574,26.04654052,17.28175026,17.23549266,23.75308082
17244,17.00173015,19.86911665,17.28220293,17.26838654,28.57856373
17596,17.00173015,19.86911665,17.28220293,17.26838654,28.57856373
19737,21.11656605,20.87696668,17.28228332,22.23579801,18.48838594
15879,19.69418666,20.88786854,17.28250115,21.15458624,20.98085741
17034,21.96529066,25.46620264,17.2828167,16.163243,19.12244701
28197,21.55073511,21.80846251,17.2830276,18.68399,20.67378478
28598,21.55073511,21.80846251,17.2830276,18.68399,20.67378478
13226,17.83566765,24.45157971,17.28433254,17.7503426,22.67807751
20400,20.47467161,23.27661819,17.28572,19.29117693,19.67181327
20813,20.47467161,23.27661819,17.28572,19.29117693,19.67181327
41077,18.87438043,27.00280821,17.28615799,17.36981357,19.46683981
20614,19.43718327,26.8933475,17.28881813,21.09402842,15.28662268
27921,20.08479098,23.57891145,17.28896126,19.14317729,19.90415902
28342,20.08479098,23.57891145,17.28896126,19.14317729,19.90415902
9248,19.91281804,16.33878106,17.28923767,21.02591137,25.43325187
2896,22.28212405,18.83485846,17.2941063,17.50964651,24.07926468
18812,16.32848147,24.72159311,17.29630408,15.95264938,25.70097196
19185,16.32848147,24.72159311,17.29630408,15.95264938,25.70097196
21369,22.46206543,22.98087477,17.29651009,19.47804935,17.78250036
2559,18.40988085,22.44674692,17.29677678,20.22682537,21.61977008
28803,21.46711055,21.14772079,17.2971757,18.35691818,21.73107478
33396,17.02861104,29.21517976,17.29722779,20.9233806,15.53560081
24317,20.13860171,24.39744058,17.29760226,22.60539026,15.56096518
13263,20.75523228,21.53073712,17.29910136,22.70586875,17.7090605
29789,17.56829947,29.12355638,17.30018373,17.96943987,18.03852055
8364,18.13487656,29.24325035,17.30058504,19.97549445,15.3457936
6515,17.90438403,24.45934599,17.30177632,16.19170542,24.14278824
14320,17.05147092,26.02210716,17.30260505,17.50044129,22.12337558
26191,19.86432049,20.93496339,17.30329506,20.88082235,21.0165987
26627,19.86432049,20.93496339,17.30329506,20.88082235,21.0165987
2569,19.11396263,19.58788157,17.30407069,15.54018903,28.45389607
19885,15.86390134,24.3278153,17.30428143,15.23073488,27.27326705
10569,19.62729291,27.24700352,17.30617446,20.21335527,15.60617383
15929,18.66255759,23.3968014,17.30642396,20.08511987,20.54909718
41470,20.90992307,20.61048018,17.30800417,19.55415505,21.61743754
40991,17.81345836,24.99215094,17.31088836,17.17526053,22.70824182
8203,22.41476802,22.6206133,17.31269509,19.51855419,18.1333694
37040,16.07638965,25.28387441,17.31280198,17.28518513,24.04174882
34482,18.89586526,22.96429635,17.31299247,17.7983769,23.02846902
16492,17.75139221,21.67891241,17.31523548,18.71771151,24.53674839
4641,18.05224709,28.59685056,17.31572584,18.65534802,17.3798285
20640,15.83887776,31.93327353,17.31582104,21.79906659,13.11296108
31418,18.14877573,22.01750329,17.31777322,18.53024162,23.98570613
31885,18.14877573,22.01750329,17.31777322,18.53024162,23.98570613
29339,20.72603642,20.42659791,17.32064498,18.52542419,23.00129651
24101,15.91820173,25.85853883,17.32081671,16.79090556,24.11153717
6271,19.52888638,29.06750895,17.32178091,24.96639131,9.115432442
30352,18.09312161,23.34158461,17.32216774,19.06154441,22.18158162
23036,16.85171011,23.70943363,17.32491724,15.06664106,27.04729797
23491,16.85171011,23.70943363,17.32491724,15.06664106,27.04729797
38482,19.00957124,27.30461584,17.32731893,19.4626764,16.89581759
19505,20.50774213,21.49543596,17.32806038,17.9871458,22.68161572
37327,20.6061412,19.18835816,17.32832188,21.503957,21.37322176
3439,17.52037962,20.90024682,17.32998492,19.19547499,25.05391365
10794,19.24245768,26.13255715,17.33412983,19.02642333,18.26443201
11250,19.24245768,26.13255715,17.33412983,19.02642333,18.26443201
38604,20.45959489,23.56343101,17.341535,26.03920207,12.59623702
4681,17.98195839,22.07520192,17.34185605,16.11331532,26.48766833
20803,19.28449368,22.25374532,17.34366987,26.7676924,14.35039873
912,18.73682806,21.87336815,17.34505907,21.89710863,20.14763608
37501,17.46945354,19.63232447,17.34556111,20.08092082,25.47174006
18415,16.0568695,27.21621021,17.3480121,17.78593444,21.59297375
19411,18.56076401,27.01291973,17.35088734,18.29096724,18.78446168
20660,21.77984254,21.60460898,17.3531917,18.82416891,20.43818787
29461,21.52008526,21.51528126,17.35325015,19.79387325,19.81751008
22087,19.26119427,21.74457511,17.353364,20.3362377,21.30462892
2376,18.91110535,26.05331851,17.3534053,18.58478317,19.09738766
9658,17.02162219,28.31938386,17.35350318,19.51136554,17.79412524
14080,19.29448438,19.7766679,17.35360498,14.38712491,29.18811784
6548,18.69980954,17.17988426,17.35400983,18.47280277,28.29349359
36896,18.81477974,25.63216006,17.35614871,20.86082214,17.33608935
16437,17.80145817,24.60704642,17.35688949,17.70933581,22.52527012
16849,17.80145817,24.60704642,17.35688949,17.70933581,22.52527012
36315,18.81108655,24.30993531,17.35853634,15.25760319,24.2628386
35943,17.80669878,22.90613464,17.35864866,19.57760053,22.35091738
20240,18.42309315,25.19884269,17.35905735,17.32473346,21.69427334
31186,19.64288061,21.18303214,17.36065801,17.85433055,23.95909868
31663,19.64288061,21.18303214,17.36065801,17.85433055,23.95909868
19540,18.63421587,25.64092507,17.36170209,17.44042573,20.92273124
18121,17.48706279,23.66240257,17.36519215,14.39795184,27.08739065
40839,19.90184793,24.63147721,17.36589758,22.27160369,15.82917358
33459,16.57908632,23.69285376,17.36653214,20.22884218,22.1326856
36401,19.90443674,19.12732206,17.36706657,20.11988358,23.48129104
9985,18.52492675,21.44611882,17.36767807,18.94540102,23.71587534
22627,18.1317014,24.88396326,17.36851845,18.0542402,21.56157668
15817,20.07912869,21.79965997,17.37481334,16.13505389,24.6113441
4293,15.30799043,29.11887475,17.3752676,19.2585782,18.93928903
14328,16.63040792,26.58590801,17.37864235,18.86212445,20.54291727
14954,20.09176121,23.01645284,17.38046391,23.6553446,15.85597744
36438,19.55453211,23.33419062,17.38114229,21.45525334,18.27488164
8085,22.00788137,20.35152435,17.38204827,23.90423146,16.35431455
40044,17.23341452,25.11571866,17.38252363,17.40251599,22.8658272
34269,18.99934228,18.98461632,17.38353417,14.0500879,30.58241933
6535,21.18415914,21.09856948,17.38464934,17.86992674,22.4626953
6226,20.10998802,19.45609292,17.38494659,21.4381556,21.61081688
4556,18.61555322,26.59948157,17.38537512,19.25406037,18.14552972
2149,17.84619575,27.84414395,17.38577827,18.25477832,18.66910372
19704,19.26570582,21.26042756,17.3859333,18.36862293,23.7193104
11855,21.36518181,16.97813425,17.38710712,21.34352101,22.92605581
18331,21.33584896,20.4377788,17.38731645,19.76976867,21.06928711
5115,18.38983288,24.86283173,17.38798408,17.59452263,21.76482868
12000,17.887129,29.23704342,17.38864896,19.5622935,15.92488512
12443,17.887129,29.23704342,17.38864896,19.5622935,15.92488512
16049,18.2339342,21.72106941,17.39015162,18.90415211,23.75069266
2953,18.79568924,26.05988524,17.39096615,23.6045106,14.14894877
30478,17.92980417,23.8347449,17.3940283,17.04242274,23.79899989
40571,17.77760056,26.20426263,17.39599267,17.30843396,21.31371018
2908,17.80217137,24.66608126,17.39622143,17.15973076,22.97579518
6492,15.93550721,26.59780705,17.39681385,16.1453209,23.924551
6898,15.93550721,26.59780705,17.39681385,16.1453209,23.924551
38233,19.34934759,22.12606817,17.39799227,17.00773547,24.11885649
35480,15.18125231,20.5915178,24.73141098,15.88692887,23.60889004
25728,22.24927541,19.55061738,17.40148668,17.40152767,23.39709287
22332,18.23267466,26.648569,17.40438031,18.62913325,19.08524278
16146,19.07709899,23.15932428,17.40552932,18.52188011,21.8361673
40964,19.14262593,25.98894138,17.40773992,18.52620667,18.9344861
22697,19.2247923,24.76082233,17.40928631,17.74935573,20.85574333
30823,20.03676901,19.44407757,17.40948874,20.36431283,22.74535186
35902,23.21167273,23.08005755,17.40997096,22.1449578,14.15334097
35721,14.35942594,21.38428661,24.70353492,14.8211943,24.73155823
5573,18.22867867,22.51958304,17.412363,17.42945169,24.4099236
5590,17.70150857,22.80812613,17.41280286,21.57474325,20.50281919
1606,19.41931734,19.3665586,17.41421502,19.1424224,24.65748664
37124,16.87389192,24.07019542,17.41429384,15.72040279,25.92121602
3671,17.41503686,29.29430804,17.41442066,19.48370691,16.39252753
18400,21.39719054,21.15216569,17.41526362,16.50708541,23.52829474
7090,19.99836634,25.2215473,17.41614537,18.60227406,18.76166692
41396,17.94716698,23.06758319,17.41686919,17.21654125,24.35183939
20075,18.56275741,25.69900098,17.42010334,21.24916605,17.06897221
37471,18.77000158,21.99131235,17.42213804,20.10031815,21.71622988
24072,19.82173325,20.76495509,17.42226549,18.40337482,23.58767135
11041,19.47087462,24.40498207,17.42285857,19.79993785,18.90134689
36235,19.47087462,24.40498207,17.42285857,19.79993785,18.90134689
18768,16.82882812,23.01502587,17.4233978,15.94775468,26.78499354
23826,18.18623994,21.36208859,17.42477815,19.89814446,23.12874886
33308,18.98384532,18.12336302,17.42685627,19.37891619,26.08701921
33747,18.98384532,18.12336302,17.42685627,19.37891619,26.08701921
37707,19.73002126,27.43862776,17.42795463,20.3987685,15.00462785
29640,17.67996394,22.86805944,17.42817772,16.98493063,25.03886827
35669,16.11973961,21.4566937,24.42441421,17.66158259,20.33756989
24052,18.80779378,20.47903425,17.43420171,28.3960561,14.88291417
29628,18.2268851,22.52168228,17.43480386,17.93284036,23.88378839
486,19.04778629,12.96079205,24.40136799,14.29654229,29.29351139
30494,18.63956999,27.38359444,17.44100149,19.76339919,16.77243489
12570,19.81119758,22.2855742,17.44107053,18.28680175,22.17535594
24700,18.45334418,22.71427811,17.44169693,19.76638274,21.62429804
2614,19.13714648,21.05701629,17.44373294,21.51494395,20.84716035
40460,19.37329847,21.47805384,17.44490989,17.18603763,24.51770017
8284,18.10428183,28.67870035,17.44578429,20.33338496,15.43784857
8709,18.77256054,20.21227224,17.44777693,20.35688679,23.21050348
18371,20.38828331,22.47928078,17.44908664,18.89132262,20.79202666
16867,19.17420833,27.07793394,17.45133929,19.71369699,16.58282145
20797,23.48484019,14.86262302,17.45171319,17.04711607,27.15370753
20349,21.09754818,26.48300962,17.45320578,18.92779031,16.0384461
18176,19.51076148,22.09729945,17.45993246,18.96102075,21.97098587
27812,22.5040285,22.54948493,17.46324804,18.13100883,19.35222971
18114,18.79906668,26.72946343,17.46455353,19.7227361,17.28418027
24493,17.73843848,25.95029514,17.46488439,17.57353281,21.27284919
2092,17.89567139,19.94604655,17.46647709,19.4071717,25.28463327
9195,17.1818496,20.46434106,17.46767505,21.7548475,23.13128679
10294,17.8584215,22.90503126,17.46926176,15.83446902,25.93281646
23704,21.25620353,18.09256705,17.47149391,20.68670161,22.49303389
14822,17.4593757,22.87716893,17.47189934,17.21379197,24.97776406
34987,13.78282643,23.16131306,24.39886074,17.31599869,21.34100108
30613,20.24578462,18.30984792,17.47468562,16.8499178,27.11976403
22074,18.90454971,24.63479449,17.47528304,18.87523046,20.11014229
36574,18.84928734,23.29085499,17.47624587,18.45128192,21.93232987
10821,17.23570526,22.44915996,17.47687405,17.75594863,25.0823121
20953,22.64101059,20.92092652,17.47775169,18.39163561,20.56867559
37077,19.27032971,21.00675833,17.47801604,21.36691299,20.87798293
18698,20.71760314,19.48458941,17.48141476,18.99848533,23.31790736
40905,18.88364576,29.25584721,17.4855244,22.1487532,12.22622943
25432,18.10271507,24.06560064,17.48606102,18.59520946,21.7504138
39357,16.99870012,24.20165462,17.48700467,16.57626712,24.73637347
2797,19.6652531,20.90505791,17.48882575,20.50614942,21.43471382
27550,17.94639753,22.23791737,17.48996536,18.83603777,23.48968197
14441,20.6155163,21.74247408,17.49006601,22.41687782,17.73506579
20093,15.84734238,23.20000053,17.49056215,16.68470474,26.77739019
37170,14.55447065,21.64049317,17.491079,15.67851202,30.63544516
4493,19.01829458,20.9717532,17.49534082,17.21889291,25.2957185
3255,18.68630069,26.35441878,17.49791961,18.27590108,19.18545984
36072,18.40050583,25.15325144,17.49852745,17.73019794,21.21751733
24340,18.98665671,22.61074641,17.50378786,18.38291718,22.51589183
28972,17.51043005,25.13503705,17.50403407,18.46459632,21.38590251
12776,20.59212918,17.39409965,17.50561843,21.87384511,22.63430763
12556,21.8431136,20.38360321,17.50769056,18.61049918,21.65509346
37178,18.06042932,22.38962901,17.50798937,15.45695717,26.58499514
7652,19.57883764,22.56237534,17.50862262,19.89275234,20.45741207
6370,21.54199291,18.35913703,17.50896214,20.27163851,22.31826942
38108,17.10182188,27.32887039,17.50896725,18.44280815,19.61753233
17774,18.59987294,21.43458337,17.50912593,20.27637276,22.18004501
7245,18.83424036,21.42860926,17.5099484,18.20729807,24.0199039
18500,17.40163699,24.1932692,17.51144299,17.38141281,23.51223801
34437,17.40184767,22.40922518,17.5116267,17.57259172,25.10470873
27156,17.51297064,21.29157311,17.51442007,20.44382787,23.2372083
14482,20.64864725,21.60519072,17.51537711,20.19523101,20.0355539
3838,19.62938671,24.54708163,17.52112563,22.99169985,15.31070619
33084,19.24303657,18.38842392,17.52361269,15.22653941,29.61838741
38811,18.62941015,26.35151646,17.52571135,19.47176298,18.02159907
37526,19.49015945,20.87084411,17.52826522,21.73316221,20.37756901
19738,19.88315365,21.35998595,17.52856825,21.67696234,19.55132981
38227,18.19836783,28.8408201,17.52865693,19.72055138,15.71160375
5076,19.67970897,21.11362487,17.5293964,20.50262602,21.17464374
1384,15.89392041,28.11806229,17.53139189,18.10787912,20.34874629
34189,18.34792709,22.9451918,17.53204096,17.21162285,23.96321731
40847,20.2770333,21.17686856,17.53253726,21.52051644,19.49304444
4552,18.06956925,22.862209,17.53363905,17.23495679,24.29962591
1673,25.04690091,14.48347606,17.53402304,18.25236094,24.68323904
35475,18.68929177,18.58518746,24.38308348,18.41988976,19.92254753
8889,16.51393725,23.20993891,17.5349234,19.17529164,23.5659088
22821,17.4925773,23.92369994,17.53587715,17.40699941,23.6408462
21102,19.69515869,18.6184016,17.53635547,22.58826703,21.56181721
21499,19.69515869,18.6184016,17.53635547,22.58826703,21.56181721
34310,21.51058465,21.81687498,17.54042506,19.23482308,19.89729223
37558,19.35647908,27.34521871,17.54128255,21.25294641,14.50407325
34782,17.76597462,22.48692137,17.54327011,16.72889557,25.47493833
23651,22.3097749,17.67644803,17.54400882,19.50597319,22.96379506
24536,19.18620923,22.95691488,17.54414922,18.05817171,22.25455496
18167,20.0807475,25.31930442,17.54501114,19.22741637,17.82752058
40360,20.26999429,22.46107547,17.54686575,17.76371062,21.95835387
31242,15.78286614,25.05873774,17.55044828,16.29277327,25.31517456
31720,15.78286614,25.05873774,17.55044828,16.29277327,25.31517456
41378,17.3437736,23.47336863,17.5521626,15.40774072,26.22295444
17190,19.52657193,22.22174332,17.55234013,18.04862024,22.65072438
23164,18.52981255,22.01717041,17.555291,17.43182569,24.46590036
7722,19.40953491,26.76381203,17.55721307,20.02048268,16.24895732
4991,20.1032681,22.24508726,17.55725759,18.4586693,21.63571776
1106,18.60063801,25.9943116,17.55828388,18.0779002,19.7688663
12132,19.54744616,20.2404162,17.55908255,16.25258368,26.40047141
36394,17.7277305,21.58079362,17.55973696,18.23953921,24.89219971
38184,16.77714542,29.82711571,17.56211413,18.87835537,16.95526938
5949,18.65025382,25.32780551,17.56255072,26.76493632,11.69445362
21194,19.77975205,25.55530746,17.56659322,21.28007705,15.81827021
21595,19.77975205,25.55530746,17.56659322,21.28007705,15.81827021
7493,19.56794084,26.76843834,17.56889313,18.41678305,17.67794465
25846,19.83667039,19.86009605,17.57317742,20.44879948,22.28125666
17112,15.90966511,26.94044324,17.57418132,18.9285611,20.64714923
17483,15.90966511,26.94044324,17.57418132,18.9285611,20.64714923
39705,17.72977564,25.41076296,17.57587998,16.02862048,23.25496094
34010,18.64407428,19.57590461,17.57728955,15.28848004,28.91425152
4291,18.9684664,19.47029786,17.57898717,19.84998215,24.13226642
18864,19.39268638,21.81751236,17.58245031,14.30263351,26.90471744
30623,17.3841143,23.77690699,17.58673197,16.98888184,24.26336489
5884,14.67136941,31.04774538,17.5875695,19.28816232,17.40515338
39382,19.49435084,19.37062585,17.58858869,22.40767081,21.13876381
37638,24.37421065,20.39143333,17.58886287,21.07871116,16.56678198
40632,23.13882153,21.37240864,17.58888664,21.33540963,16.56447356
10535,17.44837278,22.2105749,17.58931668,18.50257046,24.24916518
9777,20.40185649,21.75593901,17.59113518,18.47159543,21.77947389
9192,21.177144,19.57150032,17.5951391,17.06475131,24.59146528
9595,21.177144,19.57150032,17.5951391,17.06475131,24.59146528
10886,18.40781841,26.0302764,17.59898572,18.23167637,19.73124311
21518,17.16186077,28.75817917,17.60283696,19.47557357,17.00154953
30379,19.58517645,20.04072401,17.60509095,20.76821935,22.00078924
10833,17.37788981,26.05927433,17.60648118,17.82502451,21.13133017
11288,17.37788981,26.05927433,17.60648118,17.82502451,21.13133017
32414,15.52087579,23.73606401,17.6079015,21.02254817,22.11261052
32910,15.52087579,23.73606401,17.6079015,21.02254817,22.11261052
33750,18.78804211,23.6923889,17.61827339,17.57325112,22.32804448
30776,21.69783524,21.61134338,17.62124664,19.56220257,19.50737217
6387,18.16217258,22.72145811,17.62312681,16.52558041,24.96766209
33781,16.12828776,31.16708315,17.62448273,19.43437412,15.64577225
34567,18.8379607,27.47491416,17.62891733,19.74617601,16.3120318
35392,14.54506743,23.69596123,24.28722425,15.99217118,21.47957591
38871,17.79099118,23.49586803,17.63032559,16.90964429,24.1731709
16096,15.49734169,24.68449991,17.63032951,15.94785527,26.23997362
37621,19.63675625,23.60981159,17.632506,17.89201086,21.22891531
34374,17.34157476,20.25195118,17.63807683,18.82821978,25.94017745
28810,17.97551444,20.57410356,17.63998858,18.36143019,25.44896322
36034,18.39471949,25.65528272,17.64069747,17.99841001,20.31089031
35424,15.88969569,22.07791762,24.19327899,18.82267526,19.01643244
38102,18.67799348,18.71846021,17.64336459,19.51167311,25.44850862
10530,16.60775868,23.88427096,17.64480806,16.3395936,25.5235687
19770,21.45401044,13.53286292,17.64509767,19.9928164,27.37521257
3205,17.00872986,23.71568986,17.64586216,16.67198205,24.95773607
7602,20.44433922,17.52781194,17.64846735,19.91969846,24.45968303
40361,21.49926943,20.31974275,17.6502597,21.11797514,19.41275299
21120,19.19102392,24.35356253,17.65091806,18.9421112,19.86238429
30854,18.87231932,26.50679196,17.65122433,18.76690268,18.20276171
26203,20.99883545,20.66945532,17.65150911,17.60819438,23.07200574
26645,20.99883545,20.66945532,17.65150911,17.60819438,23.07200574
21116,15.70075444,25.65067672,17.65537108,16.55053171,24.44266606
30893,20.71127764,22.36539561,17.6588345,20.37914111,18.88535113
36478,18.29175059,23.80847673,17.65953929,18.11898787,22.12124553
12834,19.18893531,20.77005742,17.66333458,21.61110018,20.7665725
5172,19.64225398,23.09816205,17.66522614,17.42012776,22.17423008
5658,16.84441531,20.31540164,17.66558856,19.9890903,25.18550419
4526,19.28667364,23.59738349,17.6676443,20.92741697,18.52088161
3009,16.37799141,22.18530447,17.66925083,16.31185576,27.45559753
3375,16.37799141,22.18530447,17.66925083,16.31185576,27.45559753
3049,19.48761795,22.60157762,17.66966479,17.39746326,22.84367638
32998,18.40329106,19.92126227,17.6704488,17.62734098,26.37765689
39835,17.76678793,24.56034814,17.670512,17.76950616,22.23284577
9345,23.1042636,17.64899446,17.67443893,17.3081106,24.26419241
5703,20.77412937,20.00565547,17.67495935,17.77940258,23.76585324
6109,20.77412937,20.00565547,17.67495935,17.77940258,23.76585324
9905,20.85897079,24.05534292,17.67521928,19.65817583,17.75229118
12196,15.96047809,23.53786103,17.67757733,14.90255274,27.92153081
33030,21.65717304,18.04092808,17.67765762,19.88633773,22.73790352
33509,21.65717304,18.04092808,17.67765762,19.88633773,22.73790352
3040,20.44297275,20.9544979,17.67901325,17.80717064,23.11634546
37613,24.27963288,17.37334027,17.68286444,17.86717217,22.79699023
10591,20.48228184,21.24847922,17.68514696,17.63894438,22.9451476
32151,19.2092517,22.31271576,17.68639692,17.93170568,22.85992994
32634,19.2092517,22.31271576,17.68639692,17.93170568,22.85992994
39246,19.14640324,23.23044104,17.6864232,17.06515679,22.87157573
35636,15.93565201,19.09472413,24.18219449,15.75446039,25.03296898
22735,19.79393558,21.88181815,17.69249952,16.68458012,23.94716663
9148,18.58125985,21.64816139,17.70057573,19.27177285,22.79823018
19823,17.10432584,22.00415845,17.70406133,21.57747764,21.60997673
21282,23.78187231,17.65562656,17.70477467,18.94947754,21.90824892
21655,19.13197748,30.354247,17.70530817,22.54747369,10.26099365
22507,18.65917302,20.95371676,17.70737921,19.36224154,23.31748947
21026,16.20799965,25.89707983,17.7121232,17.5408485,22.64194882
34311,17.61302488,20.70596161,17.71336909,20.3004247,23.66721973
18503,19.14295262,24.02648946,17.7148645,19.08764321,20.02805021
3329,19.44912563,22.55108329,17.71548126,24.68812182,15.59618801
20375,19.33868766,28.51818219,17.71579452,20.09010658,14.33722905
15041,17.65612229,22.66496516,17.72063112,16.21128082,25.7470006
10151,23.21286577,21.43115536,17.72121879,19.19316338,18.44159671
34263,18.56815415,23.67846991,17.721532,17.90423482,22.12760911
21839,19.70111766,20.35903325,17.72253328,19.67766158,22.53965424
9798,17.99468857,23.01468196,17.72508753,18.976712,22.28882994
5020,18.86440911,22.61906118,17.7280506,20.82771531,19.96076379
3308,16.31468705,26.23395689,17.72846149,16.68837048,23.0345241
27052,17.98937756,21.99634848,17.72882394,17.79289638,24.49255364
27253,18.33365556,19.97456965,17.73249452,18.6881517,25.27112856
17871,17.45145381,22.94765256,17.7331908,19.70898434,22.15871849
18354,20.7933207,19.05405115,17.73505051,15.43055923,26.98701841
3775,19.54245506,21.34399352,17.73627777,22.69018477,18.68708888
4180,19.54245506,21.34399352,17.73627777,22.69018477,18.68708888
19842,23.23893393,21.3864621,17.73860043,18.40305749,19.23294605
14638,19.87249098,21.97964326,17.742722,17.9390339,22.46610986
20290,18.85229401,22.09458652,17.74293915,19.1885262,22.12165412
40419,18.66088184,27.864209,17.74296802,18.97518798,16.75675316
4736,19.48662363,26.32590622,17.74318696,20.68812263,15.75616055
35157,16.38995198,21.56445591,24.15799979,16.75591853,21.13167379
4069,19.63644472,25.42217316,17.74603727,20.44617341,16.74917144
22227,18.76163844,22.77065418,17.74610614,16.57950288,24.14209836
27219,17.78256104,26.11682908,17.74656732,15.99085784,22.36318473
198,15.65837175,20.16303417,24.06188054,16.06639036,24.05032318
22099,22.56010566,19.82288759,17.74836778,17.57909194,22.28954703
11014,19.46001132,23.2571861,17.74840292,26.17727584,13.35712382
11426,19.46001132,23.2571861,17.74840292,26.17727584,13.35712382
34665,16.90045119,21.92482798,17.74919695,18.09592775,25.32959614
19618,13.74505241,26.96428586,17.74999875,16.76442065,24.77624234
12703,16.29646573,32.50492539,17.75010721,21.16569474,12.28280694
23951,17.15303166,24.07770531,17.75035043,17.23752342,23.78138917
37239,20.43181738,19.75474233,17.75041518,20.31971731,21.7433078
23158,18.01480706,26.58221012,17.75379498,18.67504489,18.97414295
1375,20.76137816,23.71515698,17.7544185,18.84006193,18.92898443
35886,17.03575119,21.94728337,17.75444026,23.97901326,19.28351192
6208,18.71956771,23.29963656,17.75490883,19.4919984,20.7338885
13325,16.08226446,25.97890946,17.75543975,16.24772082,23.93566552
33983,18.99267024,18.43200819,17.75664408,19.65234107,25.16633642
2015,19.02730127,24.9580057,17.7569055,18.30485314,19.95293441
17276,18.93216599,25.8677313,17.75745076,20.43773541,17.00491655
41632,19.3696381,28.39637329,17.75844207,20.04714989,14.42839665
4921,20.10764012,24.98460218,17.76071837,19.23819673,17.9088426
22306,17.25849575,23.31769624,17.76080626,17.91812088,23.74488087
10147,18.40947859,24.75747961,17.76373166,18.84444045,20.22486969
36996,21.01684564,19.42172655,17.76465405,21.61999136,20.17678239
38734,15.12697041,21.21293003,17.76491308,23.46407632,22.43111017
19275,22.37183474,21.64693863,17.76596494,19.43340679,18.7818549
31002,17.46611892,22.75470349,17.76770842,17.38777076,24.62369842
31729,18.84223735,24.18858183,17.7678924,20.06204383,19.13924458
39216,17.28247424,29.64798311,17.76823639,18.56770306,16.7336032
9190,18.27972066,25.44777737,17.76911597,19.3608948,19.1424912
20899,17.83110445,23.3061997,17.76946577,15.93763332,25.15559676
21344,17.83110445,23.3061997,17.76946577,15.93763332,25.15559676
13381,16.59223192,22.0200786,17.76965445,17.30433662,26.31369841
12639,19.12880713,21.73075542,17.77125525,21.03577757,20.33340463
34165,19.10703714,21.04360294,17.77358945,17.75021079,24.32555968
9602,19.44556491,21.58393115,17.77369116,23.61043796,17.58637483
6065,19.04919301,22.6598289,17.77415262,20.50653346,20.01029201
36676,19.78342591,26.86431324,17.77422081,17.56030242,18.01773763
39029,21.1630177,18.8018178,17.7750401,17.22656271,25.03356169
15705,19.31393462,21.88127651,17.77626147,17.8807538,23.1477736
8514,20.25726563,22.81976422,17.77754294,22.78675796,16.35866924
9477,18.56974446,24.32034244,17.78053153,17.73905297,21.5903286
40997,19.49902852,26.02754425,17.78119096,20.83056222,15.86167406
38158,21.84969353,20.81849302,17.78518642,19.36465147,20.18197556
4239,17.34031917,25.30376343,17.78736284,25.07290933,14.49564523
38804,18.44184985,23.09712366,17.7876837,19.83378737,20.83955541
28223,16.98706484,21.8561576,17.78770782,17.71613408,25.65293567
28700,16.98706484,21.8561576,17.78770782,17.71613408,25.65293567
10038,17.60163193,27.29756393,17.78932536,18.34165199,18.9698268
7444,17.77051289,28.07192571,17.79163644,19.88518165,16.48074331
23037,16.21035248,23.1115634,17.79246308,14.96462022,27.92100081
39492,18.88853189,24.94352803,17.79351479,23.90801468,14.4664106
21340,21.84301645,17.88232804,17.7944855,24.57048522,17.90968479
21812,21.84301645,17.88232804,17.7944855,24.57048522,17.90968479
40546,19.12107391,23.23713055,17.79789254,19.20303234,20.64087066
772,16.22356403,22.15193282,24.04903356,18.14740421,19.42806538
8533,19.75715953,20.28327088,17.79941148,22.74373332,19.4164248
34143,18.73830596,21.05966349,17.80023576,21.28428506,21.11750972
10438,18.34285391,27.21071107,17.80088819,19.81598017,16.82956666
40868,17.87752121,27.39522148,17.80104864,18.16985775,18.75635092
9252,19.03035059,23.75221869,17.80173019,19.79766976,19.61803076
21016,19.04843496,21.21851878,17.80475076,17.33648814,24.59180735
27998,19.67792719,21.41581136,17.80481674,18.29967467,22.80177004
28409,19.67792719,21.41581136,17.80481674,18.29967467,22.80177004
20153,18.35973271,23.44018266,17.80498524,19.64108133,20.75401806
5605,19.24890094,24.28661099,17.80678647,18.38266285,20.27503874
16277,19.1577196,23.56779381,17.8108791,19.04640028,20.41720721
16670,19.1577196,23.56779381,17.8108791,19.04640028,20.41720721
5639,22.70359522,22.22263234,17.81231141,20.65363019,16.60783084
4008,18.58221957,21.34461175,17.81360784,17.45444027,24.80512057
4203,19.26311715,25.37901144,17.81413936,18.49302767,19.05070438
36714,17.29803257,22.80069439,17.81439354,18.72428024,23.36259927
8061,22.87217727,23.17830768,17.81579185,22.48505135,13.64867185
38546,19.27880894,24.68937543,17.81727473,18.55966074,19.65488017
37620,17.21668867,21.69688097,17.8172972,20.01538262,23.25375054
28032,22.35494721,18.5043081,17.81754005,25.71680515,15.6063995
28438,22.35494721,18.5043081,17.81754005,25.71680515,15.6063995
2132,17.98919123,28.42434555,17.81879163,21.86603965,13.90163194
11283,20.31879879,20.0575354,17.81927595,19.97760266,21.8267872
8582,16.87214593,28.90006134,17.81967042,19.72063554,16.68748677
5683,18.26827959,24.34535434,17.82046302,17.07080548,22.49509757
19078,16.83230781,26.87136694,17.82441632,17.54679825,20.92511067
6926,18.02463949,27.81959845,17.82502276,17.98135641,18.34938289
9558,19.45435414,20.88570406,17.8255371,16.54298795,25.29141674
36042,19.10261316,25.78503361,17.8263934,18.28799771,18.99796212
31110,19.54284444,21.22380558,17.82728403,20.21761102,21.18845492
31584,19.54284444,21.22380558,17.82728403,20.21761102,21.18845492
12965,22.70123955,22.91882348,17.83030259,20.60459594,15.94503843
20978,19.5506313,20.75861606,17.83140121,15.64550157,26.21384986
6194,19.70834247,25.35749898,17.83195876,18.65234725,18.44985254
28898,18.6457508,19.98739328,17.83260802,19.50841508,24.02583282
17938,15.93365758,23.47802645,17.83383126,19.38675331,23.36773139
10304,18.33684701,22.30347072,17.83583962,19.13159715,22.39224549
36607,18.87410349,23.00940714,17.84006091,16.32959098,23.94683747
27478,19.9245318,17.66461739,17.84006432,19.9715544,24.59923209
22223,17.42869785,25.43668806,17.84053814,17.53236285,21.7617131
30985,17.15590388,22.24638724,17.8405898,17.5391405,25.21797858
27074,20.20042062,23.80555068,17.84061778,21.25057183,16.90283909
4013,20.02002929,20.84561539,17.84268396,20.76475254,20.52691882
16441,18.70673196,28.1733225,17.84397991,24.1670881,11.10887752
31250,17.20678995,29.11132062,17.84418424,19.58502377,16.25268142
31724,17.20678995,29.11132062,17.84418424,19.58502377,16.25268142
22646,16.64402674,32.00394521,17.84548712,20.03035903,13.47618191
17292,18.25885351,20.99597992,17.84724697,21.11234831,21.7855713
17660,18.25885351,20.99597992,17.84724697,21.11234831,21.7855713
11315,17.65891766,25.39078636,17.84751362,18.16862083,20.93416153
12281,18.7274797,20.98335109,17.84756413,20.85358093,21.58802416
6677,21.21056543,23.59949309,17.8505231,21.0129365,16.32648188
30835,17.67501344,21.08279257,17.85225139,19.50930527,23.88063733
2106,20.50394066,25.0425394,17.85243827,20.99040006,15.6106816
40368,18.20964466,26.11952592,17.85278318,17.93798138,19.88006486
40060,20.95418855,20.79350548,17.85339868,19.01435166,21.38455563
9033,17.79370052,24.04333883,17.85414944,17.90451139,22.40429982
9451,17.79370052,24.04333883,17.85414944,17.90451139,22.40429982
31449,20.66309192,23.12511687,17.85645527,18.46010391,19.89523204
31917,20.66309192,23.12511687,17.85645527,18.46010391,19.89523204
18495,19.76009012,21.78608446,17.85665649,18.02219316,22.57497577
2137,19.14161288,18.94030481,17.86121338,20.29295643,23.76391251
39045,16.38978818,28.37334862,17.86284165,18.42958375,18.9444378
1175,19.25453203,23.35946746,17.86653122,17.87431897,21.64515032
10036,23.45552765,22.30922735,17.8667201,20.22930704,16.13921785
26406,20.20432655,19.74451265,17.86779861,18.17322303,24.01013916
26823,20.20432655,19.74451265,17.86779861,18.17322303,24.01013916
16178,17.00168943,25.05303188,17.86890705,17.28007273,22.79629892
16595,17.00168943,25.05303188,17.86890705,17.28007273,22.79629892
22884,17.7310231,23.44085807,17.86968041,17.56432598,23.39411245
33890,17.90323994,22.82990538,17.86997487,18.52898764,22.86789217
36585,18.17674628,29.2072048,17.87042061,20.14966956,14.59595874
21395,18.40658096,19.64449266,17.87070517,19.77691848,24.30130272
6089,18.27284505,24.07653889,17.8709532,17.57031042,22.20935245
9696,21.28522691,21.35118846,17.87338181,24.37548606,15.11471675
39123,17.34453953,22.03283176,17.87787501,19.73101792,23.01373578
18053,12.02983079,26.17961037,17.87868043,14.75215043,29.15972797
383,17.57300432,18.35796686,23.98655835,21.23641054,18.84605993
40427,17.96752371,21.46308452,17.88790085,15.90238874,26.77910218
12146,18.65610392,25.67584563,17.88811873,17.95394965,19.82598208
11870,15.81858915,27.46505206,17.88842903,17.78419382,21.04373594
5608,19.94500092,21.88302241,17.8887333,18.93982304,21.34342033
5996,20.30501799,19.43040742,17.89006131,23.75568892,18.61882436
40679,19.56591684,23.31157042,17.89140506,18.16433641,21.06677126
39968,19.76925086,23.95954871,17.8917318,21.05592013,17.3235485
23150,15.83745375,27.003781,17.89248692,18.13265165,21.13362668
16982,16.98321294,24.82956647,17.89417562,18.07382991,22.21921506
24550,16.51232871,26.69341592,17.89483017,16.86689614,22.03252906
29248,17.40559626,23.96410589,17.8963874,17.12369477,23.61021568
12701,15.19561244,22.73878436,17.89775588,19.36404779,24.80379954
8530,21.72130143,22.73187766,17.89924189,19.95401178,17.69356724
9989,17.60486057,24.64943487,17.89935117,23.76715734,16.07919605
34322,20.82659636,22.72196737,17.90040022,23.09139714,15.45963891
37374,19.24851591,22.66021786,17.90070967,22.64607808,17.54447849
9101,19.51675401,20.88370988,17.90103111,19.18214023,22.51636478
17006,17.85346192,23.94759977,17.90253297,18.85865896,21.43774637
18184,21.09495809,19.5249749,17.90503694,18.51705535,22.95797471
31144,18.23934737,21.64884698,17.90525109,17.44381188,24.76274268
31624,18.23934737,21.64884698,17.90525109,17.44381188,24.76274268
1973,17.92596198,24.59826787,17.90574785,17.26611346,22.30390884
16374,18.76831191,27.29603243,17.90616606,17.92346465,18.10602496
22802,13.58368347,29.89906579,17.90639524,17.80672415,20.80413135
6321,21.1574415,20.09644306,17.90674117,17.49363031,23.34574395
19407,17.43031052,22.6140055,17.90856133,15.7489853,26.29813735
4105,15.65987676,23.40521021,17.90885818,16.08634273,26.93971211
21755,14.44424393,21.87242738,17.91096722,20.13571462,25.63664686
14431,18.19337126,21.54675123,17.91098516,22.35451565,19.9943767
14840,18.19337126,21.54675123,17.91098516,22.35451565,19.9943767
9970,17.78595142,22.18668098,17.91195803,17.17074411,24.94466546
11017,19.93750985,24.90478321,17.91302584,17.86116987,19.38351123
1016,18.41745195,23.81261153,17.91515211,18.5536306,21.30115381
16256,17.76629318,25.36637659,17.91708032,16.35330097,22.59694894
7633,17.49650587,28.39349229,17.91867972,19.81420002,16.37712211
8318,21.99038736,20.65704832,17.92238921,18.81528992,20.6148852
7578,19.33064934,22.51219409,17.92559448,19.94824926,20.28331283
3419,16.73344193,25.72002268,17.92632138,17.11816492,22.50204909
2900,19.75024617,26.79356587,17.92747664,19.27549875,16.25321257
3274,19.75024617,26.79356587,17.92747664,19.27549875,16.25321257
23958,14.18026347,30.1490998,17.92761411,17.60056591,20.14245671
5434,19.0110404,27.24101119,17.92935904,19.86190483,15.95668454
27357,17.38095891,22.99021786,17.93013905,17.04294801,24.65573617
783,17.57300432,18.35796686,23.98655835,21.23641054,18.84605993
1244,17.55199846,30.76117192,17.93061767,20.51119804,13.2450139
13062,17.14108852,21.65378959,17.93075021,16.33912315,26.93524853
4233,19.14144675,26.31859397,17.93437099,18.93371538,17.67187292
38484,19.56796581,27.69628881,17.93447839,21.03840548,13.76286151
40085,18.85004143,20.10496386,17.93608483,21.39735062,21.71155926
7756,18.03953462,22.1243946,17.93869318,18.64296082,23.25441678
10889,18.65206974,23.79156012,17.9398532,17.48979095,22.12672599
3039,20.05730964,21.56355582,17.94319875,16.88077403,23.55516175
3410,20.05730964,21.56355582,17.94319875,16.88077403,23.55516175
23197,21.23594537,21.42034796,17.94662398,19.13144167,20.26564102
23840,22.77133334,19.02239711,17.95065497,23.00447563,17.25113894
22648,17.92534546,18.03497145,17.95271611,16.25255275,29.83441423
39473,17.03792718,26.62741922,17.95301094,20.29041484,18.09122783
40984,20.32331306,27.59876656,17.95411998,18.47531322,15.64848718
28856,21.14281298,18.77750965,17.95422652,19.22967203,22.89577882
6538,16.47492598,27.20598721,17.95514947,16.92483173,21.43910561
6933,16.47492598,27.20598721,17.95514947,16.92483173,21.43910561
22106,17.31283277,22.69268687,17.95620673,17.92579205,24.11248158
6094,16.56527083,25.75396196,17.95639191,21.49242063,18.23195467
17984,16.69884581,22.82001506,17.95733499,17.92708679,24.59671736
5153,17.34321921,23.1061462,17.95927355,20.97458161,20.61677944
33697,20.29115074,13.41746002,17.960765,17.51513868,30.81548556
29239,19.44076509,23.9933389,17.96118991,18.43691062,20.16779548
40865,21.60475289,19.50311783,17.96228027,17.95327914,22.97656986
39084,18.71381444,25.24288655,17.9625424,18.70272479,19.37803182
36694,18.53440414,24.22414221,17.96295713,17.55218762,21.72630891
30406,18.74810951,26.94048697,17.96317083,19.6898796,16.65835308
19501,21.04629086,24.30099304,17.96694546,24.16477923,12.52099142
20280,18.50105561,21.86797702,17.96831355,20.91640859,20.74624524
41499,18.50105561,21.86797702,17.96831355,20.91640859,20.74624524
39499,18.83429063,25.02705735,17.97154752,18.45521259,19.71189191
22758,18.70763373,28.40864826,17.97183328,20.20891112,14.70297361
23710,18.70763373,28.40864826,17.97183328,20.20891112,14.70297361
19156,16.86814242,26.05905933,17.97496263,17.58639001,21.51144562
36360,17.86545575,21.95365999,17.9753811,17.81883296,24.38667019
9244,21.48320245,21.17613872,17.97599037,20.45857778,18.90609068
7580,22.16846688,19.0216134,17.9761928,20.79018559,20.04354132
20423,18.46878168,24.81724816,17.97656787,17.51578106,21.22162122
20845,18.46878168,24.81724816,17.97656787,17.51578106,21.22162122
998,22.09790872,22.53739647,17.97870925,18.97928796,18.4066976
382,13.44908659,25.09319202,22.52045483,17.01964767,21.91761889
38917,19.59271162,23.7096922,17.98228113,21.54136112,17.17395393
4002,17.38229924,21.32293429,17.98399893,16.02646101,27.28430653
25812,17.25813328,21.45887448,17.98426576,15.03120427,28.26752221
18351,17.6731814,21.33971527,17.98534264,22.42779529,20.57396541
3694,20.82178379,19.23512802,17.98597096,16.92873588,25.02838135
12710,17.79309824,24.9139096,17.98681295,17.43401183,21.87216738
35003,15.4479353,20.17330813,23.90056761,15.72148011,24.75670885
15920,17.83064584,22.35504476,17.98887502,23.33867614,18.48675825
36692,19.04894763,20.84872176,17.99050807,18.18391518,23.92790736
9237,20.53641419,22.12352206,17.99098017,19.89990959,19.44917399
4696,20.74391027,26.56244629,17.99111956,21.39682227,13.30570161
18256,21.29001551,19.0285575,17.99303168,17.4859907,24.20240461
21919,18.22155597,23.04995481,17.9989407,18.2171362,22.51241232
36571,20.30918796,24.25674462,17.99902462,19.65017077,17.78487203
32169,17.45275208,26.05278627,17.99971363,17.96501232,20.5297357
32645,17.45275208,26.05278627,17.99971363,17.96501232,20.5297357
20046,18.99408773,20.22807499,18.0036013,20.96055029,21.81368569
10277,18.51584746,19.7181771,18.0045644,19.75350522,24.00790582
28986,18.52547323,21.24416921,18.0048457,20.21610409,22.00940778
3289,17.43675825,28.54639929,18.00812318,18.06265948,17.94605981
4859,22.51525436,21.62683383,18.01114891,17.58349559,20.2632673
2084,16.00847363,22.52016986,18.01186365,15.18187322,28.27761963
32363,19.95775469,24.43509907,18.01692615,19.21309401,18.37712608
948,18.47490386,22.15799767,18.01784521,18.23597249,23.11328077
20254,18.00466451,28.60152379,18.01876823,18.92431371,16.45072975
9243,17.80914925,20.43230678,18.01911158,18.89352637,24.84590603
1943,20.16109567,22.93372836,18.01980234,18.11464289,20.77073074
33481,18.98823839,26.8092216,18.02088837,19.5161442,16.66550744
30922,19.5218257,25.94578068,18.02094131,20.1643297,16.34712261
19453,19.56320708,25.48547599,18.0217044,19.37732176,17.55229078
35992,19.73534292,21.80503,18.02543123,24.38087953,16.05331631
1090,19.34570679,20.13944239,18.02652821,20.09254084,22.39578178
1503,19.34570679,20.13944239,18.02652821,20.09254084,22.39578178
32968,22.1842634,21.80836047,18.02992423,20.06338775,17.91406415
30359,18.46094387,21.08374186,18.03004503,16.0237925,26.40147674
31311,21.26251989,20.59764733,18.03087987,24.15754302,15.95140989
31784,21.26251989,20.59764733,18.03087987,24.15754302,15.95140989
18697,17.43644661,21.92429274,18.03183412,17.11771356,25.48971298
9203,19.02809332,26.69848861,18.03289147,23.51129962,12.72922697
9612,19.02809332,26.69848861,18.03289147,23.51129962,12.72922697
34096,20.41481534,25.40723097,18.03391171,20.5344723,15.60956968
1199,16.28151597,20.60274645,18.03440564,18.26702821,26.81430373
40479,17.11798463,20.64704666,18.03511627,18.52254554,25.6773069
33874,16.97969534,23.09372244,18.03533746,18.24545352,23.64579124
22752,17.0592216,24.9545227,18.03654245,17.18752643,22.76218681
3769,17.6905302,24.22839384,18.03762505,18.06516679,21.97828412
4167,17.6905302,24.22839384,18.03762505,18.06516679,21.97828412
9226,20.05423629,22.60198,18.03952141,22.0524514,17.25181091
24697,18.34316226,20.63412231,18.0400998,19.69508179,23.28753384
41095,18.26837785,29.52210245,18.04215798,20.04875488,14.11860684
38365,21.49943302,20.31988261,18.04261583,19.89016785,20.24790068
22487,18.03439163,25.79899993,18.04364134,18.29398048,19.82898662
31151,19.09495962,20.60819625,18.0445149,16.54311966,25.70920957
8673,20.0444318,21.21569086,18.04483785,17.88715346,22.80788603
22830,18.93745542,29.26715885,18.04525831,20.95898271,12.7911447
40824,18.21888402,24.31736329,18.04848721,24.19082985,15.22443563
3896,17.90985452,23.0792047,18.04884028,16.32849629,24.63360423
4317,17.90985452,23.0792047,18.04884028,16.32849629,24.63360423
22677,18.19236226,21.50822625,18.05125399,17.98206374,24.26609375
12650,19.72157958,23.0214186,18.05126809,21.75192037,17.45381336
7166,18.10464353,21.97841866,18.05167929,17.35643716,24.50882136
41691,18.59748056,25.57586931,18.0533197,17.05659769,20.71673275
35554,18.29300087,22.63345575,23.78944272,15.15462327,20.12947739
26110,20.02890094,19.12001949,18.05488467,22.61361691,20.18257799
26558,20.02890094,19.12001949,18.05488467,22.61361691,20.18257799
6485,19.91293542,20.42464173,18.05568292,16.78143407,24.82530585
15127,17.20892175,21.96705383,18.05692524,20.63575421,22.13134497
38304,18.9979238,19.64225546,18.06058167,18.48831586,24.81092322
9026,17.40296067,26.47613909,18.06201395,18.16137565,19.89751064
39191,19.04981563,28.44587532,18.06239422,19.87473702,14.56717781
28130,18.39946815,20.87478636,18.06267656,20.06215252,22.60091641
28538,18.39946815,20.87478636,18.06267656,20.06215252,22.60091641
36554,18.79822147,25.36829714,18.06460478,17.99809691,19.7707797
12582,16.66010517,29.28766652,18.06467399,16.58627732,19.401277
10231,18.72532597,28.84697703,18.06593123,20.9154651,13.44630067
38110,16.43013863,25.31554812,18.06734023,17.27939138,22.90758164
33901,18.20211268,22.35038072,18.06840181,16.45512541,24.92397937
23789,16.70400504,26.96035542,18.06840523,17.83131456,20.43591975
6374,19.90479676,26.15022674,18.06851147,19.78545073,16.0910143
28111,17.86742169,24.96470872,18.06901327,16.45870408,22.64015223
28517,17.86742169,24.96470872,18.06901327,16.45870408,22.64015223
1879,22.14087052,23.5302569,18.0698933,18.95758145,17.30139783
29677,19.93511868,26.66935972,18.0720285,20.45115881,14.87233429
13036,19.94683758,20.85561435,18.0729158,17.10846447,24.0161678
25752,19.63969065,21.98090583,18.0745018,18.13010083,22.17480089
36175,20.04969298,24.31833318,18.07612534,18.06669797,19.48915052
37764,18.83723681,19.98322868,18.07666856,21.87594033,21.22692562
37556,22.1241241,23.69871,18.07700515,22.74091875,13.359242
27635,20.95012841,21.23427936,18.07749344,13.51280096,26.22529783
11842,21.72024179,22.78991394,18.07841759,18.57443596,18.83699072
30408,19.67429735,21.03246847,18.08287148,16.99305756,24.21730513
24060,20.16959871,19.97493718,18.08298634,20.94860771,20.82387006
4183,17.35222128,22.14623139,18.08471264,17.05118921,25.36564548
34325,18.0315949,23.03409934,18.08555702,16.95867004,23.8900787
31452,17.25716792,31.44254856,18.08569836,20.24149574,12.97308943
17702,18.3429848,25.8656442,18.08620654,17.89136125,19.81380321
6348,18.18141157,24.19299137,18.086757,20.91176753,18.62707253
13142,21.04015637,19.91221312,18.08812527,17.25781476,23.70169048
35734,17.54264643,17.12078788,23.3461674,19.66774993,22.32264836
8779,20.66743728,18.17866713,18.08952795,27.86572006,15.19864758
34847,16.2834671,23.74049631,23.34036385,18.03165064,18.6040221
8928,19.09479051,22.24908609,18.0898516,18.1527704,22.4135014
17937,14.71346995,30.47738884,18.09189383,18.41975779,18.29748959
2995,23.24408312,18.44591076,18.09523011,19.6081578,20.6066182
3360,23.24408312,18.44591076,18.09523011,19.6081578,20.6066182
37141,20.46031458,19.43682126,18.09562338,20.74639411,21.26084668
19890,17.17270225,20.7469449,18.10006466,17.5543395,26.42594869
37619,18.32938116,23.64391285,18.10081883,20.47174616,19.454141
22503,18.88582203,23.01701139,18.10791977,17.73597387,22.25327293
5362,19.14499943,21.84633011,18.1084647,21.36140358,19.53880218
13752,19.32610829,18.67354978,18.10893298,21.40189273,22.48951623
31457,18.85059087,27.81168712,18.10983755,20.30301971,14.92486475
31923,18.85059087,27.81168712,18.10983755,20.30301971,14.92486475
34434,16.92864518,24.44256759,18.11089493,17.81929584,22.69859647
30522,18.63248971,24.37753081,18.11214247,18.56363163,20.31420537
31402,19.26129925,24.14066845,18.11214995,18.41415609,20.07172626
31871,19.26129925,24.14066845,18.11214995,18.41415609,20.07172626
33724,15.70793398,27.60970968,18.11409046,18.98672641,19.58153947
38520,21.09690783,18.14279747,18.11413549,19.56763072,23.07852848
38567,19.17652772,22.23551025,18.11531196,16.42365934,24.04899074
3794,21.00036548,21.14219612,18.11706257,19.09118619,20.64918964
4204,21.00036548,21.14219612,18.11706257,19.09118619,20.64918964
24380,16.63516061,26.62747569,18.11721291,17.3561683,21.26398248
4328,18.44387511,20.03298168,18.11971693,19.06725392,24.33617236
22871,20.91654842,16.2215308,18.12252005,19.02566372,25.71373701
36405,19.45594935,25.18725091,18.12303137,21.52258022,15.71118815
28980,17.98425712,25.85097225,18.12527899,19.06079855,18.9786931
17476,16.75314381,28.37063577,18.12602468,19.40349633,17.34669941
5182,18.40790448,23.95667766,18.12628803,18.45868848,21.05044135
28149,22.69457484,15.63243493,18.12638587,20.53314328,23.01346108
28544,22.69457484,15.63243493,18.12638587,20.53314328,23.01346108
9435,14.82220885,22.84010685,18.12654192,17.23626712,26.97487526
8885,19.04037201,22.71817851,18.12670573,17.69143235,22.4233114
22179,19.41505362,19.3060242,18.12741202,21.12305749,22.02845268
25209,15.25234085,23.48170283,18.12774591,15.36555845,27.77265196
23282,20.9055022,19.25577254,18.12822695,14.79506776,26.91543054
6276,19.96438551,21.36785665,18.13048832,17.17669972,23.3605698
29222,22.22252218,19.56706354,18.13407273,17.87845439,22.19788715
16563,16.15824515,24.4154813,18.13415887,16.34326083,24.94885384
15308,16.94948663,25.04910884,18.1352188,19.17118266,20.69500307
40883,17.25374827,23.33083177,18.13896961,18.66037234,22.61607801
19445,17.51288722,25.10579662,18.13977998,17.1584213,22.08311489
6588,16.93635333,28.98121062,18.14031333,17.8169336,18.12518912
6998,16.93635333,28.98121062,18.14031333,17.8169336,18.12518912
60,15.28735965,20.86813218,23.33979807,16.79910101,23.7056091
38569,19.52135632,21.69406662,18.1408882,17.35665372,23.28703515
33775,17.5082653,22.34643501,18.14258947,19.71275174,22.28995848
40935,19.90652955,20.2985311,18.14380813,20.33400102,21.31713019
5433,17.13881665,27.11591171,18.14380987,13.72152159,23.87994018
5883,17.13881665,27.11591171,18.14380987,13.72152159,23.87994018
31163,21.02247138,21.22172927,18.14645655,21.33056381,18.27877899
31641,21.02247138,21.22172927,18.14645655,21.33056381,18.27877899
24357,18.61482214,22.27058917,18.14718473,15.99132815,24.9760758
14730,18.04646781,22.20609695,18.14832186,16.25119919,25.34791419
24490,18.48197484,21.47314603,18.14968049,18.88010084,23.0150978
32210,21.96520861,17.92359883,18.15186917,18.3726511,23.58667229
32692,21.96520861,17.92359883,18.15186917,18.3726511,23.58667229
33551,19.49285552,22.33724821,18.15284862,17.4611923,22.55585535
33620,16.35280599,31.58751343,18.15602384,20.27811006,13.62554668
35036,19.2648709,19.23848611,23.03945792,17.99163468,20.4655504
35311,18.17303767,18.83305585,22.86453935,16.91419709,23.21517004
31622,19.20352797,20.52985934,18.15626385,16.60466791,25.50568093
25958,17.51664404,9.032238478,18.1563403,22.46817714,32.82660004
7070,18.67548032,24.2426119,18.15663791,23.42314854,15.50212133
8686,16.65504737,31.34083146,18.15672003,18.94679259,14.90060856
17162,17.15392255,29.7768042,18.16001264,22.37534245,12.53391816
2328,18.6490362,19.92287654,18.16020244,15.35242142,27.9154634
7897,18.92456309,27.35723734,18.16069509,20.09020618,15.4672983
36290,16.783049,22.8143956,18.16280135,18.09443551,24.14531854
20334,19.59460231,28.13333444,18.16388116,20.46792539,13.64025669
20743,19.59460231,28.13333444,18.16388116,20.46792539,13.64025669
7678,19.64948532,19.03937837,18.16417804,21.52233068,21.62462758
10897,23.65210313,25.34223137,18.16468295,19.06753001,13.77345254
39584,17.29747095,24.51851083,18.16493638,18.96430762,21.05477421
35467,16.32450588,21.9417373,22.8022887,15.7092587,23.22220942
41547,20.1041792,20.64874997,18.16683083,17.53152626,23.54871374
18783,21.78609126,22.40343809,18.16690877,19.67362377,17.96993811
2984,17.93889407,29.55001484,18.16905756,20.19549838,14.14653515
39436,20.1207175,21.36573111,18.16924795,16.69997819,23.64432525
23691,19.84197255,18.48666135,18.16953868,18.61896542,24.882862
32148,22.64388719,20.18026968,18.16981037,18.93369757,20.0723352
32630,22.64388719,20.18026968,18.16981037,18.93369757,20.0723352
16310,18.02975831,23.08730465,18.17259785,17.32068119,23.38965799
40995,19.67725772,23.19638194,18.17487921,19.67714632,19.27433481
9600,19.97173159,20.64661166,18.18117061,17.09278364,24.10770251
8760,19.42021751,21.56828224,18.1834179,22.81796019,18.01012216
4455,19.0588103,22.6954198,18.18358381,17.12963917,22.93254692
36440,21.45712272,25.98404271,18.1846325,18.21500488,16.1591972
39002,22.94932631,21.67069916,18.18542984,18.20788383,18.98666087
24079,18.06398788,30.97600045,18.18926751,21.77633852,10.99440565
571,19.67897941,21.71930038,22.77870616,16.71837829,19.10463575
2072,17.84370862,21.47127299,18.19549352,20.04832049,22.44120438
2786,17.72603349,26.07992861,18.1960334,17.92974723,20.06825728
4951,20.93439828,19.93715072,18.19993655,18.42182748,22.50668697
23781,17.21328877,30.75548466,18.20051394,20.36582467,13.46488795
4086,17.01866173,29.59103541,18.20082293,20.3012848,14.88819513
3383,17.01076786,24.48050863,18.20121567,18.34491307,21.96259477
39418,18.0076878,22.83442278,18.2014593,17.85379238,23.10263774
32972,18.97338778,22.13331159,18.20421867,20.06408393,20.62499803
13386,19.5801668,25.47807285,18.20458761,19.65404431,17.08312843
9357,19.46567187,24.65201238,18.20740028,18.34862558,19.32628991
4179,18.63307305,23.19671621,18.20775101,15.7889121,24.17354762
15257,21.64765851,22.16704204,18.20874093,19.37371702,18.6028415
29768,19.07759955,20.95381963,18.21310818,17.82987949,23.92559315
8945,19.5811708,23.59954226,18.21513095,18.79847712,19.80567887
35586,19.22683579,17.21717568,22.74022177,15.97576297,24.84000379
3996,18.3453106,20.09250291,18.21853126,16.11474724,27.22890799
12295,18.28222175,23.20127692,18.21858449,18.87109425,21.4268226
24429,18.42659081,23.45240671,18.21901664,17.64690222,22.25508363
28188,19.79188708,17.34656251,18.22050872,21.72278333,22.91825836
28581,19.79188708,17.34656251,18.22050872,21.72278333,22.91825836
13727,19.08232904,26.37201476,18.22410594,18.32502898,17.99652128
31164,21.47174788,21.12081429,18.22436731,18.85253196,20.33053855
31643,21.47174788,21.12081429,18.22436731,18.85253196,20.33053855
29300,16.98967528,22.36580372,18.22921012,19.72497116,22.69033971
23154,21.75027154,24.12352518,18.22939029,20.31821458,15.5785984
11860,21.24799345,19.21734752,18.22985414,16.63846854,24.66633636
12226,21.24799345,19.21734752,18.22985414,16.63846854,24.66633636
33182,15.36161346,23.82004562,18.23033796,15.48832582,27.09967715
37395,18.7734505,22.47626365,18.23080565,22.05167124,18.46780896
29252,17.27498599,19.67986515,18.2317685,19.58467507,25.22870529
3999,21.38421801,19.72924915,18.23377534,19.95529863,20.69745887
2907,20.648873,22.54860619,18.23600906,19.35802292,19.20848883
17887,18.24113419,24.90312053,18.23974504,18.26609374,20.3499065
4885,18.0352899,22.29967844,18.23982195,17.473622,23.9515877
19424,18.11720111,25.54041279,18.24059233,18.16760443,19.93418934
29423,17.57123447,30.88373852,18.24094972,20.65496341,12.64911388
31889,23.04549223,15.69752611,18.24475973,21.53390095,21.47832098
31414,23.04850624,15.68650059,18.24714588,21.53671727,21.48113002
32986,21.25573887,20.24694501,18.2501142,19.05176477,21.19543716
1338,17.60485328,25.65763091,18.2507144,18.17696353,20.30983788
4630,17.91487899,23.64532321,18.25080956,17.23775552,22.95123272
36859,18.65739984,23.45865496,18.25404346,17.58903917,22.04086257
23655,18.13463501,23.33585845,18.26162708,16.75793649,23.50994298
24492,17.19181663,27.79412672,18.26722136,17.36735012,19.37948516
39648,19.21886375,26.22340643,18.26965379,20.5723245,15.71575154
18233,19.75363054,20.07202139,18.27013216,16.84720851,25.0570074
4763,20.98136569,21.60784154,18.27037779,18.84604919,20.29436579
11803,18.0218585,24.77420699,18.27146807,17.73091475,21.20155169
6564,15.7086964,25.60928175,18.27278986,15.719475,24.68975699
6960,15.7086964,25.60928175,18.27278986,15.719475,24.68975699
33918,20.5354631,21.07459075,18.27724033,18.46664318,21.64606263
31254,18.91507075,22.69341523,18.27851351,18.90256049,21.21044002
3504,18.84101273,21.63417593,18.28323425,17.67363845,23.56793864
6020,19.76224037,20.28018404,18.28455978,18.37279376,23.30022206
23978,18.82154085,21.90072814,18.2846662,22.84083337,18.15223145
8345,21.44796482,18.27956798,18.28620523,17.80139214,24.18486983
8766,21.44796482,18.27956798,18.28620523,17.80139214,24.18486983
36968,17.56196492,28.66981705,18.28823291,16.57959673,18.9003884
27050,17.15427766,23.30858056,18.28915104,17.69696077,23.55102997
1429,19.07048669,21.53289714,18.29189822,18.0810285,23.02368944
9314,20.0336519,23.02099114,18.29241631,17.67084576,20.98209489
40651,18.14116419,12.34821597,18.2924546,13.36823289,37.84993236
16377,18.93631888,24.33436839,18.29247309,18.58412126,19.85271838
30616,18.35326734,21.15060383,18.29309083,20.78282188,21.42021612
8634,22.09391222,23.04131256,18.29359351,19.94041068,16.63077102
6653,18.28016629,22.63937916,18.29706909,19.07843314,21.70495232
10111,23.55094985,16.46537768,18.29857259,16.94205848,24.7430414
18181,20.31709536,20.70292447,18.30092611,22.99601708,17.68303698
21988,17.05231758,25.43056606,18.30308539,17.56059322,21.65343775
34726,16.67327228,24.29344943,18.30317947,16.92778187,23.80231696
36437,22.23048056,22.05827516,18.30322845,20.12261916,17.28539667
16520,17.38071453,22.38891343,18.30717254,17.29954052,24.62365898
34464,18.96726332,19.47864481,18.3086769,16.75603425,26.48938073
25197,16.9690083,26.12985446,18.31035702,17.70994264,20.88083758
19886,18.84326273,21.9263941,18.31073971,17.19586507,23.72373839
18605,16.16738976,25.16019568,18.31588883,17.06486033,23.29166541
6390,16.46807458,22.01358894,18.31609826,21.30233452,21.8999037
2383,17.98271075,21.28040762,18.31787829,20.3747271,22.04427624
30046,21.83008815,19.02192145,18.31835629,20.72621261,20.1034215
5726,20.52601582,21.17438346,18.31852851,18.20818018,21.77289204
6143,20.52601582,21.17438346,18.31852851,18.20818018,21.77289204
1399,17.95317601,26.028425,18.32126211,17.61425096,20.08288592
38694,18.4659852,17.88572941,18.32244868,19.77572247,25.55011425
7583,18.8116767,26.92633688,18.32316119,19.50456532,16.43425991
34017,19.24146541,22.55485795,18.32732692,17.54867981,22.32766991
32112,19.89001851,21.7960179,18.3301127,17.70411353,22.27973736
32573,19.89001851,21.7960179,18.3301127,17.70411353,22.27973736
37672,15.09897316,26.89686681,18.33064425,17.48536761,22.18814817
13249,16.15216478,24.27890805,18.33197818,16.01292646,25.22402254
16326,15.99599392,26.29116814,18.33432811,15.1110423,24.26746754
16724,15.99599392,26.29116814,18.33432811,15.1110423,24.26746754
11763,17.5911523,26.31722933,18.33531372,17.22286812,20.53343652
13608,17.39501922,24.60198841,18.33563101,16.42140899,23.24595237
21209,17.14392643,24.40485828,18.33598511,17.72361615,22.39161403
8098,16.57385906,25.08427958,18.33715807,16.93280127,23.07190202
13760,16.24501558,25.91803965,18.34113142,15.25642677,24.23938658
14168,16.24501558,25.91803965,18.34113142,15.25642677,24.23938658
9973,20.22076161,20.58135528,18.34541145,19.5869304,21.26554126
18955,17.2099015,18.90408747,18.34596003,17.830974,27.709077
19092,17.42301796,20.89098439,18.3459961,17.50436469,25.83563687
26633,15.69041004,25.36345983,18.34619323,16.20123445,24.39870244
6444,19.11051025,21.72547633,18.34652228,17.97224725,22.8452439
3285,19.65439418,22.06750369,18.34654907,18.36791244,21.56364062
38487,24.14603491,16.03478034,18.34772484,15.79724522,25.67421469
7226,18.94816736,23.84242876,18.34949117,21.75005611,17.1098566
21572,19.80706651,20.12019354,18.35377425,17.27666464,24.44230106
20808,21.26046173,18.83778102,18.35414444,18.26640727,23.28120554
20359,17.32144314,22.35796368,18.35462115,16.390924,25.57504803
20773,17.32144314,22.35796368,18.35462115,16.390924,25.57504803
27871,20.57695038,20.60349826,18.35474689,18.03852327,22.42628121
28296,20.57695038,20.60349826,18.35474689,18.03852327,22.42628121
36952,18.24076101,22.44750243,18.35535784,17.1217436,23.83463512
19656,17.03128971,22.67181552,18.35777726,16.69927037,25.23984714
2311,17.29585326,23.05384534,18.35858064,19.21835046,22.0733703
31467,20.81146278,19.48446867,18.35982778,17.250452,24.09378877
31927,20.81146278,19.48446867,18.35982778,17.250452,24.09378877
37830,20.88904896,18.40041725,18.36030479,20.19094325,22.15928575
26334,16.97797527,22.58655168,18.36063488,24.04249276,18.03234542
26764,16.97797527,22.58655168,18.36063488,24.04249276,18.03234542
10825,16.93545667,22.42001581,18.36072394,20.01796573,22.26583785
32081,18.7501845,25.91352126,18.36588846,17.84336834,19.12703744
32564,18.7501845,25.91352126,18.36588846,17.84336834,19.12703744
11818,15.85946265,26.3710302,18.36595231,17.11474864,22.28880621
12189,15.85946265,26.3710302,18.36595231,17.11474864,22.28880621
10802,16.31328156,27.57481512,18.36678891,16.57180923,21.17330518
29729,15.95490847,23.32991325,18.36905968,16.9306921,25.41542651
30122,15.95490847,23.32991325,18.36905968,16.9306921,25.41542651
23019,19.69134403,19.73579737,18.37024316,22.63356013,19.56905532
23463,19.69134403,19.73579737,18.37024316,22.63356013,19.56905532
8119,17.21717535,23.62151089,18.37153013,17.77861784,23.0111658
2421,17.21925008,22.32817861,18.37464028,16.90761509,25.17031594
13010,18.73553735,22.86819456,18.37572253,18.69542646,21.32511909
9921,17.8621207,24.44299504,18.37667809,18.72278066,20.5954255
25619,19.49804926,22.81281275,18.37827612,17.47983614,21.83102573
21804,17.43403254,23.8106864,18.37976854,18.87397152,21.501541
34507,19.7256911,23.97214411,18.38038457,18.42766938,19.49411085
38433,19.21236231,24.76794742,18.38191251,18.38447771,19.25330004
37163,18.82700361,19.15279251,18.38230402,20.99224237,22.6456575
771,18.47517079,18.76878938,22.69530986,17.19981716,22.8609128
7798,19.29621915,22.42345848,18.38588733,17.79972116,22.09471387
40658,18.65351848,21.96594905,18.38638046,17.41776797,23.57638404
14115,21.35185365,23.13216616,18.38692977,17.36008825,19.76896217
27627,21.58494692,19.6783014,18.38906219,16.75339624,23.59429325
7418,20.12092528,20.89027185,18.38955797,18.28199112,22.31725378
2912,18.00028877,19.68419619,18.39191783,21.12434067,22.79925654
16472,16.97549221,22.40011408,18.39572498,15.90702558,26.32164315
20631,18.75167462,23.97912862,18.39738676,16.16622923,22.70558076
23925,17.45301687,26.04217647,18.39929475,18.61376429,19.49174762
21068,18.68648506,19.70618463,18.39929489,19.04091933,24.16711608
21965,18.68648506,19.70618463,18.39929489,19.04091933,24.16711608
21286,19.30886238,21.85837896,18.40025225,17.35206072,23.0804457
21682,19.30886238,21.85837896,18.40025225,17.35206072,23.0804457
35378,19.08263084,20.7281014,22.64717689,17.87297321,19.66911766
20403,16.76376244,25.28604431,18.40172012,15.91562022,23.63285292
1832,16.73779754,21.17121944,18.40272113,21.74779116,21.94047073
3047,20.83723991,16.27462319,18.40314302,20.03424306,24.45075081
3420,20.83723991,16.27462319,18.40314302,20.03424306,24.45075081
22116,21.07383666,22.51067548,18.40354538,19.81435559,18.19758689
37780,22.38815191,24.35562145,18.4039575,22.42513872,12.42713041
6356,19.07480887,21.05047521,18.4050221,22.12374166,19.34595216
636,19.05987922,20.33620919,22.63779317,18.80587888,19.16023953
20141,17.65179968,20.55294318,18.40995351,20.64985009,22.73545355
29936,16.51013524,23.65431538,18.41030365,16.09818686,25.32705886
2744,16.41889483,24.16230084,18.41264973,16.83492027,24.17123433
11594,18.75384407,23.58845102,18.41445368,18.68870467,20.55454655
13037,17.59554048,22.71634762,18.41948248,16.92064411,24.34798532
15583,19.89859246,20.44562984,18.42243417,18.4672706,22.76607293
40580,17.23197194,23.89826304,18.42353157,16.90262315,23.54361031
527,20.0654719,18.29838489,22.5856662,18.70736911,20.34310791
4894,20.05518613,18.84292241,18.42648228,19.24696772,23.42844146
6613,18.51352523,27.37093452,18.42701293,19.59517571,16.09335161
23393,17.74552951,25.95234228,18.42735836,18.57878271,19.29598714
23013,16.0091074,23.42441699,18.42745343,16.40224272,25.73677946
13175,20.13279185,22.61724145,18.4306591,17.61965462,21.19965299
8823,17.56290574,26.03926469,18.43104363,31.4785576,6.488228337
6153,18.54479523,25.43831932,18.43346769,19.74859046,17.8348273
8716,21.49007787,22.64127562,18.43359934,17.96909078,19.46595639
34365,15.48627479,19.09710611,18.43415974,18.49416801,28.48829135
40961,19.89042432,20.97006162,18.43576236,16.32641372,24.37733798
7908,17.16344233,23.86463966,18.43739065,17.34197758,23.19254977
37422,20.76914671,21.50248647,18.44250058,18.15953754,21.1263287
23659,17.775637,20.84841577,18.44534748,19.33981287,23.59078689
24111,17.61625939,27.43384358,18.44636881,18.95568845,17.54783976
12045,19.46359009,25.06422042,18.44652836,20.06332701,16.96233413
21631,16.52023006,22.72101039,18.44742428,15.27711715,27.03421812
10957,17.97564602,23.37674423,18.44828496,18.41035299,21.78897179
11375,17.97564602,23.37674423,18.44828496,18.41035299,21.78897179
40410,18.5262673,22.94252487,18.45068315,18.08252667,21.99799801
782,15.2754261,24.30194404,20.29712826,17.58672545,22.53877614
41325,17.87405387,22.27604098,18.4624748,17.58570845,23.80172189
39306,20.06382383,19.35466563,18.46318141,21.96961393,20.1487152
22811,22.84330115,21.58497917,18.46322119,19.91796028,17.19053821
23761,22.84330115,21.58497917,18.46322119,19.91796028,17.19053821
23112,19.30726015,20.01122609,18.46329954,20.86775886,21.35045537
11323,17.75059208,24.00606688,18.46623453,17.24339499,22.53371152
27282,19.57983007,22.86314235,18.46774631,19.6176379,19.47164337
10216,21.55474566,21.63839436,18.47154882,19.54648875,18.78882242
17643,18.52217283,26.26964644,18.47187027,21.03863538,15.69767508
34119,20.4492847,18.86065362,18.47420713,17.41100537,24.80484918
5375,18.21921716,22.74104052,18.47696682,22.06438827,18.49838723
33458,19.99821593,23.83329593,18.47847175,21.41245694,16.27755945
32228,18.28635634,19.98076777,18.47905872,19.00850199,24.24531519
32705,18.28635634,19.98076777,18.47905872,19.00850199,24.24531519
20724,14.24239656,23.8206177,18.47962918,16.27139217,27.1859644
14596,18.67779413,29.16328739,18.48069295,23.89600862,9.782216917
14953,18.67779413,29.16328739,18.48069295,23.89600862,9.782216917
32366,17.62651038,23.41686359,18.4816137,18.26357263,22.21143969
32832,17.62651038,23.41686359,18.4816137,18.26357263,22.21143969
5422,19.66586685,20.37606214,18.45369881,21.318015,20.1863572
25731,18.95022335,18.52903093,18.48445422,17.07479734,26.96149416
38416,16.40735298,29.03146667,18.48506941,19.08588121,16.99022972
39439,18.01430854,21.87043658,18.48929798,17.78306798,23.84288893
38511,19.06117843,25.61654789,18.49123685,18.37395767,18.45707916
35548,17.69849358,20.15047515,22.4262386,20.87885159,18.84594108
24573,16.24108608,21.49904996,18.4935679,19.20293327,24.5633628
37498,21.48426701,17.30194492,18.49469298,21.10426717,21.61482792
21698,18.81857982,30.40964293,18.49905659,22.39812064,9.874600015
40602,18.8811646,24.4505908,18.49939581,18.47317773,19.69567107
31199,18.62102809,24.63015273,18.500126,18.57076064,19.67793254
31675,18.62102809,24.63015273,18.500126,18.57076064,19.67793254
17698,18.18617139,23.2265352,18.50278658,17.59083967,22.49366717
22373,20.6007548,18.82823694,18.50433833,21.09501629,20.97165365
37880,22.35283521,25.09839798,18.50477932,20.19822362,13.84576387
35865,17.20585792,20.86073559,18.5056017,20.21910801,23.20869678
13282,16.80611562,23.35733951,18.51007667,16.30868411,25.01778408
4110,21.64489868,18.97130769,18.51017343,17.58542899,23.2881912
11590,18.68867405,21.29830388,18.51109367,20.30501361,21.19691479
38580,19.73150579,19.80336995,18.51196091,20.95384892,20.99931442
14549,21.73646223,22.85204653,18.51365413,20.3779208,16.5199163
14793,21.55901357,20.98204144,18.51423067,18.78578353,20.15893079
35572,18.10173453,21.93205372,22.41729985,15.1480582,22.4008537
34765,18.88941216,26.79107671,18.51666771,19.80513018,15.99771324
37925,16.31144032,25.48437822,18.51880719,17.06990247,22.6154718
9778,21.83400106,18.42110858,18.51924577,20.26263864,20.96300595
10768,16.96971584,23.35341277,18.51986895,17.03676051,24.12024193
30276,21.42020945,17.72383746,18.52189738,19.08890318,23.24515252
2265,17.63267621,25.00017453,18.52446653,17.35650361,21.48617911
5345,17.5052647,21.57637726,18.52504588,14.57002449,27.82328767
22611,18.89041008,20.78418569,18.52816935,21.18003788,20.617197
23796,19.20883723,22.31960528,18.52911643,18.8336696,21.10877146
29008,13.7579016,29.37174851,18.52928544,17.4773134,20.86375106
29319,17.59314091,22.14261818,18.53230329,18.99465387,22.73728375
32238,18.68990889,26.18187896,18.53322259,19.88853852,16.70645104
32703,18.68990889,26.18187896,18.53322259,19.88853852,16.70645104
9104,20.31700571,26.44203445,18.53325985,20.95514656,13.75255343
22540,18.35879087,23.99715921,18.53349022,18.68505736,20.42550233
646,17.06752792,22.41706905,22.4041269,17.72366483,20.3876113
12070,20.96224815,17.92279998,18.53557269,17.98243247,24.59694671
40969,17.1201672,21.39494898,18.53635148,19.74463577,23.20389656
33443,17.56719834,19.9730246,18.53834607,20.58981446,23.33161654
19312,19.08387284,19.76592976,18.54170384,22.22725193,20.38124162
25274,17.88002246,15.49223705,18.54443644,20.13426356,27.9490405
5694,19.95057648,25.63466165,18.5471329,20.04794821,15.81968076
23927,17.3570432,23.28155431,18.54726154,15.27452184,25.5396191
15219,18.88542332,21.77753635,18.55114346,20.81063427,19.9752626
41690,18.88617087,20.39111794,18.55136273,20.03164685,22.13970161
18030,19.24411262,23.21185946,18.55272429,22.85753406,16.13376958
2558,18.37206603,22.19791252,18.55573793,20.95070262,19.9235809
19721,17.66818447,19.97771783,18.55647404,16.9654408,26.83218285
608,18.69018746,20.88339204,22.38642339,17.64417993,20.39581719
39070,19.72136654,21.1286685,18.55702469,18.27043304,22.32250724
21975,18.82136713,24.60338688,18.55718257,18.20428321,19.81378021
15862,19.54047894,19.85865281,18.55896685,16.32124079,25.72066061
18615,17.7018522,25.59099317,18.56029392,18.31666187,19.83019884
19035,17.7018522,25.59099317,18.56029392,18.31666187,19.83019884
9114,17.31522675,21.2658223,18.56097125,18.33115329,24.52682641
38548,19.1871966,22.70171162,18.5610904,21.32577709,18.22422429
1121,22.21027728,19.18275064,18.56125696,18.02907899,22.01663614
7966,23.52750837,22.4259178,18.56422589,21.56960256,13.91274538
30973,21.10393327,20.47238595,18.56613035,18.88298152,20.97456891
7000,16.40050628,21.22145585,18.56690093,20.46229601,23.34884093
9123,20.42731776,19.36264588,18.57033391,21.14884795,20.4908545
41439,17.13743045,21.77788066,18.57198753,20.79608118,21.71662018
28178,18.02527326,25.12210054,18.57379275,18.40063912,19.87819433
28572,18.02527326,25.12210054,18.57379275,18.40063912,19.87819433
33525,16.89641899,24.48588447,18.57389688,16.97240105,23.07139862
11876,22.2289188,19.25050459,18.57433285,17.81702818,22.1292156
9911,22.75568007,18.91174255,18.57644732,19.557676,20.19845406
12993,20.20383497,18.9604988,18.57739552,18.57217069,23.68610002
25568,20.39825783,20.27292306,18.57827957,19.14271177,21.60782778
23043,19.53023108,26.83700194,18.58048736,19.45551311,15.59676651
34419,18.85712072,20.90303736,18.58198723,17.30280057,24.35505413
19093,20.9046978,20.24637479,18.58293048,16.90692108,23.35907586
18941,20.81180297,17.79150825,18.58409794,15.9924242,26.82016664
19616,20.81180297,17.79150825,18.58409794,15.9924242,26.82016664
22114,16.2622536,25.49739409,18.58437213,17.34131861,22.31466157
13315,17.59610704,27.32192624,18.58811451,20.28055751,16.2132947
20681,16.7501053,22.92134967,18.58997132,16.62475765,25.11381606
41155,16.75504546,23.37600549,18.5912822,23.13391562,18.14375123
18715,17.66251349,25.95509386,18.59203182,18.03147452,19.7588863
10178,19.69663991,20.89763501,18.59217746,17.63029577,23.18325184
36383,20.68169629,21.78191107,18.59381467,19.62286079,19.31971719
32322,20.95261541,20.31346777,18.59443984,18.96775654,21.17172043
32794,20.95261541,20.31346777,18.59443984,18.96775654,21.17172043
10681,17.4365401,20.11028233,18.59451893,21.54618434,22.31247429
21222,21.16633891,22.12605181,18.59943313,19.62241928,18.48575688
18533,17.85969163,21.44826459,18.60030446,18.65698421,23.4347551
38878,23.44979788,22.08619045,18.60052044,19.03710884,16.82638239
36662,21.44575717,19.52293812,18.60084201,21.28242986,19.14803284
15300,19.27145163,24.34710549,18.60175333,18.26044984,19.51923971
33145,20.12270869,22.57606349,18.60304233,17.33555244,21.36263304
15725,20.11150033,24.88649655,18.60334576,17.396396,19.00226135
21229,16.54777409,22.17451976,18.60978696,15.78375668,26.8841625
21626,16.54777409,22.17451976,18.60978696,15.78375668,26.8841625
1205,19.20899159,20.15020159,18.61516779,19.68103518,22.34460385
36027,18.91597659,21.31346937,18.61804202,18.93438572,22.21812631
33199,20.05594107,19.10651757,18.62461049,16.8319561,25.38097477
4415,19.07937857,18.76804735,18.6253334,20.9778929,22.54934779
38971,16.93494877,24.57558511,18.62625195,17.5355683,22.32764588
12153,15.92073608,25.22708469,18.62688083,16.30111663,23.92418177
6583,18.42532329,22.36717697,18.62973767,21.68333644,18.89442563
19208,15.11865698,22.09028981,18.62989221,12.40378078,31.75738022
31142,18.71042898,21.39443516,18.62993655,20.90522574,20.35997357
31619,18.71042898,21.39443516,18.62993655,20.90522574,20.35997357
28891,17.05053649,22.45155191,18.63173141,17.90486249,23.9613177
23527,17.13698969,20.70302751,18.6328932,22.53906472,20.98802488
3793,18.24785659,27.30532953,18.6353839,20.2676567,15.54377328
4196,18.24785659,27.30532953,18.6353839,20.2676567,15.54377328
8875,17.86380461,23.41071044,18.63584981,17.75394958,22.33568556
9305,17.86380461,23.41071044,18.63584981,17.75394958,22.33568556
12375,17.65830653,23.81064982,18.64123237,16.59545921,23.29435206
18374,17.22058085,17.89496136,18.64471379,17.36503963,28.87470437
33486,19.88145093,17.21757999,18.64507515,21.11936245,23.13653147
24962,16.53678275,42.7232054,18.64762408,17.32562718,4.766760593
28047,16.53678275,42.7232054,18.64762408,17.32562718,4.766760593
5873,15.97710551,19.40260373,22.73880242,19.60521147,22.27627686
14710,19.82115209,22.52230087,18.64933862,16.77937636,22.22783206
19,18.01206902,19.56749337,22.34755452,17.47819132,22.59469177
159,16.99759509,22.29941692,22.31391914,17.62234273,20.76672612
36094,16.04439137,21.83736308,18.64968384,20.35568051,23.1128812
9784,20.42684006,18.91557423,18.65070112,22.91569715,19.09118744
18855,16.53989408,42.71242901,18.65113255,17.32888692,4.767657439
5676,16.5399591,42.7122038,18.65120587,17.32895505,4.767676182
24964,16.54106691,42.70836679,18.65245509,17.3301157,4.76799551
22397,19.15522521,19.96488414,18.65274217,19.98265666,22.24449182
21618,17.92104924,21.2849608,18.65338003,17.63149147,24.50911846
39950,20.99676409,19.75827892,18.65433353,19.16981216,21.42081129
22266,18.87437905,18.12978558,18.65478591,20.70979814,23.63125132
20753,15.17158532,25.38610172,18.65781802,18.66095512,22.12353983
33368,21.35099882,21.37167302,18.66099359,19.36935076,19.24698381
26153,16.54884172,42.68143798,18.66122231,17.33826138,4.770236613
27993,16.54884172,42.68143798,18.66122231,17.33826138,4.770236613
17033,17.08931045,24.15343551,18.66345814,17.18143988,22.91235602
23853,17.74786277,26.76030218,18.66409881,18.68133838,18.14639786
36636,18.39811861,27.33119425,18.66420204,20.32934349,15.27714162
7588,18.33020477,22.97489171,18.66496165,16.84339124,23.18655064
12793,18.37365691,20.91466917,18.66554785,17.38445127,24.6616748
29672,16.55543831,42.65859003,18.66866093,17.34517265,4.772138094
18781,20.17666539,16.85873121,18.66992715,15.04072644,29.25394981
29946,16.56062103,42.64063914,18.6745052,17.3506026,4.773632025
27943,16.56079584,42.64003368,18.67470232,17.35078575,4.773682413
21927,16.29165314,24.16342847,18.67658002,17.36263207,23.5057063
2362,21.7672426,19.90557465,18.67702201,19.29285656,20.35730418
23229,20.58815977,20.67615189,18.67735728,17.26198296,22.7963481
8381,18.79319021,25.1297397,18.68021453,18.13652705,19.26032851
8809,18.79319021,25.1297397,18.68021453,18.13652705,19.26032851
24128,20.33437066,21.14812696,18.6802676,17.9273869,21.90984788
23053,20.79953804,20.73642121,18.6840881,22.80871119,16.97124146
23495,20.79953804,20.73642121,18.6840881,22.80871119,16.97124146
19729,22.63091283,19.94556162,18.68413739,17.41935859,21.32002957
6201,18.13206282,20.95201738,18.68543591,20.03156072,22.19892316
38849,16.71012927,23.13019409,18.68645047,21.3565631,20.11666306
1240,19.14267324,21.22785141,18.69337747,16.71704483,24.21905305
28875,15.37965371,27.85685901,18.69358052,16.21775239,21.85215437
6988,18.3451654,22.36135789,18.69376411,21.68050029,18.91921231
23047,17.16743002,24.8639413,18.69651008,17.38474048,21.88737812
29824,18.58802769,24.80273117,18.69859625,18.36867622,19.54196867
36472,20.80499221,21.36221156,18.69862058,21.87476572,17.25940992
37385,17.73809371,20.57593404,18.7005142,19.41410372,23.57135434
38502,19.07360018,22.99359286,18.70092938,18.4756062,20.75627137
9790,18.90813826,20.79883672,18.70209169,21.58445072,20.0064826
32078,17.96469171,20.21089906,18.70228519,19.28516848,23.83695555
32542,17.96469171,20.21089906,18.70228519,19.28516848,23.83695555
23620,18.03658201,20.49269712,18.70278151,16.88810829,25.87983107
37584,18.23579371,21.4561961,18.70297968,17.67635928,23.92867123
32172,18.15943067,20.42361385,18.7035514,18.83390778,23.8794963
32650,18.15943067,20.42361385,18.7035514,18.83390778,23.8794963
22991,17.3169944,22.27197631,18.70760315,15.41013052,26.29329562
28623,16.59195769,42.53210152,18.70984183,17.38343409,4.782664878
29927,16.59195769,42.53210152,18.70984183,17.38343409,4.782664878
32221,18.51338728,25.08897717,18.71075607,17.36130629,20.32557319
32714,18.51338728,25.08897717,18.71075607,17.36130629,20.32557319
38062,19.2700969,24.16655375,18.7116615,16.97179971,20.87988814
2261,19.62654412,19.43286571,18.71230487,19.88973486,22.33855043
30885,19.64812982,16.78860905,18.71508981,20.62370166,24.22446966
21777,17.49050875,25.04251227,18.71753441,22.0056301,16.74381447
33597,22.1150408,23.1193735,18.71779718,21.10238401,14.9454045
25673,13.53614735,25.08740377,18.71848217,14.89830507,27.75966164
38070,18.19415081,24.59283552,18.72099335,17.07418326,21.41783706
9752,19.91349216,19.85769778,18.72289456,17.1037153,24.4022002
708,14.92036925,20.97125376,22.30847283,14.26042218,27.53948199
18502,18.69975134,20.89531302,18.72671405,18.13864102,23.53958057
21451,17.2727859,23.19209537,18.72904013,23.50986308,17.29621551
15293,17.99201459,18.32110582,18.72981704,21.09849479,23.85856776
18857,16.60986301,42.47008463,18.73003269,17.40219355,4.787826124
9738,16.9906366,21.6748502,18.73054963,15.40627559,27.19768798
6435,18.96069567,23.23496105,18.73318833,18.58784732,20.48330764
7297,18.96069567,23.23496105,18.73318833,18.58784732,20.48330764
38617,20.51038371,20.22038473,18.7350559,17.45864346,23.0755322
39105,19.47082807,19.98756487,18.73677336,20.07054262,21.73429108
2522,18.61596452,23.75391992,18.73727101,17.75604623,21.13679832
4679,17.54408171,23.27152256,18.73885025,18.79340809,21.65213739
3683,17.50450746,23.45627141,18.7402907,17.47907715,22.81985328
28002,16.61974744,42.43584892,18.74117882,17.41254949,4.790675331
19647,14.80302035,23.56261631,18.74139108,17.81973472,25.07323754
38268,17.90458859,20.93127461,18.74182825,20.03562964,22.38667891
5393,19.74980675,20.24906816,18.74401298,18.79622159,22.46089051
36804,17.00560544,23.14513114,18.74766897,18.98962671,22.11196773
19959,20.82689589,19.73057882,18.74928991,21.36049455,19.33274083
6311,18.29880792,23.18033362,18.75096988,22.64175344,17.12813514
37554,19.68632714,22.24030043,18.75207313,22.34837571,16.97292359
5355,16.84302023,30.98155333,18.76068973,19.56880715,13.84592956
24512,19.88427859,20.9272633,18.76077384,15.95098892,24.47669535
27946,16.64101073,42.3622014,18.76515627,17.43482709,4.796804517
26413,16.64101073,42.3622014,18.76515627,17.43482709,4.796804517
8337,18.77199512,21.86109771,18.76714761,22.76297043,17.83678914
37818,18.3356594,24.1824678,18.77078302,20.68222061,18.02886918
40933,19.07956128,18.56145961,18.77214313,20.66625261,22.92058337
7584,20.57974447,19.85406806,18.77391239,21.65888716,19.13338792
2116,21.78308121,21.22057466,18.77430301,16.41132756,21.81071355
33861,20.22885742,16.56322691,18.77724791,19.4462698,24.98439796
8221,19.44915774,24.02168035,18.78267199,16.48997828,21.25651164
13305,19.30701333,21.97090876,18.78610601,22.27349794,17.66247397
13740,20.74076844,20.60476936,18.78860706,19.49788336,20.36797178
228,18.96289397,21.14491457,22.29543593,18.77012522,18.82663031
39004,20.75396229,23.32934751,18.79187414,20.04061236,17.08420371
20210,21.32898807,20.75857886,18.79351457,19.00691642,20.11200207
35946,18.62849038,26.84111218,18.79370716,19.6419598,16.09473047
31471,15.57344504,31.24824388,18.7940293,16.38932187,17.99495991
31935,15.57344504,31.24824388,18.7940293,16.38932187,17.99495991
3368,14.90325927,29.84349323,18.79563451,16.95635548,19.50125751
7303,18.75173035,21.52279837,18.79566965,17.63328259,23.29651904
23490,18.58824306,25.48316714,18.79710311,19.0403998,18.09108689
34288,15.9820035,24.08748372,18.79895044,17.25606428,23.87549806
5687,16.67146095,42.25673403,18.79949331,17.46672985,4.805581853
11274,17.08893828,21.77405111,18.80089904,19.47581894,22.86029262
10182,19.07695953,20.61138649,18.80250161,17.56189635,23.94725602
36581,15.94013283,24.63359739,18.80538888,15.28340937,25.33747153
6501,16.54217344,24.26253702,18.80608075,16.97973821,23.40947059
6906,16.54217344,24.26253702,18.80608075,16.97973821,23.40947059
39288,17.55109379,22.18909406,18.80809714,17.74824073,23.70347428
5482,18.50848493,20.40147333,18.80839867,21.72658903,20.55505404
11577,18.321863,25.86361853,18.81017997,25.34980173,11.65453676
4737,19.92864026,26.7607565,18.81087574,19.00379656,15.49593094
4113,20.82752713,18.41732657,18.81119142,17.08060685,24.86334803
12251,16.1651516,22.12362671,18.81468167,13.42604091,29.47049911
27549,14.56500918,26.59668654,18.81550806,15.01431386,25.00848236
39308,18.44853879,24.270338,18.81566483,17.79246859,20.67298979
37198,16.24872451,23.22771306,18.8156976,22.10168343,19.60618141
337,17.51922313,23.10088724,22.29259761,15.70322081,21.38407121
39651,24.55101273,17.0966161,18.81979055,19.93392352,19.5986571
24231,18.06875958,24.41901745,18.82018267,17.49202211,21.20001819
1208,19.90667213,27.00662288,18.8212524,18.01731715,16.24813544
1620,19.90667213,27.00662288,18.8212524,18.01731715,16.24813544
13629,18.46245283,22.98639554,18.82255443,22.22718325,17.50141394
736,17.51922313,23.10088724,22.29259761,15.70322081,21.38407121
15203,18.91563857,22.50167598,18.82973235,21.51971991,18.23323319
17221,16.69857877,42.16280878,18.83007258,17.49514125,4.813398617
13333,20.43936709,18.57298825,18.83069465,14.8839786,27.27297141
9186,17.30010708,23.33998686,18.83190795,18.23712354,22.29087457
26263,20.78415919,19.07403993,18.83244493,19.34588379,21.96347216
26713,20.78415919,19.07403993,18.83244493,19.34588379,21.96347216
36713,20.52208183,27.26514544,18.8327678,21.00455671,12.37544822
6765,18.46598413,21.42837499,18.83353713,20.45565088,20.81645286
16016,16.71589939,21.50065307,18.83589046,15.71328428,27.2342728
31487,17.2209398,23.28728525,18.83842358,16.95757961,23.69577177
31961,17.2209398,23.28728525,18.83842358,16.95757961,23.69577177
33141,22.11208005,21.79482843,18.83885432,19.71061286,17.54362433
19552,21.28309629,20.67203119,18.83925,16.82528395,22.38033858
8772,16.54940723,22.4982651,18.83966234,15.30349062,26.80917471
12424,15.3784904,23.21608142,18.83980441,20.94943685,21.61618692
28756,18.57610605,23.48322592,18.84025645,18.73193877,20.36847281
10031,18.85338634,27.37099943,18.8416351,20.68644739,14.24753175
31428,18.74520231,27.15775433,18.84276622,19.31940217,15.93487497
31898,18.74520231,27.15775433,18.84276622,19.31940217,15.93487497
23195,22.73392927,15.06421031,18.84461835,20.99274828,22.36449379
32922,20.08103175,17.38739634,18.84491618,19.54201571,24.14464002
40004,17.9459892,25.24967528,18.84675622,17.02122596,20.93635334
7223,18.74299887,20.62218333,18.84777325,20.6655394,21.12150515
40431,21.34494556,25.47101638,18.84818179,19.61283586,14.72302041
39013,17.92468579,22.57680973,18.84852366,17.71184883,22.93813199
27290,18.08652227,21.07261645,18.85122228,17.763746,24.225893
36900,20.36349817,21.37446724,18.85216378,19.24525926,20.16461155
37011,19.98495105,20.04402225,18.85334714,19.45006161,21.66761795
3802,16.14512304,23.36300541,18.85625869,16.79705207,24.83856079
4711,16.14512304,23.36300541,18.85625869,16.79705207,24.83856079
10781,17.70281531,26.52611239,18.86108977,19.63339214,17.27659039
1373,18.72606643,20.80546283,18.86229817,17.6155381,23.99063446
4475,19.01728532,22.60291671,18.86286323,18.36604852,21.15088622
24462,15.6777131,24.87546358,18.86287735,16.5766836,24.00726237
4663,17.6395062,24.00402978,18.86355237,18.51243375,20.98047789
21326,17.32579812,22.45132708,18.86535972,17.79936614,23.55814894
24059,20.60250226,24.40514115,18.86648614,17.3337488,18.79212164
17864,17.75955181,23.87629277,18.8688902,18.11361172,21.38165351
15159,20.21029333,19.80283279,18.87276261,20.74579689,20.36831438
35076,15.80267942,24.27403078,22.29056002,17.71187452,19.92085526
35912,18.20258746,20.26317059,18.8740547,21.99192919,20.66825806
34867,20.32581711,12.63375088,22.28983125,18.67275548,26.07784528
36436,18.08418394,27.2217485,18.87425785,18.08223848,17.73757124
7203,20.27973258,20.79634136,18.87693897,18.55873812,21.48824897
15486,20.87492435,19.92919456,18.87731469,18.72974876,21.58881764
18312,17.19474116,20.84369828,18.88093181,21.59160196,21.48902679
10059,17.44175812,20.49734416,18.88132301,20.87819347,22.30138124
23113,21.21286604,24.50454923,18.88552149,17.79691124,17.60015199
6335,16.62445775,23.85554559,18.88619869,16.80289784,23.83090013
15364,17.19552346,29.49201522,18.88776535,20.93418227,13.49051369
15824,17.17669704,22.18219768,18.88937267,17.38634328,24.36538933
28894,19.18510789,20.51405242,18.89103738,21.14723324,20.26256908
37509,17.666963,21.56399206,18.89337737,18.09886538,23.77680219
20201,18.73615462,20.02649561,18.89641012,20.02392818,22.31701147
1114,19.57829769,26.27768502,18.89765576,19.6241241,15.62223743
22660,19.38141499,20.5528601,18.89792784,18.36175228,22.80604479
5801,17.29751051,20.07561592,18.89816336,14.40842105,29.32028916
17980,19.56616142,23.41281639,18.89981517,17.36034954,20.76085748
5338,19.94865361,22.73914254,14.27665046,25.09808106,17.93747233
9908,15.9944527,22.08394917,18.90058903,14.9148505,28.1061586
34469,17.96781122,22.72065997,18.90162486,17.14341437,23.26648957
28607,13.6615325,17.54854752,18.90391654,14.61929645,35.266707
40930,18.26525689,26.20390358,18.90403691,18.52986538,18.09693724
20242,20.8028564,21.6429474,18.90629832,17.66496698,20.98293089
29655,19.0836742,23.02207323,18.91059145,18.05208321,20.9315779
37464,19.75102839,20.58850134,18.9107691,18.64352434,22.10617683
7876,17.40194099,23.93958214,18.91137485,17.67769194,22.06941008
2880,21.26422494,18.73960319,18.91247337,23.42030127,17.66339723
9221,16.34915288,24.98285382,18.91322966,16.87809272,22.87667092
9620,16.34915288,24.98285382,18.91322966,16.87809272,22.87667092
40483,17.48620829,21.96314258,18.91539278,18.14103941,23.49421693
35952,17.96868534,24.35286573,18.91602131,17.8840824,20.87834521
14841,19.96333355,20.1334046,18.91613515,21.29043446,19.69669224
15468,18.71633362,21.59578734,18.91865815,20.9728163,19.7964046
7557,19.37754389,23.35609991,18.92083058,22.67007305,15.67545257
15918,18.46812853,22.93873353,18.92188169,17.07487757,22.59637868
21883,17.57841359,21.4844404,18.92374401,17.88025248,24.13314952
5833,16.78566103,41.86119067,18.92827049,17.58637755,4.838500254
14263,16.78566103,41.86119067,18.92827049,17.58637755,4.838500254
30991,16.78566103,41.86119067,18.92827049,17.58637755,4.838500254
19794,16.78566103,41.86119067,18.92827049,17.58637755,4.838500254
29553,16.78566103,41.86119067,18.92827049,17.58637755,4.838500254
14307,16.78566103,41.86119067,18.92827049,17.58637755,4.838500254
29517,16.78566103,41.86119067,18.92827049,17.58637755,4.838500254
10838,19.14813855,21.45698747,18.92864795,20.76251736,19.70370867
11289,19.14813855,21.45698747,18.92864795,20.76251736,19.70370867
21865,16.5244615,23.58934249,18.92952729,17.1962704,23.76039833
20320,20.01598853,20.06455997,18.93007303,16.69482,24.29455848
34045,18.63397108,25.12259116,18.93204774,17.03208508,20.27930495
38280,22.67850815,22.59583147,18.93345374,20.67348723,15.11871941
24483,17.32830642,29.35059742,18.9335166,17.86265175,16.52492781
21104,22.76208703,20.24769002,18.93582463,17.68496497,20.36943335
11203,17.83785912,25.097059,18.93602745,17.38868236,20.74037207
8921,21.7277587,17.91534801,18.93824886,19.94978654,21.46885789
28105,16.7950436,41.82869323,18.93885069,17.59620769,4.841204797
24662,19.47040845,20.57154235,18.94160649,18.86730594,22.14913677
30332,19.15491833,18.90198097,18.94249858,21.45298139,21.54762073
19813,18.79110107,29.28743773,18.94291752,20.24855987,12.7299838
15630,21.6165661,19.16883025,18.9438521,17.97393788,22.29681367
10207,16.73029228,22.03186623,18.94443089,16.3626924,25.93071819
30619,18.97353607,20.81090028,18.94852097,17.92936978,23.3376729
8191,18.31755842,27.50546214,18.94904679,20.29844627,14.92948638
8631,18.31755842,27.50546214,18.94904679,20.29844627,14.92948638
38564,20.4482889,20.78032988,18.94944319,21.28745533,18.5344827
22457,16.06677471,21.76218154,18.95289685,17.93838644,25.27976046
8959,20.30966062,17.02089425,18.95466942,18.31362848,25.40114723
9376,20.30966062,17.02089425,18.95466942,18.31362848,25.40114723
10723,20.65178709,24.19802121,18.95790691,22.04592406,14.14636073
29292,23.80058546,18.88583411,18.95928238,18.19500616,20.15929189
31006,19.05595787,19.4899347,18.95936479,21.03264408,21.46209856
8294,20.91283116,23.06216383,18.95951503,18.06761384,18.99787614
20409,16.45624237,24.18699964,18.96016025,16.54644622,23.85015152
41128,23.89197455,20.90338194,18.96043416,21.48082473,14.76338463
39967,18.61984803,24.16412811,18.96071239,18.18568278,20.06962869
37367,17.31818284,29.51854026,18.96169567,19.05584102,15.14574021
28570,17.08404507,21.84731848,18.96310251,15.49737069,26.60816325
34757,17.87775078,22.31531315,18.96460575,15.89641632,24.945914
28192,19.77929806,19.26922467,18.96465437,22.42370863,19.56311427
28588,19.77929806,19.26922467,18.96465437,22.42370863,19.56311427
33045,17.22535731,23.09448078,18.96555788,20.01099391,20.70361013
41048,19.1543912,24.25026544,18.96660467,18.65720884,18.97152984
3861,17.80178243,22.16334607,18.96714414,17.95512358,23.11260377
4760,17.80178243,22.16334607,18.96714414,17.95512358,23.11260377
20580,15.41711205,20.2710852,18.96789947,20.76547229,24.57843099
34535,19.08205621,18.57010894,18.96865903,16.84833832,26.5308375
38651,20.34860676,22.63868963,18.9744008,18.55952252,19.47878029
14865,20.62889558,23.6724888,18.97490503,18.78119542,17.94251518
19815,19.81493439,18.48856869,18.97541576,16.13705542,26.58402574
27579,16.97463857,22.24409637,18.97598682,17.63724873,24.16802951
26331,16.83183796,41.7012523,18.98034167,17.63475723,4.851810844
17932,18.31104366,24.31537318,18.98402301,18.51851847,19.87104167
36122,19.43905589,18.99563517,18.98755499,16.82100483,25.75674912
10639,18.31304169,22.26659326,18.98935931,17.30557161,23.12543414
15865,16.08576385,23.30944135,18.98936709,16.27517191,25.34025581
29210,21.97129986,21.65219131,18.98992353,20.04137746,17.34520783
235,19.41931657,20.59988338,22.2417175,18.54498985,19.1940927
1187,19.17673076,24.98791522,18.99123845,19.44062619,17.40348938
1599,19.17673076,24.98791522,18.99123845,19.44062619,17.40348938
29603,18.96659738,18.7226521,18.99246536,21.25891435,22.05937082
23980,19.48886953,26.52785424,18.99288729,19.50259243,15.48779651
19187,16.74537842,24.32749999,18.99307763,19.64834818,20.28569578
19538,19.03811261,20.59047983,18.99575576,14.11263811,27.26301369
32309,18.18580263,19.53898649,18.9985378,18.02565151,25.25102156
32781,18.18580263,19.53898649,18.9985378,18.02565151,25.25102156
5876,19.36473601,26.24994354,18.99893075,19.67619263,15.71019707
3871,18.43696706,21.14016759,19.00030243,17.67743911,23.74512381
41434,21.60357804,20.88064395,19.01313456,19.13829993,19.36434353
10629,18.25688488,20.86818941,19.01397098,19.70882073,22.152134
21745,17.01973939,20.43083562,19.01448801,18.63335166,24.90158531
23051,18.5459603,26.55273586,19.01493747,20.62514827,15.2612181
28850,17.12004108,24.56309355,19.01499051,18.38148392,20.92039095
18367,19.45251737,23.44919598,19.01606312,18.52225733,19.5599662
18154,17.50487746,20.58673484,19.01714506,17.38382352,25.50741912
40093,14.28741602,26.69496708,19.01983919,16.18833366,23.80944404
21569,15.75005375,24.12965182,19.0198693,15.70202271,25.39840242
25823,19.40482048,26.07843834,19.02140449,20.47495483,15.02038186
19908,16.66322643,26.20935395,19.02215356,16.45465195,21.65061411
34069,19.90152786,19.83819108,19.02223227,20.97170237,20.26634642
38397,18.7774766,24.52081677,19.02267776,18.46481389,19.21421499
1986,19.49468088,22.26674423,19.0230365,22.43880588,16.77673251
15504,18.09311926,22.73801639,19.02855009,17.45126461,22.68904965
25396,20.06875277,20.3567134,19.02914997,18.62129267,21.92409119
11355,17.75336959,21.90426565,19.03097855,23.10764978,18.20373644
34770,19.15923103,23.62165637,19.03210755,18.58711191,19.59989314
13185,16.84198677,23.43934802,19.03292502,17.51982869,23.16591151
5496,20.9894706,17.73610192,19.03456915,21.32909714,20.9107612
41169,20.68920671,21.96145562,19.03471359,20.51528612,17.79933796
36301,18.66160358,22.7341788,19.03506648,15.56372464,24.00542649
10857,19.06080306,20.32837036,19.03558265,19.60809892,21.96714502
24058,15.09401349,32.81870294,19.03585514,18.09837346,14.95305498
14403,19.4454738,22.37189339,19.03698895,21.91394531,17.23169855
34795,16.5426497,21.86546205,19.03885895,17.32068121,25.23234809
14050,17.33093712,25.03429291,19.03888336,13.03344184,25.56244477
5127,18.78081977,18.12806616,19.0393246,22.53653698,21.5152525
36964,18.03798737,17.61687667,19.04040744,21.29087034,24.01385818
21233,16.93123646,21.49740989,19.04042721,17.37001547,25.16091096
2861,17.08321549,26.03414185,19.04173778,17.22375833,20.61714656
39080,18.39689346,27.18364477,19.04181718,18.78696567,16.59067891
10229,18.70906172,18.85415334,19.04463335,18.47406121,24.91809039
4715,16.55451298,22.64963715,19.04498948,21.93231472,19.81854567
18527,18.65306625,23.77142498,19.04642369,16.50038871,22.02869638
20713,17.3698517,26.1949896,19.04727991,17.95887389,19.42900491
13331,17.18822306,17.23806088,19.04742819,19.34455022,27.18173765
15581,15.99982812,26.21470255,19.05197993,16.96777592,21.76571347
30228,17.72500802,23.0305428,19.05344835,17.5331399,22.65786094
29874,17.72500802,23.0305428,19.05344835,17.5331399,22.65786094
22874,18.49683601,23.64789272,19.05354216,18.79038018,20.01134894
23359,18.49683601,23.64789272,19.05354216,18.79038018,20.01134894
11394,16.69953924,24.29906994,19.05360207,16.87172028,23.07606847
14679,15.00862752,26.10150501,19.05382824,15.60372722,24.23231201
15009,15.00862752,26.10150501,19.05382824,15.60372722,24.23231201
18815,20.02851781,24.13774116,19.05483373,23.75301057,13.02589673
16193,16.90189709,41.4585955,19.05934352,17.70815835,4.87200553
19663,16.62666431,22.33978195,19.05980697,18.3955996,23.57814717
5641,19.69665217,19.4215366,19.06008703,23.48148845,18.34023575
6056,19.69665217,19.4215366,19.06008703,23.48148845,18.34023575
40444,19.22057312,21.91664438,19.06010566,21.06876546,18.73391138
13773,17.85635746,22.76112244,19.06151139,17.12448257,23.19652613
40626,17.6195898,25.45497689,19.06162037,18.24780596,19.61600699
23888,21.59568129,20.77464865,19.06686161,19.0617305,19.50107795
10987,16.68877868,24.32238235,19.06786613,16.88790692,23.03306592
11049,18.14180902,27.36601948,19.06835187,19.27166392,16.15215571
11471,18.14180902,27.36601948,19.06835187,19.27166392,16.15215571
32240,18.63929903,23.16505226,19.06992411,18.21509634,20.91062826
32731,18.63929903,23.16505226,19.06992411,18.21509634,20.91062826
3831,18.37227683,20.28369489,19.07085711,16.80567802,25.46749315
4242,18.37227683,20.28369489,19.07085711,16.80567802,25.46749315
29027,15.81488975,31.5976103,19.07316689,17.88089153,15.63344153
33845,18.84721893,24.13088531,19.07472264,17.81127579,20.13589733
24268,18.74136927,21.10783795,19.07712142,18.3838894,22.68978197
14825,17.15368907,29.05317633,19.07722422,18.59952312,16.11638726
10553,16.73006379,21.96809926,19.07922061,17.08576312,25.13685322
4733,16.78175771,19.97828043,19.08229664,20.83043198,23.32723325
21378,17.3919535,23.24963991,19.09017474,18.40485986,21.86337199
34761,19.01505258,20.92987641,19.09203216,17.66711185,23.29592701
22699,24.07822066,15.50731233,19.09272212,20.82305443,20.49869046
28902,17.1787491,25.73357651,19.09371209,17.39737991,20.5965824
32450,18.1342536,19.17745055,19.09564958,21.46138047,22.1312658
32903,18.1342536,19.17745055,19.09564958,21.46138047,22.1312658
26328,16.93410623,41.34703596,19.095664,17.74190394,4.881289877
35471,15.40377429,20.96295049,22.02439074,21.07832997,20.53055452
16431,17.10270078,20.39186915,19.10266746,19.73235379,23.67040882
3869,19.74776405,23.27427736,19.10297681,19.30744523,18.56753655
16397,18.16036403,24.85975718,19.10311547,18.02670166,19.85006167
23784,17.29645218,22.03356372,19.10763812,15.37461622,26.18772976
13201,18.10092725,23.30647567,19.10881206,17.64546677,21.83831825
36784,22.24047155,19.17419655,19.10895033,22.62936218,16.84701939
8833,18.16189048,30.96083585,19.10993909,20.09971642,11.66761815
12007,16.64738337,21.38685846,19.11041031,20.86369848,21.99164939
14131,17.02578637,22.10507563,19.11166207,17.50280775,24.25466819
40173,18.38497427,23.01593946,19.11167688,17.44922201,22.03818738
31546,19.99928053,17.05205813,19.11694389,19.30448829,24.52722917
19153,19.18576312,19.15960952,19.11720455,16.47488462,26.0625382
28858,18.28730298,20.88870709,19.11799895,16.21342768,25.4925633
31063,20.00242628,17.03901097,19.11995085,19.30752475,24.53108714
12682,21.47639896,18.96290967,19.12066365,17.76471432,22.6753134
37615,17.39741694,20.74755366,19.12132465,19.75557091,22.97813384
26466,18.30458346,20.23492896,19.12357744,19.89905663,22.43785351
26856,18.30458346,20.23492896,19.12357744,19.89905663,22.43785351
22959,17.71627308,22.01433523,19.13069302,22.40448077,18.7342179
23416,17.71627308,22.01433523,19.13069302,22.40448077,18.7342179
35234,14.06582829,23.48091508,21.96426527,16.96326448,23.52572689
31464,22.12335473,16.80701122,19.13156431,17.59802233,24.34004741
31933,22.12335473,16.80701122,19.13156431,17.59802233,24.34004741
21408,19.12527514,19.31937302,19.13157334,15.87969461,26.54408389
16525,15.53507636,24.06781564,19.13260356,16.45561142,24.80889302
34539,17.84837986,22.38454802,19.1358545,17.92212514,22.70909249
6376,22.31396903,22.64458231,19.13914921,18.89366474,17.0086347
8169,19.17669955,24.85952844,19.14037653,20.23505714,16.58833834
38710,17.73278672,25.69435137,19.14237197,19.24426349,18.18622644
14348,20.43588267,21.09587719,19.14272866,18.76577793,20.55973355
39725,18.27506043,22.51993591,19.14473204,17.69918393,22.3610877
12081,15.67334404,25.83800651,19.14610879,16.03529668,23.30724398
15991,18.46120394,21.20990559,19.15028712,20.99889975,20.17970359
17032,18.25294958,25.51432104,19.15077336,18.96687145,18.11508458
41491,17.87602468,23.69073904,19.15195942,19.72504617,19.55623069
13702,18.52467347,22.30355621,19.15471668,17.4406379,22.57641575
19319,17.40129183,22.19032945,19.15535205,17.4358636,23.81716307
6553,17.15514269,26.84938712,19.15699945,18.96301088,17.87545986
39498,19.37550994,18.47476315,19.16106585,19.62981305,23.35884802
5604,16.46739952,27.49327865,19.16250632,18.24717007,18.62964544
7911,15.38785727,22.22359879,19.16545144,21.85663466,21.36645783
15882,17.43111565,23.27985915,19.16602242,18.88690474,21.23609803
7529,13.69656069,27.07370618,19.17198357,20.3875485,19.67020106
39679,16.73966832,29.89882832,19.17394593,19.21396783,14.9735896
17399,18.61028394,24.18710982,19.17554467,16.96192519,21.06513638
37548,19.36846076,21.50286597,19.17912267,17.68153916,22.26801144
2916,19.24120441,21.10157349,19.18005721,17.76270159,22.7144633
12937,19.40906142,16.60354161,19.18013842,17.81309333,26.99416522
1418,17.66937693,22.81044979,19.18046428,17.26118693,23.07852208
41379,17.80526546,19.93439844,19.18144787,20.68259408,22.39629414
19720,19.24611249,20.64136005,19.18567455,15.20082778,25.72602513
17202,18.59619737,19.58423654,19.19098218,21.38445508,21.24412882
17530,18.59619737,19.58423654,19.19098218,21.38445508,21.24412882
11606,19.8379906,19.54001271,19.19759185,20.9468822,20.47752264
3638,16.52111207,21.98084572,19.19771649,16.85756274,25.44276298
3594,19.01451198,22.96328628,19.19851453,18.70962038,20.11406683
738,18.14038961,24.15790809,21.8711365,21.01030932,14.82025648
29671,17.02629989,41.02771401,19.19962575,17.83849547,4.907864885
9344,17.45976003,23.35845706,19.20170181,19.2606509,20.71943019
23766,21.63242941,20.96398112,19.20287421,19.00809802,19.19261723
32077,19.4522187,20.52747496,19.20326464,17.5823421,23.2346996
32557,19.4522187,20.52747496,19.20326464,17.5823421,23.2346996
29088,17.28791818,28.33288919,19.20541622,18.49921367,16.67456275
21071,23.50591592,18.40601425,19.20683194,17.77969475,21.10154314
17883,18.05576434,23.81574989,19.20703618,17.65688467,21.26456491
39981,19.15616509,22.60914615,19.20832193,18.62427557,20.40209127
92,17.28587999,19.69515057,21.80132938,17.97554035,23.24209971
27078,21.64510616,17.37807588,19.21259725,20.51848642,21.24573428
10305,18.67828627,25.1558409,19.21687874,20.13123992,16.81775417
31472,17.69423514,23.87475416,19.22264761,18.20349731,21.00486578
31936,17.69423514,23.87475416,19.22264761,18.20349731,21.00486578
38692,17.60498855,26.44869198,19.22394669,18.86289085,17.85948194
9650,17.80407513,24.334208,19.2256151,17.76333331,20.87276845
19873,19.53061868,23.7712932,19.22714288,16.97172205,20.4992232
29516,17.95572692,20.55245846,19.22884439,20.71066513,21.55230511
32346,18.04998343,24.2851352,19.22987805,17.43349173,21.00151159
32814,18.04998343,24.2851352,19.22987805,17.43349173,21.00151159
204,20.58484024,24.91528114,21.75802972,18.95771258,13.78413632
34820,18.74098531,20.20248208,21.68705004,17.92132264,21.44815993
37240,18.10957758,24.8571164,19.23063275,16.84735277,20.95532051
4576,19.04779476,24.58665499,19.23384702,20.14529229,16.98641093
18273,16.93915059,25.34043045,19.23395297,17.30604718,21.18041882
12385,19.11646073,21.63217545,19.23567898,17.99362077,22.02206407
15783,18.65361368,21.78175015,19.23614528,17.8580096,22.4704813
23658,21.9810813,19.76865658,19.2398636,20.47292813,18.53747039
22680,17.41277095,22.24658501,19.24184543,21.41665043,19.68214818
2408,16.66829658,23.26390442,19.24215465,17.60782578,23.21781857
32337,17.11033988,22.13559153,19.2425926,17.5223839,23.9890921
32807,17.11033988,22.13559153,19.2425926,17.5223839,23.9890921
9270,17.32205005,23.78582672,19.24433026,16.08142453,23.56636844
10143,17.32205005,23.78582672,19.24433026,16.08142453,23.56636844
11992,18.56590226,23.24069508,19.24572961,18.23684349,20.71082956
40463,17.50265877,22.04250857,19.24739783,18.59115881,22.61627602
34544,18.77375845,25.19537059,19.25238569,17.63465239,19.14383287
8906,18.98006417,26.47327768,19.25423471,18.26367449,17.02874896
12832,18.14098114,21.89147224,19.25439654,18.71554502,21.99760507
74,20.76592736,14.37423804,21.62392443,16.25706162,26.97884855
4220,16.66176172,22.80970723,19.25820196,16.12647316,25.14385593
35565,17.05326052,19.09058546,21.57610279,18.70414939,23.57590185
33048,20.30106329,21.4275999,19.26041791,19.32709459,19.6838243
33535,20.30106329,21.4275999,19.26041791,19.32709459,19.6838243
20266,19.15854458,24.11621341,19.27135493,19.3663929,18.08749418
20703,19.15854458,24.11621341,19.27135493,19.3663929,18.08749418
36945,17.68967573,22.36153077,19.2730462,17.63601612,23.03973118
9628,17.40905786,21.23157657,19.27420099,15.69296633,26.39219826
34530,18.86896063,24.75910674,19.27511922,18.38162448,18.71518893
8929,20.85450398,19.71731089,19.27687803,19.07319328,21.07811382
38418,21.86267057,22.10901229,19.27709196,20.22724738,16.5239778
8270,15.85127052,23.95793124,19.27793612,16.35096047,24.56190164
15027,19.68730685,22.27656483,19.28327097,18.35870125,20.39415611
15753,18.85998103,22.94352089,19.28550689,18.84426456,20.06672663
20388,17.08696047,26.30248413,19.28757544,18.30738529,19.01559467
33479,17.90340416,19.03643363,19.28892339,15.88043188,27.89080693
15903,19.03364286,20.0580211,19.28918797,19.95492578,21.66422228
12361,19.46619036,20.76591718,19.29078608,18.37274876,22.10435761
37684,16.08678241,25.99886629,19.29204409,16.95385173,21.66845548
7895,19.50144826,22.91004276,19.29475695,18.83165025,19.46210178
33576,17.39817547,24.52144808,19.29536558,17.96175392,20.82325695
38778,18.5149599,25.8587435,19.29657882,20.38641344,15.94330433
29632,20.91972985,17.6104653,19.29744032,19.32908906,22.84327547
26273,15.25359671,21.43223671,19.29929472,19.69262019,24.32225167
26707,15.25359671,21.43223671,19.29929472,19.69262019,24.32225167
37581,17.78094747,23.66861657,19.30275142,16.84964949,22.39803505
40021,15.72469193,23.72621094,19.30817423,15.19794001,26.04298289
2307,18.56611958,20.62695754,19.3110709,16.97633522,24.51951676
2095,17.96034392,29.30745932,19.31226081,20.84817106,12.5717649
29249,19.25477682,20.69278496,19.31374369,17.97720596,22.76148857
39723,11.79394573,32.54038917,19.31420065,18.43845196,17.91301249
24097,17.78103897,26.61562202,19.31693805,19.0559867,17.23041426
30661,21.24684517,17.2595214,19.31786518,18.91253657,23.26323168
24391,18.17145937,29.70823486,19.3188566,20.49579978,12.30564939
10766,17.58497262,25.16077768,19.31919731,17.48814343,20.44690895
32328,21.13071484,17.1721712,19.32066187,18.04046887,24.33598322
32796,21.13071484,17.1721712,19.32066187,18.04046887,24.33598322
35938,22.39274493,23.52571095,19.32213593,18.48603932,16.27336887
21468,18.72792123,20.9969996,19.32249661,15.63624848,25.31633408
18902,16.94898528,23.29278172,19.32452277,17.6187407,22.81496953
19230,16.94898528,23.29278172,19.32452277,17.6187407,22.81496953
18479,17.01596968,23.54271237,19.32480622,15.54869624,24.56781549
4439,17.56657706,23.59037247,19.32553658,17.83003634,21.68747755
16038,20.62361085,19.4531873,19.32575447,23.31264813,17.28479925
40636,14.94646438,24.07391982,19.3309248,15.14271529,26.5059757
41640,17.30759648,26.49508106,19.33194576,17.92617904,18.93919765
7474,16.55806248,26.20309952,19.33249126,15.65047243,22.25587431
10583,19.18839567,16.59953175,19.3327736,21.09959994,23.77969904
12833,19.17582302,23.36821179,19.3336365,18.9976624,19.12466629
41135,19.7964505,25.86119448,19.3347526,17.54288211,17.46472032
10360,16.45904726,21.86260704,19.33510295,16.91388329,25.42935947
31444,17.37274208,27.19003827,19.33531361,18.41347969,17.68842636
31912,17.37274208,27.19003827,19.33531361,18.41347969,17.68842636
27822,15.66667613,25.55729114,19.34007582,17.53083317,21.90512375
35432,16.48244736,23.50167885,21.4354347,17.79402511,20.78641398
17042,17.53071321,22.05767336,19.34153766,23.10073926,17.96933651
22490,17.52242847,23.66415312,19.34180018,13.38996374,26.08165449
13067,16.50786078,24.21978661,19.34236767,16.34533604,23.58464889
35767,19.54210282,21.12359596,21.22849354,19.55347803,18.55232964
13355,15.92147294,21.54645512,19.34956111,20.87042663,22.3120842
15167,19.23648514,19.65171667,19.34971042,20.83812764,20.92396014
32285,16.61451305,26.61870755,19.35133625,15.64465814,21.77078501
32756,16.61451305,26.61870755,19.35133625,15.64465814,21.77078501
18137,17.85763115,23.13411673,19.35557233,16.74661549,22.9060643
26215,16.41177114,23.31119515,19.35561484,22.31948613,18.60193274
26636,16.41177114,23.31119515,19.35561484,22.31948613,18.60193274
35266,16.39197754,21.48773333,21.22584705,16.70372864,24.19071344
12073,15.80409991,23.77695787,19.35696534,15.70634224,25.35563465
34589,15.77691842,24.05186101,19.36015537,15.9539236,24.85714159
5476,16.80639796,24.11163535,19.36052288,19.44765921,20.2737846
5920,16.80639796,24.11163535,19.36052288,19.44765921,20.2737846
4764,19.25077201,24.45122013,19.36066308,19.49676214,17.44058264
717,16.45110762,21.1172789,21.16002952,20.25952892,21.01205504
39924,16.23747732,24.37325121,19.36096272,19.36198844,20.66632031
4606,16.43284989,25.30607306,19.36102728,17.27531055,21.62473921
22936,21.14812095,20.76217117,19.36236566,18.68292758,20.04441464
21105,18.72238242,18.96446539,19.37077483,15.94443051,26.99794686
24476,18.25245967,21.42990226,19.37178084,16.92196441,24.02389281
15234,20.2055097,20.94027833,19.372161,18.4501012,21.03194977
40947,20.92766453,14.77576834,19.37374593,18.79339982,26.12942139
35364,16.13868097,21.96505764,21.15210767,16.60044463,24.14370908
32352,19.56660926,21.11254649,19.37560376,20.45639948,19.488841
32817,19.56660926,21.11254649,19.37560376,20.45639948,19.488841
29244,18.5994655,21.34336405,19.37953461,21.34008353,19.33755231
33577,19.41026593,24.48720417,19.38217302,17.8439747,18.87638217
36470,18.79936856,24.1680472,19.38392987,18.23788321,19.41077115
5358,17.1943043,40.445814,19.38907511,18.01451409,4.95629249
41345,19.78669864,21.70673573,19.38990973,17.93982092,21.17683498
15628,17.95964093,18.80109071,19.39189314,20.7057912,23.14158402
41130,20.87256369,21.09502173,19.39274001,18.47579006,20.16388451
1804,19.45013653,24.22005856,19.39637669,19.14524924,17.78817898
380,17.50313236,25.59708337,21.06692155,16.76656376,19.06629897
13966,18.18430016,23.08459155,19.39749361,20.00441713,19.32919755
5533,18.01023224,20.11840908,19.40045168,22.07505739,20.39584961
37406,18.21677177,25.61461459,19.40102697,18.41526686,18.35231982
20401,17.85974279,23.26266846,19.40124589,19.05271178,20.42363107
9868,18.94320009,19.40534357,19.4046706,17.19296564,25.0538201
41145,17.45410004,28.44953125,19.40507495,17.00831109,17.68298267
28175,17.20912947,40.39446556,19.40579264,18.03004645,4.960565874
27119,17.79156123,19.82364107,19.40639454,20.93791199,22.04049118
16910,17.07726096,21.56806282,19.40673305,19.13904975,22.80889342
16210,18.87223193,19.62352205,19.40690377,19.18359836,22.91374389
34605,17.0808015,20.20985356,19.4085029,19.12610828,24.17473375
21972,17.76100998,20.02031049,19.40860594,21.60431157,21.20576202
17282,18.12606461,21.93486332,19.40912038,17.43533678,23.09461491
17676,18.12606461,21.93486332,19.40912038,17.43533678,23.09461491
23594,16.12395921,25.70437999,19.41280129,17.38436451,21.374495
37796,18.86442501,24.8525588,19.41283123,25.62235484,11.24783012
11659,16.79259122,28.55885995,19.41605936,17.38146976,17.85101971
23603,15.21416255,33.75316879,19.41686231,24.02212392,7.593682429
8902,19.22118439,19.5699817,19.41752835,17.14284932,24.64845624
1105,18.7869842,25.68680146,19.41875786,19.31604928,16.7914072
35321,17.22892556,21.26877839,20.98783047,17.41883715,23.09562844
3200,19.42340355,20.95745966,19.42287117,17.8129267,22.38333892
6528,15.26770948,24.00138303,19.42305151,16.36379149,24.94406449
19100,15.95645145,21.5065703,19.42343634,15.45011641,27.66342549
7459,20.75505119,21.02842262,19.42404676,18.96705004,19.82542938
6154,20.11698729,21.00498674,19.42510101,20.20524009,19.24768486
36869,16.93992754,27.30923103,19.42536037,16.51407302,19.81140804
5540,18.11572785,25.31553255,19.42993628,22.92022873,14.21857459
30207,18.56717356,25.43282,19.43015179,18.23461451,18.33524013
29843,18.56717356,25.43282,19.43015179,18.23461451,18.33524013
2818,16.55602475,26.77252554,19.43043331,17.39518449,19.84583191
17158,17.26340683,21.74833603,19.4308971,19.74832928,21.80903076
3755,20.08404195,17.22530981,19.43263919,19.82837325,23.42963579
17701,20.54718867,18.81941134,19.433431,18.17710188,23.02286711
30803,21.24373166,18.66693671,19.43446825,18.54261215,22.11225123
3558,16.20069854,24.22572188,19.43619687,17.27536504,22.86201766
13052,18.68285252,20.72776526,19.43711074,17.98694072,23.16533077
40430,17.47774198,21.59274313,19.43987091,20.48484407,21.00479991
14527,17.43517454,23.70741087,19.44422778,16.08902454,23.32416227
28136,17.54770863,20.45075041,19.4458194,20.3837129,22.17200866
28523,17.54770863,20.45075041,19.4458194,20.3837129,22.17200866
21905,18.67542524,19.55416548,19.44678057,15.38307579,26.94055292
20149,22.28591201,19.67188236,19.44817026,17.83856767,20.7554677
20605,22.28591201,19.67188236,19.44817026,17.83856767,20.7554677
13593,18.75500247,21.44802095,19.44932568,17.85884942,22.48880148
22847,18.12083103,21.10502583,19.45280239,18.6841108,22.63722995
8752,19.21451341,20.94585525,19.45406688,17.89341112,22.49215334
26335,17.26720585,23.37230094,19.45468173,17.22030374,22.68550774
26775,17.26720585,23.37230094,19.45468173,17.22030374,22.68550774
686,16.09663167,23.90145942,20.91217212,15.57809688,23.51163992
23349,16.32510579,17.84768012,19.46081145,19.83088784,26.5355148
38539,17.72103495,25.29831071,19.46298645,22.35571621,15.16195168
13614,17.90655189,24.28315161,19.46303255,18.13466776,20.2125962
6173,18.12816558,23.51743036,19.46418761,22.73089704,16.15931941
6508,18.3923491,23.78409873,19.46419619,19.65164836,18.70770761
35945,19.3068785,21.50667819,19.47480391,22.20275095,17.50888845
17220,20.43595982,18.57116516,19.47480704,17.89237368,23.6256943
19443,17.30503232,21.50417724,19.47544445,20.00571463,21.70963135
7091,18.33936114,21.98315438,19.47758777,19.41698949,20.78290723
29817,18.40169575,17.40354078,19.48120024,19.35918268,25.35438054
25443,18.45244323,21.01198381,19.48121675,18.98993188,22.06442434
13766,18.89862109,25.92143842,19.48374196,17.00132244,18.69487608
14182,18.89862109,25.92143842,19.48374196,17.00132244,18.69487608
8982,17.49616938,19.84131839,19.48383672,17.19030432,25.9883712
9826,17.49616938,19.84131839,19.48383672,17.19030432,25.9883712
28209,17.28084328,40.14607762,19.48666038,18.10518119,4.981237524
3691,19.84405244,19.47962572,19.4882998,18.14496288,23.04305915
20237,18.41346358,22.31564668,19.49240949,17.29402612,22.48445413
20676,18.41346358,22.31564668,19.49240949,17.29402612,22.48445413
10243,21.75786878,15.91727725,19.49358371,17.19569118,25.63557908
3824,19.9391205,20.66986233,19.49376224,19.13247411,20.76478083
10767,22.01263027,22.79629132,19.49628835,19.20404832,16.49074174
20987,25.52764785,14.73117355,19.4963917,17.49549897,22.74928793
21389,25.52764785,14.73117355,19.4963917,17.49549897,22.74928793
17803,19.52979755,21.30532974,19.49717006,17.96405576,21.70364688
36341,17.94022111,21.87640882,19.49751302,18.7745281,21.91132896
16632,18.04865653,22.96120476,19.50048137,18.43612214,21.05353521
20328,17.29558052,40.09503373,19.50327876,18.12062143,4.985485562
37099,18.76557906,19.27381874,19.50518807,21.1644213,21.29099284
2977,17.46376142,21.99983854,19.50634985,17.29912752,23.73092267
3351,17.46376142,21.99983854,19.50634985,17.29912752,23.73092267
32188,18.95525738,21.09940298,19.50903415,19.44047586,20.99582963
32672,18.95525738,21.09940298,19.50903415,19.44047586,20.99582963
38299,20.32896914,20.3100008,19.50970844,26.08491324,13.76640838
12137,18.25912576,25.36325574,19.51093724,16.78413444,20.08254682
4699,16.76827238,19.05085488,19.51344736,20.1559056,24.51151978
34351,18.64995811,20.61145998,19.51516872,22.09785536,19.12555785
30549,19.34527132,20.85508779,19.51762301,21.80685991,18.47515798
36603,22.53576569,23.02420516,19.51829619,22.21055977,12.71117319
35766,16.0852521,21.18530129,20.87663729,16.48930471,25.3635046
13742,16.60805121,25.45400558,19.51923662,18.16110183,20.25760477
17139,17.31044789,40.0435391,19.52004388,18.13619801,4.989771113
31271,22.22363049,18.81540548,19.52063722,20.27998544,19.16034137
31742,22.22363049,18.81540548,19.52063722,20.27998544,19.16034137
16607,19.40143475,18.55612458,19.52200357,19.03207366,23.48836344
19915,16.80048293,22.76476868,19.52542926,16.14560534,24.76371378
19606,20.19055553,18.65819712,19.52641317,15.69689745,25.92793673
41288,18.33840968,20.06833921,19.52712644,20.53440641,21.53171826
9392,16.17547432,23.09152581,19.53068138,16.21486534,24.98745314
27441,16.22054989,22.72934366,19.53147813,16.20050563,25.3181227
38706,22.24119546,16.58844781,19.53234528,18.20474307,23.43326838
24568,20.41244327,19.1331514,19.53253418,18.98045668,21.94141447
2947,19.43975376,25.11058195,19.5325807,19.06245874,16.85462484
27740,20.52636793,24.39022632,19.53410448,18.46749429,17.08180698
41067,21.54910878,20.86315651,19.53625476,18.85275945,19.1987205
36840,18.05129713,20.37986479,19.53646405,17.34727232,24.68510171
21177,18.88057742,19.98152987,19.5383895,14.93545999,26.66404322
22162,17.01755527,21.22317044,19.53903471,17.28275005,24.93748954
32074,18.41812536,22.47563954,19.54091519,16.78791793,22.77740198
32554,18.41812536,22.47563954,19.54091519,16.78791793,22.77740198
8110,20.07267593,18.85149397,19.54138977,19.74204333,21.792397
1034,20.90838507,18.56485966,19.54160255,20.82052623,20.1646265
6282,18.85074515,19.56918975,19.54245485,21.62655499,20.41105526
1860,17.56807062,21.40651321,19.54422988,19.8151243,21.66606199
15338,17.42430484,22.28494029,19.54761124,21.31665906,19.42648459
21654,16.91493532,20.98201267,19.5480379,14.16357739,28.39143671
6000,17.97718326,18.51268419,19.54938163,22.38558374,21.57516718
5796,19.52220176,20.27588845,14.39702487,25.02285467,20.78203024
19001,17.62335754,19.9050849,19.55065545,15.47775852,27.44314359
19301,17.62335754,19.9050849,19.55065545,15.47775852,27.44314359
33645,16.06550988,20.88747095,19.55085224,17.81734936,25.67881757
24314,20.82760531,20.0972736,19.55100296,19.61069941,19.91341872
25021,16.71173354,24.23561251,19.55222651,17.38913183,22.11129561
25326,16.71173354,24.23561251,19.55222651,17.38913183,22.11129561
33110,18.55829514,24.74048708,19.55645247,18.27165173,18.87311358
11123,17.46024702,18.75495614,19.55792796,21.11031993,23.11654894
27957,19.15857105,17.42867104,19.56065677,22.08702394,21.76507719
28362,19.15857105,17.42867104,19.56065677,22.08702394,21.76507719
779,17.31220171,26.25537787,20.76586051,18.00591107,17.66064884
6605,16.28245407,22.48613176,19.56158101,16.20315566,25.46667751
7042,16.28245407,22.48613176,19.56158101,16.20315566,25.46667751
2239,18.47713802,22.01499531,19.56318796,19.96790892,19.97676978
15794,21.06685399,18.32848927,19.56520256,19.45653926,21.58291492
40638,16.90229158,27.3938397,19.56729307,19.90828064,16.22829501
5600,21.9450443,17.53938277,19.57443208,16.37034619,24.57079466
20741,18.70098205,25.3112647,19.57662805,20.50090457,15.91022064
7244,21.11925619,24.69998221,19.57874251,18.24766174,16.35435735
7271,19.80065364,18.63690607,19.5787643,19.66321663,22.32045936
11176,17.12209383,22.03372579,19.57971905,16.77272971,24.49173164
23348,20.32036565,15.20985845,19.58168675,14.77312201,30.11496713
14599,15.79228199,23.54074636,19.5817925,21.97313277,19.11204638
15401,15.79228199,23.54074636,19.5817925,21.97313277,19.11204638
38628,21.88257602,18.24634703,19.58356756,17.2319978,23.05551158
780,19.1495446,22.55850322,20.70834021,18.84135794,18.74225404
16161,20.25442638,21.89681908,19.58482042,19.59965777,18.66427635
37922,19.72304428,18.87179739,19.58648415,19.5494869,22.26918729
29683,17.05019785,21.81517336,19.58799349,16.62044233,24.92619297
36048,18.94338387,18.55960028,19.58861898,19.74581838,23.1625785
24421,17.36288702,23.44408928,19.58894267,23.13760581,16.46647522
40065,18.28771405,25.84411638,19.58988159,18.84448086,17.43380712
37895,19.87583881,21.57190011,19.59041668,23.77315421,15.18869018
2565,19.0006878,25.56584643,19.59132936,20.25082318,15.59131323
41433,17.92962506,23.9727055,19.59238464,17.30079268,21.20449212
8844,21.04454263,19.40099258,19.59454817,23.90284073,16.05707589
26192,17.31696877,21.56331544,19.59478574,16.5047881,25.02014195
26610,17.31696877,21.56331544,19.59478574,16.5047881,25.02014195
28249,15.05196303,22.60521789,19.59600889,14.75837354,27.98843666
28659,15.05196303,22.60521789,19.59600889,14.75837354,27.98843666
10218,18.0774265,20.80010844,19.59934337,16.7546223,24.7684994
5560,16.49098913,22.24651852,19.60116219,19.74175807,21.91957208
2734,22.4556152,14.86193022,19.60132665,17.45329857,25.62782937
3155,22.4556152,14.86193022,19.60132665,17.45329857,25.62782937
9126,18.72929051,21.46144544,19.60152834,17.15465868,23.05307703
9547,18.72929051,21.46144544,19.60152834,17.15465868,23.05307703
4770,18.68838337,20.3949163,19.60178821,18.13111233,23.18379978
33949,17.23705567,19.98338768,19.60203199,19.71184633,23.46567833
37645,15.74652349,24.85954681,19.60244225,17.01152384,22.77996361
6068,14.95600151,21.29538946,19.60282892,20.67722903,23.46855108
2337,19.02709816,20.33855047,19.6043421,21.67209159,19.35791768
30349,21.35666754,14.11767252,19.60448695,20.66315304,24.25801995
27689,17.81674736,21.68661589,19.60453544,17.36316487,23.52893645
29971,17.38671582,39.77937755,19.60604704,18.2161041,5.011755493
38389,17.08958289,19.71671241,19.60638028,19.68612815,23.90119626
17049,16.4302345,24.74661057,19.60640533,16.79776418,22.41898542
2335,17.213563,22.78906974,19.60747761,16.65394668,23.73594298
30827,17.80026332,23.44266211,19.60855787,21.41019685,17.73831986
8154,16.24491025,26.51249492,19.61074412,16.69347201,20.93837871
5460,16.44467966,22.04168015,19.61274883,20.38797181,21.51291955
21603,14.23939504,27.70626922,19.61310761,16.32748412,22.113744
19003,20.80918391,18.15287874,19.61472652,16.18537502,25.23783581
19475,21.6779129,21.84128373,19.61483609,19.90477576,16.96119152
29474,17.58793192,21.47686781,19.61873802,17.01568191,24.30078034
19724,16.11255222,23.03985014,19.61907938,19.04406623,22.18445202
4282,18.86415952,26.9196377,19.61935506,20.19647626,14.40037146
28116,19.69440574,16.80989303,19.62036593,16.91946994,26.95586536
28510,19.69440574,16.80989303,19.62036593,16.91946994,26.95586536
24387,17.39353162,23.94079361,19.62186579,16.28225383,22.76155514
20547,19.30786681,21.86684861,19.62351164,19.38758684,19.81418609
37599,17.87840143,25.89581505,19.62448715,18.50218782,18.09910854
18711,17.1462452,25.95394292,19.62451481,16.77976688,20.49553019
9748,18.62631259,27.10323434,19.62454418,18.5413427,16.10456619
29226,19.87020766,19.49378937,19.62846295,22.08452151,18.92301852
29415,16.86128965,24.68978433,19.62933667,18.48758805,20.33200131
35812,18.45668114,20.72826485,19.62952363,20.04735477,21.13817561
10968,15.77005954,19.62514018,19.62956661,19.16921954,25.80601413
11383,15.77005954,19.62514018,19.62956661,19.16921954,25.80601413
5016,21.64472755,15.90243916,19.63052986,17.21290754,25.60939588
8720,18.80582013,14.95762782,19.63127107,18.00917941,28.59610157
7610,20.32612752,20.88939897,19.63258031,21.55830011,17.59359309
27256,17.86077338,23.9015467,19.63782917,18.0691938,20.53065695
35953,19.34889059,21.21842698,19.63849399,17.54340851,22.25077992
18731,16.18422819,25.66793208,19.63852283,17.34932279,21.1599941
21862,20.24231052,24.80284699,19.64438322,20.2848706,15.02558867
32446,25.0738388,17.55204401,19.64587381,18.77701835,18.95122503
32899,25.0738388,17.55204401,19.64587381,18.77701835,18.95122503
22911,17.15931779,23.64269595,19.64911391,17.74856724,21.80030511
1010,19.93549607,24.39811222,19.65043907,17.98581498,18.03013766
35165,16.36926081,30.50493737,20.6172254,19.64319677,12.86537964
14416,20.21275158,20.63165958,19.65221799,18.74306023,20.76031061
894,17.96041068,23.51298637,19.65271898,18.41491082,20.45897315
1326,17.96041068,23.51298637,19.65271898,18.41491082,20.45897315
9632,18.44983054,21.42243581,19.65309227,19.7546556,20.71998577
13634,21.04795204,22.47595752,19.65576593,18.16935712,18.65096739
14350,20.00543683,18.41224954,19.65732097,18.99229876,22.93269391
14792,20.00543683,18.41224954,19.65732097,18.99229876,22.93269391
40045,17.21076582,24.06422475,19.65812617,17.66128402,21.40559925
24816,17.43399911,39.61560714,19.65936582,18.26564293,5.025384998
34358,17.44465904,21.12652387,19.66393345,17.57481864,24.19006499
3539,17.96487536,19.63875388,19.66451543,18.37413236,24.35772298
1278,18.13116266,26.13436568,19.66590737,19.05303262,17.01553166
13017,18.85641119,23.7502796,19.66606559,18.45676229,19.27048134
11303,19.68076488,17.95671276,19.66763015,21.75882162,20.93607058
29622,20.44955081,16.30742868,19.66829851,21.03167408,22.54304791
40067,15.73140681,26.41486424,19.67072345,17.26894097,20.91406453
38122,18.24706811,28.36603452,19.6771462,20.33032501,13.37942616
33143,18.3843958,23.92967772,19.67864294,18.34346547,19.66381806
28198,17.90401195,26.53292949,19.67896255,18.85118485,17.03291116
28599,17.90401195,26.53292949,19.67896255,18.85118485,17.03291116
38939,19.49245791,25.88762755,19.68023872,19.50021429,15.43946153
12785,21.80756564,18.91668676,19.68054791,17.63993902,21.95526067
28871,18.36669728,21.26387599,19.68151157,20.22863859,20.45927657
29889,17.36711687,21.97394381,19.68482251,18.02337006,22.95074675
11993,18.32519098,24.13372818,19.68676188,17.58580164,20.26851731
4231,15.48839721,22.76254447,19.68998941,15.70121972,26.35784919
27302,15.03462198,23.5172584,19.69359868,13.35649611,28.39802484
9165,18.3146296,20.31443929,19.69432543,22.33372609,19.34287959
14354,20.580781,19.86560507,19.69473332,17.9729408,21.88593981
7107,19.83820018,18.55429047,19.69583781,20.65304642,21.25862511
20942,19.80860295,25.21945302,19.69699231,20.27434,15.00061173
11607,17.6660902,23.87145185,19.69784444,17.0980794,21.66653411
3807,16.21503966,21.76267377,19.6992491,21.56952147,20.753516
40409,18.82427445,19.41222731,19.70243079,19.69966865,22.36139881
8029,19.95992078,25.0753955,13.42278303,25.30043415,16.24146655
13340,18.4743153,23.0280944,19.70579716,16.77572971,22.01606343
40682,16.81417779,21.25699687,19.70714702,15.7384996,26.48317871
14428,17.69110314,26.68162835,19.7108706,16.73201192,19.184386
26157,20.83924919,19.85164367,19.71157866,18.7293652,20.86816327
26603,20.83924919,19.85164367,19.71157866,18.7293652,20.86816327
4453,18.14220223,19.97246037,19.71262513,19.32664753,22.84606475
20596,15.92975406,22.76031113,19.71271162,16.47429119,25.122932
26446,17.48240316,39.44795489,19.71394842,18.31635596,5.039337562
32124,18.09896758,23.63721907,19.71583156,18.4792455,20.0687363
32607,18.09896758,23.63721907,19.71583156,18.4792455,20.0687363
2979,16.40490236,21.9865991,19.71712072,19.67908803,22.21228979
15945,18.91582831,23.5777676,19.71745479,18.9346675,18.8542818
27723,17.82183548,27.40939051,19.72513903,20.48750799,14.55612699
38578,17.3326434,25.40477079,19.72627246,26.06672984,11.46958351
24457,18.73478503,20.13769279,19.72720378,22.47914272,18.92117569
17082,20.16029902,22.64061195,19.73238617,20.01992096,17.4467819
13791,15.87050167,21.76036501,19.73489853,20.90787605,21.72635874
40133,15.87050167,21.76036501,19.73489853,20.90787605,21.72635874
38041,22.84294056,14.75575965,19.73580075,16.36841706,26.29708199
27617,16.98709116,21.06510036,19.73810477,17.1320635,25.07764021
30221,17.79469281,21.06740743,19.73904797,18.60862912,22.79022266
10939,19.19839759,25.02422299,19.74008805,20.03486884,16.00242254
11362,19.19839759,25.02422299,19.74008805,20.03486884,16.00242254
39952,20.68033375,20.08887731,19.74739379,15.73028988,23.75310527
1584,15.09299907,26.36479971,19.7487924,16.39579192,22.39761689
31355,20.89135184,16.96619013,19.75465728,17.48782231,24.89997844
31825,20.89135184,16.96619013,19.75465728,17.48782231,24.89997844
24491,16.3779756,29.8802208,19.75519287,20.40846966,13.57814106
19488,17.00203979,21.74456941,19.75891261,16.95952964,24.53494856
38584,16.65846722,27.83624089,19.76064501,20.78962974,14.95501715
41551,15.18331624,27.12917326,19.76085135,18.14124805,19.7854111
22594,16.21590748,24.16914864,19.76406174,18.64484304,21.2060391
24446,18.98929256,23.1538209,19.76522974,19.21083774,18.88081906
26313,16.82821025,23.36753136,19.76560205,18.23658991,21.80206644
26721,16.82821025,23.36753136,19.76560205,18.23658991,21.80206644
244,16.77719749,26.08027388,20.50397194,18.22480881,18.41374787
23642,17.60264131,21.42089901,19.7673604,21.73409659,19.47500269
23441,18.79909073,23.72206043,19.77096479,17.65915234,20.04873171
4421,21.03694357,19.62342782,19.77216664,21.40541811,18.16204385
20688,20.57364925,20.31330815,19.77218823,17.41805343,21.92280094
19970,18.77922194,19.32958736,19.772589,16.10811581,26.01048589
17229,17.29539481,27.24729607,19.77601162,18.49436559,17.18693191
34206,18.66074475,19.47724562,19.77844741,19.02967848,23.05388374
16411,20.7855726,18.34876561,19.77983207,16.2859755,24.79985421
19389,19.36604543,18.30965266,19.78119541,21.42752663,21.11557987
37561,20.19413876,18.58263989,19.78202843,19.49426707,21.94692584
2397,17.01945921,25.43895896,19.78274009,18.01496464,19.74387709
34019,17.90396412,24.76543177,19.78350115,18.75970076,18.78740221
29853,18.76333787,20.81615898,19.78424315,21.35014499,19.28611502
9548,13.91272378,28.67807837,19.7843523,17.27873304,20.34611252
30567,18.70795303,22.28948827,19.78907354,16.6803704,22.53311477
5586,20.57923437,19.59093451,19.78928448,20.48581337,19.55473327
16426,21.0085008,20.20449959,19.79089773,15.32512719,23.67097469
16805,21.0085008,20.20449959,19.79089773,15.32512719,23.67097469
38919,17.62621056,30.34966672,19.79178231,19.02420683,13.20813358
33995,17.14999268,21.95060391,19.79240544,16.58098158,24.52601639
1444,18.10642593,20.21678404,19.79494813,22.34875529,19.53308661
22574,17.26294492,24.14566639,19.79537193,17.48770578,21.30831098
1195,17.59211548,21.26619244,19.7972196,22.10250624,19.24196625
15613,18.05203851,20.31926301,19.7978996,18.51244808,23.31835079
13755,16.12021108,22.92872464,19.79855822,16.55414968,24.59835638
14172,16.12021108,22.92872464,19.79855822,16.55414968,24.59835638
37405,17.3385323,26.07502478,19.7999731,16.41788001,20.3685898
24299,17.57270139,22.42825719,19.80304206,22.21331004,17.98268932
6436,17.31416767,22.62899682,19.80601612,18.1040374,22.14678199
29867,17.56551795,39.16007855,19.80767241,18.40343553,5.063295565
18735,17.56551795,39.16007855,19.80767241,18.40343553,5.063295565
36439,17.4458524,22.02145257,19.80912089,17.301717,23.42185714
17466,18.27368853,20.56038733,19.80933624,18.24088386,23.11570403
26246,21.11653143,19.57052147,19.8098281,21.60576469,17.89735431
26691,21.11653143,19.57052147,19.8098281,21.60576469,17.89735431
30652,19.83906443,19.84641623,19.81001842,22.64134626,17.86315467
651,16.77719749,26.08027388,20.50397194,18.22480881,18.41374787
17121,16.36044383,21.21317502,19.81456318,16.38950068,26.22231729
11416,16.6962192,25.43705022,19.81599778,17.71489956,20.33583323
10779,20.78554156,21.67504789,19.8174178,19.21537827,18.50661447
19381,19.36692888,16.467714,19.81831238,20.55539269,23.79165206
28919,20.62521727,20.48048048,19.8205243,17.87809074,21.19568721
22312,17.28620365,20.02000033,19.8213555,20.57746933,22.2949712
38028,18.66767169,21.43959371,19.82457321,17.49139456,22.57676684
9258,17.72910999,22.22488894,19.82462954,21.28280073,18.9385708
20974,18.06127889,21.48876088,19.82526617,17.13592709,23.48876696
11050,17.58141907,39.10500343,19.82560323,18.42009517,5.067879094
27100,16.50024254,22.92910974,19.82767312,17.1764134,23.5665612
4062,16.37243155,23.1866459,19.82788437,16.86214362,23.75089457
10966,17.94896198,23.10503009,19.83408086,17.07403856,22.03788851
9516,16.72366283,20.40919682,19.84066138,19.46876138,23.5577176
23284,17.24562597,25.67524879,19.84448307,18.44043016,18.79421201
16508,18.66555402,19.47322538,19.84495263,16.32630299,25.68996498
25880,18.11364306,22.2397597,19.84506334,18.00576781,21.79576609
8936,18.28926539,20.94960665,19.84893088,21.08591848,19.8262786
10799,18.66448301,21.22867486,19.85066556,17.07512674,23.18104984
2074,19.18757436,20.546963,19.8524642,20.73835476,19.67464368
37460,17.2932946,21.38302327,19.85534138,20.20415341,21.26418735
12468,17.65534106,25.38219855,19.85549581,20.02999725,17.07696733
8907,19.06580137,18.01538421,19.86166803,20.87021492,22.18693146
35903,18.23188037,24.03379514,19.8623861,19.00370136,18.86823703
27414,17.17206894,19.08541189,19.86240024,19.96594261,23.91417631
27502,16.44625154,22.09650766,19.86349329,17.36648622,24.2272613
3030,20.04318102,25.35600298,19.86441764,19.26859656,15.4678018
27511,18.07765267,22.60469267,19.8668116,16.34451248,23.10633058
3781,17.30349945,21.6296627,19.86940606,17.03566156,24.16177024
26452,18.98470902,20.46298645,19.86955732,22.44628624,18.23646098
26937,18.98470902,20.46298645,19.86955732,22.44628624,18.23646098
7619,20.32291078,21.54858182,19.86996205,18.86835338,19.39019196
17833,19.20723466,19.85626961,19.86999757,17.19971385,23.86678431
30814,16.92732066,21.52642318,19.8728218,15.78176287,25.89167149
20287,16.92004325,26.69024985,19.87553819,17.46496203,19.04920667
13117,19.49101885,25.4823661,19.87803498,19.79573004,15.35285003
5369,18.59889287,20.81244367,19.87806044,22.24082,18.46978302
2679,17.24475658,22.13980086,19.87894274,18.06848505,22.66801476
5398,16.51842424,24.24447013,19.88084157,17.92759774,21.42866633
2404,19.70988176,19.35994496,19.88482973,20.21211259,20.83323096
9446,15.62926648,30.37289318,19.88583725,18.8893903,15.22261279
23545,15.98009168,23.19036802,19.8860846,17.29696891,23.64648679
4567,20.14350021,20.0305665,19.88608538,18.33376559,21.60608233
10600,15.83899777,25.650076,19.88761396,17.25572879,21.36758347
19344,20.86246669,18.77224544,19.88907533,16.69995096,23.77626158
39212,17.85848163,21.44449518,19.88953161,14.15724133,26.65025026
3652,18.71027719,22.85059715,19.88965517,17.83483245,20.71463805
22329,19.65842654,22.7052095,19.89696903,19.27934055,18.46005439
3749,20.88600043,22.29154273,19.89956164,17.50000496,19.42289025
20651,15.17268784,21.33049529,19.89967912,20.29666019,23.30047756
15741,19.15659982,20.9018997,19.90342653,18.23544978,21.80262416
3015,19.72479385,21.17858211,19.90486576,17.8734593,21.31829899
21763,15.55140782,22.58457589,19.90488476,17.27337635,24.68575518
30771,18.26817357,25.79018612,19.90560236,18.5977211,17.43831686
24023,18.16638715,22.75813976,19.90633825,17.70897347,21.46016137
38141,21.573795,18.07951181,19.90669652,18.51251137,21.92748531
9061,22.49212525,15.8792835,19.9071777,20.10644361,21.61496995
3382,16.88445569,28.64176241,19.90946485,21.04732751,13.51698954
14415,21.90187889,18.45436561,19.90947365,18.41080289,21.32347895
36933,18.8820906,20.19580894,19.90948474,21.78769812,19.2249176
13390,18.52542876,23.15854315,19.91091566,18.02602402,20.37908841
28536,24.35827743,16.28045754,19.91485514,15.64147618,23.80493371
21849,17.78628274,21.23250972,19.91710214,19.27800193,21.78610347
11647,16.83413563,19.83832533,19.91966861,19.7858629,23.62200754
8335,19.27463225,21.6816263,19.92088439,18.09980964,21.02304743
5538,17.66917581,38.80104921,19.92456171,18.51203812,5.09317515
40517,17.13007944,24.59352491,19.92489706,17.82295597,20.52854262
21357,13.98640611,26.81183018,19.92862436,17.34339198,21.92974737
2964,18.55721832,17.5711276,19.93149417,20.33826945,23.60189046
21693,18.22282122,23.3154544,19.9340385,18.98525983,19.54242606
21990,22.39582818,18.53280852,19.93450549,17.927998,21.20885981
39446,16.86385894,23.27842575,19.93562153,17.54259917,22.3794946
14421,19.87759452,20.56284616,19.936083,18.21563867,21.40783764
36409,17.34693757,20.81650258,19.93656369,18.51839916,23.38159699
24164,18.47643089,23.21217152,19.93805834,18.43354941,19.93978984
7656,19.62269346,24.0620107,19.93869403,21.46835546,14.90824636
23045,17.98135742,25.04576242,19.93910456,18.46805008,18.56572552
23483,17.98135742,25.04576242,19.93910456,18.46805008,18.56572552
2039,17.30451189,24.51093287,19.93953899,18.41576098,19.82925527
33069,15.89054525,21.90066373,19.94477544,18.21611188,24.0479037
39437,21.18607756,20.47434838,19.94709125,22.64151126,15.75097155
39717,17.33531761,23.47875834,19.94808883,16.30870324,22.92913198
39843,18.18657307,21.14198085,19.94992848,17.77015847,22.95135912
2756,20.61849138,20.96881531,19.95054259,16.76741374,21.69473698
30987,17.70352013,38.68209425,19.96328991,18.54802074,5.103074968
26199,17.70465339,38.6781691,19.96456782,18.54920806,5.103401631
913,20.05732914,19.8965797,19.96592598,18.40702253,21.67314264
4817,18.50984001,20.73193589,19.96705507,19.09110812,21.70006091
38323,18.29973034,23.97321626,19.9702006,17.84106437,19.91578843
20107,16.30166726,22.84602814,19.9725982,18.07519994,22.80450646
20567,16.30166726,22.84602814,19.9725982,18.07519994,22.80450646
17041,18.67617718,21.36304567,19.97489499,15.4990857,24.48679646
30403,17.58226394,19.2311966,19.97588794,20.55755394,22.65309757
15228,22.53898473,21.20654752,19.97646669,17.16221238,19.11578867
3578,17.12485196,19.94708028,19.97772316,19.29040542,23.65993918
39944,18.07081273,20.63622033,19.97843092,15.06491118,26.24962484
29051,15.30374344,20.18780165,19.97883913,14.70781117,29.82180461
1253,19.81237999,20.9769582,19.97958406,22.52056069,16.71051706
1669,19.81237999,20.9769582,19.97958406,22.52056069,16.71051706
39468,17.81191007,25.72272225,19.97984777,18.90851929,17.57700062
17022,15.64909545,25.33874918,19.98145455,17.78856324,21.24213758
17411,15.64909545,25.33874918,19.98145455,17.78856324,21.24213758
40056,13.74770876,21.49309748,19.98428158,14.81570862,29.95920356
39457,20.83667615,20.06877793,19.98523723,23.10742776,16.00188094
22368,20.38077254,20.3875324,19.99425824,16.58381736,22.65361947
19831,19.61591743,23.26203756,20.00091754,16.87203804,20.24908944
35109,18.22744957,22.31946805,20.43640813,17.74456784,21.27210641
19741,15.9871667,24.09709199,20.00298631,17.04407203,22.86868296
39111,19.108057,21.80420568,20.00385302,17.82837549,21.25550881
178,16.73711141,27.85241497,20.38771219,15.4535043,19.56925713
22288,22.38812762,16.7117152,20.00502515,16.94513738,23.94999466
1231,20.38831393,19.83656989,20.00662561,14.89157142,24.87691914
7129,22.02540453,20.30136692,20.00793402,19.63860982,18.0266847
41672,19.23235911,23.46850546,20.01091149,18.67179225,18.61643169
27438,16.52381174,23.15361835,20.01148697,17.42461618,22.88646676
24183,18.42682111,25.60450671,20.01592299,16.94621569,19.0065335
8222,23.25842743,14.985916,20.01757274,16.49157295,25.24651088
31019,17.62538735,24.96198504,20.01780319,19.28915816,18.10566625
30049,17.47669133,21.13118634,20.01940573,17.11615883,24.25655778
22031,16.54046732,21.18042501,20.02263648,16.57830762,25.67816356
32266,17.84468112,23.61124319,20.02659512,18.38718418,20.13029639
32746,17.84468112,23.61124319,20.02659512,18.38718418,20.13029639
40364,16.81689432,21.01684681,20.02687105,21.69265453,20.4467333
26495,19.05316175,19.5033802,20.02828809,18.57259738,22.84257258
26876,19.05316175,19.5033802,20.02828809,18.57259738,22.84257258
23744,17.31644822,21.18943534,20.02833022,22.2586061,19.20718012
27973,16.7427228,22.19303125,20.03035428,17.69438674,23.33950494
28387,16.7427228,22.19303125,20.03035428,17.69438674,23.33950494
13963,15.73884029,22.82239394,20.03175335,15.13231719,26.27469523
29283,20.18453427,17.50210694,20.03601206,20.96299691,21.31434982
26134,21.48197765,16.97646749,20.03918871,20.33935902,21.16300712
26585,21.48197765,16.97646749,20.03918871,20.33935902,21.16300712
27024,18.69857614,22.36345299,20.03996478,19.80164826,19.09635784
37978,18.19296606,25.37199465,20.04018581,20.40845825,15.98639523
27113,19.33829881,19.6410594,20.04142724,17.30999137,23.66922318
4981,17.7894736,23.52001157,20.04352084,17.47047781,21.17651618
16941,20.97028411,21.8564848,20.04373409,19.78474508,17.34475193
17893,18.46086329,24.92333468,20.0453723,17.89926286,18.67116687
7659,17.06167266,20.93768307,20.05048432,21.5551987,20.39496125
4394,16.75994448,20.88965537,20.05120713,17.25927446,25.03991856
30161,15.90914576,24.13907127,20.05121682,17.27890138,22.62166477
35544,17.47639199,23.16745983,20.33752016,17.51005674,21.50857128
37972,16.08548305,26.38708543,20.05279656,16.31352809,21.16110687
32095,19.40754046,22.22199998,20.05408493,19.01264553,19.30372911
32579,19.40754046,22.22199998,20.05408493,19.01264553,19.30372911
40857,19.5587756,22.86951033,20.05524288,19.42047688,18.0959943
31792,20.17294292,19.83919512,20.05675794,19.28017845,20.65092556
9329,19.92956483,15.89085632,20.05808547,20.72989235,23.39160103
20997,17.21215028,18.37294969,20.06000703,18.25821021,26.09668279
989,21.6542233,20.36013834,20.06182923,18.89349489,19.03031424
20934,17.46405754,23.27916753,20.0619481,18.33431144,20.86051539
15919,16.7026702,23.18529,20.06238239,16.4560542,23.59360321
9563,15.75126173,21.67048176,20.06508275,20.96313377,21.55003999
7133,20.22328482,20.37543789,20.06632069,18.26007825,21.07487834
16083,17.39288804,20.81909717,20.06671852,17.37906728,24.34222899
22445,16.24520765,20.61985727,20.0681421,21.01120376,22.05558922
17889,15.24885279,23.07647172,20.0689279,16.12469917,25.48104842
1501,18.63588676,17.7120145,20.06911654,19.51877348,24.06420871
16039,16.61368325,22.94828128,20.0696422,17.63478401,22.73360925
1822,17.25882488,21.44217952,20.07654729,18.03443872,23.18800959
35939,17.18837883,24.69323716,20.0782125,17.33244561,20.7077259
9402,16.17680436,23.9986655,20.07824788,16.47894151,23.26734075
37595,18.60812787,21.76367251,20.07864727,17.19560241,22.35394994
11414,21.1119157,24.27688702,20.07901272,17.75294654,16.77923801
2684,21.54261455,17.72241281,20.07910567,18.61508557,22.0407814
40695,17.53945226,21.42449377,20.08315032,15.77903229,25.17387136
39145,17.25150159,22.64141177,20.08444578,17.79441955,22.22822131
14746,17.21022493,23.19583983,20.08544091,18.88555975,20.62293457
16534,15.71519509,23.12235951,20.0857949,14.06353327,27.01311723
15645,20.20391396,17.8414492,20.09078527,20.97897602,20.88487553
8486,20.2164211,19.37528592,16.15836463,23.83658001,20.41334833
33649,18.01951996,20.71502408,20.09546987,16.34118862,24.82879747
12652,20.04706703,16.56786271,20.0961165,20.1212511,23.16770265
13829,18.44452871,23.73583376,20.09740966,18.98765946,18.73456841
14277,18.44452871,23.73583376,20.09740966,18.98765946,18.73456841
17524,16.46591641,22.90995961,20.09861088,17.1277586,23.3977545
14086,16.94480088,24.706298,20.0999538,16.76297886,21.48596846
8389,16.48382624,28.44075268,20.10085077,18.88360763,16.09096268
8821,16.48382624,28.44075268,20.10085077,18.88360763,16.09096268
35585,20.80612562,19.76393566,20.25391846,16.9964832,22.17953705
10325,19.90662185,18.74448471,20.10312503,18.32682714,22.91894127
24168,15.38172957,22.79835844,20.10337895,19.26824265,22.44829039
333,19.03295115,25.80416712,18.82610622,19.74620864,16.59056687
7473,20.23702372,19.21947685,20.10515269,18.13665913,22.30168762
40467,18.14700577,23.18049955,20.10733983,18.04527623,20.51987862
31241,18.66349641,18.81547051,20.10765988,22.40894662,20.00442657
31719,18.66349641,18.81547051,20.10765988,22.40894662,20.00442657
14476,15.69782376,22.89302395,20.10770553,18.97497684,22.32646992
33779,16.02981917,22.19005403,20.11016249,14.93831544,26.73164887
7416,17.28168774,24.28990785,20.11023191,18.44857141,19.86960108
22583,18.64228421,17.87735811,20.11308886,14.09297706,29.27429177
10748,17.80061471,20.8673402,20.11443658,19.85674782,21.36086069
27358,17.16863365,22.99074493,20.11890878,15.55459877,24.16711388
34356,17.3133806,20.57750475,20.12434266,16.79167374,25.19309825
36797,18.9772945,21.70765988,20.12782181,17.87919484,21.30802897
18595,17.32212245,21.3728627,20.12968671,17.16632305,24.00900509
8346,19.95519682,14.14296467,20.13014959,17.19319733,28.57849159
2215,17.6506969,18.70426928,20.13059722,20.85720819,22.65722841
23876,17.94872572,19.32075932,20.13080047,22.13898109,20.4607334
36196,15.92630582,24.85101599,20.13081081,15.87187473,23.21999264
19870,14.40274098,38.16327866,20.13177402,21.43866524,5.863541099
9023,17.12329022,21.04741265,20.13414895,15.32298688,26.3721613
9832,21.2888917,18.89758312,20.13660258,16.64998,23.02694261
5818,18.92868667,22.80099988,20.1370011,16.57023752,21.56307484
13216,16.58173104,20.63342635,20.13826397,18.11241734,24.53416131
40466,15.51439503,22.95000243,20.13872458,19.52426409,21.87261387
14548,16.32639396,20.08071008,20.13881523,18.78293628,24.67114444
30672,22.31538879,18.50991489,20.13941674,19.41411688,19.6211627
19733,15.74131632,27.38157636,20.1431951,18.17176616,18.56214606
19825,16.34589303,23.10191485,20.14651909,15.73683825,24.66883479
11871,16.31984488,23.0776048,20.14683181,17.03086808,23.42485043
12255,16.31984488,23.0776048,20.14683181,17.03086808,23.42485043
34088,14.99417905,22.85089621,20.14702972,16.32301694,25.68487807
14867,16.06943112,24.08011449,20.1525285,17.55596198,22.1419639
33417,16.96809866,23.55117062,20.15400541,17.33166097,21.99506434
6453,17.73414058,21.3577763,20.15405764,22.05977287,18.69425261
30146,19.12297918,20.42468913,20.1543685,18.94717586,21.35078734
24398,23.61876878,17.20508368,20.15833439,17.30336421,21.71444894
37090,17.425894,14.97831117,20.15848052,10.47661943,36.96069488
38895,17.48945173,21.01920074,20.1661626,16.91862538,24.40655955
31017,18.42545636,19.1710143,20.16848413,20.8750887,21.35995652
36218,19.59060508,23.16380364,20.16858895,18.02863299,19.04836935
35819,19.12446649,20.6672863,20.16860117,17.35430106,22.68534498
8671,21.78775615,17.63102424,20.16905395,17.06031347,23.35185219
38524,16.82322792,25.90108425,20.17357402,18.61700666,18.48510714
732,19.92863109,24.18679516,18.19290724,19.36757106,18.32409545
19478,18.58558803,16.5723299,20.17615408,18.66429153,26.00163646
24019,18.13980702,21.68195662,20.18151027,16.76107897,23.23564713
14340,20.38495232,19.75068906,20.18468619,17.9531304,21.72654203
11005,16.62864445,23.71603352,20.18545777,17.34499059,22.12487368
6996,17.89224006,17.77510749,20.18859751,14.85365423,29.29040071
18556,20.61081216,17.16084118,20.19180171,20.44589711,21.59064784
12505,17.91313208,21.2937494,20.19244991,19.53184915,21.06881944
18565,19.14166554,22.24156705,20.19271622,19.37334563,19.05070555
27994,17.9076949,37.97491457,20.19352662,18.76193515,5.161928754
10787,17.16660568,22.68384528,20.19406279,17.53236413,22.42312211
10120,16.60740987,24.69864405,20.19437003,17.41053952,21.08903652
8262,18.61948971,22.8253713,20.19467515,16.87006111,21.49040272
17146,15.31002569,20.28831746,20.20187869,12.55639195,31.64338621
27796,16.91202334,24.18782133,20.20227864,19.26413491,19.43374179
22761,18.45776157,24.97038864,20.202401,18.54891593,17.82053286
11957,20.68003613,22.57645509,20.20265013,20.27276688,16.26809177
35491,18.54581527,20.36049221,20.10449578,21.27019135,19.71900539
17497,16.12440405,22.33858182,20.21137467,16.30998348,25.01565599
20395,19.95509464,17.07348839,20.21718534,20.87306482,21.88116681
6566,14.48198419,24.8913866,20.21985048,16.3297071,24.07707162
6963,14.48198419,24.8913866,20.21985048,16.3297071,24.07707162
17212,18.94018915,20.1196445,20.21992451,17.09892293,23.62131892
40110,17.66880937,22.49947374,20.22281078,17.65027782,21.95862829
11377,17.76673793,24.07641621,20.22344544,17.3572974,20.57610301
37642,16.85466026,19.56103808,20.2241148,17.56589524,25.79429162
38726,17.58521227,21.49477035,20.2249927,13.57599987,27.11902481
9817,17.33533351,20.90396329,20.22699655,16.44896284,25.0847438
40697,15.55892893,22.44251691,20.22757237,15.36679519,26.4041866
40343,18.06298112,20.97619155,20.22922197,15.47164677,25.25995859
8710,22.09880999,18.73461115,20.229614,19.391597,19.54536786
19764,17.77481436,19.8251206,20.23046815,19.38030298,22.7892939
32205,17.54379383,22.33537828,20.2328895,17.62527995,22.26265844
32683,17.54379383,22.33537828,20.2328895,17.62527995,22.26265844
27520,17.91846597,22.14538167,20.23346371,18.44406026,21.25862839
18879,17.94477526,37.84648307,20.23534011,18.80078433,5.172617241
26142,19.94051377,16.59464604,20.23691386,19.60825982,23.61966652
26573,19.94051377,16.59464604,20.23691386,19.60825982,23.61966652
10879,18.92505552,24.40076387,20.24004455,19.54665421,16.88748185
11318,18.92505552,24.40076387,20.24004455,19.54665421,16.88748185
14508,17.50452478,22.27813863,20.24050256,17.96444327,22.01239075
5989,17.607764,20.31418418,20.24250354,19.54530901,22.29023927
20392,18.43190762,17.28255246,20.24519361,21.67245991,22.3678864
12270,16.12408149,19.69916353,20.24520069,13.1162117,30.81534259
21278,18.96701326,21.51052943,20.24967238,17.06306129,22.20972365
35231,17.18164703,26.33073172,20.10301283,17.8555811,18.52902732
38346,17.86582788,23.8647171,20.25448103,18.69820437,19.31676962
40875,17.65345918,21.56872512,20.2561566,18.52852855,21.99313054
34529,17.04727041,22.15307704,20.25905591,18.06885601,22.47174063
1897,15.64368164,22.75505483,20.25971506,19.56031494,21.78123352
37019,13.83187837,27.48970587,20.26143566,14.8331701,23.58380999
14343,17.99441263,20.22165867,20.26333935,20.12512537,21.39546398
14791,17.99441263,20.22165867,20.26333935,20.12512537,21.39546398
11241,16.18875769,23.45637913,20.2660796,18.61815683,21.47062676
41317,17.45896839,23.55331998,20.27193501,19.19239084,19.52338578
18978,18.66065857,19.86629294,20.27252014,22.19516812,19.00536023
19264,18.66065857,19.86629294,20.27252014,22.19516812,19.00536023
21513,15.64104868,22.65639445,20.27552329,17.0924077,24.33462587
38499,18.83121925,24.30278183,20.27552669,20.7591852,15.83128703
39387,19.25682274,18.93352883,20.27591146,17.57444509,23.95929189
7370,17.21467663,19.5031727,20.27594682,14.6134413,28.39276254
22778,22.16796478,18.99497332,20.27604284,19.45076091,19.11025815
40775,17.18731942,19.69592113,20.27880095,21.19656174,21.64139676
8931,21.77658101,15.12947878,20.27890695,16.91117498,25.90385828
17013,15.56557401,25.59522482,20.27946818,16.89589041,21.66384257
40000,20.35890153,18.46742072,20.28058299,21.1513302,19.74176457
21182,20.18027553,17.64018742,20.28069938,16.12253014,25.77630753
5247,17.50947113,21.43145937,20.28341323,17.25759516,23.51806111
10247,18.69749782,19.17923504,20.28380184,18.07801328,23.76145202
37571,14.46282319,26.31550327,20.28574166,26.32270783,12.61322405
5196,18.40865482,29.41016459,20.28849097,22.46087198,9.43181764
32302,18.96342793,24.64501702,20.29557811,20.28950838,15.80646857
32768,18.96342793,24.64501702,20.29557811,20.28950838,15.80646857
35147,17.358787,27.28921002,20.09323802,19.28620666,15.97255831
26387,19.642884,24.72844156,20.300143,21.46599748,13.86253396
26805,19.642884,24.72844156,20.300143,21.46599748,13.86253396
4157,18.32702202,15.35474781,20.30021907,20.57757461,25.4404365
14493,19.67534596,19.66410403,20.30140836,17.6721884,22.68695325
6683,16.27567688,26.22329379,20.30775695,17.18929382,20.00397857
8680,21.00330828,15.84725367,20.30910172,20.85536511,21.98497122
38376,15.87850257,31.38654415,20.31203291,19.28509841,13.13782195
37183,18.68081923,18.05046138,20.31389139,18.98102754,23.97380045
29128,18.37477754,18.27916698,20.31864235,20.20915083,22.8182623
2135,21.20407142,19.71267771,20.32164911,18.5277812,20.23382055
37102,19.37518125,24.51367573,20.32258215,17.06554897,18.7230119
28876,17.93721195,20.23136501,20.3235563,17.73930861,23.76855812
25605,22.5813001,14.94421869,20.32745464,14.97708668,27.1699399
41657,16.7430084,24.6329713,20.33019987,19.69509594,18.5987245
29931,20.70616595,13.76376827,20.33284086,16.50150525,28.69571967
6867,17.51267867,21.35185992,20.33326421,22.01459286,18.78760434
37076,14.5034921,23.35462604,20.33342062,15.58509834,26.22336291
36322,21.14512944,17.95993488,20.33569826,18.54715564,22.01208178
19809,14.85230886,28.85975736,20.33622169,17.54197563,18.40973646
189,16.84144217,26.47432475,20.05183228,17.77575287,18.85664794
6642,18.04856307,20.12426208,20.3406681,18.87527276,22.611234
30758,20.6520748,19.25386422,20.34076232,19.49943312,20.25386554
7881,17.86330245,22.55006231,20.34086164,15.8856387,23.36013489
39210,14.63649439,20.76595602,20.34112334,10.84977238,33.40665387
23389,18.83153529,20.09241378,20.34119381,21.23052284,19.50433429
4093,16.16573307,20.57633188,20.34315549,17.4988902,25.41588936
19708,19.20028759,21.40983387,20.34682822,17.63839319,21.40465712
1953,16.32824487,27.48110224,20.34715721,17.31642533,18.52707034
6365,17.34622559,24.44902919,20.34886805,17.65424217,20.201635
33611,20.51030488,18.462918,20.34957768,17.56121115,23.11598829
15070,18.87612271,19.77701995,20.35098465,15.67972985,25.31614285
6857,15.88627252,22.88977068,20.35291099,16.56107356,24.30997225
23712,19.67954864,22.55275904,20.35303797,18.64084496,18.77380939
15275,18.43500424,23.75504782,20.35413125,21.87654732,15.57926938
4407,17.74517851,19.74689255,20.35488811,18.50107019,23.65197065
16333,17.06116443,25.29327946,20.35630113,16.98846988,20.3007851
16733,17.06116443,25.29327946,20.35630113,16.98846988,20.3007851
21254,16.34000264,25.77041644,20.35729,17.32862462,20.20366629
14570,15.2052259,21.06176046,20.35881274,19.62056498,23.75363592
14928,15.2052259,21.06176046,20.35881274,19.62056498,23.75363592
22814,22.08013243,19.60601607,20.35917428,18.78566743,19.16900978
5848,20.84174777,16.77320573,20.3604357,18.71178917,23.31282164
18629,20.59960661,20.53527924,20.36735635,17.78518544,20.71257236
18444,20.1937208,12.12612958,20.3689758,20.27717328,27.03400054
40461,16.03187937,23.4541852,20.37218385,17.56685955,22.57489204
34493,18.98119073,19.0873607,20.37238574,17.96850323,23.59055959
31436,16.712054,19.13689662,20.37274712,17.61129063,26.16701162
31906,16.712054,19.13689662,20.37274712,17.61129063,26.16701162
11817,17.06984879,21.15469487,20.37320295,17.03483351,24.36741988
12188,17.06984879,21.15469487,20.37320295,17.03483351,24.36741988
16062,19.82389517,20.3378817,20.3744755,18.91983264,20.543915
22579,16.69256375,23.03202657,20.37583472,17.56286969,22.33670527
8344,21.7887596,18.98128652,20.38000222,18.5799427,20.27000896
23399,18.3682819,19.69847585,20.38197215,15.9822432,25.5690269
14601,18.53983161,18.84770299,20.3824214,20.61440596,21.61563804
14958,18.53983161,18.84770299,20.3824214,20.61440596,21.61563804
15145,18.17366721,21.27471666,20.38710644,18.1913358,21.9731739
33978,19.29230088,22.48576652,20.38723613,21.42381369,16.41088278
34997,19.28407677,21.29433681,20.00442117,17.05436134,22.3628039
29864,18.08196874,37.37129979,20.39004567,18.94452226,5.212163533
22262,16.37661015,21.0559642,20.3926764,16.28187989,25.89286936
2969,19.40775699,20.90456107,20.39336116,18.05767877,21.236642
2874,19.99737941,21.77118698,20.39349266,22.55284382,15.28509714
16579,16.56133158,26.7852112,20.39927242,17.49166321,18.76252159
5551,17.54636654,24.30386063,20.40605582,18.47835838,19.26535862
5984,17.54636654,24.30386063,20.40605582,18.47835838,19.26535862
9747,20.90775822,20.71676576,20.4074523,21.04617766,16.92184606
32067,16.49801682,21.18441798,20.41216138,17.39737679,24.50802702
32563,16.49801682,21.18441798,20.41216138,17.39737679,24.50802702
11822,24.18129841,15.85207891,20.41286811,17.65956207,21.8941925
12182,24.18129841,15.85207891,20.41286811,17.65956207,21.8941925
1615,18.0033449,19.35014451,20.41358947,20.66778265,21.56513848
13277,17.92346855,18.96508285,20.41576526,18.86368004,23.83200331
24442,16.4288506,24.24502956,20.41667515,16.44185413,22.46759057
15370,16.77008251,22.23869738,20.41841655,19.75883854,20.81396503
38812,22.2954877,16.16981659,20.42150575,18.70765185,22.40553811
12513,18.36221305,22.97014765,20.42937651,17.49512502,20.74313777
5513,15.92493001,23.83128652,20.43089405,17.35749703,22.45539238
6410,19.55491151,16.15596068,20.43118859,21.62325731,22.23468191
929,18.55966969,20.72265368,20.43138457,20.4823821,19.80390996
1359,18.55966969,20.72265368,20.43138457,20.4823821,19.80390996
24619,18.12204587,37.23248866,20.43523846,18.98651117,5.223715846
7587,18.26677228,18.95285154,20.43565424,18.26074088,24.08398105
487,17.16972401,23.40823964,20.00289243,16.10358955,23.31555437
11944,18.07673166,23.24721729,20.4402989,16.14467354,22.0910786
12416,18.07673166,23.24721729,20.4402989,16.14467354,22.0910786
14366,18.42848236,18.84291364,20.44182038,19.76758728,22.51919635
33470,16.57548504,21.86590033,20.44234976,17.1049047,24.01136017
33155,21.33086304,18.34881512,20.44304428,23.04276881,16.83450875
33603,21.33086304,18.34881512,20.44304428,23.04276881,16.83450875
6099,19.20326326,10.85543619,20.44307428,17.78644494,31.71178133
1521,21.09761259,22.60238534,20.44485994,19.98582543,15.8693167
22124,16.33441486,21.32101217,20.44663574,17.78970721,24.10823003
6284,18.50537364,23.2935803,20.44820686,18.85050569,18.90233351
30743,16.71095297,22.031792,20.4488392,16.96188983,23.846526
18531,18.46657005,25.28418924,20.44977095,19.36062005,16.43884971
22330,15.70312013,26.73894466,20.45028766,19.44118192,17.66646564
10921,15.92599774,23.54805,20.45343605,15.36834462,24.70417159
31316,17.33765707,21.63183986,20.45357207,18.09134313,22.48558787
22370,16.48367733,21.50967406,20.45376539,17.04799063,24.50489259
2729,21.3419295,18.50139263,20.45591739,18.67576894,21.02499154
3148,21.3419295,18.50139263,20.45591739,18.67576894,21.02499154
17689,16.5012227,24.54315039,20.45699489,16.31860439,22.18002763
37431,18.9605184,23.87572525,20.45793809,19.05448264,17.65133562
21204,21.2256198,18.02199115,20.45928549,15.35013402,24.94296953
38447,15.66377177,25.37876058,20.45939683,15.60133726,22.89673357
3115,17.5489936,21.94202328,20.46174059,17.81126095,22.23598158
31059,19.06905193,17.91003647,20.46638332,18.74899731,23.80553096
31543,19.06905193,17.91003647,20.46638332,18.74899731,23.80553096
38177,17.63122858,23.84815619,20.46997833,17.14455998,20.90607692
15684,16.69403459,22.14165506,20.47013321,19.20674638,21.48743076
19398,17.995761,19.48043755,20.47460222,18.93335646,23.11584277
36928,21.24271638,16.82097496,20.47524728,20.45701326,21.00404813
26160,19.50425993,20.04703393,20.47756698,19.49319854,20.47794063
26600,19.50425993,20.04703393,20.47756698,19.49319854,20.47794063
38334,20.12613147,19.97030001,20.47856532,18.18380283,21.24120036
18470,18.78710801,22.70830309,20.48184379,17.60223244,20.42051268
18947,18.16379051,37.08790194,20.4823116,19.03024713,5.235748822
34339,20.44048745,16.67066786,20.48339087,17.51703164,24.88842218
6261,18.07573802,21.4324274,20.48426307,16.94571105,23.06186045
22831,16.27781618,20.82082055,20.48517237,14.70889046,27.70730044
29299,20.52839482,17.52161574,20.48731078,18.44448724,23.01819142
39586,18.07807928,20.5720656,20.48801964,14.64543278,26.2164027
16206,19.06510575,19.13297495,20.48888253,16.78290585,24.53013093
40767,16.64039402,20.5361795,20.48913427,22.13572669,20.19856552
3895,18.57837009,23.40668925,20.49045235,19.15766009,18.36682822
2090,16.44104458,24.66271677,20.49106125,16.83544459,21.56973281
1905,18.0595646,21.92660198,20.49194992,20.80267491,18.71920859
29166,19.47650766,22.34033792,20.49288442,22.27458544,15.41568455
12498,17.58365526,24.37603259,20.49363692,24.6804359,12.86623933
4684,19.22991051,19.65635163,20.49522211,18.33320344,22.2853123
20927,17.44241752,21.67073063,20.49579213,17.23306977,23.15798996
14882,16.76092511,20.63383315,20.499059,17.9591748,24.14700794
20900,15.64904574,25.65630412,20.49980661,17.6432405,20.55160304
32384,18.04805029,23.8700295,20.50128416,19.3952126,18.18542345
32844,18.04805029,23.8700295,20.50128416,19.3952126,18.18542345
31274,21.63814382,22.63030629,20.50157752,17.95504326,17.2749291
31750,21.63814382,22.63030629,20.50157752,17.95504326,17.2749291
29069,18.70049042,19.4602842,20.50160096,17.67933255,23.65829186
35718,15.84831865,24.64324081,19.81350191,16.33774915,23.35718948
35460,17.72387184,21.34671331,19.76676277,16.00255254,25.16009953
33943,21.60680864,20.31147106,20.50960819,18.40448814,19.16762398
3707,19.91029077,17.22277317,20.51170953,16.56809988,25.78712666
1617,16.5713494,27.2096824,20.5133705,18.25181419,17.45378351
27398,18.17605407,23.79822538,20.51353243,18.17171449,19.34047363
8897,19.15858095,21.58324739,20.51610755,22.96638253,15.77568158
32311,19.66947928,19.62450434,20.51893495,17.55948242,22.627599
32766,19.66947928,19.62450434,20.51893495,17.55948242,22.627599
27391,18.28733644,22.00052237,20.52178182,20.11567439,19.07468499
21819,17.05002551,21.10195715,20.52395151,20.42248877,20.90157706
33905,20.60410728,21.00938731,20.52526667,17.79949753,20.06174122
3380,19.52312777,22.834907,20.52601709,17.99567192,19.12027622
16906,18.20332404,36.95097362,20.5268914,19.0716665,5.247144441
37612,21.75187574,22.66904802,20.53168395,19.76875707,15.27863522
10666,20.91668413,19.60517378,20.5370563,17.48809281,21.45299297
11148,20.91668413,19.60517378,20.5370563,17.48809281,21.45299297
12796,16.98022719,21.24161154,20.53782838,17.18046301,24.05986988
4299,18.5116531,23.42118509,20.53956794,19.17114727,18.35644659
12881,18.99392002,23.95572328,20.54032074,20.54167232,15.96836364
14075,21.81125305,20.17717482,20.54372836,16.6735228,20.79432097
33508,17.1644901,19.51180011,20.54541619,13.23631827,29.54197533
7013,17.76712874,20.9160815,20.54614364,15.35594475,25.41470137
21241,17.03685522,25.48204479,20.54672053,14.71637126,22.2180082
11027,18.75984427,23.12951877,20.5471633,19.0457175,18.51775617
20413,17.85688582,20.41170811,20.54852762,18.86015654,22.32272191
30040,19.661137,17.18850779,20.54858983,20.92617017,21.67559521
27510,19.49645726,21.33979712,20.54977041,18.3645066,20.2494686
27984,18.22517987,36.87527378,20.55153702,19.09456491,5.253444427
38318,18.4354556,19.28271388,20.55519822,20.0550132,21.6716191
12955,16.60462956,18.51834457,20.55567964,19.15819261,25.16315362
24211,17.23538521,20.9206423,20.55720616,19.76463165,21.52213467
26476,20.63736921,19.72756503,20.56074571,18.42299472,20.65132534
26948,20.63736921,19.72756503,20.56074571,18.42299472,20.65132534
39302,17.96273215,20.55534555,20.56397892,16.83136759,24.08657579
6828,16.8301429,26.11776418,20.56503083,18.03980648,18.4472556
19004,23.51349376,15.73312135,20.56570649,21.6685435,18.51913491
19285,23.51349376,15.73312135,20.56570649,21.6685435,18.51913491
8557,20.00420256,19.45923195,20.57645553,18.41858567,21.54152429
5807,21.06004421,16.5518867,20.57665745,18.99540648,22.81600516
5001,19.60329211,19.32789979,20.57672317,18.52947376,21.96261117
27672,13.83926231,29.34817791,20.58543429,18.67412904,17.55299644
34294,17.09206313,22.15391119,20.58618454,16.92510218,23.24273896
943,17.07655998,20.91563193,20.58701239,17.73986917,23.68092653
41429,18.95981111,20.33813129,20.58762798,16.66511466,23.44931496
1656,20.58860652,18.40297841,20.58869965,15.18618175,25.23353367
34028,17.41743888,20.6053683,20.59072048,21.38566975,20.00080259
9005,19.29567336,16.58309943,20.59214783,22.00070188,21.5283775
21574,19.49175756,17.3103275,20.59756543,15.61040915,26.98994037
40587,17.33933171,21.85423977,20.60101617,16.56318123,23.64223111
37669,19.08454515,19.44130048,20.61515255,17.91842491,22.94057691
388,16.02350431,19.60219303,19.6520922,15.94973024,28.77248021
9543,19.01484475,19.05189203,20.61791339,17.87549391,23.43985592
7762,18.39925687,20.60405195,20.61940846,21.11234174,19.26494097
22709,17.32769832,23.54039099,20.62024738,17.55264928,20.95901404
23671,17.32769832,23.54039099,20.62024738,17.55264928,20.95901404
41149,19.74731966,25.38353124,20.6250673,20.46569321,13.7783886
23104,18.84506359,22.20347103,20.6259034,18.6584995,19.66706248
21894,19.08121508,19.39958732,20.62600367,20.08447461,20.80871933
6778,17.19074337,21.93491202,20.62637117,17.19600554,23.0519679
7160,17.80306277,17.83794629,20.62724042,18.65920865,25.07254188
20126,16.19483738,18.07214152,20.63110025,19.91962587,25.18229498
40573,15.84967907,23.80789027,20.63424549,17.76182647,21.9463587
32995,17.91192183,24.14672186,20.63509872,18.31136151,18.99489608
8840,17.80737292,21.30830981,20.63537032,21.79448318,18.45446376
23267,20.15149502,19.41280729,20.63595367,17.30204015,22.49770388
3495,15.88519614,22.12169967,20.63647113,17.46972251,23.88691054
3940,15.88519614,22.12169967,20.63647113,17.46972251,23.88691054
24192,19.30454813,17.21603578,20.63769253,20.36141257,22.48031099
17461,20.2470641,22.1697865,20.63988792,20.48320306,16.46005842
8395,17.86090793,21.48063902,20.64211695,21.85206273,18.16427336
27447,19.6505584,18.28156358,20.64238542,18.69772577,22.72776684
12866,16.55874034,18.91152948,20.64753058,20.79181097,23.09038863
10174,17.41304233,21.94598795,20.6486046,18.16577005,21.82659508
39157,18.28383358,20.14566987,20.65163707,18.11350797,22.8053515
17118,16.49446222,24.11150316,20.6527177,15.79290181,22.94841512
2759,19.55321595,22.64850295,20.65287712,19.44469135,17.70071263
3169,19.55321595,22.64850295,20.65287712,19.44469135,17.70071263
2517,17.9136895,22.42470239,20.65368232,20.77889512,18.22903067
25851,16.92256585,23.62169225,20.65407292,15.90294179,22.89872719
38059,19.76320718,18.31061671,20.65838219,19.83916597,21.42862794
18229,17.53031268,29.21971997,20.66215081,18.91885522,13.66896131
30301,18.48410263,20.18930296,20.6621714,18.01231621,22.65210681
29976,18.48410263,20.18930296,20.6621714,18.01231621,22.65210681
33984,16.34972762,20.8551955,20.66307959,18.53865208,23.59334521
6055,19.8341256,18.04007927,20.66331184,15.40269912,26.05978417
28000,18.32927136,36.51474253,20.66891529,19.20362181,5.283449007
23975,18.35126227,24.86527673,20.6725228,20.17168299,15.93925521
11067,16.90534344,23.88129931,20.67309002,17.51737925,21.02288798
39093,15.44861066,30.12435394,20.67348975,18.62641055,15.1271351
14522,15.64237196,25.55079446,20.68141092,16.12345271,22.00196995
3544,16.69998058,23.05711956,20.68217766,17.56064032,22.00008187
3984,16.69998058,23.05711956,20.68217766,17.56064032,22.00008187
31213,18.93307341,20.25284976,20.68346804,17.71916062,22.41144816
31690,18.93307341,20.25284976,20.68346804,17.71916062,22.41144816
5647,19.73709837,18.6463153,20.6851525,15.53326279,25.39817103
20545,17.74395613,22.69185134,20.68610721,17.66839407,21.20969125
9199,17.84534025,17.82547325,20.68744548,16.41831307,27.22342795
9611,17.84534025,17.82547325,20.68744548,16.41831307,27.22342795
22200,18.04273776,20.19430809,20.69575807,15.69308475,25.37411133
19028,17.12496594,23.84911893,20.6962236,17.88783766,20.44185387
6350,16.17525388,22.08174658,20.70006905,18.25892494,22.78400555
29757,16.59461316,23.03300427,20.70063206,17.80138068,21.87036983
30138,16.59461316,23.03300427,20.70063206,17.80138068,21.87036983
6693,16.89375874,22.49038258,20.70320039,16.84014836,23.07250993
41240,18.83680719,20.02768932,20.70340792,18.02976821,22.40232737
21178,18.09938809,16.56849073,20.70789288,17.89294331,26.731285
21575,18.09938809,16.56849073,20.70789288,17.89294331,26.731285
158,17.78613003,24.43629568,19.58477368,17.46390507,20.72889553
3547,20.89474429,19.43111015,20.70946274,20.30612848,18.65855434
31303,17.98332168,25.45515739,20.71524785,18.75638204,17.08989105
31768,17.98332168,25.45515739,20.71524785,18.75638204,17.08989105
8916,16.68864566,20.68127776,20.71578244,19.8737523,22.04054184
16281,18.37150645,36.36845707,20.7165415,19.24787162,5.295623357
8108,17.65661229,22.94677785,20.87055422,19.04028675,19.48576889
28915,16.65460522,20.61793697,20.72351381,19.89680621,22.10713779
23299,25.3848105,14.31621902,20.72377892,19.05167751,20.52351404
15484,19.88808965,20.04347243,20.724093,14.3951267,24.94921822
5685,19.52883104,26.95360273,20.72620825,19.10658801,13.68476997
37693,19.52883104,26.95360273,20.72620825,19.10658801,13.68476997
2722,17.12839938,22.37349788,20.72675459,19.947352,19.82399616
31219,17.79198166,19.40403675,20.72758124,20.66710838,21.40929197
31694,17.79198166,19.40403675,20.72758124,20.66710838,21.40929197
1539,15.10204239,21.96771004,20.72863758,21.3090352,20.89257479
29490,20.65517233,21.84260697,20.72902179,18.96517818,17.80802074
1081,15.94036077,25.87896775,20.73052003,17.39738195,20.05276951
4426,17.48674459,19.00008953,20.73331484,19.19923496,23.58061608
23743,14.78411914,22.19207333,20.73806808,21.45625833,20.82948113
2352,18.69152366,20.29325403,20.73846749,20.97092464,19.30583018
17185,18.19517578,21.02451076,20.73908109,14.2320815,25.80915086
31539,19.77177467,14.23088418,20.73977537,20.71467439,24.5428914
18536,17.40852575,27.87331674,20.74097255,21.04470199,12.93248297
33856,18.1410347,17.29961321,20.74111415,17.47428906,26.34394889
8613,17.98274611,17.78883485,20.74380864,21.07711439,22.407496
14334,16.61862842,20.55558931,20.74470465,18.7432643,23.33781332
17397,19.38699724,21.11624138,20.7535896,17.85320397,20.8899678
39733,17.20802003,21.55065354,20.75368708,14.35646578,26.13117358
26194,16.27131044,20.26088903,20.75706138,16.95534216,25.75539699
26612,16.27131044,20.26088903,20.75706138,16.95534216,25.75539699
33106,19.15940993,21.04531466,20.75717769,22.4549542,16.58314352
33580,19.15940993,21.04531466,20.75717769,22.4549542,16.58314352
12728,15.06905432,21.02259212,20.75955505,20.15769859,22.99109992
23136,17.7599354,21.53720348,20.76386535,15.49042945,24.44856633
24909,17.04889929,20.75960756,20.76421579,19.99996716,21.4273102
25257,17.04889929,20.75960756,20.76421579,19.99996716,21.4273102
2784,17.34548065,21.42802522,20.76473757,19.59477454,20.86698202
3188,17.34548065,21.42802522,20.76473757,19.59477454,20.86698202
6590,16.05178544,24.62558991,20.76521426,16.85246388,21.70494651
35539,16.88025172,23.5302554,19.56075458,13.3475389,26.68119939
24063,15.80551977,24.83434312,20.76804449,15.14637854,23.44571407
8757,19.38473317,20.2511988,20.773528,18.11361251,21.47692751
23926,16.95025963,24.60288378,20.77819877,18.14547539,19.52318242
6247,21.26527595,19.64329061,20.7812393,19.71048219,18.59971196
17846,18.11001404,23.16122204,20.78124412,23.35160649,14.59591331
11550,17.75524508,22.2238874,20.7815221,18.45709165,20.78225378
2073,17.38379125,18.43453819,20.78237632,18.17884528,25.22044896
2276,19.91485683,18.4908749,20.78238079,19.35502314,21.45686435
38806,17.89937376,18.14272658,20.78759705,18.81197169,24.35833093
6400,16.32308133,26.20963292,20.78947124,18.29239762,18.3854169
13569,19.84522634,18.27830598,20.78949365,17.89065341,23.19632062
35861,20.01397828,17.29131931,20.78994943,20.75848568,21.14626731
12276,13.09040689,24.19749449,20.79374295,17.2605211,24.65783457
18148,17.9253565,25.51770795,20.79541374,19.4596433,16.30187851
30716,16.04589362,20.08296488,20.79785896,19.9380196,23.13526294
6685,16.68527026,25.33201472,20.8008201,17.21912726,19.96276766
13654,17.69920992,20.83089632,20.81154497,20.32587708,20.33247172
14082,17.69920992,20.83089632,20.81154497,20.32587708,20.33247172
12552,16.07004529,20.67400171,20.81196232,19.23353986,23.21045082
17650,14.36227953,33.78291889,20.81255611,11.66259089,19.37965458
33955,18.78063754,20.9737997,20.81327696,18.71700049,20.71528531
29560,18.12722956,26.26905406,20.8144314,20.46198715,14.32729784
10909,18.45856706,23.07958905,20.8147232,18.70339531,18.94372538
3571,17.9803173,20.34976374,20.81568125,16.96417389,23.89006382
7131,19.99292556,17.99787252,20.81882603,20.73347946,20.45689643
4267,17.33191196,25.21342163,20.81899135,16.33155294,20.30412212
33287,20.49748987,19.62121212,20.82032701,17.86246861,21.1985024
3971,15.5968634,21.19087074,20.82093772,15.60375338,26.78757475
33103,17.61985612,20.54754799,20.82245263,16.47132543,24.53881784
24321,16.3008699,19.84531286,20.8254158,18.05517587,24.97322558
24470,17.32242108,23.55579025,20.82728169,17.94900581,20.34550116
21597,19.75588629,16.48167362,20.82850955,15.20517024,27.7287603
10872,18.30095042,18.94533508,20.82981582,17.63967851,24.28422018
34278,18.24113965,22.90485685,20.83036826,17.81561915,20.20801608
26401,17.64321668,21.18807498,20.83126503,18.47362632,21.86381699
26820,17.64321668,21.18807498,20.83126503,18.47362632,21.86381699
40366,18.22128309,17.49790094,20.83145402,19.68435839,23.76500356
41192,17.21492813,26.60698799,20.83391572,20.21302516,15.131143
14070,17.96195474,19.87107181,20.83409056,21.26432132,20.06856157
24631,18.47714816,36.00255649,20.83566786,19.3585527,5.32607479
14728,18.14254256,22.11096335,20.83849654,18.46393324,20.44406431
15039,18.14254256,22.11096335,20.83849654,18.46393324,20.44406431
39481,18.50663536,20.44515607,20.83926782,22.33057061,17.87837013
27479,16.70326765,18.82115024,20.84498087,19.95337267,23.67722857
20190,17.62877202,21.17522155,20.84563538,15.24086062,25.10951043
32216,17.44918778,20.5902738,20.84652296,17.8363018,23.27771366
32678,17.44918778,20.5902738,20.84652296,17.8363018,23.27771366
8229,17.70638475,19.64802162,20.84675311,19.11333708,22.68550343
6531,19.89189136,18.77935751,20.84741293,16.26516033,24.21617786
11895,17.00445334,22.24900965,20.84901949,16.9629421,22.93457542
38405,20.15204319,19.61421726,20.84985163,18.6852905,20.69859742
26368,17.5746974,21.69736108,20.85304121,16.29245682,23.58244348
26799,17.5746974,21.69736108,20.85304121,16.29245682,23.58244348
40306,17.52261978,20.98344592,20.86136855,16.70698631,23.92557944
26174,18.50015809,35.92285932,20.8616149,19.38266025,5.332707447
26285,18.50015809,35.92285932,20.8616149,19.38266025,5.332707447
12935,18.85563011,18.31882369,20.86516916,16.11920346,25.84117357
24246,17.39338692,20.8076558,20.86724471,23.33445453,17.59725804
41152,17.76777049,21.18852537,20.87020198,17.73669025,22.43681191
8553,17.65661229,22.94677785,20.87055422,19.04028675,19.48576889
2763,16.66193352,25.17822104,23.69395265,18.27277788,16.19311491
6517,18.13925441,22.55016018,20.87230676,17.70516592,20.73311272
6916,18.13925441,22.55016018,20.87230676,17.70516592,20.73311272
32318,21.3135393,15.94925713,20.87525769,18.1756219,23.68632398
32787,21.3135393,15.94925713,20.87525769,18.1756219,23.68632398
11724,20.51108089,19.63160567,20.87601828,17.89703033,21.08426483
375,17.15451115,24.3814001,19.51848439,16.88997538,22.05562898
35986,17.80736512,22.63565557,20.87672324,19.38036636,19.29988971
18044,17.74038149,22.11643521,20.87685534,17.22742332,22.03890463
3024,16.2096147,23.4832878,20.87738058,17.10555011,22.3241668
3386,16.2096147,23.4832878,20.87738058,17.10555011,22.3241668
3000,17.6011354,19.7587637,20.88038858,17.50622642,24.2534859
37890,19.40070085,17.89150043,20.88088834,18.11901361,23.70789678
27033,19.92451424,19.6955493,20.88178739,18.20797385,21.29017522
14494,19.04399871,15.56206441,20.88244618,21.16672274,23.34476796
32101,16.78360256,23.11591743,20.88248241,17.52129268,21.69670492
32567,16.78360256,23.11591743,20.88248241,17.52129268,21.69670492
22061,20.0088256,17.04077057,20.88266521,15.72236504,26.34537358
35988,15.87440384,23.13511486,20.88481162,19.68210886,20.42356082
23516,17.61191878,23.14395822,20.88511373,18.04474053,20.31426873
11247,20.10476019,23.23854923,20.88761025,18.74884616,17.02023416
7986,18.32696574,18.23863553,20.8936879,19.49455967,23.04615116
27068,17.3624759,18.66238332,20.89451058,18.15376898,24.92686123
13643,15.36821126,26.11020217,20.89991011,16.30236814,21.31930832
21510,15.91987499,20.10619082,20.9001616,15.45728849,27.61648409
4498,19.23426133,17.32466605,20.90169619,20.66674284,21.87263359
37868,20.47073461,20.49353428,20.90312114,18.83452737,19.29808261
33096,18.37890134,20.11116569,20.9033407,23.01441445,17.59217783
13258,16.77147757,24.51187721,20.90735174,18.14199659,19.6672969
26332,19.60833649,21.24015255,20.90748574,22.23086355,16.01316167
26767,19.60833649,21.24015255,20.90748574,22.23086355,16.01316167
20922,18.31018079,23.44813188,20.90804428,18.41304998,18.92059307
21353,18.31018079,23.44813188,20.90804428,18.41304998,18.92059307
24771,18.54366301,35.77217569,20.91067301,19.42824046,5.345247827
785,16.16840565,24.0150459,19.45614358,15.53905371,24.82135116
8197,19.27166097,24.49045345,20.91226867,20.76539957,14.56021735
38252,15.30944967,25.36424635,20.91649318,17.79926823,20.61054258
38289,17.56794513,22.07118619,20.91737332,17.50247725,21.94101811
4950,16.91547853,25.89395256,20.91859079,19.99320148,16.27877663
40159,15.32488503,18.72244285,20.91907935,15.12607257,29.9075202
10864,18.63094987,20.75309099,20.92129991,18.01857054,21.6760887
11302,18.63094987,20.75309099,20.92129991,18.01857054,21.6760887
15506,15.7265482,23.93076378,20.9253166,17.31506346,22.10230796
24712,16.47724904,24.21823277,20.92619021,16.57577198,21.80255601
36706,23.64391053,17.08096011,20.92752182,18.3304856,20.01712193
20815,17.42674365,19.21288607,20.93347656,16.69828043,25.72861329
19760,20.02393435,18.8122315,20.93878124,16.49308697,23.73196594
23937,15.53897245,28.51096659,20.94073561,18.3887885,16.62053685
23114,15.741456,21.7361365,20.94087622,15.94531123,25.63622006
19942,18.17296468,19.86419215,20.94235669,13.3215195,27.69896697
30928,15.98446294,22.25783337,20.94321549,16.0618622,24.752626
21111,17.18742559,20.085182,20.94422419,15.56360703,26.21956119
21503,17.18742559,20.085182,20.94422419,15.56360703,26.21956119
18525,16.88057998,16.71084146,20.94467055,19.82421714,25.63969087
33992,18.02058731,20.50506322,20.94672454,20.11409641,20.41352852
28010,18.33269563,18.78640631,20.95153273,16.58251917,25.34684616
28415,18.33269563,18.78640631,20.95153273,16.58251917,25.34684616
22157,21.20827953,15.78638281,20.95321443,17.50169402,24.55042921
11150,22.48232161,21.51676086,20.95523885,21.35528928,13.69038941
38404,16.19047476,24.18266182,20.95575696,18.51855423,20.15255223
16484,16.73930778,21.07240805,20.95882157,21.05016358,20.17929902
17104,18.58746432,35.62046549,20.96006535,19.4741312,5.357873642
24687,18.58746432,35.62046549,20.96006535,19.4741312,5.357873642
1999,17.40789217,21.81611119,20.96515538,16.2163208,23.59452046
8697,17.15066841,22.19572662,20.96694302,20.78685964,18.89980231
28126,15.58226918,21.88722656,20.96740219,17.94216743,23.62093464
28525,15.58226918,21.88722656,20.96740219,17.94216743,23.62093464
33004,21.86624741,20.3558205,20.97286369,17.9835885,18.8214799
13380,16.68965672,18.87075844,20.97393392,20.29505533,23.17059559
40832,17.6234829,18.14153181,20.97626851,20.92736903,22.33134775
37896,19.39228506,20.28329243,20.98052474,15.59226899,23.75162878
40663,18.11181075,24.88902679,20.98393549,26.71788694,9.297340037
13392,19.52266396,17.5941389,20.98566316,20.1693127,21.72822129
15351,16.93522849,24.49188574,20.98670524,18.67325851,18.91292202
312,18.59500747,21.86675488,19.42143947,17.83980923,22.27698895
28952,20.4050725,21.75820066,20.98895553,18.01791436,18.82985694
38114,17.89295794,26.63580785,20.99003572,18.00724119,16.4739573
10485,17.46657177,21.71665653,20.99174223,17.58711282,22.23791664
10215,19.61438693,17.54246875,20.99315614,19.09419977,22.75578841
25482,20.24741807,22.17064646,20.99801334,18.41061201,18.17331013
8277,17.85591824,26.61901284,20.99899103,17.98081468,16.54526322
31058,19.52302416,13.98583181,21.00051767,20.43798853,25.05263783
9648,17.57030921,18.40457311,21.00062626,12.75228807,30.27220335
23363,16.02290237,24.24100035,21.00479235,18.57425276,20.15705217
38999,19.77532738,21.64289099,21.00574994,22.54119103,15.03484066
8948,17.22294314,20.60148148,21.00977718,20.38755194,20.77824626
9787,17.22294314,20.60148148,21.00977718,20.38755194,20.77824626
17168,19.32646351,19.00751858,21.01505537,21.3316404,19.31932215
36705,14.76356245,26.12576878,21.01505917,18.98795894,19.10765065
29247,19.3225435,17.77426182,21.01508342,20.79740078,21.09071048
27692,19.47610634,19.40240906,21.01560403,20.64046462,19.46541594
27506,17.02362816,22.33842937,21.01834884,17.31754642,22.30204722
15747,16.75277293,21.45627245,21.02252311,17.63047832,23.13795319
7622,17.95013301,20.90477017,21.02465517,15.92340653,24.19703512
24583,17.25782851,25.31752449,21.02749827,14.87783872,21.51931001
33351,18.17208965,22.85189431,21.02918735,17.6559438,20.29088488
22361,15.11594324,21.98329999,21.02934436,16.61881098,25.25260143
8419,18.12609095,20.32940078,21.03115749,17.68523508,22.8281157
10554,18.46812903,17.74258976,21.03259674,15.72516101,27.03152345
15934,17.89497758,19.23474239,21.03383036,17.38211308,24.45433658
29943,18.65370312,35.39104079,21.03475922,19.54352976,5.37696711
29576,19.85925453,18.65203483,21.03479524,20.91423279,19.53968261
36712,15.68805916,22.73149691,21.03483915,17.38488802,23.16071675
7924,19.94111552,17.56625477,21.03487936,22.66348011,18.79427024
36821,16.0563593,23.39137857,21.03525558,17.43021104,22.0867955
17238,19.02681277,21.56979335,21.03566169,18.05716718,20.31056501
16713,20.61455521,18.29096029,21.03610185,16.19080762,23.86757502
32954,16.33022055,20.7147256,21.03945966,17.66380126,24.25179293
13290,16.63108945,21.33311799,21.04235003,15.23139541,25.76204713
15135,20.95256679,18.3905018,21.04242914,18.29127187,21.32323039
17309,16.76056059,21.07399764,21.04595224,17.0090657,24.11042382
15683,16.32544233,21.07986363,21.04621648,17.5717824,23.97669516
35829,18.09744966,20.78460362,21.04944466,18.73899011,21.32951195
18203,16.60877564,24.18979803,21.05002902,18.65131625,19.50008105
37302,20.38004504,19.20395632,21.05098287,17.18285336,22.18216242
20095,19.76584074,19.21463851,21.05165897,17.21180333,22.75605846
24376,16.30578097,27.72394216,21.05303864,18.84611047,16.07112775
31203,16.44706024,19.99743985,21.06171817,16.62623391,25.86754783
31679,16.44706024,19.99743985,21.06171817,16.62623391,25.86754783
3428,19.34680177,20.91964672,21.06197294,18.85555655,19.81602202
21753,16.7985678,26.17212504,21.06224227,18.33098319,17.63608171
214,17.46356829,21.71141892,19.39710892,17.61434491,23.81355897
22985,17.61468594,23.10123433,21.06984599,17.86785436,20.34637938
17138,17.50653392,21.31614676,21.07193963,17.23236504,22.87301466
10331,18.34396833,20.15332336,21.07322899,17.17262403,23.25685529
39838,17.81582033,18.95771252,21.0757046,20.33192416,21.81883838
36162,15.82430026,22.69344022,21.07927386,17.05076666,23.35221901
5424,19.44311856,22.68793179,21.08278778,18.74874762,18.03741425
26354,18.69679049,35.24180338,21.08334649,19.5886725,5.389387131
24567,17.51251937,23.70018662,21.08401314,17.74294187,19.960339
21885,19.7787371,17.0935583,21.08573358,17.42733691,24.6146341
11120,19.08998765,20.88092062,21.08602009,16.58989195,22.35317968
13832,20.62903854,21.22288485,21.08646387,20.75848807,16.30312467
14258,20.62903854,21.22288485,21.08646387,20.75848807,16.30312467
1512,19.26178063,25.46975765,21.08736239,18.08339038,16.09770894
13088,17.96053307,18.32553599,21.08777964,20.65779765,21.96835365
35854,18.81155518,18.06641878,21.09405766,18.99907374,23.02889464
9412,19.55683441,12.22321051,21.09418533,19.81955042,27.30621932
38354,19.25465314,19.64786557,21.09743088,17.92722834,22.07282207
36268,15.12157472,30.87466641,21.09973717,16.68059754,16.22342415
41079,18.43927456,23.16748006,21.10223149,19.05231343,18.23870047
16042,18.7191387,35.16439813,21.10854734,19.61208677,5.395829047
27245,17.84586436,10.42218505,21.10899824,20.64632533,29.97662702
34148,16.94335411,18.21475211,21.10984146,19.05168932,24.68036301
7049,15.99039435,23.73900057,21.1156682,17.58398437,21.57095252
14747,18.94923521,19.72830559,21.11613193,16.18369094,24.02263632
6007,18.06709092,25.98013732,21.11647036,16.03968645,18.79661495
6782,16.96950699,20.35008567,21.11678638,17.62500038,23.93862057
17819,16.30060022,20.31907587,21.11736822,14.09642882,28.16652687
32050,15.95655426,21.42132467,21.11932377,19.76286718,21.73993013
32537,15.95655426,21.42132467,21.11932377,19.76286718,21.73993013
17977,17.16470708,21.99504851,21.12003621,17.48037032,22.23983788
37421,18.28094911,23.60282611,21.12075506,18.74592798,18.24954173
16180,17.46635255,22.84789146,21.12272595,18.35010314,20.2129269
10013,19.57589928,20.88890981,21.12447725,21.68224568,16.72846798
24866,18.34923014,19.71799044,21.12453781,18.5474298,22.26081181
24155,17.8586599,19.82934408,21.12654673,20.36779919,20.81765009
10673,18.76031369,21.69643915,21.12982154,19.56664592,18.8467797
3510,16.27629527,19.55628823,21.14072715,16.80701778,26.21967158
12279,18.1358563,20.21617099,21.14129915,16.23409183,24.27258173
18304,16.641183,21.74269013,21.1420541,16.15283626,24.32123652
27492,20.2047286,19.59794508,21.14295602,20.4844481,18.5699222
27395,17.07293362,20.89834363,21.14587071,15.30452395,25.57832809
27284,20.35237514,16.84969082,21.14834441,18.70509572,22.9444939
9825,18.60070932,23.03828913,21.14864646,17.58649231,19.62586278
8438,26.69309979,14.14840992,21.14871889,18.80971427,19.20005713
10972,16.64051502,23.47602611,21.1515381,17.54654397,21.1853768
35345,18.67220276,23.56198604,19.37494613,19.04458483,19.34628024
30463,18.68484059,19.07123368,21.15587553,19.56791236,21.52013783
41627,16.74571369,23.09051805,21.15649741,17.19721233,21.81005852
18265,16.687505,22.64117072,21.15691745,21.79579704,17.71860979
14155,17.91913483,20.87737132,21.15728396,18.79069782,21.25551206
387,18.78866131,20.27894381,19.36083537,18.88001643,22.69154308
28946,20.01322639,21.37771201,21.16099785,21.72751159,15.72055217
26284,15.80885321,22.05425756,21.16181605,16.63814447,24.33692871
26696,15.80885321,22.05425756,21.16181605,16.63814447,24.33692871
17773,16.4323012,22.05749979,21.16210696,18.96296535,21.3851267
17351,16.51413032,21.10778086,21.16408916,17.67991128,23.53408838
14659,16.55498607,20.70596459,21.16450494,16.97433184,24.60021256
35908,17.932121,18.67926578,21.1656437,21.80086575,20.42210377
39986,17.78331163,22.63703526,21.1682714,20.12986059,18.28152112
4662,19.39304638,19.05060377,21.17219921,16.75213185,23.63201878
9292,16.09184789,22.79736291,21.17523521,14.94914795,24.98640605
31198,17.37198217,20.27873601,21.17530401,21.56369662,19.61028119
31678,17.37198217,20.27873601,21.17530401,21.56369662,19.61028119
23916,18.81326063,21.68882084,21.17865625,18.99258518,19.3266771
37185,16.96066094,21.89317389,21.17874203,14.68381449,25.28360864
16221,18.40653058,20.88026372,21.17916026,16.42767348,23.10637195
38489,21.22092088,15.75696466,21.18413056,18.66935227,23.16863162
5582,16.76951797,23.28413901,21.18543347,22.41151602,16.34939353
20981,18.88540406,18.6259627,21.18792872,19.61456442,21.6861401
21493,18.81555168,25.01624561,21.18898676,19.17573932,15.80347663
15064,17.35350281,20.4673995,21.19028583,21.00505596,19.98375591
5705,16.50366734,26.85513181,21.19432893,17.70227743,17.74459451
6111,16.50366734,26.85513181,21.19432893,17.70227743,17.74459451
37960,19.14520017,23.06922301,21.19700133,17.49093393,19.09764156
37403,20.65192312,18.03171897,21.19798911,18.10026612,22.01810267
13145,19.26882499,16.85991262,21.2002096,18.00506569,24.6659871
22534,18.30061445,19.29451079,21.20040638,17.78792186,23.41654652
12850,16.4237279,27.7093695,21.20052521,19.42306976,15.24330763
11539,15.62484938,22.39261424,21.20284235,16.83261797,23.94707606
4056,17.21248393,25.6279168,21.20406113,18.11043504,17.84510311
12427,17.85062028,23.91231943,21.2072282,16.46998693,20.55984516
17155,17.94416253,25.0609385,21.20758528,19.50643897,16.28087472
41368,16.83746133,18.17405149,21.20829634,19.61373782,24.16645301
8654,18.05519505,20.89654002,21.20894625,16.72092124,23.11839745
30988,13.84695246,25.20737069,21.20941504,14.84684945,24.88941237
7350,19.33519882,17.87904522,21.21045105,20.13948908,21.43581583
13328,16.42256792,21.14141096,21.21865078,16.37914235,24.83822798
8420,23.63125605,17.62514601,21.22123939,19.45198428,18.07037427
35209,16.2535655,29.17910367,19.35615311,13.79948452,21.41169321
9750,16.87720939,19.63594713,21.22660492,19.38617637,22.87406219
35114,18.33638014,20.36687172,19.34520069,19.47230214,22.47924531
32059,19.461061,21.15434527,21.22862909,18.50924526,19.64671938
33168,17.54888093,15.54466163,21.22918774,15.39841229,30.27885741
33626,17.54888093,15.54466163,21.22918774,15.39841229,30.27885741
17448,21.8321185,18.61115719,21.2309563,17.77553758,20.55023043
24242,17.27631535,22.5375789,21.23255482,17.9102195,21.04333143
22328,16.92436688,21.19134539,21.23273061,17.12392674,23.52763039
20273,18.83327927,34.7690609,21.23725741,19.73167212,5.428730293
39307,18.4125214,21.07199065,21.23817787,18.71871438,20.5585957
39265,19.43064501,20.29912215,21.24097118,18.90186678,20.12739488
15283,18.5009306,19.37603372,21.24119158,17.08047635,23.80136774
13055,18.09985857,21.93849481,21.24691578,23.01576113,15.69896972
24655,14.21608418,19.42125806,21.24796993,19.67752439,25.43716344
15366,16.57825797,25.2705479,21.25182857,17.46214763,19.43721793
17074,15.18552785,21.78044432,21.25196385,18.81770599,22.96435799
25168,15.40494031,21.94565484,21.25455642,16.85798949,24.53685894
39090,15.19278787,27.22930637,21.25495477,18.37748,17.94547098
33025,18.07347392,23.36212958,21.2563401,19.15806132,18.14999508
14669,17.33466268,20.78077908,21.25710802,20.96531395,19.66213627
6735,17.32920595,21.63746838,21.26152468,21.85337645,17.91842454
16764,21.64645285,10.92524583,21.26235449,12.73569058,33.43025625
17312,18.47065774,19.25450837,21.26361101,17.16340454,23.84781834
23706,16.34147571,21.25715398,21.26426714,17.01650451,24.12059866
23118,15.57968465,23.98093551,21.26445612,14.09885922,25.07606449
27797,19.27983411,22.01862729,21.26918074,17.72218205,19.71017581
28861,20.10405513,18.1710688,21.27196258,20.27324006,20.17967343
41241,14.91445194,20.62701709,21.2727521,21.57144961,21.61432926
15551,16.95656828,20.18948294,21.27330534,19.96670408,21.61393935
37086,17.07632244,21.85303992,21.27645816,16.99800972,22.79616976
8086,21.27500487,17.7079836,21.27688079,15.96418359,23.77594714
32539,19.48944348,21.1093886,21.27794109,18.60286112,19.52036571
29140,18.87482997,22.22038623,21.27822586,17.39746527,20.22909267
6741,17.81522393,19.3290196,21.27873336,20.22491124,21.35211187
7239,17.35435228,23.57569111,21.27988071,17.58939785,20.20067805
1227,20.76913129,22.71428035,21.28004833,18.50847304,16.72806699
11251,17.89561201,19.99988733,21.28034917,16.44345735,24.38069414
29470,16.26208478,20.25223291,21.2839606,19.43194498,22.76977673
23684,17.61316017,23.14111068,21.28682185,18.02237339,19.93653392
16829,13.10854931,22.08248082,21.28703004,14.79141593,28.7305239
2237,16.61986272,21.11317592,21.28762616,20.47293607,20.50639913
32991,16.4980114,21.12682822,21.2895112,17.21339358,23.87225559
38331,18.71133095,17.91462551,21.28966963,18.83128268,23.25309123
37798,17.71389492,17.53955102,21.29206803,19.10119563,24.3532904
15564,18.44040523,18.13853456,21.298643,22.79469838,19.32771881
4938,14.11673819,23.82713382,21.29975308,15.43655366,25.31982124
29231,16.87751719,21.11308814,21.30126436,15.76381629,24.94431402
41002,15.95689849,22.55241704,21.30421372,16.96898891,23.21748183
9615,16.69863484,20.98329977,21.30424598,18.08323529,22.93058412
10212,17.08674757,21.58025628,21.30437378,17.42447762,22.60414473
2444,17.92198128,20.81698511,21.30749107,16.48542379,23.46811874
32252,19.57842948,16.78162887,21.30927904,19.86393817,22.46672444
32722,19.57842948,16.78162887,21.30927904,19.86393817,22.46672444
32268,17.32210445,19.97438535,21.3108384,16.65529993,24.73737187
32747,17.32210445,19.97438535,21.3108384,16.65529993,24.73737187
6927,14.33393351,25.1788644,21.31488277,17.45701661,21.7153027
39319,23.06254553,18.0292142,21.31967741,17.66498743,19.92357542
9641,17.38050847,19.62973198,21.32226977,14.48056105,27.18692873
18736,15.89521754,21.89366324,21.32237267,19.66994474,21.21880181
17703,18.57020909,20.31583878,21.32348349,22.23412283,17.55634581
20801,15.50895405,24.97462032,21.3241777,17.19691754,20.99533039
39920,16.57678983,19.09477111,21.32564695,15.19195295,27.81083916
10756,18.69614741,21.53117175,21.32852806,18.19052487,20.2536279
15057,19.16127069,20.82744758,21.32911028,18.76750039,19.91467106
2433,17.68878233,19.74724143,21.33006334,15.56802197,25.66589093
24184,21.95945697,20.54439612,21.33129879,19.7462557,16.41859242
30570,16.31920118,20.68364356,21.33759821,16.58931464,25.07024241
27519,13.96298942,21.5173537,21.34295847,16.06979616,27.10690225
22248,17.96532265,19.24428167,21.34346445,16.56293427,24.88399695
19419,18.4882975,22.92850823,21.34533832,18.87527706,18.36257889
2145,19.67297301,21.38705811,21.35075208,17.59546409,19.99375272
39512,15.03985039,26.39571683,21.35798937,19.25753393,17.94890949
19800,17.38674382,21.92016893,21.35945261,14.62686192,24.70677272
7155,16.98424966,23.14655749,21.36264471,17.89559885,20.61094928
23090,17.19165136,22.63951427,21.36301992,18.07845089,20.72736357
41648,17.26314009,17.93394816,21.36327787,19.83008437,23.60954951
2683,16.7696247,22.74706751,21.36493766,17.80999472,21.30837541
40125,16.79265374,24.46844969,21.36884435,14.40614602,22.96390619
24987,18.22511548,17.66399217,21.37222982,13.12671247,29.61195007
25687,18.22511548,17.66399217,21.37222982,13.12671247,29.61195007
9441,16.28723718,24.27943502,21.37261938,17.44889388,20.61181454
17882,18.54652343,22.74005564,21.3772091,15.89504515,21.44116667
12511,18.16176568,19.06583723,21.3780315,20.2108414,21.1835242
40351,17.36564897,19.18634468,21.38266455,20.38748516,21.67785664
10762,15.72468366,21.84320697,21.38403617,16.64497441,24.40309879
11229,15.72468366,21.84320697,21.38403617,16.64497441,24.40309879
11635,16.59426173,21.20046215,21.38946489,17.40085152,23.41495971
12028,16.11422529,21.46154448,21.38984578,16.53067127,24.50371318
31370,17.97254789,27.08991226,21.39588844,19.61488267,13.92676874
31840,17.97254789,27.08991226,21.39588844,19.61488267,13.92676874
27541,16.41263991,20.80996429,21.39697845,17.21857887,24.16183848
1653,19.18265538,18.41703809,21.39922592,16.94992359,24.05115703
14158,15.44946137,23.50383953,21.40130969,17.47661395,22.16877546
36700,15.07854744,32.7032146,21.40238376,18.44409386,12.37176035
27457,18.79608044,21.21477263,21.40418618,21.91792433,16.66703641
15471,17.87892981,21.55518452,21.40611017,21.85043615,17.30933935
12212,15.95003206,21.56743603,21.40681596,15.26188043,25.81383552
26501,17.36743674,21.66011722,21.40693354,17.62352324,21.94198925
26882,17.36743674,21.66011722,21.40693354,17.62352324,21.94198925
40707,18.60316413,20.9284598,21.41069592,17.84694346,21.2107367
23661,15.90869826,18.29331489,21.41087366,17.71477602,26.67233718
22786,15.76200384,30.70259874,21.41280336,21.21272014,10.90987393
15267,14.9468514,22.36764883,21.42088567,18.55223706,22.71237705
13059,17.67403112,22.44126812,21.4230811,17.68943345,20.77218621
26454,18.12802299,22.69441213,21.42454203,17.82136413,19.93165872
26893,18.12802299,22.69441213,21.42454203,17.82136413,19.93165872
26170,15.89752776,19.40580624,21.42703018,18.4486852,24.82095063
26593,15.89752776,19.40580624,21.42703018,18.4486852,24.82095063
9917,18.25079371,19.86863341,21.42751673,16.11802595,24.3350302
21676,21.14404838,20.82371092,21.42791187,18.01803781,18.58629103
34684,18.23568923,22.34660041,21.43434443,19.24939268,18.73397326
2651,19.49090167,23.78306614,19.54988218,19.92247609,17.25367392
20573,19.48388453,22.22014234,21.43737152,17.63299083,19.22561078
15717,15.70500269,24.11455128,21.43844931,16.87323442,21.8687623
24489,18.87099528,25.62362435,21.43889938,18.07590967,15.99057131
15596,18.59539242,20.1108932,21.44849204,17.37948706,22.46573528
9934,16.02951669,21.28007785,21.4490323,21.07017276,20.17120039
4615,19.61943498,16.76545309,21.44919379,16.52405112,25.64186703
18320,17.36585153,18.39328961,21.45082954,20.74443682,22.04559249
15213,20.58788996,19.3235487,21.45136737,17.69560271,20.94159126
24057,16.02722128,22.34913318,21.4518744,16.48203475,23.68973639
24379,14.62977792,23.12133945,21.45204867,20.70431715,20.09251682
8003,17.30915536,23.33994604,21.45330223,20.78563127,17.1119651
11155,17.38741679,21.64439206,21.45462053,19.11933083,20.39423978
6848,17.21387176,24.80358407,21.45482203,14.60993233,21.91778982
8056,19.94201096,20.98571649,21.45729724,19.013967,18.60100831
16315,18.97622588,13.66317588,21.46331149,13.80423264,32.0930541
6317,18.59555191,23.24431391,21.46681103,21.44359469,15.24972846
24758,20.72143576,19.89888668,21.46716321,17.11992721,20.79258714
1664,17.92532652,21.37939924,21.4680212,18.27644011,20.95081294
29441,17.65965402,22.58985117,21.46808,15.52574416,22.75667064
18693,17.02527109,18.40146982,21.46959216,19.86261939,23.24104753
20033,19.54132652,18.31189882,21.47115952,18.0649555,22.61065963
36455,16.10814481,21.64195547,21.4714853,14.67577767,26.10263675
1995,19.92025922,15.13456561,21.47724399,18.62737618,24.840555
9330,17.01929979,18.30714318,21.47748083,19.77326449,23.42281171
10092,19.87379386,16.6250936,21.47785432,14.04655687,27.97670135
23381,15.84544212,22.00719087,21.47890921,17.23074862,23.43770918
15179,19.54303141,21.709925,21.47912556,18.56270682,18.70521122
30600,22.10954354,14.75453048,21.47954469,21.85580411,19.80057718
12976,18.34430502,23.09169595,21.48252359,18.44851935,18.63295609
7618,20.82566507,19.56729157,21.48833795,18.58464978,19.53405562
15331,15.95593488,23.0625956,21.48862947,15.97160895,23.52123109
21582,15.89933627,24.93731306,21.48980889,16.30504357,21.36849822
21063,17.55539416,17.74630785,21.49009437,20.88265286,22.32555075
2666,18.2359316,18.48652679,21.49295166,16.04057943,25.74401053
20086,17.83462426,22.11531863,21.49837434,20.20889286,18.34278992
3472,19.88905762,19.75921625,21.50056343,18.11307774,20.73808496
3932,19.88905762,19.75921625,21.50056343,18.11307774,20.73808496
28202,25.05675729,16.34429771,21.50265687,17.77742558,19.31886256
28606,25.05675729,16.34429771,21.50265687,17.77742558,19.31886256
23732,17.45702692,28.05783105,21.50278187,21.00608677,11.97627339
14564,16.41328255,21.90107213,21.50378681,19.40428036,20.77757816
8545,20.92623009,24.37746164,21.50611644,19.48993534,13.70025649
1888,19.48079733,20.17085744,21.50643367,18.24330773,20.59860383
39448,20.94422109,19.08827459,21.51101756,17.7372964,20.71919037
13793,17.95035594,22.47499122,21.5110863,16.2146427,21.84892383
14208,17.95035594,22.47499122,21.5110863,16.2146427,21.84892383
23723,20.01808124,19.52443771,21.51151868,18.67398903,20.27197335
25631,20.68840656,13.95183884,21.51215182,26.18610685,17.66149593
35879,17.6407783,23.14814702,21.51449405,17.53084,20.16574062
7313,16.30281843,22.14165602,21.51558481,17.06244325,22.97749748
41171,16.03978363,23.9005191,21.51579935,17.49277135,21.05112658
14369,16.85078827,23.88132775,21.51620809,19.88935664,17.86231925
5931,15.8077246,22.99907455,21.51671829,17.30711807,22.36936448
5380,19.77594567,18.22311359,21.51723414,18.49803399,21.98567262
16979,16.86867165,23.32120565,21.52447042,19.48014919,18.80550309
32107,16.9887136,19.97419959,21.52562159,21.25155284,20.25991238
32591,16.9887136,19.97419959,21.52562159,21.25155284,20.25991238
6314,18.02835541,19.82313004,21.52766822,19.57544293,21.04540341
21165,17.84846384,26.63208851,21.53455427,16.80048819,17.18440519
22048,17.84846384,26.63208851,21.53455427,16.80048819,17.18440519
8893,17.35828751,22.32694487,21.53541213,17.60670316,21.17265233
24118,17.52157987,21.45050513,21.54488705,17.47589136,22.00713658
24200,15.30913832,21.1204931,21.55139825,21.08919967,20.92977066
3398,19.26891011,20.41652734,21.55507871,16.11333818,22.64614566
1893,16.89635359,21.4928797,21.55832705,15.90066017,24.15177948
15498,17.22012985,19.02271438,21.56061441,16.85352037,25.343021
16032,17.00752854,20.86733834,21.5646099,20.30248026,20.25804296
2121,19.57947897,19.54838259,21.56670924,17.93621038,21.36921881
34490,18.28421407,22.22844664,21.56688901,23.72533042,14.19511986
33366,16.48002044,19.16250695,21.57330482,21.72713701,21.05703078
38512,19.41372837,21.83928272,21.57470818,19.00330424,18.16897649
28877,18.02649148,19.52462662,21.57481415,18.18177809,22.69228967
572,15.9817762,23.43784758,19.25951311,16.10977864,25.21108447
16955,17.10801899,18.45897454,21.58049144,14.08986849,28.76264654
8782,14.7955048,29.82731003,21.5806505,16.292414,17.50412067
24153,17.5559839,22.76290785,21.58334709,18.52558954,19.57217161
12873,17.82308225,22.9562721,21.58799714,15.72947185,21.90317665
14823,19.27989062,21.46925194,21.58963897,19.73497634,17.92624213
40109,14.38262114,24.45678671,21.58990866,14.74203541,24.82864808
30139,15.32492109,21.90674722,21.59021991,15.95328247,25.22482931
8977,16.53413498,20.24421151,21.59252355,16.37862717,25.25050279
15604,19.12930715,18.2163383,21.59532971,22.373801,18.68522384
39120,17.78170953,19.58798649,21.59973626,16.67214728,24.35842045
30247,19.15636384,33.6500253,21.60158219,20.07016861,5.521860065
36864,19.15636384,33.6500253,21.60158219,20.07016861,5.521860065
29745,19.15636384,33.6500253,21.60158219,20.07016861,5.521860065
19346,16.38726768,20.62859461,21.60292874,16.2058841,25.17532487
39666,18.6263126,17.43780581,21.60762037,12.13853293,30.18972829
36129,16.08933656,22.68055373,21.61038298,16.88305233,22.7366744
7275,18.61052575,16.50985981,21.6114412,21.39590285,21.8722704
15369,17.9626502,18.73559008,21.61258993,18.72089132,22.96827846
29458,16.27484677,25.42784801,21.61316342,17.75312626,18.93101553
22498,14.92429036,22.73755249,21.61417467,15.88105415,24.84292832
24346,17.64026924,23.73593825,21.61549064,18.50116518,18.5071367
1030,15.34257365,21.11438118,21.616995,20.75405886,21.1719913
30254,21.92562811,12.29996598,21.61766734,17.9580735,26.19866508
15763,16.81444869,20.71667699,21.6187789,15.964033,24.88606241
13636,14.78727158,19.76812643,21.61995791,20.39009724,23.43454684
14073,14.78727158,19.76812643,21.61995791,20.39009724,23.43454684
547,20.11085698,21.76696167,19.25477745,18.05791473,20.80948917
21962,17.07914286,18.87885665,21.63470948,14.30507155,28.10221946
11953,16.18996336,18.71585952,21.63510897,20.65327303,22.80579512
14713,17.44720846,24.90896305,21.63658801,18.21214337,17.79509711
34338,17.36860342,15.98275187,21.63786635,20.53475466,24.4760237
36402,17.69396767,18.70019275,21.64612181,22.70456894,19.25514883
4470,18.05260491,20.0678542,21.64626043,20.89236453,19.34091593
29043,20.28058223,15.3427232,21.65229948,15.9955403,26.7288548
29929,19.20179365,33.49267462,21.65281089,20.11776553,5.534955298
28892,17.47613674,19.92412033,21.66305216,19.97565255,20.96103822
17578,19.30052623,19.92935052,21.66473516,17.72477807,21.38061002
15947,16.59308008,20.39702227,21.66554888,16.38407067,24.9602781
12919,16.19074904,21.81378138,21.66566979,15.75806235,24.57173744
24494,18.91974054,24.12769099,21.66796675,18.30163216,16.98296956
30809,16.57574438,20.187411,21.66822663,20.88549291,20.68312508
3888,19.50762701,21.30774558,21.66972684,19.02998716,18.48491341
8604,20.54723751,23.76681711,21.67158136,19.50644967,14.50791435
36908,16.40291553,23.24707021,21.67486484,17.38048739,21.29466204
8692,15.79233368,22.45241467,21.67744806,15.42758689,24.6502167
4912,17.48402959,19.40359324,21.68180282,16.66054506,24.77002929
30802,16.97616243,18.48275905,21.68278149,20.75725251,22.10104453
8794,16.76808953,21.83201454,21.68319108,18.07939193,21.63731292
20408,17.54102966,21.99854842,21.68389223,17.47856517,21.29796452
41673,17.54102966,21.99854842,21.68389223,17.47856517,21.29796452
13649,16.93578779,21.46604259,21.68389335,16.89321158,23.02106468
34065,18.25685976,22.30113894,21.68461272,17.82380481,19.93358377
342,18.64669125,25.19540007,19.23026096,18.34562677,18.58202096
7771,18.32919709,22.04358478,21.69149594,19.59098993,18.34473226
22702,16.42668352,18.66619815,21.69259237,18.42166801,24.79285795
7325,18.89714795,20.60052446,21.69339253,16.73085013,22.07808491
6829,19.12215575,15.25374851,21.69342823,20.89300911,23.03765839
32261,18.15085985,20.57291453,21.69441774,17.03842953,22.54337836
32734,18.15085985,20.57291453,21.69441774,17.03842953,22.54337836
28854,18.20270231,21.20141245,21.69846609,17.50156522,21.39585394
7764,16.33632782,24.72667869,21.70079536,17.79311855,19.44307959
1201,14.23720513,33.59553135,21.70319502,20.97858356,9.485484942
1374,16.47506507,19.56359617,21.70845866,16.36306778,25.88981232
10206,16.2258137,20.09053366,21.70972191,18.33366798,23.64026275
40944,16.49731445,28.40002933,21.71161096,18.39735923,14.99368603
41272,15.47675499,22.0964645,21.71348995,16.80756429,23.90572627
3110,15.53615657,22.19585931,21.71527061,15.76711424,24.78559927
11462,15.67827249,27.36492757,21.71666803,17.16757386,18.07255805
7711,17.77193348,25.78822942,21.71856913,17.58793811,17.13332986
30157,15.60952428,34.12821338,21.72115478,14.02939813,14.51170943
33207,19.38291861,22.06052779,21.72914822,19.1768985,17.65050688
19097,14.18172609,24.48736,21.73399286,14.3239949,25.27292614
8561,16.38172191,21.51614156,21.73481585,16.10526451,24.26205617
35913,17.29218556,22.48085368,21.73506323,18.00923446,20.48266307
36251,18.61631153,22.03294219,21.73691409,18.87673668,18.73709552
38186,21.97343215,17.08533578,21.7419823,18.00336815,21.19588162
19106,16.19247189,24.31544359,21.74829031,16.3422868,21.40150742
28004,16.84707095,20.40015961,21.74927514,15.526611,25.4768833
28406,16.84707095,20.40015961,21.74927514,15.526611,25.4768833
2772,17.37219345,17.56535476,21.74999971,19.14743105,24.16502103
14512,18.2472796,23.12534535,21.75081211,18.68013008,18.19643287
27597,18.31135868,21.79536739,21.751726,20.59514818,17.54639975
35162,18.64669125,25.19540007,19.23026096,18.34562677,18.58202096
14589,20.46150704,19.35550151,21.76040482,18.9205228,19.50206383
14941,20.46150704,19.35550151,21.76040482,18.9205228,19.50206383
5909,17.94433004,16.493865,21.76157954,18.79279945,25.00742597
4762,18.20481371,18.35447171,21.76263015,16.29057102,25.38751342
32251,16.14495609,20.57753127,21.76440069,16.47230442,25.04080751
32721,16.14495609,20.57753127,21.76440069,16.47230442,25.04080751
12788,18.41579839,23.23614367,21.76667143,19.55826987,17.02311664
9349,19.91980971,15.8536949,21.76716695,16.66360578,25.79572266
20332,14.47920501,23.19564976,21.77170777,16.25497314,24.29846431
7734,16.99506121,20.46857051,21.77347617,19.14908102,21.61381109
37845,19.73601203,20.28839004,21.77358397,23.04475459,15.15725937
16382,16.57298586,20.23685877,21.77453407,14.45962638,26.95599493
16768,16.57298586,20.23685877,21.77453407,14.45962638,26.95599493
8770,20.95842076,20.51065725,21.77605349,25.70683312,11.04803538
38018,20.9939468,17.83122801,21.78051365,17.40217056,21.99214098
3180,15.99930719,18.47921672,21.78091385,21.41869288,22.32186936
19079,17.72444488,17.8749717,21.78430554,19.91072333,22.70555455
4946,17.17196463,18.77548544,21.78585388,18.3517511,23.91494495
33518,15.59140755,25.38347919,21.78662977,19.98211427,17.25636921
16970,17.97643447,20.30873271,21.79200554,20.45389047,19.4689368
17389,17.97643447,20.30873271,21.79200554,20.45389047,19.4689368
12999,17.31651241,22.41086446,21.79362293,15.61997358,22.85902663
30058,18.02079697,19.51461859,21.79368563,14.61204871,26.0588501
2403,19.84314771,17.09321402,21.79410852,18.17175028,23.09777947
24410,13.99276316,25.69373924,21.79890444,17.85833882,20.65625434
35242,19.7983799,18.65295237,19.20964707,20.4491895,21.88983116
36351,17.28651034,24.37745774,21.80270029,17.28931796,19.24401367
22335,14.67170582,30.74929581,21.80920768,20.10528151,12.66450919
38851,18.75169714,27.58977343,21.81200628,18.84380273,13.00272043
39483,23.01910993,18.4922765,21.82711888,18.54438555,18.11710914
39999,16.37206453,21.04195387,21.82788584,16.38222065,24.37587512
33883,15.39724346,21.52967228,21.82884888,16.3657107,24.87852468
1638,21.52525556,22.78553958,21.83407417,19.80084443,14.05428626
22289,16.44720359,19.61347817,21.83496832,18.27102179,23.83332814
15589,20.56242051,17.34433353,21.83585729,21.46827867,18.78911001
28194,17.99960935,20.36268682,21.83611602,17.45642796,22.34515984
28591,17.99960935,20.36268682,21.83611602,17.45642796,22.34515984
13123,16.25086051,19.5954525,21.83835604,19.36425871,22.95107225
14454,20.01924535,19.94327289,21.84080981,17.49759339,20.69907856
13267,16.79051074,22.60516779,21.84135105,17.59211438,21.17085604
29366,15.24300464,20.06817333,21.84594546,19.78329574,23.05958084
31322,18.80884668,21.1107155,21.84691791,19.1054516,19.12806831
31796,18.80884668,21.1107155,21.84691791,19.1054516,19.12806831
13674,14.67721838,21.68808277,21.85076403,14.7457443,27.03819052
40235,17.17552077,22.30922588,21.8526907,17.51638821,21.14617443
36240,18.12666044,20.77847051,21.86121504,17.71984389,21.51381011
20322,20.16703519,20.26462442,21.86224067,18.44713805,19.25896166
31704,15.38896977,20.80729549,21.87029529,22.48068953,19.45274992
34917,19.79789409,20.79595641,19.19894481,18.50040231,21.70680238
11029,17.91758662,18.99861805,21.8734334,15.50374644,25.70661551
29758,15.53451253,21.40834751,21.87370254,16.4464428,24.73699463
5750,20.75624346,19.49277402,21.87686373,17.77913477,20.09498403
8124,21.44177125,20.4724663,21.87775733,19.05548416,17.15252096
8565,21.44177125,20.4724663,21.87775733,19.05548416,17.15252096
7026,15.34823389,22.52262363,21.87786433,15.4532835,24.79799464
16053,20.06587681,18.57598354,21.88287028,20.48022526,18.99504411
2120,17.44807452,21.08712968,21.88950074,17.86014662,21.71514844
17923,16.88272247,24.53867538,21.8912289,18.66625583,18.02111742
36870,17.69759418,16.27459195,21.89191305,20.16135649,23.97454433
7193,17.75322542,20.56386863,21.89301219,18.640394,21.14949977
1408,22.97808058,15.90079427,21.89679092,17.95131087,21.27302337
38469,16.97226279,18.89191452,21.89753765,17.30463246,24.93365258
33930,17.41814025,22.06554358,21.89951384,20.03407223,18.5827301
3370,17.13985044,19.5395547,21.89991664,17.24681131,24.1738669
32445,14.3242449,21.27058044,21.90566509,15.08855635,27.41095322
32889,14.3242449,21.27058044,21.90566509,15.08855635,27.41095322
21410,18.79942101,22.89968325,21.90686129,17.66568923,18.72834522
31218,17.26545911,23.3152207,21.90875449,18.09659607,19.41396962
31693,17.26545911,23.3152207,21.90875449,18.09659607,19.41396962
1015,16.30397504,21.70625471,21.90896205,16.29405073,23.78675747
2460,17.31075199,24.02730693,21.91366949,19.01471102,17.73356058
32207,18.63834927,19.83236779,21.91966052,16.20595423,23.40366819
32684,18.63834927,19.83236779,21.91966052,16.20595423,23.40366819
22795,14.42242146,22.63402329,21.92129428,22.04150526,18.98075571
13268,15.1829909,21.95902126,21.926112,16.78853069,24.14334515
37446,18.88926213,17.15908249,21.929527,19.68905706,22.33307132
9847,19.00972413,20.0573086,21.93040733,18.00228354,21.0002764
11963,16.36700351,22.84425322,21.9307926,16.22443957,22.6335111
17206,18.39283728,23.47141657,21.93500521,18.72768722,17.47305372
24206,15.05678953,22.32797361,21.93720862,17.31404463,23.36398361
41407,16.66769445,23.11191339,21.93835319,18.58660754,19.69543142
41650,17.66327696,18.06451846,21.93987773,20.93651718,21.39580967
6576,18.81009741,17.38223112,21.94425979,20.67488537,21.18852632
6980,18.81009741,17.38223112,21.94425979,20.67488537,21.18852632
11281,14.52148262,26.32609626,18.64932564,14.88531031,25.61778517
11194,15.02779615,23.68749501,18.8999783,19.97780992,22.40692062
31809,22.51735924,19.04910597,21.9446941,17.75295384,18.73588684
776,18.5767966,18.62503533,19.13107135,14.74001958,28.92707714
25389,14.37530211,18.88531184,21.96748988,20.04148121,24.73041496
3090,20.75389389,19.13772639,21.96964639,18.75600864,19.38272468
33794,17.73898186,20.24815931,21.97031465,17.94614528,22.0963989
4522,16.1444034,21.1963445,21.9713964,18.76375042,21.92410529
21392,20.8971782,16.07640111,21.97387992,15.17810289,25.87443787
13574,15.64995224,19.96061197,21.9805176,21.07067786,21.33824034
15165,15.79810517,22.08452928,21.98473995,18.84452822,21.28809738
33809,15.51769784,18.27923458,21.98552004,21.04642628,23.17112126
34121,19.45938117,22.43305298,21.98839787,20.09018134,16.02898664
24386,18.3276316,27.41673359,21.99678662,16.03641938,16.2224288
40512,17.65734139,19.51505002,21.9991011,20.30939556,20.51911193
7347,15.90471111,20.27667612,22.00256321,16.23105392,25.58499564
29021,17.24628578,20.64776799,22.00271494,18.60800377,21.49522752
21897,16.5613274,18.56680047,22.00448129,19.68931736,23.17807348
23022,16.09125005,23.81817767,22.00462483,17.3726368,20.71331065
34477,15.41213938,21.03199977,22.00501253,15.96932884,25.58151948
16194,18.4632575,19.3170476,22.00969481,16.85812225,23.35187784
8018,21.23946765,15.44065767,22.01296903,21.09688671,20.21001894
39579,18.97276307,22.10429394,22.01350851,21.68304541,15.22638907
6475,16.62313985,18.53335926,22.02037717,16.64779267,26.17533106
12766,15.66165283,23.30797867,22.02115534,17.80043242,21.20878073
40836,16.74896892,22.4825255,22.02122043,18.63674246,20.1105427
30447,16.95671739,19.62846697,22.02147002,16.54854812,24.8447975
28824,17.77483053,25.61871035,22.02194813,18.60620027,15.97831072
19177,19.00682705,23.39148783,22.0223618,19.81227602,15.76704731
36211,18.05143933,24.24760759,22.02407044,18.27201586,17.40486678
34910,16.25245134,23.57523088,19.09582935,17.0824742,23.99401422
40205,12.6348723,18.74453235,22.02510443,12.80156845,33.79392248
17645,18.83011701,19.52453094,22.02739937,16.85876388,22.7591888
37867,17.43310517,21.94752959,22.02782849,21.53377367,17.05776308
23713,17.09693418,19.14003434,22.03036431,16.52149676,25.21117042
31226,15.41822776,20.55449484,22.03237319,22.3434689,19.6514353
9310,19.72978883,19.9426896,22.03388709,17.50465234,20.78898215
27606,16.67120517,17.16827214,22.04012776,18.75369659,25.36669833
39631,23.53642699,18.51115317,22.04271227,18.89970367,17.0100039
38761,18.41468567,20.43441976,22.04387953,17.63652848,21.47048656
23598,22.55142244,19.19204994,22.04621149,19.94297132,16.2673448
38662,16.8062624,26.53280778,22.04631503,19.02058541,15.59402938
17396,17.1542343,19.72135871,22.04912369,18.33576385,22.73951944
20165,18.27427401,21.16309416,22.05168179,18.6437551,19.86719494
1365,17.96287064,20.1288125,22.05403203,17.73273352,22.1215513
2585,17.32700597,24.04551053,22.05483988,18.16394165,18.40870198
7946,16.26268891,19.35265309,22.05747579,19.47361879,22.85356341
34656,16.46108102,20.14896357,22.05980133,16.73661856,24.59353552
18145,17.0671645,25.85735045,22.05991807,17.64868252,17.36688447
40539,13.397024,36.95046312,22.06212561,19.85630852,7.73407874
9769,18.98687946,18.37328983,22.06527253,17.54612399,23.02843419
32126,19.26266855,15.14220626,22.06733564,20.81917463,22.70861493
32612,19.26266855,15.14220626,22.06733564,20.81917463,22.70861493
18833,20.59846916,17.16801657,22.07156484,16.25619785,23.90575158
1632,15.5413135,23.81574636,22.07250422,17.73113914,20.83929679
32306,18.51156038,19.44889907,22.07317006,17.35504651,22.61132398
32779,18.51156038,19.44889907,22.07317006,17.35504651,22.61132398
38891,16.90715899,22.64526175,22.07490426,17.66406833,20.70860667
3850,18.55632657,19.06624302,22.07733995,16.35921214,23.94087832
4268,18.55632657,19.06624302,22.07733995,16.35921214,23.94087832
16847,15.38818774,21.6207606,22.07774104,15.62727661,25.286034
33033,14.47387961,20.5040841,22.08152085,20.20946637,22.73104906
40704,20.91664955,21.81994599,22.08489277,20.87918703,14.29932466
6338,15.51248225,23.85554017,22.08683523,18.23654848,20.30859387
24244,17.01367135,24.82121802,22.08761559,17.87117372,18.20632133
15043,17.12256844,22.91923153,22.08791543,17.473878,20.39640661
7229,15.55116439,22.34782685,22.09133765,17.83652518,22.17314593
10707,15.72816998,19.41672228,22.09180151,20.67004862,22.09325761
26280,17.35482662,18.85878,22.09615184,18.06967279,23.62056874
26715,17.35482662,18.85878,22.09615184,18.06967279,23.62056874
27352,19.39701608,21.19862186,22.0965297,13.23379807,24.07403429
22292,15.73436246,20.86093976,22.0966668,16.53773403,24.77029696
23147,16.28155252,25.04136543,22.09779413,17.10943799,19.46984994
6629,16.10268582,20.71334854,22.10259019,15.89924782,25.18212763
25435,14.5273231,24.13222585,22.10518956,15.74109251,23.49416897
1993,13.93438115,24.97810996,22.11215588,17.73500935,21.24034367
11767,17.92379273,18.38226891,22.11735642,18.98627124,22.5903107
14994,15.06661433,23.07397157,22.12157335,17.43287235,22.3049684
29199,17.45784626,18.55542331,22.12263782,21.02568609,20.83840652
17270,18.14214191,20.56752674,22.12323719,19.12803254,20.03906162
17592,18.14214191,20.56752674,22.12323719,19.12803254,20.03906162
19725,18.49629361,16.21426706,22.12385734,15.80548281,27.36009917
15745,18.22198201,19.03125166,22.12720816,19.29097266,21.32858551
11882,15.68403206,22.22707359,22.127853,17.33700389,22.62403747
23256,14.16245892,29.29158486,22.1333159,17.30928521,17.1033551
39896,16.05590654,20.2708263,22.13331596,18.8838792,22.65607201
5598,18.29608667,18.6079115,22.13515505,15.61070777,25.35013901
26188,17.30984198,19.10644129,22.13716173,17.1376436,24.3089114
26622,17.30984198,19.10644129,22.13716173,17.1376436,24.3089114
9727,17.26817393,21.41304059,22.13717951,17.19860797,21.982998
11808,17.89662886,19.82926769,22.13985013,17.60896051,22.52529282
2495,18.8584907,22.24803102,22.14224115,18.50682959,18.24440754
11244,16.97162958,19.89067613,22.14335234,17.42029463,23.57404732
21383,18.23913048,17.46446461,22.1433667,20.78643635,21.36660185
37977,17.52723417,23.8654651,22.14470981,19.17742707,17.28516385
26239,17.27052253,16.88183114,22.14561181,18.58557854,25.11645598
26694,17.27052253,16.88183114,22.14561181,18.58557854,25.11645598
34786,17.74200117,17.445013,22.14613041,13.87443133,28.79242409
13769,13.88038478,24.60953725,22.14642358,20.39980652,18.96384787
14180,13.88038478,24.60953725,22.14642358,20.39980652,18.96384787
7955,20.71495975,19.60613752,22.14943004,20.92689781,16.60257487
27657,17.67335954,23.32802237,22.14964166,17.49772785,19.35124857
15332,15.66631965,20.09971473,22.1526458,14.81705314,27.26426668
32127,15.90177569,21.03896351,22.15340284,17.31207564,23.59378234
32632,15.90177569,21.03896351,22.15340284,17.31207564,23.59378234
11794,13.98601029,18.63280892,22.15725907,19.87670062,25.3472211
15631,17.42388341,22.33415697,22.1572838,17.66333758,20.42133823
41129,16.41980341,22.84654425,22.16156109,16.3424,22.22969125
36669,15.75343288,26.22619127,22.16383649,17.1996143,18.65692507
22346,18.15329571,18.82061582,22.16946199,15.88966585,24.96696063
7210,21.78222507,16.99733807,22.17110854,18.44229488,20.60703343
7475,16.72866089,27.96601609,22.1748129,16.99820903,16.13230109
41348,14.89302948,26.85238374,22.17498477,22.10410975,13.97549226
5493,15.57422779,19.68482802,22.17898744,21.30515314,21.25680362
5934,15.57422779,19.68482802,22.17898744,21.30515314,21.25680362
6474,19.36408264,19.15221085,22.18413124,21.21400482,18.08557045
2715,17.38463786,22.68155149,22.18718864,19.08498045,18.66164156
36374,20.78976665,21.12533179,22.18721814,15.82321852,20.0744649
6412,17.51373699,21.00511255,22.19014272,17.53035047,21.76065727
17757,15.51426922,21.23479279,22.19128287,16.28184471,24.7778104
41707,17.83138768,20.96062989,22.19311066,17.28885931,21.72601247
24083,16.78130998,20.77376303,22.1949591,16.90137668,23.3485912
19189,20.14785105,20.64936321,22.1964138,17.83632109,19.17005085
30542,16.05488429,20.58845099,22.20054244,15.78222892,25.37389336
1250,17.9700649,21.24117295,22.20619354,18.40062105,20.18194755
9361,16.23892979,23.14098392,22.20940535,19.7557543,18.65492664
38713,18.69414072,20.11496018,22.21660721,13.41279015,25.56150174
2394,16.23563185,23.27368287,22.21662118,16.67995373,21.59411036
5500,19.7039221,31.75350271,22.21903364,20.64384672,5.679694825
18448,18.37006234,15.83418065,22.22288242,12.12057634,31.45229825
16380,15.23282676,24.38314856,22.22360267,17.55230033,20.60812168
16769,15.23282676,24.38314856,22.22360267,17.55230033,20.60812168
10701,17.06777025,22.92497437,22.22685367,16.91333633,20.86706538
23302,17.27715092,20.01093833,22.22985086,17.52951339,22.95254649
1882,15.92005751,18.84012211,22.23006953,21.2658323,21.74391854
15708,15.04089185,20.28027424,22.24017638,16.01081358,26.42784396
40582,17.44617156,23.18033504,22.24080166,18.25936194,18.8733298
3220,16.26462807,21.29989502,22.24104532,16.70926275,23.48516885
36963,19.69535092,20.36058613,22.24115436,17.3405093,20.3623993
35698,18.43644504,27.80534159,18.99017572,17.82932168,16.93871597
16122,16.75266525,20.2317243,22.2451642,17.70626882,23.06417743
5103,16.77003286,23.10858316,22.24528842,18.71048073,19.16561483
40692,15.03540484,22.87335947,22.24627056,17.11185003,22.73311511
28808,16.34313738,19.74313524,22.246744,21.4678433,20.19914008
34326,15.94064592,21.27363782,22.24729132,16.43678846,24.10163648
38538,20.34312441,16.72845542,22.25009928,16.54802539,24.1302955
20258,20.76723167,16.91274813,22.25553785,22.97410505,17.0903773
38166,18.58574222,25.62016064,22.25658688,19.9285884,13.60892186
15252,17.74664783,21.93470518,22.26128551,21.5795759,16.47778558
20837,16.98283142,15.7402719,22.26261105,19.20888869,25.80539694
28454,18.19537675,20.19200833,22.26405058,21.31184799,18.03671636
39340,17.03411771,26.06041708,22.26830075,18.82611215,15.8110523
1005,14.42909428,19.02199546,22.27190059,20.50924389,23.76776577
3344,19.26983182,17.02498561,22.27513422,20.44454727,20.98550107
31339,22.08196282,19.28383672,22.2758612,17.28108828,19.07725097
33003,17.02193266,21.30623112,22.28266171,17.68353798,21.70563653
36639,17.2318171,24.67914506,22.28449879,14.14158005,21.662959
12911,17.29312196,19.6963856,22.2887566,15.09933945,25.62239639
590,20.64651194,21.43492284,18.87425711,22.86146278,16.18284533
268,19.29554875,22.90266436,18.87395018,20.25249599,18.67534071
1012,19.04408658,20.37012973,19.70307054,22.08620288,18.79651027
532,18.56931782,22.09629889,18.81771384,17.0084524,23.50821706
35100,16.71349665,29.4971869,18.78917399,19.39624436,15.6038981
37371,16.17274964,20.94184096,22.29698804,19.28541143,21.30300994
28044,19.77470797,31.5083288,22.29885499,20.71800924,5.700098993
17669,24.61171358,8.507530837,22.29897364,15.26662368,29.31515826
30954,16.35492849,21.52446701,22.30136576,17.46361147,22.35562726
1891,15.74696386,22.8148623,22.30215097,18.34275379,20.79326908
33522,14.48933393,20.40521755,22.30642438,20.41992633,22.37909781
35381,24.00041379,21.37225784,18.7262251,22.45031313,13.45079015
195,16.55841802,25.99430471,18.64957014,15.64437207,23.15333506
38096,13.59079509,25.06454555,22.31483834,16.21128987,22.81853115
26275,16.59044991,22.86179466,22.31597809,17.04591669,21.18586065
26699,16.59044991,22.86179466,22.31597809,17.04591669,21.18586065
1006,15.55449949,19.99785394,22.31747064,18.77804909,23.35212685
32403,19.96582995,19.27362647,22.31965574,19.24367008,19.19721776
25078,14.67255561,18.42201757,22.32335552,19.42822392,25.15384739
36861,19.14913589,18.69174981,22.3257244,17.91607735,21.91731256
33252,17.48697608,22.03461032,22.33776749,17.21474844,20.92589767
33695,17.48697608,22.03461032,22.33776749,17.21474844,20.92589767
15693,15.59761183,23.33158182,22.33933812,17.8163535,20.91511473
7670,14.38223176,22.08242306,22.34259816,16.51863081,24.67411621
39609,18.94420237,19.42609043,22.34638987,17.62870203,21.6546153
605,16.55841802,25.99430471,18.64957014,15.64437207,23.15333506
4029,18.04285334,20.55616987,22.34919014,16.11691209,22.93487455
30543,17.01385023,22.81395453,22.35116265,17.16905773,20.65197486
12958,15.09481073,20.1140119,22.35130958,15.93533274,26.50453506
27916,19.82297491,31.34115145,22.35328297,20.76857863,5.714012034
7613,17.78970481,20.26048526,22.35351321,18.90946174,20.68683498
5791,16.50184452,22.42886755,22.35735799,16.73569958,21.97623036
23722,17.35535218,23.62092108,22.3623719,19.38411579,17.27723905
16887,16.04670124,20.28748638,22.364188,16.11528474,25.18633964
18628,17.13414112,16.98733315,22.36464623,17.78270739,25.73117211
19047,17.13414112,16.98733315,22.36464623,17.78270739,25.73117211
17611,17.89359539,16.95508206,22.36465769,12.19719194,30.58947292
16164,18.48094224,20.33324473,22.36728421,16.76036581,22.05816301
23960,16.54764375,23.81999575,22.36971435,17.86582616,19.39682
15500,16.59607003,21.99533627,22.3729132,17.48229714,21.55338336
36749,15.99264071,19.13326083,22.37742562,13.41932914,29.07734371
18774,15.36586708,19.52611364,22.37865313,15.97150225,26.7578639
35880,16.10331856,18.93916884,22.37899005,20.60052448,21.97799806
28146,19.84865505,31.25220575,22.38224105,20.79548377,5.721414384
18700,19.84865505,31.25220575,22.38224105,20.79548377,5.721414384
16687,16.8320906,16.92358948,22.3825398,20.52588908,23.33589103
7083,20.91992378,17.44650369,22.38398699,21.00170046,18.24788508
21950,17.1185836,19.75126987,22.38435791,17.00921438,23.73657424
15123,19.3865424,18.85943747,22.38473715,19.09046321,20.27881978
22244,19.139615,18.54612839,22.38630649,17.29806609,22.62988404
119,21.65474471,19.86768801,18.55671854,19.4033447,20.51750405
38609,18.66115781,23.52420235,22.38771321,19.45941495,15.96751168
6242,15.49041326,22.85937467,22.39203571,17.49377918,21.76439718
38459,18.70035861,19.37702301,22.39264735,22.55784916,16.97212188
30718,16.4720405,22.80496986,22.39271738,16.9912286,21.33904366
39523,17.59880602,22.05538211,22.39426528,16.78632111,21.16522547
16969,19.87875332,18.44015898,22.39623708,17.87837745,21.40647318
17388,19.87875332,18.44015898,22.39623708,17.87837745,21.40647318
29652,19.75300138,15.04091611,22.39779654,17.73035838,25.07792759
31306,18.69115607,18.16935931,22.39881701,20.98851118,19.75215643
31776,18.69115607,18.16935931,22.39881701,20.98851118,19.75215643
35391,19.69333836,19.04520601,18.53373436,19.51045753,23.21726374
38894,17.16516603,25.66530566,22.4065905,17.98347689,16.77946093
18854,19.87127559,31.17385724,22.407749,20.81918337,5.727934801
20989,18.19935013,17.370179,22.41347473,20.74365871,21.27333743
35399,20.31134123,27.25246572,18.51620526,20.02878582,13.89120197
28252,17.81417582,23.02166313,22.41750032,16.99234698,19.75431375
28704,17.81417582,23.02166313,22.41750032,16.99234698,19.75431375
29328,19.5175753,22.42953273,22.42096587,18.61955157,17.01237453
15707,18.92037954,19.80370384,22.42266794,17.1938916,21.65935708
15380,17.79245447,21.05534495,22.4253188,21.88049891,16.84638287
35620,18.65201755,21.64085357,18.49203706,18.1105471,23.10454472
14327,17.24705661,19.7386419,22.43464637,17.17729096,23.40236417
5937,19.59751325,14.54406513,22.4437422,20.16162468,23.25305474
10634,19.08556745,18.83971198,22.44405978,17.35030424,22.28035654
36488,16.38054843,21.34970008,22.44887144,20.16803038,19.65284966
6005,18.54197405,22.84589967,22.45081954,18.00926429,18.15204246
6248,19.36410924,19.2749293,22.45136265,18.48152889,20.42806992
6198,14.91271769,21.8040241,22.45312757,15.87362008,24.95651056
6647,14.91271769,21.8040241,22.45312757,15.87362008,24.95651056
27899,22.57650044,15.79972193,22.45505558,18.16956353,20.99915852
28317,22.57650044,15.79972193,22.45505558,18.16956353,20.99915852
32249,17.16381882,21.08575172,22.4592013,17.19424091,22.09698724
32697,17.16381882,21.08575172,22.4592013,17.19424091,22.09698724
14272,16.83053273,22.16495838,22.45956815,16.86933236,21.67560837
27790,18.68963484,18.59343263,22.46150568,17.34893367,22.90649319
6437,20.65444831,20.30884678,22.46798105,17.9525155,18.61620835
1797,16.08466338,20.77630506,22.46805517,19.66028419,21.0106922
39186,13.98075183,36.69913354,22.46914359,18.64092354,8.210047489
27586,15.6503874,21.2722849,22.47728988,15.44452632,25.1555115
9598,18.77354243,23.58464052,22.47767022,18.2084772,16.95566962
13547,15.6257736,19.67742454,22.4829117,19.10844724,23.10544291
12654,18.10702083,20.13745874,22.48583064,17.59436434,21.67532544
10669,18.97475079,14.56751869,22.48583292,18.07947982,25.89241778
11236,18.29453986,21.2375956,22.48642954,17.53185472,20.44958028
22273,17.96621837,22.62900466,22.48674568,19.43785169,17.4801796
1878,14.17498767,19.21323936,22.48782554,20.5383128,23.58563463
29995,19.94530238,30.91745809,22.49122495,20.89674141,5.74927317
1020,17.62069033,20.86278845,22.49259783,17.09159877,21.93232463
3593,18.15108244,18.58002677,22.49403515,18.77014356,22.00471207
8763,17.71450239,20.48263262,22.49556239,16.7022711,22.6050315
23775,20.28974947,19.35906722,22.49820159,17.79324882,20.0597329
24208,15.48639391,21.49165206,22.50001739,16.30968155,24.21225509
39258,16.58743021,18.71001189,22.50198332,18.13632691,24.06424768
8986,18.78251918,18.12604319,22.50217915,14.79446797,25.79479051
23347,20.08788436,15.26783597,22.50468025,14.76802836,27.37157106
41386,17.053331,20.21621218,22.50752577,17.0857692,23.13716184
25757,22.12452512,15.14119456,22.50930226,17.18240331,23.04257476
39034,19.81368943,18.2989736,22.51345712,21.83034976,17.54353009
9129,17.00355463,16.47030359,22.51637608,20.37938742,23.63037828
9545,17.00355463,16.47030359,22.51637608,20.37938742,23.63037828
33239,15.64830879,20.15272957,22.51645353,18.84228418,22.84022392
41468,21.95092324,21.2468575,22.51705143,19.11883536,15.16633247
22628,19.67204629,16.517773,22.51714313,17.45474238,23.8382952
34887,22.0909505,18.36792678,18.48390188,19.15240164,21.90481921
29716,17.1331538,17.29327755,22.52861095,16.58605079,26.45890692
20508,19.21499526,17.99285756,22.52970232,17.24758648,23.01485839
4337,16.64815013,20.3901959,22.53209119,18.17078896,22.25877381
1421,16.8553767,20.36423775,22.53926637,20.23079192,20.01032725
15069,17.77934673,19.54801595,22.54257082,18.17348252,21.95658399
5237,19.32007926,15.44942256,22.5467618,17.27398836,25.40974803
8052,17.20572764,20.61400856,22.54986969,21.12839106,18.50200304
12998,17.6696039,18.4292863,22.55054831,20.18167173,21.16888975
23484,13.7406074,21.14623679,22.55270469,21.88192073,20.67853038
31998,15.93759024,20.2763742,22.55275225,15.91915605,25.31412727
32491,15.93759024,20.2763742,22.55275225,15.91915605,25.31412727
31089,17.25983482,18.28992881,22.55345848,19.39230176,22.50447613
31573,17.25983482,18.28992881,22.55345848,19.39230176,22.50447613
24608,16.95005707,19.01949474,22.55944007,18.29265129,23.17835683
28881,16.45587566,19.31212016,22.56072192,20.38356036,21.2877219
21896,18.48561297,14.66579577,22.56497142,15.45644754,28.82717229
15518,15.6433078,23.4250537,22.56971855,16.35788772,22.00403223
10905,20.01627932,30.67162238,22.57126176,20.97110412,5.769732415
10952,20.01781391,30.66630715,22.57299224,20.97271192,5.770174765
19520,18.63067944,17.60467187,22.57399879,15.24971772,25.94093218
6327,21.04200736,17.49110659,22.57679868,18.17160208,20.71848529
93,20.25813013,20.9995083,18.42385942,20.94773781,19.37076433
26471,19.97597127,15.54964587,22.58594697,17.04047524,24.84796065
26904,19.97597127,15.54964587,22.58594697,17.04047524,24.84796065
24175,19.85272339,18.93579074,22.59087612,20.77076842,17.84984133
19284,21.4032732,15.71898821,22.60799977,16.8262463,23.44349253
40763,14.68004617,20.863891,22.6110603,15.60131291,26.24368962
20379,18.21314734,20.82294755,22.61126097,17.12356213,21.22908201
8552,19.00577093,17.43313609,22.61276202,16.41368459,24.53464638
15197,16.97107559,21.96614383,22.61351195,20.10595972,18.34330891
14738,17.54243327,21.77036503,22.614988,18.04919355,20.02302016
41538,20.37118857,19.07538951,22.61567974,18.13832043,19.79942175
22819,14.7072582,18.86534906,22.61677569,15.86698987,27.94362718
23307,14.7072582,18.86534906,22.61677569,15.86698987,27.94362718
3126,16.84159702,20.28269988,22.62112922,15.74193184,24.51264204
6346,15.67687397,23.72552902,22.62132424,18.72285061,19.25342217
38973,15.85274419,23.1205272,22.62259866,14.99937468,23.40475527
36529,18.71954955,19.1617863,22.62604525,15.23145862,24.26116027
12395,20.0661485,30.49889551,22.62749651,21.02335218,5.784107305
32370,13.69716869,22.45747306,22.62908469,21.14848321,20.06779035
32825,13.69716869,22.45747306,22.62908469,21.14848321,20.06779035
11046,18.13217886,22.41083028,22.62928554,18.64653886,18.18116646
40370,16.31151783,19.69684851,22.6305086,20.5005307,20.86059436
1088,16.63900715,18.05491575,22.63093394,18.53215096,24.1429922
15681,17.32161928,20.20034777,22.63488596,23.31855801,16.52458897
8961,17.80590586,15.4066906,22.63545189,20.51346325,23.6384884
9381,17.80590586,15.4066906,22.63545189,20.51346325,23.6384884
32436,16.68965566,19.86268343,22.63703148,16.75550156,24.05512787
32887,16.68965566,19.86268343,22.63703148,16.75550156,24.05512787
280,17.77230682,27.40742031,18.40956824,18.30485872,18.10584591
15505,17.79142108,19.31563596,22.64138195,15.30367606,24.94788496
26976,17.13131973,22.22225071,22.642433,18.59402245,19.40997411
531,18.17964705,23.10730508,18.40070032,16.6845199,23.62782766
22824,22.37176052,16.06777822,22.650342,17.56117848,21.34894078
18177,16.95441857,22.22294606,22.65563639,18.01603343,20.15096555
15247,20.0699696,19.52581792,22.65572188,17.35470201,20.39378859
25601,21.15159009,16.6794337,22.65777731,18.46175454,21.04944436
17265,13.72907515,21.51857844,22.66086147,21.98763902,20.10384592
23599,17.7646091,20.70342422,22.6681991,17.72153748,21.1422301
24831,19.69272228,20.34295579,22.67525544,17.49746297,19.79160352
9460,19.12531548,20.65864943,22.67709488,20.76827433,16.77066589
39091,15.33407947,22.4372884,22.67802934,16.6311285,22.9194743
15731,20.05437975,16.89961857,22.67850277,17.18321996,23.18427896
18261,16.9659339,20.28384559,22.6816781,16.5501904,23.518352
18676,15.94531235,18.1045229,22.68275128,20.3315461,22.93586738
30840,16.50784855,19.58672522,22.69372495,21.82598005,19.38572122
35697,19.73551613,16.50865149,18.38486024,21.95076702,23.42020512
18742,19.1993782,23.68259486,22.69622765,18.8593973,15.56240198
19133,19.1993782,23.68259486,22.69622765,18.8593973,15.56240198
2026,17.85435604,21.1799808,22.69672508,18.15772661,20.11121147
39972,18.55230849,18.65529354,22.70971278,20.74186107,19.34082412
16273,18.15829669,19.57909869,22.71159536,17.15920991,22.39179935
16682,18.15829669,19.57909869,22.71159536,17.15920991,22.39179935
4802,16.36271262,16.91342619,22.71273877,17.11678418,26.89433824
32099,18.96672349,21.72820664,22.71486966,18.16841456,18.42178566
32589,18.96672349,21.72820664,22.71486966,18.16841456,18.42178566
6260,17.17329159,17.92086328,22.72323169,18.99824954,23.18436391
39916,18.2229849,20.13767781,22.7233073,16.50740553,22.40862447
39170,18.91178174,19.2623607,22.72413263,19.07061394,20.03111099
26277,18.1839231,20.42146932,22.72972566,17.72196699,20.94291492
26711,18.1839231,20.42146932,22.72972566,17.72196699,20.94291492
11866,15.63417288,21.90131736,22.7299023,17.80653162,21.92807585
23327,17.62386858,16.67390844,22.73251704,19.30017474,23.6695312
24363,15.22610786,17.64943899,22.73422049,14.12943378,30.26079889
5443,19.22292342,17.81776055,22.7386429,19.37183123,20.8488419
10733,16.45091771,20.45389765,20.71721898,22.04489127,20.33307438
21643,13.56344413,30.54447304,22.73924853,21.8717506,11.2810837
698,21.24522828,25.83345353,18.21567415,19.5972825,15.10836154
29755,14.88670459,22.09517262,22.74062865,16.88799108,23.38950306
30140,14.88670459,22.09517262,22.74062865,16.88799108,23.38950306
3604,19.05748226,16.4388278,22.7431354,20.58352996,21.17702458
37875,21.21640106,17.67610668,22.74661357,17.83437279,20.5265059
19343,19.73255622,13.44447447,22.75145188,17.73764879,26.33386863
17047,16.43565426,20.90622508,22.75504622,20.74233024,19.1607442
931,20.91958849,20.36869457,22.75899333,17.24817573,18.70454787
30356,17.09403588,17.86175166,22.76141483,19.68466866,22.59812898
9766,16.98322061,24.10106832,22.76430215,18.29578403,17.8556249
23157,17.1341725,25.14264386,22.77036564,18.72228502,16.23053299
7305,20.93115038,19.77946042,22.7712475,17.98751105,18.53063066
29388,15.85896303,29.25116584,22.77143748,16.20954052,15.90889313
23818,16.08636582,21.414839,22.77701697,17.35578111,22.36599709
9098,16.0952587,24.11383224,22.77752986,17.55262571,19.4607535
9499,16.0952587,24.11383224,22.77752986,17.55262571,19.4607535
10914,16.42775969,24.33003875,21.94427305,16.42559926,20.87232925
38274,15.76164327,21.60770945,22.78556111,16.52636549,23.31872068
20721,15.67478641,22.79539522,22.78763633,16.3640389,22.37814313
6937,16.24049233,25.00851712,22.79535346,18.20243129,17.7532058
14455,18.1151322,20.73333806,22.80214794,21.17732488,17.17205692
35640,17.33800689,22.19725983,18.16502329,20.92090329,21.37880671
22127,16.34642896,24.5263355,22.80554211,15.27765303,21.04404039
9887,19.78816338,19.83454313,22.8107896,19.40250565,18.16399825
23196,16.93983856,20.46758605,22.81186315,16.6021138,23.17859844
5120,14.31139809,21.01942109,22.81299609,16.23658702,25.6195977
7755,16.50266489,19.81683438,22.81541848,23.11696843,17.74811382
33152,15.22643343,22.44079707,22.81910318,17.70000221,21.8136641
33599,15.22643343,22.44079707,22.81910318,17.70000221,21.8136641
10242,16.9921595,21.32408282,22.82035327,18.96383901,19.8995654
36479,16.49082927,19.33468559,22.83205828,21.11815183,20.22427503
1950,16.17962637,22.08060089,22.83403438,17.62844641,21.27729194
6543,16.76717877,23.6255233,22.83997413,18.1407765,18.62654731
1894,16.47339318,20.55445797,22.84420427,19.58546506,20.54247952
33059,15.74310694,21.72079102,22.84970419,17.78376747,21.90263039
1130,17.66998967,19.39047033,22.85042233,18.7153384,21.37377928
19643,20.50213208,14.34140874,22.85198192,21.40823019,20.89624706
13503,17.49528873,21.94555698,22.85487127,18.93487117,18.76941184
4707,18.72637817,19.5948448,22.85853428,18.44616138,20.37408138
13641,15.03176258,21.0952495,22.86172799,20.04712084,20.9641391
14077,15.03176258,21.0952495,22.86172799,20.04712084,20.9641391
96,18.14287834,26.03931123,18.15609141,21.6334787,16.02824032
27838,14.9156782,19.03214565,22.88028644,14.12762371,29.04426601
16268,14.93746826,25.08280382,22.88029562,16.82753998,20.27189233
16677,14.93746826,25.08280382,22.88029562,16.82753998,20.27189233
29749,16.81449412,23.72749347,22.88572706,16.37658364,20.19570171
30128,16.81449412,23.72749347,22.88572706,16.37658364,20.19570171
21891,15.49975106,17.81824878,22.88665187,16.84519159,26.9501567
7278,15.54875157,20.70649385,22.88846684,20.59973921,20.25654853
26182,14.46917473,25.77244441,22.88951937,19.38937384,17.47948765
26623,14.46917473,25.77244441,22.88951937,19.38937384,17.47948765
5609,15.57533966,31.58533211,22.89165856,16.09763515,13.85003451
6022,15.57533966,31.58533211,22.89165856,16.09763515,13.85003451
36742,19.14263677,23.99156495,22.89614236,17.78498776,16.18466816
7177,18.75483725,21.26467544,22.90015718,20.88219151,16.19813861
15624,17.80079233,18.85103341,22.91773695,20.87269666,19.55774066
34568,17.01808006,21.04576765,22.91805984,18.25320364,20.76488881
32298,16.91482646,18.69216447,22.91992284,17.53165741,23.94142882
24255,18.35903497,19.25226221,22.92349805,16.35335217,23.1118526
31320,17.7706899,19.91082834,22.92435568,16.69826876,22.69585731
31789,17.7706899,19.91082834,22.92435568,16.69826876,22.69585731
7315,19.0781733,17.20956086,22.93160112,20.02225607,20.75840864
27396,21.90768816,9.599415115,22.93864696,14.77949762,30.77475215
5942,14.41116058,23.27238518,22.940122,16.82561899,22.55071324
13127,16.37888272,18.16172173,22.94163338,14.96616025,27.55160192
29065,15.00830324,25.00189407,22.94249999,13.04679411,24.00050859
17873,16.03268301,19.61353186,22.94837446,21.36024287,20.0451678
29965,20.35545394,29.49685727,22.95373041,21.3264582,5.867500177
1235,19.02441941,18.20260545,22.95477966,17.76539035,22.05280513
32156,16.29292143,18.80500308,22.95565687,18.53531913,23.41109948
32609,16.29292143,18.80500308,22.95565687,18.53531913,23.41109948
15236,15.55104936,23.57964413,22.96204905,18.46812072,19.43913674
5666,16.38387736,20.36308646,22.96290143,17.32802907,22.96210568
18204,17.61308926,24.27143225,22.96335483,19.82824332,15.32388034
5409,16.1326185,21.19056202,22.9694149,16.8540175,22.85338708
16211,14.43627192,20.93286893,22.97164509,14.23583309,27.42338096
16611,14.43627192,20.93286893,22.97164509,14.23583309,27.42338096
36830,17.80878149,16.96351613,22.97314498,17.0597231,25.19483429
25720,20.60735958,20.5977693,22.98097884,21.44456183,14.36933045
12962,15.41502874,22.14134914,22.98299003,15.73319526,23.72743683
39033,18.04366406,23.57044517,22.98484486,16.07622995,19.32481596
3753,16.50934599,20.76605878,22.99048923,17.11526376,22.61884224
4159,16.50934599,20.76605878,22.99048923,17.11526376,22.61884224
5650,17.59264303,21.48142013,22.99257644,18.23431632,19.69904407
6060,17.59264303,21.48142013,22.99257644,18.23431632,19.69904407
13291,16.96939344,23.65140633,22.99730985,16.97363761,19.40825277
4389,17.18495804,19.280534,23.00366608,19.8261861,20.70465578
13578,20.40193939,29.3358503,23.0061495,21.37516111,5.880899699
1795,15.24110164,22.87008092,23.00731413,16.73366415,22.14783916
29104,18.38295341,13.68399274,23.02650506,20.93859983,23.96794897
28471,18.95164387,7.686589557,23.03072657,19.04888051,31.28215948
34798,15.8940373,21.79308256,23.03239052,16.50420818,22.77628144
508,18.14287834,26.03931123,18.15609141,21.6334787,16.02824032
27855,17.8120426,19.31624171,23.0410644,20.08345148,19.7471998
28284,17.8120426,19.31624171,23.0410644,20.08345148,19.7471998
33390,14.64043159,22.41195274,23.04147763,15.39324223,24.51289582
27343,14.69958815,21.17570993,23.04222359,17.57619674,23.50628158
20696,18.59124477,18.05784499,23.0434328,22.41165843,17.89581901
4476,18.44910126,18.23230701,23.04614472,18.85734758,21.41509943
29485,16.48697508,21.06071973,23.04948427,16.91040483,22.49241609
17437,14.55473174,20.93180147,23.05421934,21.27959886,20.17964859
26398,15.64506683,22.86204512,23.05516412,17.14862437,21.28909955
26815,15.64506683,22.86204512,23.05516412,17.14862437,21.28909955
40548,15.31019132,22.29972093,23.05559183,15.38777006,23.94672587
1420,15.82636329,20.6049526,23.05568943,17.01676843,23.49622625
22590,15.51052199,19.96452607,23.0557228,14.85280655,26.61642259
6222,17.3036998,17.21381389,23.06912617,20.98534639,21.42801374
6666,17.3036998,17.21381389,23.06912617,20.98534639,21.42801374
15977,16.64706328,22.11178058,23.06943723,17.87548251,20.29623639
18466,17.50011449,21.64717433,23.0695793,17.90381623,19.87931565
6805,15.80702382,18.76127235,23.07195633,19.41287768,22.94686982
32394,16.52597615,19.96840542,23.07307135,16.97729404,23.45525304
32853,16.52597615,19.96840542,23.07307135,16.97729404,23.45525304
7621,19.93336677,18.70127042,23.07353492,19.33400643,18.95782145
29347,14.21937474,24.60355843,23.08210963,17.68886902,20.40608817
18580,16.50338261,20.84349559,23.08304369,21.084605,18.48547311
18386,21.62185154,19.35155964,23.08524487,20.46877517,15.47256878
20802,18.71972964,18.21229876,23.08569904,17.1767384,22.80553415
10061,17.59202737,26.21792719,23.08792338,21.3765942,11.72552786
7141,19.0475938,18.7420055,23.08993711,17.7261372,21.3943264
18393,15.19643958,22.43825739,23.0937042,16.07242111,23.19917772
36010,17.62755381,20.01305622,23.09830381,16.99723381,22.26385236
13343,15.8246216,19.28225068,23.10204818,18.31767578,23.47340376
7279,18.31367588,15.75657395,23.11147488,18.43703194,24.38124335
38672,21.3225155,17.82069944,23.11191801,18.71514973,19.02971731
13366,18.17235,22.11758791,23.11522299,14.906985,21.6878541
13492,15.11307494,21.22432335,23.11739806,16.44591475,24.0992889
12374,15.61736189,21.70207002,23.11788087,15.67848235,23.88420487
15307,16.15357589,19.30757209,23.12654279,14.88841213,26.52389711
29550,18.39010733,19.77997504,23.12695586,16.0164947,22.68646707
14163,10.64476116,33.18660093,23.14239409,20.9834445,12.04279931
8952,18.78149969,16.88500898,23.14510085,16.56557145,24.62281903
9368,18.78149969,16.88500898,23.14510085,16.56557145,24.62281903
5716,18.76461426,18.7335243,23.14669382,22.75366792,16.60149971
6132,18.76461426,18.7335243,23.14669382,22.75366792,16.60149971
6648,15.95763766,24.24307983,23.1584017,17.58917013,19.05171068
38161,16.33915123,24.34142109,23.15991411,17.38310154,18.77641204
12779,16.00362753,21.63140152,23.16021245,17.18459252,22.02016599
17205,13.55538997,22.24214871,23.17179665,16.85677265,24.17389203
17606,13.55538997,22.24214871,23.17179665,16.85677265,24.17389203
15362,14.68739407,23.93177072,23.17570521,16.69086877,21.51426123
17728,15.67755966,20.48341427,23.17902307,16.15105898,24.50894402
24320,13.69073421,23.52236979,23.17925154,14.13146869,25.47617578
10443,15.23513103,18.13071248,23.17958377,18.86587436,24.58869836
14770,15.70107411,21.7777302,23.18511404,15.23534173,24.10073992
2971,18.62952169,16.2747396,23.18579602,16.87249482,25.03744787
28001,16.43589969,23.14200082,23.18873428,15.07685837,22.15650684
28410,16.43589969,23.14200082,23.18873428,15.07685837,22.15650684
27082,16.91473837,18.4783807,23.1890971,15.9127562,25.50502762
28218,20.57075151,28.75115271,23.19650968,21.55202597,5.929560128
11089,16.04174396,21.65285197,23.20180806,16.34103885,22.76255716
11529,16.04174396,21.65285197,23.20180806,16.34103885,22.76255716
24509,15.82143073,25.0926479,23.20310938,16.3856934,19.49711859
21787,15.76313078,30.22088047,23.20366132,21.03883235,9.773495078
15898,14.60303692,20.72439585,23.20378198,15.55079005,25.9179952
25204,18.67766885,20.44517807,23.20838504,16.55607051,21.11269753
38837,18.38424019,24.21070978,23.20878979,19.37371071,14.82254953
40771,14.94031537,21.76039568,23.20881509,16.59925207,23.49122179
1069,18.33658984,22.10430728,23.22757925,17.59299754,18.73852609
9040,20.36213204,18.79933503,23.2284335,19.09406562,18.51603381
7829,14.48220804,23.9712614,23.23097677,17.15640061,21.15915319
14986,15.83193096,18.93401972,23.23273875,22.00052764,20.00078292
7126,18.76111752,18.72754132,23.2366439,17.25213425,22.022563
16213,17.56510822,25.75959025,23.25151379,17.65507239,15.76871535
16628,17.56510822,25.75959025,23.25151379,17.65507239,15.76871535
20648,18.9393477,18.18394574,23.25409601,17.41056826,22.21204229
12269,16.90227785,20.62522211,23.25922203,15.26556394,23.94771408
18029,14.39310127,22.01404346,23.26234116,15.58937266,24.74114145
39983,18.11417172,15.71837289,23.27141166,14.47573293,28.4203108
38345,17.82402838,15.98168165,23.28327553,23.10613877,19.80487567
14810,16.74754105,21.57003047,23.29454705,17.39494257,20.99293886
2359,16.51129933,18.54095005,23.29704104,18.88236873,22.76834086
14035,15.14955761,21.78809101,23.29746663,17.15266737,22.61221737
13695,15.65170686,21.14336836,23.29930841,16.78207884,23.12353753
14119,15.65170686,21.14336836,23.29930841,16.78207884,23.12353753
39810,15.93724687,19.06038937,23.31798441,17.51394294,24.17043642
32219,16.04902437,17.38611053,23.31874053,19.10056999,24.14555457
24626,20.68787175,28.3454951,23.32857976,21.67473313,5.963320271
38381,18.10249636,19.0175994,23.33088696,17.79249254,21.75652474
36822,22.35433989,17.59289551,23.33378408,19.15190674,17.56707377
9876,16.89016895,21.82012106,23.33721953,18.06624506,19.8862454
24174,16.90343085,22.0580866,23.3378425,17.08302878,20.61761128
35578,17.67741866,23.89607643,18.14039658,16.89310344,23.39300488
35268,13.03189445,33.4455084,18.08973933,20.22057669,15.21228113
28072,14.85518701,21.33437782,23.34540866,15.84470492,24.62032159
28447,14.85518701,21.33437782,23.34540866,15.84470492,24.62032159
35174,19.11824666,26.55710082,18.08946627,18.25126902,17.98391723
33913,15.99471561,18.99610647,23.34656956,20.81761242,20.84499595
22430,18.37347932,20.14659103,23.34785066,17.80468472,20.32739426
12147,17.11990113,18.10352407,23.34917924,18.71111414,22.71628142
24270,17.49349421,20.88154266,23.35019842,16.83578232,21.43898239
33571,15.71511573,17.73245696,23.35053982,15.4011728,27.80071469
7352,16.2149564,18.70124877,23.36337748,18.64348889,23.07692846
10136,18.87056073,18.9852031,23.36681306,17.70991599,21.06750711
3142,15.84590677,21.76406112,23.36761811,17.28396962,21.73844439
32190,17.79080431,18.40097309,23.36883267,18.51547081,21.92391913
27991,15.71668416,20.88549644,23.37120728,16.15778849,23.86882363
28396,15.71668416,20.88549644,23.37120728,16.15778849,23.86882363
11337,16.42775969,24.33003875,21.94427305,16.42559926,20.87232925
13173,20.75853275,22.19060379,23.37355146,19.72176722,13.95554477
13054,18.46383781,19.10493873,23.37401541,19.49379001,19.56341804
19045,20.91658644,18.82006431,23.37488874,17.30515593,19.58330459
9645,21.1584619,17.00231481,23.38236885,14.23398155,24.22287289
3637,14.99056355,21.41708214,23.38324162,18.2973414,21.91177128
8084,18.58103551,17.85695675,23.38388127,18.10732519,22.07080128
35959,17.63012484,22.29444318,23.38511746,17.730403,18.95991152
5659,15.56643513,21.03836995,23.38565666,16.56142889,23.44810936
6069,15.56643513,21.03836995,23.38565666,16.56142889,23.44810936
21613,16.52694809,21.58544351,23.38607511,17.10024613,21.40128715
13053,18.0057681,19.35094403,23.3898758,18.38506769,20.86834438
30459,14.81631818,23.24050838,23.39040964,17.41403853,21.13872527
3607,17.38495349,19.43727489,23.3904518,19.1665158,20.62080401
37846,17.02000166,23.02021459,23.39225797,16.73865681,19.82886897
22832,16.55412526,21.51955529,23.39280546,19.36951309,19.1640009
17896,16.76298697,19.15083936,23.39369171,19.97114394,20.72133803
7119,14.32930664,21.25717394,23.39501275,19.93875293,21.07975374
21226,16.71121013,21.34518595,23.39742187,17.29740413,21.24877793
24262,14.76451681,21.75811475,23.40777803,15.52533256,24.54425786
13150,15.42214958,20.52662885,23.41066906,15.2305777,25.40997481
38336,15.81638663,21.489832,23.41845091,16.62862182,22.64670863
36793,14.61227465,20.17675266,23.41929154,20.16541182,21.62626934
10633,14.30457952,22.20863562,23.42211567,15.31325882,24.75141038
27746,17.72275398,17.86563749,23.42740054,20.16196693,20.82224107
8033,17.45120343,22.65395118,23.42861533,16.81203234,19.65419772
27170,15.81088007,21.47810978,23.43735499,15.79466541,23.47898975
12542,18.52954416,19.8378596,23.43793676,21.45741009,16.7372494
1753,14.53476993,19.84978207,23.43877424,20.14698195,22.0296918
6885,18.57190214,20.87567706,23.43910942,18.77597692,18.33733446
28016,17.18621195,20.07520258,23.4419668,21.5927489,17.70386977
28421,17.18621195,20.07520258,23.4419668,21.5927489,17.70386977
27417,16.73282329,20.60918717,23.44560144,15.23605945,23.97632865
33662,14.77460083,24.14746684,23.44904661,16.72251878,20.90636694
38809,19.10754263,16.85453512,23.45338354,18.66733947,21.91719924
15621,14.9594216,21.3802587,23.4546087,16.48191814,23.72379285
29848,18.39521481,20.61283491,23.45649144,18.02554335,19.50991548
30206,18.39521481,20.61283491,23.45649144,18.02554335,19.50991548
7167,14.94207573,22.83444152,23.4568031,15.59711257,23.16956707
33864,17.96050742,16.90548977,23.47212879,13.56924347,28.09263056
20717,15.56869729,21.73554475,23.47229715,15.66142125,23.56203955
23989,15.8287149,21.94172737,23.47236165,16.80802294,21.94917314
38813,15.39593557,18.87765167,23.47279163,19.96779282,22.28582831
15212,16.99031821,20.98448516,23.48092525,15.94985528,22.5944161
14780,13.74878476,25.45813159,23.48350141,17.54814907,19.76143317
26408,15.08448957,21.17131145,23.48562866,15.5336768,24.72489352
26824,15.08448957,21.17131145,23.48562866,15.5336768,24.72489352
26425,20.82904312,27.85653396,23.48777099,21.82263872,6.004013202
18321,16.53893561,23.54250329,23.49265537,18.18740547,18.23850027
23274,17.71163253,25.22452412,23.50080521,18.80652875,14.75650939
23606,18.46323585,22.08370537,23.50269242,18.23944468,17.71092168
12017,18.02068598,19.63614746,23.50273289,18.00849865,20.83193501
12463,18.02068598,19.63614746,23.50273289,18.00849865,20.83193501
9506,17.8097102,16.41903749,23.50888847,16.33730798,25.92505586
15710,16.68968611,20.70141391,23.5130245,16.89199959,22.20387589
37300,16.79074473,20.94372462,23.51575311,17.50547246,21.24430508
26177,20.85391332,27.77039358,23.51581574,21.84869528,6.011182084
12393,20.85391332,27.77039358,23.51581574,21.84869528,6.011182084
14248,20.85391332,27.77039358,23.51581574,21.84869528,6.011182084
36984,18.30265419,17.09838782,23.51836457,18.97053337,22.11006005
13497,15.86669711,19.4102005,23.51866039,15.94718106,25.25726093
23052,15.80086818,21.87887856,23.52461462,16.72865302,22.06698562
22311,14.58782716,21.86455813,23.53033206,15.53971548,24.47756716
1234,19.52270623,16.83577516,23.53278126,18.1273886,21.98134875
14571,14.42945521,21.64597438,23.53410272,15.8797509,24.51071679
18097,18.41698134,20.21479991,23.53458476,18.08250251,19.75113148
30820,16.55098362,21.84558801,23.53596065,17.82631477,20.24115296
14694,14.48340186,22.51435013,23.53654983,17.13757764,22.32812055
2624,17.33703325,21.12669367,23.53670824,17.92493806,20.07462678
21048,18.17543341,17.80970384,23.53765926,17.0079979,23.46920559
11545,16.79495256,18.93093515,23.53816918,16.30811362,24.4278295
12021,16.79495256,18.93093515,23.53816918,16.30811362,24.4278295
29736,20.87577318,27.69467976,23.54046591,21.87159792,6.017483234
15426,17.37492015,18.47355002,23.54227362,20.69707516,19.91218105
27823,15.71740136,20.56961459,23.54531256,15.72523771,24.44243378
38756,18.8148376,19.99774182,23.5496913,18.08523588,19.55249341
12499,17.41589315,20.33386113,23.5517401,16.44949469,22.24901092
21970,24.7122184,17.00249152,23.55390022,20.12452743,14.60686243
11201,14.62450272,21.6504196,23.98702239,17.54275166,22.19530363
31328,16.49475597,21.22745843,23.55601252,16.59083198,22.1309411
31787,16.49475597,21.22745843,23.55601252,16.59083198,22.1309411
26457,15.63576157,22.63679165,23.55870443,17.71175806,20.4569843
26899,15.63576157,22.63679165,23.55870443,17.71175806,20.4569843
14469,17.30208989,21.08687146,23.56351938,18.55764971,19.48986956
28403,16.26927729,21.97764055,23.5720648,16.83452718,21.34649018
24344,16.78422437,24.30564812,23.57385022,17.41833973,17.91793757
17535,16.45815494,20.38946229,23.57838595,15.7189209,23.85507592
13097,16.99270225,20.46225656,23.58384371,17.58828366,21.37291382
11918,15.40490882,21.26318514,23.58564386,16.2349421,23.51132007
8903,16.901982,21.11485007,23.58704011,17.19892212,21.1972057
30467,16.68639807,22.67575858,23.58986463,15.99842837,21.04955035
10249,15.80021062,21.63221755,23.59267132,16.81600381,22.15889669
3988,19.09925116,16.56850384,23.59517356,16.34426764,24.3928038
1309,15.07696839,22.01932556,23.59521681,16.14902485,23.15946439
41278,15.58529916,20.39644337,23.60159482,21.77562313,18.64103952
11287,18.5334664,19.33107361,23.60505671,15.6432498,22.88715348
10010,17.06011511,22.61711116,23.60658755,17.47293849,19.24324768
13394,15.64887231,21.09849759,23.60900907,15.97612947,23.66749156
37315,17.03870081,20.27859271,23.61388431,17.72295155,21.34587062
13298,15.87267571,23.47385811,23.61485783,16.18772669,20.85088165
19634,20.05265204,13.89151089,23.6170461,16.78670244,25.65208853
29227,15.94439499,19.12886971,23.62378795,22.01445918,19.28848818
9755,17.04511221,21.74186897,23.62567396,16.98497598,20.60236888
14856,15.96539883,21.83658579,23.62903905,17.55047808,21.01849825
14016,19.2163433,19.00556913,23.62973518,19.17995099,18.9684014
30258,16.84578944,19.71965421,23.63056125,18.15439901,21.64959609
11893,14.81842264,23.48274174,23.63810376,16.28394869,21.77678318
28086,15.66832851,19.09238749,23.64005054,15.42814458,26.17108888
28496,15.66832851,19.09238749,23.64005054,15.42814458,26.17108888
40420,16.12757459,20.94116841,23.64054284,15.98993566,23.3007785
27012,16.91288085,23.46226198,23.64128375,19.04583397,16.93773945
7501,18.55313583,15.68957498,23.65592166,12.77797612,29.3233914
14117,14.50497063,22.33228718,23.65703816,15.77508619,23.73061785
38260,20.11798004,17.11183141,23.66033467,17.1716036,21.93825028
20169,19.1243635,15.95145697,23.66821601,14.40394521,26.85201832
20620,19.1243635,15.95145697,23.66821601,14.40394521,26.85201832
40532,15.42172493,22.14315995,23.67177721,16.66496921,22.0983687
7079,16.83410931,22.74972661,23.67553629,17.52061778,19.22001
1510,16.95858029,23.96058666,23.67957931,17.50402103,17.8972327
12551,17.4594289,19.14085352,23.68437074,17.18834778,22.52699907
24585,14.47936588,22.20717706,23.68578499,16.36944387,23.25822819
10722,14.52968972,17.41328693,25.50722405,18.53275017,24.01704913
40107,13.43596847,23.34110544,23.69425793,15.80471003,23.72395813
19747,15.20151919,28.74988812,23.70422551,19.62728734,12.71707984
8684,16.63965323,17.02198771,23.70435302,12.98835889,29.64564715
19781,15.49282573,21.19258053,23.70744173,17.5359849,22.07116711
5102,18.36167011,16.50811115,23.70841807,15.25997495,26.16182572
27150,14.05586767,22.99388449,23.70878465,15.28148692,23.95997626
35847,15.17991095,23.54258188,23.70902224,18.3094082,19.25907674
35833,15.27153997,20.71143019,23.71202624,17.14114358,23.16386002
3759,17.51348019,17.04724839,23.71212057,15.9814508,25.74570006
5882,15.40363578,22.01162308,23.71451039,17.15715166,21.71307908
12494,14.88326558,21.89411591,23.71572604,15.46406025,24.04283223
37854,21.686393,17.07134331,23.71871173,18.9177361,18.60581586
30762,15.17083007,20.73874585,23.72020801,14.55426869,25.81594737
6389,17.21681276,24.19733026,23.72081791,15.53561736,19.32942172
9337,15.44616516,21.65021014,23.72400948,16.46057478,22.71904043
12457,17.8341764,19.90061488,23.72460687,16.19820433,22.34239752
2884,17.15668234,26.83506754,23.72751131,18.43247748,13.84826134
39978,17.49877926,22.39829048,23.73241621,15.95634296,20.4141711
37037,12.80739972,24.08696843,23.73251357,15.42368436,23.94943391
33127,15.79762109,22.96864043,23.73991545,17.62824964,19.86557339
33545,18.47124168,14.43997861,23.74042897,13.13879941,30.20955133
15253,19.00122852,19.50977694,23.75016034,17.31210263,20.42673157
876,15.03279795,21.88236099,23.75365542,16.14678238,23.18440327
15845,15.32520439,19.96377476,23.76059462,19.24854325,21.70188297
20790,20.61048657,15.17645764,23.76610341,16.86316453,23.58378785
4309,15.21544057,21.51877399,23.76648707,16.78002856,22.71926981
17452,18.61783011,20.37904521,23.77245026,16.87536946,20.35530496
13442,17.68565786,14.88656709,23.77291798,19.69900064,23.95585643
29414,16.83702122,19.0903975,23.77637172,16.82107668,23.47513288
27655,18.60387277,19.86958089,23.78083651,17.19128917,20.55442067
5301,16.91007867,20.13610663,23.7816633,17.29314173,21.87900967
37834,17.02030718,18.80643225,23.78233935,20.24745685,20.14346437
27468,15.28744134,18.70533618,23.7832855,16.21578422,26.00815277
319,19.45891638,20.84546935,18.05423094,20.18815625,21.45322707
8768,17.41832388,13.02265762,23.7985501,14.33133576,31.42913264
38264,16.31728665,23.70866791,23.80335397,16.6319855,19.53870597
20645,20.32324042,20.1854141,23.80472389,16.79043178,18.89618981
14390,16.74596321,21.68614102,23.80787325,17.41846109,20.34156143
12256,19.37360688,14.59021235,23.80996623,12.09377626,30.13243827
39303,21.32964714,15.93838764,23.81171154,20.78972728,18.1305264
13468,15.36180369,19.53239439,23.81471209,16.26030177,25.03078806
1492,14.54003622,23.33749329,23.82900444,16.40563211,21.88783395
34485,15.33194953,18.65484327,23.83145583,15.12070028,27.0610511
22386,14.36512034,21.40000989,23.83165179,15.84862161,24.55459638
28847,18.81942242,14.79727831,23.83465215,13.79919965,28.74944747
41253,17.0931014,20.51727656,23.83888044,16.09652322,22.45421838
34494,16.13952175,18.25990472,23.84079507,17.25282399,24.50695446
32662,17.46675094,18.16587445,23.84365813,18.36443398,22.15928248
23203,20.04124147,22.51454296,23.85386945,16.71014208,16.88020403
14977,15.92575071,18.34250343,23.85542385,15.20534695,26.67097506
41496,17.97202861,19.00353111,23.8586127,17.42309932,21.74272826
31441,15.87290661,18.47283279,23.86108985,15.02104946,26.77212129
31907,15.87290661,18.47283279,23.86108985,15.02104946,26.77212129
32106,16.36679427,21.84422236,23.8618229,17.77193435,20.15522613
32590,16.36679427,21.84422236,23.8618229,17.77193435,20.15522613
4487,14.53734243,19.99062409,23.86454213,15.14571832,26.46177303
6719,17.16187272,19.10050618,23.86837077,22.98080312,16.88844722
9207,18.14443652,18.27902552,23.87224789,16.22556851,23.47872156
9610,18.14443652,18.27902552,23.87224789,16.22556851,23.47872156
16110,15.66702076,18.87605643,23.87629786,18.64824758,22.93237737
11670,16.4853364,22.12261238,23.87732962,17.11643943,20.39828217
29855,21.17622486,26.65403544,23.87926881,22.18638186,6.104089028
21266,15.16922423,18.73437091,23.88442702,18.58855519,23.62342265
11330,17.45542842,24.17370828,23.89167748,17.48294928,16.99623654
8693,16.73313874,17.36544491,23.89417678,20.42432902,21.58291055
38722,16.57444823,21.27192483,23.89631026,18.65010232,19.60721436
2411,15.29315651,20.4586981,23.8975196,16.65291573,23.69771005
38513,14.78517783,21.40811133,23.89759888,14.72269092,25.18642105
32114,15.65551401,23.11316749,23.89928695,17.5560642,19.77596735
16312,17.92349314,19.74658696,23.90035738,16.76551354,21.66404898
819,20.45693572,19.6193895,17.98686734,17.21426233,24.72254511
40339,14.71964674,20.47228395,23.91234889,15.65577519,25.23994523
40665,17.37679461,21.1937219,23.91339505,18.3325127,19.18357574
5289,15.51788081,21.476878,23.91490349,17.23860511,21.85173259
36452,14.61052494,24.71242394,23.91672247,15.98640709,20.77392157
3363,15.26433562,20.70719119,23.91706144,16.89849989,23.21291186
29769,16.25579301,18.71622233,23.91940728,22.28497314,18.82360424
30150,16.25579301,18.71622233,23.91940728,22.28497314,18.82360424
27085,17.57643771,16.89703906,23.92956947,16.59081603,25.00613773
29428,16.33897104,21.0757167,23.93338844,17.9291957,20.72272812
39117,17.23186621,20.14997504,23.9373701,15.50169543,23.17909322
6186,17.62848448,21.7071262,23.93834982,17.44097745,19.28506204
6324,16.46314187,22.64718475,23.94481227,17.0880373,19.85682381
41420,16.28856606,20.49123639,23.948795,15.66083462,23.61056793
7717,18.60541208,18.11054995,23.9536312,16.59753778,22.73286898
18869,21.24247451,26.42457318,23.95397491,22.25579178,6.123185622
28101,21.2439012,26.4196317,23.95558371,22.25728653,6.123596868
32242,14.19142314,22.31208759,23.95714138,16.00824934,23.53109855
32723,14.19142314,22.31208759,23.95714138,16.00824934,23.53109855
13564,18.42314436,21.44256449,23.95823409,18.24071439,17.93534266
28011,19.66257098,17.06719815,23.95890911,17.47220729,21.83911447
28416,19.66257098,17.06719815,23.95890911,17.47220729,21.83911447
36808,16.93290653,22.73836634,23.9670771,17.07640622,19.2852438
22434,16.44625971,21.89102671,23.96971794,16.32367144,21.36932419
8454,16.21365849,22.48454508,23.96986269,19.85369006,17.47824368
27543,17.92558277,15.9542915,23.97463971,15.79953776,26.34594826
26133,19.72643352,19.6737309,23.9764556,16.72896347,19.89441651
26580,19.72643352,19.6737309,23.9764556,16.72896347,19.89441651
15652,18.16585419,19.55794257,23.97857208,17.80167028,20.49596087
30438,16.84101378,16.49184105,23.98201195,19.81491399,22.87021923
35277,14.05526267,31.97357892,17.93024586,18.55975617,17.48115638
35168,18.65034739,23.41867967,17.88478306,19.42675034,20.61943955
10746,14.47214053,21.50750714,26.30159725,16.40455197,21.31420311
14102,18.80444625,20.55034385,23.98740179,17.26159289,19.39621523
2336,14.55070175,20.94527966,24.01048299,20.14072761,20.352808
9213,14.97292633,20.25721704,24.01146059,17.32214913,23.43624691
2700,17.92476927,23.12435136,24.03542158,18.73567236,16.17978542
17587,12.0934605,23.14728748,24.03807566,21.66017448,19.06100187
14689,15.86080721,23.97203822,24.03957516,17.36398455,18.76359485
15019,15.86080721,23.97203822,24.03957516,17.36398455,18.76359485
36292,18.20824801,20.57054049,24.03997792,18.70790856,18.47332502
8826,20.3747243,18.69341967,24.04739364,16.36248553,20.52197685
30113,16.58045132,14.90927514,24.04815286,15.76653462,28.69558606
34980,17.26819238,25.42140149,17.79905397,21.53489307,17.9764591
8339,15.0622375,20.55709624,24.0544928,15.87632133,24.44985213
8761,15.0622375,20.55709624,24.0544928,15.87632133,24.44985213
41103,20.91562925,15.57011765,24.05653748,16.97034046,22.48737515
23639,13.79738306,20.16017423,24.05695443,16.20218126,25.78330702
292,19.3225312,28.3095647,17.74782712,20.07803608,14.54204091
28958,14.84117047,22.81460617,24.06679252,15.96744823,22.30998261
39568,18.04297324,16.8654538,24.06767285,19.56137567,21.46252445
38181,14.39594216,21.32821841,24.06871904,15.53587211,24.67124829
9043,20.71772426,21.14353721,24.0696014,17.69875142,16.37038571
16067,15.57870874,21.72918747,24.0771578,15.77738422,22.83756178
16515,15.57870874,21.72918747,24.0771578,15.77738422,22.83756178
8280,14.89618531,22.92797343,24.07825855,19.56913441,18.52844829
10520,16.64913496,16.8297941,24.07936512,16.4128108,26.02889502
26130,21.3540515,26.03811515,24.07979417,22.37269126,6.155347912
8353,20.87602574,14.94185294,24.0862582,20.29993865,19.79592447
20192,18.10863607,21.31318813,24.08914441,17.29554169,19.1934897
3267,19.024188,20.01154317,24.09290563,17.41297009,19.45839312
4151,20.06644592,18.81240181,24.09298664,16.72570826,20.30245737
5430,15.54228505,18.92372971,24.09368615,20.50908872,20.93121037
14613,15.18255255,19.58294833,24.09962927,15.37520222,25.75966763
32411,18.06322097,17.80409143,24.09995635,16.43786543,23.59486582
32882,18.06322097,17.80409143,24.09995635,16.43786543,23.59486582
9651,17.75550662,26.50149356,24.10281629,21.20967848,10.43050505
5664,15.94418718,24.67450939,24.11280903,17.46508039,17.80341402
6072,15.94418718,24.67450939,24.11280903,17.46508039,17.80341402
19151,22.1664564,20.72519137,24.11982596,18.66065166,14.32787461
24014,17.06448143,23.51117727,24.12078719,18.59761143,16.70594268
12559,21.11215872,16.07451319,24.12484112,16.48961982,22.19886714
9583,18.2934591,15.51740586,24.12659836,16.39743912,25.66509756
30104,18.42233239,13.45682061,24.1276301,19.67538055,24.31783636
3556,19.11557137,15.73726526,24.12776831,16.00145079,25.01794427
6758,13.68364361,22.52748367,24.12892927,16.73015937,22.92978408
24917,21.39822768,25.88510655,24.12960923,22.41897476,6.168081785
38363,19.39131932,20.86074157,24.12982126,18.47496638,17.14315147
27642,17.92471551,17.84454235,24.13184551,18.49720782,21.6016888
19374,15.86688199,22.41996706,24.13584849,16.93149906,20.6458034
20406,18.50049287,16.35666217,24.13908759,16.39863443,24.60512294
20038,14.27726031,19.64094336,24.13912097,20.83097167,21.11170369
8040,21.415621,17.68868195,24.13993175,18.56774204,18.18802325
33634,14.81723643,22.09906892,24.14100317,17.64696863,21.29572285
38205,18.31198847,16.93684283,24.14871094,17.83042303,22.77203473
5126,17.84747526,18.35799795,24.15106582,19.38148855,20.26197242
37402,19.17238075,19.63694215,24.15560911,20.34095743,16.69411057
35084,18.01697945,28.5829571,17.74398269,19.36032564,16.29575512
15895,16.27577551,19.37828376,24.16286334,19.99807498,20.18500242
18345,19.55550413,15.92389709,24.1633427,15.36589524,24.99136085
6630,18.63690561,21.89236064,24.16657031,18.78933093,16.51483252
28729,15.07096789,21.4191298,24.16914901,14.32809387,25.01265943
34040,14.87817568,22.27577136,24.17013823,19.59259777,19.08331697
11568,16.73668822,19.09033274,24.17200244,15.04639316,24.95458344
22711,16.46745559,20.43639121,24.17258308,17.36643343,21.55713669
23206,16.46745559,20.43639121,24.17258308,17.36643343,21.55713669
29266,20.34558328,17.14115657,24.17972504,16.85696724,21.47656787
18240,15.82193735,20.02580518,24.18137461,21.78130934,18.18957353
774,14.55594238,29.60249686,17.69042744,17.43200847,20.71912486
28796,17.84998998,16.59679344,24.18253709,18.95807318,22.41260632
6252,17.51600735,19.85924575,24.1828207,17.35751944,21.08440677
247,20.51921298,24.69711882,17.64333283,20.36709556,16.7732398
4911,16.66861845,21.12735372,24.1953162,16.14765975,21.86105188
16249,21.46398202,25.65735983,24.2037568,22.48786574,6.187035605
20164,15.62929803,20.80474732,24.206595,15.52083543,23.83852422
7286,15.56617391,23.1961488,24.21499317,16.79125937,20.23142474
31139,16.92191704,19.29928903,24.21515684,19.75325965,19.81037744
27986,18.56288572,17.92601817,24.22051497,14.78938613,24.50119501
28398,18.56288572,17.92601817,24.22051497,14.78938613,24.50119501
14587,16.66435022,22.29572441,24.22529674,22.19287787,14.62175077
2948,15.53986629,20.99989652,24.22619118,16.08574667,23.14829934
28747,19.8652192,19.21209793,24.22938584,17.83924852,18.85404851
35820,18.87264624,18.09137408,24.23867108,18.21301412,20.58429448
6265,18.80871951,20.39720999,24.24185344,17.06789501,19.48432205
18677,14.90282802,21.91800271,24.24371555,17.86189856,21.07355517
11597,17.34462208,18.96451892,24.2548339,15.976779,23.45924609
26241,14.40330913,21.14686606,24.25865559,15.80102871,24.39014051
26680,14.40330913,21.14686606,24.25865559,15.80102871,24.39014051
30919,12.1157787,20.82609459,24.25923238,22.1843106,20.61458372
39254,18.42973211,13.53368535,24.26444137,18.75284585,25.01929532
31167,17.58995133,14.15875926,24.26548625,20.64563227,23.34017089
31642,17.58995133,14.15875926,24.26548625,20.64563227,23.34017089
1040,15.69788767,22.54531657,24.26864825,17.5471282,19.94101931
18663,15.98248351,22.41585817,24.26988708,16.38931612,20.94245512
36493,14.54608951,22.0034499,24.27146803,14.94341681,24.23557575
40474,18.05822633,16.71769047,24.27378225,12.62432632,28.32597463
3450,15.18527402,20.90600137,24.27766829,15.6759171,23.95513922
3113,16.04689523,19.85811365,24.28409946,15.13754746,24.6733442
9163,15.39807549,24.59822318,24.28499587,17.68294537,18.03576009
11601,18.71239183,18.70395259,24.28544264,19.47790966,18.82030328
34912,20.33816155,20.97866655,17.62991532,21.06787021,19.98538637
15996,13.72725899,18.89133956,24.28738319,21.63905398,21.45496428
37804,19.08374443,18.92639846,24.29614649,19.76338884,17.93032179
40148,20.75783282,15.56440508,24.30097824,17.65815243,21.71863144
28947,17.90789523,16.66409612,24.30691019,19.74792875,21.37316971
14603,19.44876729,21.24994846,24.31660299,17.34603098,17.63865028
14957,19.44876729,21.24994846,24.31660299,17.34603098,17.63865028
12237,15.89196371,17.72617492,24.3196086,13.95535055,28.10690222
32278,16.27461069,23.07056876,24.32932479,15.72570961,20.59978615
30081,16.59761777,15.60441257,24.33163347,13.97296357,29.49337262
2594,18.64197486,16.19628321,24.33779993,19.08298653,21.74095548
32297,16.07802596,18.33630352,24.33834234,16.26119497,24.98613321
32763,16.07802596,18.33630352,24.33834234,16.26119497,24.98613321
28865,19.40913881,18.67059209,24.34093645,20.94579286,16.63353978
27987,16.5752737,20.3638257,24.34523329,16.81403633,21.90163097
28399,16.5752737,20.3638257,24.34523329,16.81403633,21.90163097
27862,17.72534166,18.7122442,24.34821115,19.74581205,19.46839094
28288,17.72534166,18.7122442,24.34821115,19.74581205,19.46839094
12156,13.70052819,20.92267838,24.34917147,16.53773251,24.48988945
40150,14.02115276,29.15450176,24.36033653,16.18985898,16.27414997
14436,19.47241969,19.02766769,24.36353618,18.97712513,18.15925132
21349,14.6626177,26.2528811,24.3665383,19.08351466,15.63444823
26115,16.60588698,19.91803367,24.36917369,21.03218451,18.07472115
26556,16.60588698,19.91803367,24.36917369,21.03218451,18.07472115
40686,16.25092418,25.23843416,24.37492835,17.38213402,16.75357928
16261,21.61625954,25.12993149,24.37547181,22.64740726,6.230929902
35198,21.42827951,24.9654842,17.53444835,19.83386375,16.23792419
9458,16.81198027,22.28869783,24.38435918,17.06856438,19.44639834
11578,14.62939132,22.14514854,24.38436967,15.48878886,23.3523016
20911,14.5371735,25.20136433,24.38530999,17.18074283,18.69540935
9884,21.0972247,20.86962705,24.38725494,18.43865878,15.20723453
787,17.42904035,23.26312573,17.47351383,16.04249526,25.79182483
11187,13.19984593,21.60387005,24.39996921,16.70028961,24.0960252
1344,20.24605805,17.85838112,24.40095496,15.22160591,22.27299996
374,22.14558362,20.19786412,17.4356994,23.17135269,17.04950018
2630,16.96499996,18.75080056,24.40180188,15.75493951,24.12745808
41138,14.97793406,22.79155207,24.40442595,17.44726373,20.37882419
18258,14.8793236,21.13837396,24.40521022,17.84650322,21.73058899
14611,15.44334589,20.63673382,24.40608895,16.63675037,22.87708097
18195,15.6080824,19.79058805,24.40836135,17.27185647,22.92111173
40287,14.8985401,21.97645674,24.41020244,15.79912242,22.9156783
18623,19.25984163,14.78318267,24.41273863,16.79273294,24.75150412
35384,16.52223654,27.14337437,17.43178466,15.60535488,23.29724955
18574,17.99460704,20.86036661,24.42536647,16.39653799,20.32312189
37692,12.12040061,22.01789258,24.43153893,15.45854557,25.97162232
38841,15.93750507,22.77791529,24.4382886,18.40107763,18.44521341
27110,23.40683692,10.01534021,24.44725699,16.80976749,25.32079839
38201,16.79833372,17.95979759,24.44934519,21.97128479,18.82123871
22796,15.22652279,19.77327915,24.45079734,22.45971321,18.08968751
38588,13.6722761,22.68157215,24.45651295,15.74474755,23.44489126
14563,14.75193139,19.66266286,24.46623576,18.01737824,23.10179174
10463,14.99681962,19.75108342,24.46650296,14.66325468,26.12233932
27301,15.92881374,20.18044543,24.4669343,19.05511818,20.36868835
8918,15.93266322,22.93429465,24.47806078,16.37784809,20.27713326
30386,14.28619744,24.19000394,24.48201459,16.72466068,20.31712335
39518,15.44081034,22.15568633,24.49751908,16.49122488,21.41475936
28742,15.4052326,19.94053589,24.4993041,17.56992875,22.58499866
17323,15.53476811,23.09420148,24.49996458,16.37421097,20.49685486
30915,15.36909608,19.56976997,24.50555813,14.94987569,25.60570013
27545,14.10731566,21.71501132,24.50569283,15.80123403,23.87074615
26096,18.46235852,18.31580798,24.50660653,20.93537636,17.77985061
26547,18.46235852,18.31580798,24.50660653,20.93537636,17.77985061
26032,11.39449505,23.59174031,24.5082981,13.18217056,27.32329598
34299,15.63924989,21.27615183,24.51666446,16.57751727,21.99041655
1443,15.23225557,17.22253221,24.52005269,19.99816147,23.02699806
15367,19.89722979,18.83827161,24.52273938,16.12300515,20.61875407
16363,15.74229577,19.55767194,24.54003131,21.28357104,18.87642994
16755,15.74229577,19.55767194,24.54003131,21.28357104,18.87642994
27610,18.18298847,21.91234439,24.54271101,17.73596537,17.62599076
5825,15.51008864,22.86408238,24.55265602,16.920465,20.15270796
20866,21.78281059,24.55306532,24.56328231,22.8219032,6.278938576
23589,21.78281059,24.55306532,24.56328231,22.8219032,6.278938576
30901,21.78281059,24.55306532,24.56328231,22.8219032,6.278938576
40397,21.78281059,24.55306532,24.56328231,22.8219032,6.278938576
29918,21.78281059,24.55306532,24.56328231,22.8219032,6.278938576
26831,21.78281059,24.55306532,24.56328231,22.8219032,6.278938576
21634,21.78281059,24.55306532,24.56328231,22.8219032,6.278938576
26013,21.78281059,24.55306532,24.56328231,22.8219032,6.278938576
29520,21.78281059,24.55306532,24.56328231,22.8219032,6.278938576
32437,16.83642379,23.57748678,24.56482259,17.64543555,17.37583129
8201,21.43624599,15.30440462,24.56783152,17.38295997,21.30855789
37433,18.33611282,16.52349558,24.56807911,20.91462846,19.65768404
30731,16.24114678,22.66930881,24.57022579,15.89079082,20.6285278
7710,19.21632689,18.28273741,24.57343354,19.16912286,18.7583793
6383,15.03534035,19.7951782,24.58283749,19.3568697,21.22977427
9587,16.67570806,17.90865127,24.59316498,15.62477501,25.19770068
8448,24.17358769,16.94427758,24.5936245,18.53079288,15.75771735
28033,14.73698644,20.32588479,24.59912804,16.46818798,23.86981275
28439,14.73698644,20.32588479,24.59912804,16.46818798,23.86981275
29063,16.33622817,22.27788319,24.60141053,17.38025619,19.40422193
13612,18.55881375,15.7442884,24.60355708,19.91030591,21.18303486
30063,18.87004532,15.70554924,24.60374671,19.30579955,21.51485919
4306,15.38759988,20.91187595,24.60441194,16.43676544,22.65934679
14100,13.80769011,21.0518523,24.60550192,14.73301049,25.80194517
36304,15.47523528,21.05830808,24.60907657,15.69233692,23.16504315
19082,14.34288385,25.15509198,24.61114209,17.21355539,18.67732669
8411,15.83392912,19.63469069,24.61276666,21.00663469,18.91197884
25524,16.39383086,21.60310108,24.61423667,17.10437046,20.28446093
5744,18.77775095,13.41027189,24.61795031,21.43916517,21.75486168
4527,17.91988217,19.21948532,24.62081955,16.26354411,21.97626885
23247,16.85516579,27.63256221,24.62655433,17.17224881,13.71346886
5861,15.06616056,20.73313765,24.63462639,15.61125434,23.95482105
8323,18.61377111,23.38048115,24.63749507,16.31564654,17.05260613
8745,18.61377111,23.38048115,24.63749507,16.31564654,17.05260613
16935,16.51589833,18.40279891,24.64036044,15.00634716,25.43459515
17361,16.51589833,18.40279891,24.64036044,15.00634716,25.43459515
22392,16.04063163,18.7576512,24.64038778,16.08995966,24.47136974
20906,14.11536943,20.95253446,24.64292857,17.38365906,22.90550848
23079,16.34600826,23.60703271,24.64510944,17.5962251,17.8056245
16450,17.76621211,21.06810452,24.64979773,18.82524679,17.69063885
39501,18.94832199,20.13932486,24.6554934,16.07326723,20.18359252
16098,16.50115263,22.25364279,24.65555501,16.72138348,19.86826609
1433,14.52081841,21.08422292,24.65592669,15.27419435,24.46483763
24522,16.83762787,19.52757398,24.66250178,17.53406438,21.43823199
30346,15.25898974,21.63008768,24.66541058,20.17541319,18.27009882
23178,13.93327602,19.38783308,24.66847604,11.81381828,30.19659658
30033,14.86351571,22.62694344,24.67280087,22.98700299,14.84973698
37133,20.12916423,12.41954695,24.68065379,12.94104429,29.82959073
3421,18.10461729,22.26835284,24.68206169,17.71612231,17.22884587
1964,16.59501059,17.4021078,24.68252527,19.41959934,21.90075701
29597,15.6318194,20.05964857,24.68684555,18.50210782,21.11957867
31382,18.53543947,17.09759526,24.68932028,16.45125865,23.22638635
8512,14.83250015,22.64135419,24.69974664,17.00980855,20.81659047
27103,13.80945697,21.81948069,24.69996735,15.27304695,24.39804805
19302,15.86151629,19.58688873,24.70064554,21.05752867,18.79342078
34872,21.18002445,26.43653324,17.41016376,20.09223127,14.88104729
30331,19.57523139,15.97370953,24.70610576,19.2952413,20.44971202
8046,16.13624457,20.26248203,24.71249124,23.10388437,15.7848978
29476,15.51994846,20.32380446,24.71412749,14.07729573,25.36482386
26256,18.99775925,20.74873579,24.71546174,23.65364351,11.88439971
26675,18.99775925,20.74873579,24.71546174,23.65364351,11.88439971
1922,15.21972116,20.07613849,24.71645101,16.87007365,23.11761568
28074,14.19449566,21.74247347,24.72122048,15.92858898,23.41322141
28445,14.19449566,21.74247347,24.72122048,15.92858898,23.41322141
33929,16.61768043,20.29112559,24.72173909,16.7789777,21.59047719
38270,16.65944447,19.73307024,24.72944091,21.44926891,17.42877547
8329,13.91339581,21.68910759,24.72994217,15.18480572,24.4827487
34961,16.57602057,25.72716907,17.39987453,20.22008898,20.07684685
38731,15.18379004,16.70734942,24.73384547,17.53750045,25.83751463
30360,15.85054155,23.34849042,24.73951129,16.7988645,19.26259223
35934,14.00227234,19.22841763,24.74012211,17.52685859,24.50232932
3507,16.56099413,17.46914715,24.75010696,19.93125341,21.28849835
8534,18.61970286,17.88807991,24.7522439,15.44745072,23.29252262
13255,16.46695521,22.71055425,24.75489803,17.50984813,18.55774438
26321,17.84619167,18.74165221,24.75516333,18.83341631,19.82357648
26745,17.84619167,18.74165221,24.75516333,18.83341631,19.82357648
4145,16.82519137,19.18198502,24.758031,19.30488196,19.92991065
37578,15.80209549,26.67084927,24.76246625,17.62607431,15.13851469
6931,15.62928692,18.03424857,24.76442707,14.49253592,27.07950152
40259,14.74951581,20.3214135,24.76655561,18.42690984,21.73560524
8981,18.50776104,20.22903459,24.77927557,16.69888449,19.78504431
22291,16.57316622,18.52755194,24.77998349,18.46366507,21.65563327
1796,19.61905512,21.27787362,24.78111943,17.99156982,16.33038201
16576,19.44139888,22.36711512,24.78908388,15.63771703,17.76468509
16001,14.51384787,21.86165733,24.80052594,16.91028071,21.91368815
6092,15.11788574,28.0559223,24.80380775,17.25076848,14.77161573
6801,15.36164776,22.54007276,24.80516557,17.04315934,20.24995457
37354,14.71849186,19.90415718,24.80786415,16.092674,24.4768128
7016,16.9827611,18.20174315,24.80894323,15.71920483,24.28734769
27340,21.8720165,14.00008772,24.80922131,15.21338141,24.10529306
14887,15.0681943,24.61220755,24.80992787,18.52195945,16.98771083
32134,14.08089074,25.44793345,24.81257875,18.51734292,17.14125415
32611,14.08089074,25.44793345,24.81257875,18.51734292,17.14125415
6230,14.89726109,20.99481865,24.8247754,19.19429875,20.08884612
18254,14.94907916,19.42478899,24.82505788,18.34979985,22.45127413
297,18.03961392,32.81009734,17.26272535,22.80579169,9.081771706
35809,14.72197491,20.20390855,24.82967379,20.93220353,19.31223921
41311,16.04420959,23.75618312,24.83494046,17.28018716,18.08447968
35101,18.03961392,32.81009734,17.26272535,22.80579169,9.081771706
13112,13.61268619,20.36202909,24.84835388,16.7925939,24.38433694
12992,13.68266518,22.10577907,24.84913445,15.8880595,23.47436181
19955,19.5384864,16.98729318,24.85118523,15.34955122,23.27348396
29713,16.8566686,14.78781369,24.85151006,19.29434083,24.20966681
19843,19.19649891,11.19992477,24.85152472,13.18783304,31.56421856
8499,16.09088709,18.23012871,24.85420275,15.02566026,25.79912119
35550,20.37450246,22.26828441,17.24299013,22.106841,18.007382
23046,13.1879872,20.39148916,24.86223118,21.84069871,19.71759375
5776,13.90492402,23.60130858,24.86982471,17.30166708,20.32227562
7675,16.74337223,20.49740223,24.88394465,17.86153993,20.01374096
17612,13.88989136,22.62771801,24.88872257,18.25188158,20.34178648
339,22.50321612,25.56625159,17.20692563,21.08982739,13.63377927
5077,17.40774274,18.67782246,24.8965224,14.274373,24.7435394
29878,15.53384029,27.20239254,24.89856708,15.14989381,17.21530628
30223,15.53384029,27.20239254,24.89856708,15.14989381,17.21530628
18981,22.08320376,23.51262364,24.90201924,23.13662585,6.365527506
11333,16.47990485,23.0699967,24.9045438,17.27275072,18.27280393
7684,13.83165461,21.45745159,24.90829726,16.10455547,23.69804106
27060,14.04364688,23.0661604,24.9096926,15.83753426,22.14296586
13616,16.84941853,19.97847787,24.91175272,16.96912767,21.29122322
16771,14.25819333,24.85217947,24.91257515,18.29926783,17.67778422
32082,15.68316498,21.85401594,24.91312373,14.73739167,22.81230367
32592,15.68316498,21.85401594,24.91312373,14.73739167,22.81230367
1101,11.96048526,24.81723748,24.91404777,17.59173861,20.71649088
3998,18.28749382,14.57314826,24.91565478,15.25079716,26.97290598
34284,14.40686302,22.41943072,24.93055444,16.80079852,21.4423533
28411,13.24945638,19.61009758,24.94399745,13.37698719,28.8194614
593,18.27567462,20.81629903,17.14341611,22.36910452,21.39550571
3456,15.10278958,20.79302677,24.94642435,15.15666985,24.00108946
3922,15.10278958,20.79302677,24.94642435,15.15666985,24.00108946
24975,22.12296256,23.37491509,24.94685306,23.17828124,6.376988059
31620,17.03956675,18.78352063,24.95983204,19.06201721,20.15506338
7647,14.21251364,22.67105337,24.96229986,16.19795739,21.95617573
5592,14.53026688,28.69778122,24.9672758,16.27752927,15.52714683
2691,16.38232091,19.63775455,24.96817517,20.02206229,18.98968708
11936,16.15809701,20.27138549,24.9699248,18.25908877,20.34150394
2799,16.24717407,25.17212036,24.97056317,17.38237114,16.22777125
28868,14.80269473,19.87517433,24.972623,19.89723215,20.45227579
17724,15.67077766,23.58462067,24.97333116,17.23922313,18.53204738
17332,15.58398617,23.95431097,24.97366451,17.113755,18.37428335
18086,15.07733766,20.83296327,24.97503637,17.21521654,21.89944616
15417,14.49830285,24.8787722,24.98615656,17.06734414,18.56942424
20182,13.65352251,21.55342807,24.98967311,15.59046934,24.21290697
20634,13.65352251,21.55342807,24.98967311,15.59046934,24.21290697
27195,12.82628814,20.8998305,24.99166755,14.62449698,26.65771683
27413,15.12073079,15.81836072,24.99881635,14.90368436,29.15840777
35163,18.91532729,21.30800957,17.13918506,22.1099838,20.52749429
12245,14.41279324,23.35451163,25.00270362,18.14170515,19.08828635
33542,12.78954744,21.76248503,25.00383883,15.45106595,24.99306275
27065,17.36650258,16.7015281,25.00705198,17.425765,23.49915234
7586,14.72197281,22.28231274,25.00807344,16.16152148,21.82611953
41704,19.0568067,12.756896,25.01189947,14.1725224,29.00187543
12578,17.15843436,22.04589772,25.02685489,17.09801578,18.67079724
27806,13.16755999,21.90900244,25.03793496,15.25416719,24.63133542
8439,18.30553239,12.91774913,25.03996656,16.8601233,26.87662862
28778,13.13344932,20.90786225,25.04062927,20.14289766,20.77516149
8477,15.56078377,21.86506157,25.04327257,16.03086888,21.50001321
24198,15.87628942,24.4708876,25.05542986,17.27962814,17.31776498
6363,15.35674865,20.7166366,25.05812234,17.30696504,21.56152737
6789,15.35674865,20.7166366,25.05812234,17.30696504,21.56152737
6367,14.55775664,20.00888334,25.05920701,20.44527141,19.92888159
35711,16.68336138,25.07221796,17.11908764,16.86512138,24.26021163
35747,19.0116993,25.52782291,17.11207193,19.41417107,18.93423479
20418,18.19498458,13.78001569,25.07042873,14.3730586,28.5815124
18863,22.23631826,22.98229633,25.07467807,23.29704428,6.409663065
21827,14.11289873,24.54338801,25.07603882,16.60998521,19.65768923
5747,15.66981444,19.12694028,25.07624029,16.92259765,23.20440734
13808,19.22364116,21.21672684,25.08067742,21.91698588,12.5619687
27046,15.09711143,20.4100234,25.0816842,15.49179231,23.91938866
28745,16.31710492,20.01710748,25.08389534,15.06861321,23.51327904
25723,18.33752838,16.26640819,25.08645107,15.00405784,25.30555452
28921,14.63107494,19.31375672,25.089653,14.05456841,26.91094693
14945,18.13862727,24.06130316,25.09017108,20.23150564,12.47839285
39943,17.92027363,19.13697589,25.09655126,19.22617116,18.62002806
27018,17.51041692,19.75470399,25.10601936,22.54000515,15.08885458
37414,18.04250589,20.94538527,25.10857556,16.41786398,19.48566929
25258,16.91800916,13.15390624,25.11773708,11.61637025,33.19397727
36449,15.82559873,20.24479416,25.12393033,21.27475599,17.53092079
3305,16.59031669,18.72521936,25.12418807,19.29997914,20.26029674
39704,16.13035469,21.2555745,25.12578064,14.84098257,22.64730759
12704,17.28334562,16.825829,25.13235699,15.52499379,25.2334746
27174,15.53609512,19.47831848,25.13341468,14.62531432,25.2268574
10565,18.84185313,15.54097285,25.14009121,17.46420132,23.01288148
29181,14.65109955,21.99028371,25.14585549,15.23579941,22.97696184
29306,15.37216259,22.49678973,25.15282139,21.42870251,15.54952377
13960,17.00959571,22.13132437,25.15410122,19.07986533,16.62511337
27165,14.57657867,18.00446911,25.15750984,19.52261905,22.73882332
5646,22.30999132,22.72712235,25.15775514,23.37423172,6.430899471
1816,16.43791709,22.73124547,25.16118277,16.66128607,19.0083686
16629,14.94795508,19.63816016,25.16999867,14.15669094,26.08719516
35007,17.73112214,21.28898025,17.11054022,20.47277541,23.39658198
30369,15.33395714,22.60180486,25.17360346,14.97056386,21.92007068
937,16.77067319,21.06145993,25.17459651,16.45479561,20.53847477
12948,15.06766742,17.55737464,25.17807588,19.64157751,22.55530455
35096,19.18901963,25.01292861,17.0746599,23.38548073,15.33791114
5280,19.19325975,18.09244028,25.19287329,17.18371083,20.33771585
20537,16.23735487,21.44521203,25.19727579,16.61317182,20.50698549
12250,17.9344322,20.33961309,25.19847442,18.11286561,18.41461469
30198,16.03412381,15.82213748,25.19959456,18.70094076,24.24320338
25368,15.70364764,18.87804358,25.20594761,18.63110869,21.58125248
37775,19.31061759,21.74182413,25.21219843,16.93017896,16.80518089
3875,14.72962681,18.15820437,25.21808421,13.93081396,27.96327064
2924,17.63315396,19.42571157,25.21970285,19.81841911,17.90301251
24534,13.65969473,21.91982111,25.22039057,16.8288595,22.37123409
2957,14.98182069,20.65717979,25.2318622,17.5269865,21.60215082
5167,15.64293251,20.70244061,25.23912306,15.78568993,22.6298139
27491,14.31947808,19.56272405,25.23997141,13.51549098,27.36233548
15477,14.2014357,18.52772635,25.24624086,14.18959991,27.83499718
14337,14.87828089,22.5406318,25.2465698,17.138649,20.1958685
24925,16.15559337,21.26992675,25.25417258,17.19313194,20.12717536
5334,15.56534503,21.53846911,25.26460048,15.87694488,21.7546405
16902,16.90239657,19.72505453,25.26525323,17.46349278,20.64380288
18264,14.27756241,21.48619131,25.2691067,17.35976898,21.6073706
16006,13.16827625,22.2133646,25.27010822,21.57175341,17.77649753
28102,22.41647065,22.35832058,25.27782605,23.48579037,6.46159235
14623,16.71470621,18.54007766,25.2784442,14.76512545,24.70164648
17772,16.47916667,17.79175274,25.29149103,15.26541901,25.17217054
12979,15.14560356,21.50002403,25.29447989,16.40571784,21.65417467
4025,13.61292862,22.08046525,25.29485691,15.39466888,23.61708035
13087,15.03751989,18.85272904,25.30285415,19.66103289,21.14586404
75,21.71281498,26.51530878,17.06388722,20.34047119,14.36751784
8103,17.14643327,18.86221917,25.31764163,15.34391563,23.3297903
12909,14.08210725,22.26938454,25.31852762,15.97332709,22.35665349
7427,19.76808414,16.5674875,25.32205014,16.22931296,22.11306525
24082,13.48947059,17.51663694,25.3271882,20.41712497,23.2495793
7629,15.01830725,19.55641439,25.32866276,16.41722266,23.67939294
15896,16.67333087,20.6831263,25.33768926,22.48837669,14.81747687
30536,17.41268366,21.11062708,25.34162636,17.85133979,18.28372312
24333,11.17702232,39.15306896,25.34415565,16.14326241,8.182490663
1570,16.15010291,18.38344583,25.35607178,16.80170176,23.30867772
40795,17.77282469,15.14998888,25.36029488,13.96403232,27.75285923
39837,15.63840107,20.78485842,25.36529601,16.9072792,21.3041653
1724,17.54689681,20.44297005,25.36973888,17.9858469,18.65454736
37803,18.56154705,18.03888946,25.37005564,17.28873226,20.74077558
1707,16.04604865,21.27898391,25.38077216,19.50980512,17.78439016
249,19.99301985,25.69895919,17.04084633,23.38965749,13.87751713
660,19.99301985,25.69895919,17.04084633,23.38965749,13.87751713
2685,15.30559115,20.26472971,25.38562335,14.89860008,24.14545571
37771,18.87565274,19.17989771,25.38585906,16.45883759,20.09975291
36917,18.25640823,19.52986591,25.38825687,18.093193,18.73227599
16118,13.76352991,21.16708378,25.39070542,15.10858685,24.57009404
12515,17.63564744,20.14422239,25.3932167,19.32612735,17.50078611
40025,15.61515994,20.14910623,25.39443489,14.53915806,24.30214088
22920,14.37027019,19.75183591,25.39570635,14.59647877,25.88570878
19212,18.21846522,14.20591163,25.39606219,13.47915028,28.70041068
20692,19.80320646,13.81250749,25.39980462,14.72073465,26.26374679
2885,16.55174229,18.44800997,25.40005144,22.42831738,17.17187892
32383,16.73002906,20.78021758,25.40114183,17.95498484,19.13362669
32839,16.73002906,20.78021758,25.40114183,17.95498484,19.13362669
7705,19.39270654,18.89074301,25.40641544,14.6365997,21.67353531
11518,18.59618908,17.09925386,25.40668808,13.04039268,25.85747629
16911,16.16251656,19.6215734,25.40865975,16.02852679,22.77872351
17630,12.55899132,22.14293692,25.40977576,14.25871147,25.62958452
17441,15.18564161,24.7010158,25.41012708,16.83464174,17.86857378
35516,20.11367625,22.32696968,17.00567637,20.92718438,19.62649333
29395,20.01482824,10.93461395,25.42188371,12.6436119,30.9850622
5850,16.23160971,22.05275577,25.42975227,16.257051,20.02883125
5383,13.91163933,19.37776043,25.44170248,18.96168986,22.3072079
40840,15.72549298,20.63455061,25.44463723,17.84620073,20.34911845
3114,14.69208934,20.94191464,25.4469024,15.20599673,23.71309689
11159,13.70296697,16.30107169,25.44753531,20.79624112,23.75218491
6921,14.88462612,17.11617781,25.4490798,15.14961638,27.40049988
2364,15.57565894,18.33311902,25.45706573,20.69613564,19.93802067
6442,17.95929112,21.96410297,25.46201674,16.26748045,18.34710872
6854,17.95929112,21.96410297,25.46201674,16.26748045,18.34710872
22708,19.79257976,20.38766899,25.46942659,16.77083921,17.57948544
19672,14.64088356,22.62758415,25.47272666,16.4732246,20.78558104
38093,17.51429345,21.80402508,25.47508777,21.23359578,13.97299792
12126,13.49001866,22.528014,25.47599486,14.9540641,23.55190838
41665,14.77952624,19.80704598,25.48164818,12.4713693,27.4604103
32079,14.7015638,23.72249023,25.48219921,16.37410468,19.71964209
32549,14.7015638,23.72249023,25.48219921,16.37410468,19.71964209
17804,16.23622136,16.88520261,25.48426085,19.90185118,21.492464
36898,17.07707373,20.84826969,25.48875042,14.64807432,21.93783184
15105,14.62485816,21.02772677,25.49057707,13.80420428,25.05263373
12867,16.0158051,22.21109697,25.49112537,15.03943943,21.24253313
19077,14.56067338,20.6131966,25.49587025,15.83124942,23.49901035
32393,20.08493254,17.70688247,25.49967512,18.33250241,18.37600746
32851,20.08493254,17.70688247,25.49967512,18.33250241,18.37600746
11213,10.75628412,21.99784848,29.3852075,14.74729778,23.11336213
21677,18.84651207,17.71038142,25.50790245,11.90466182,26.03054224
16555,18.71416025,17.15518803,25.5239582,18.28770164,20.31899188
12091,15.3374861,21.16489557,25.52417887,16.06865589,21.90478357
1050,17.76878383,18.1210947,25.52521987,17.15921327,21.42568832
40777,15.52028074,24.94179044,25.52910714,16.5782557,17.43056598
15675,14.84889339,21.89291149,25.52922198,15.82988702,21.89908612
15570,13.85700605,21.25839634,25.53377729,14.76160941,24.58921092
28009,14.05966547,25.14929415,25.53694532,17.68121697,17.57287809
28408,14.05966547,25.14929415,25.53694532,17.68121697,17.57287809
29223,19.68292582,20.87909166,25.53769746,18.23377099,15.66651407
39015,17.17434296,19.53644166,25.54314857,18.51190224,19.23416456
20246,15.04871155,17.49325753,25.54427571,15.47007628,26.44367892
12927,15.42704818,17.19487609,25.54597595,18.63081161,23.20128816
10221,14.46202589,21.40319856,25.5513168,16.13083277,22.45262597
32283,13.29872103,23.65874939,25.55234835,18.33140768,19.15877356
32751,13.29872103,23.65874939,25.55234835,18.33140768,19.15877356
1098,15.82620358,16.74045838,25.56484389,16.67304574,25.19544842
2194,15.45397935,23.21467679,25.56635704,16.95879088,18.80619594
13864,14.29205146,19.56828546,25.56770733,20.55989435,20.0120614
16461,13.18355965,22.56247708,25.5752903,18.00456923,20.67410375
28127,16.43704987,17.86951074,25.57895051,18.94988415,21.16460472
28519,16.43704987,17.86951074,25.57895051,18.94988415,21.16460472
31005,14.88288707,22.34402984,25.58234394,18.37381627,18.81692287
14446,14.65904289,22.08729636,25.58525071,15.59967826,22.06873179
39780,17.782945,15.28717723,25.58635965,18.08444589,23.25907223
17516,17.42080443,13.91520892,25.5884482,14.85271695,28.22282149
7786,15.86941178,18.17629329,25.59426957,17.18892742,23.17109794
3330,15.44146123,20.54466174,25.59722023,17.91854588,20.49811093
20300,17.29051385,18.55651355,25.59726622,17.98543835,20.57026803
20728,17.29051385,18.55651355,25.59726622,17.98543835,20.57026803
3057,16.748281,23.18802774,25.59915141,16.74556095,17.7189789
18074,15.08429434,18.00799264,25.60340082,15.81400999,25.49030222
871,13.61253561,21.30378316,25.60865011,19.16819672,20.3068344
28227,15.50598159,17.80092785,25.61569561,15.15226719,25.92512776
28666,15.50598159,17.80092785,25.61569561,15.15226719,25.92512776
3268,16.69566004,24.91048117,25.61592407,18.93507139,13.84286333
29389,14.56710377,21.36254006,25.6195693,14.80859954,23.64218734
11846,15.34497852,18.75047951,25.62046939,18.92627284,21.35779975
23309,19.27397461,18.56075508,25.62223861,19.4544101,17.08862161
1158,15.26705643,21.88629903,25.63984144,18.04323635,19.16356675
21347,13.24430418,21.36238451,25.64121177,17.15267558,22.59942396
11500,18.10315624,19.58358349,25.64340687,16.99104374,19.67880966
35515,21.69118333,18.37588219,16.99768944,19.44908768,23.48615736
37033,16.26231331,16.84054644,25.64925096,15.44410088,25.80378841
23468,24.01813292,12.58836934,25.65384947,16.26880251,21.47084575
6655,13.91259596,23.88432913,25.66053856,16.54304522,19.99949113
4456,16.35151661,20.49898451,25.66424564,16.64855709,20.83669615
29453,22.76584457,21.14822919,25.67179589,23.85183027,6.56230008
30553,22.76584457,21.14822919,25.67179589,23.85183027,6.56230008
25348,15.21546746,19.6949539,25.67329023,17.94377029,21.47251813
390,16.63097996,20.27607358,16.9817583,19.19724761,26.91394056
29456,14.51875128,20.04901117,25.6814055,12.8529921,26.89783997
5473,15.94064564,17.16632359,25.68459495,19.00773695,22.20069887
14828,21.81894617,19.59470475,25.69604097,20.7347113,12.15559681
13012,16.50449479,18.65522139,25.69841186,16.07720017,23.06467179
18679,13.56969645,25.1795301,25.70048477,16.45770772,19.09258096
32438,17.21676948,17.27620496,25.70135429,18.93603598,20.86963528
32897,17.21676948,17.27620496,25.70135429,18.93603598,20.86963528
26818,19.9303088,12.89821875,25.70159487,14.21582104,27.25405654
24630,14.72114645,19.55815493,25.71831079,20.01444736,19.98794048
13210,15.74761273,16.93307086,25.71937493,19.7652832,21.83465828
11083,18.16073163,19.45776516,25.72338532,16.90449405,19.75362384
13955,14.13030832,18.74954353,25.7276634,14.65893072,26.73355403
501,19.67497597,22.47712294,16.97126741,16.93303398,23.94359969
23540,18.55558452,13.89121807,25.73325083,14.26615716,27.55378941
15126,14.99343057,20.18325797,25.7400303,16.20761357,22.87566759
23289,14.5746829,21.64124354,25.74357627,18.00416952,20.03632777
37769,17.39167096,19.18957707,25.7535286,18.2065216,19.45870177
38423,14.60689921,24.26247709,25.7544709,17.37442467,18.00172813
29643,14.35450548,22.31491727,25.75659832,15.13940387,22.43457506
12232,18.27393961,22.22189958,25.75969676,17.54855042,16.19591363
40745,14.44721186,19.3445989,25.76170178,15.13215683,25.31433063
5599,16.60580961,18.94774507,25.7659671,15.78320161,22.89727661
36418,15.12483748,18.62295225,25.76817203,20.08070504,20.40333319
37943,15.4039627,26.27042827,25.76844868,18.5651777,13.99198264
1650,15.07558515,20.13424914,25.76950249,17.04611564,21.97454758
8213,17.97022461,13.51698489,25.773947,17.21010738,25.52873612
1356,15.67676062,21.53010901,25.77535574,15.82867966,21.18909497
29529,15.19806041,23.01997296,25.7768656,16.89219751,19.11290352
7221,15.64279871,17.33049166,25.77979691,18.42375327,22.82315944
24098,17.01946454,21.05473552,25.78015029,14.79303025,21.3526194
33735,16.51699259,21.71330583,25.78173211,16.29575705,19.69221242
27157,12.34502778,22.51500347,25.78200898,14.89516316,24.46279662
23886,14.5061338,21.08933982,25.78311066,15.57884751,23.04256821
10616,19.492152,22.4483079,25.80219618,18.16378567,14.09355825
11107,19.492152,22.4483079,25.80219618,18.16378567,14.09355825
37933,16.21268724,22.90814114,25.81092982,15.61783436,19.45040744
11470,14.57528435,22.51608954,25.8115285,16.14670067,20.95039693
2893,15.2917994,20.26489841,25.81299463,20.91685769,17.71344987
11832,14.94505577,22.58557208,25.81435289,14.23147544,22.42354382
13588,18.27975868,16.17275146,25.8170613,18.83208279,20.89834577
13085,16.15965769,14.99338068,25.82792754,19.25692827,23.76210582
17226,14.64857613,20.21187808,25.83121596,18.44580035,20.86252949
28034,13.4864913,22.11732884,25.83274144,13.11547076,25.44796766
28440,13.4864913,22.11732884,25.83274144,13.11547076,25.44796766
7122,14.77499313,19.48759562,25.84178196,15.96898146,23.92664782
7104,13.01650869,19.44931056,25.84570876,17.05517117,24.63330081
193,17.45017852,25.15372621,16.89026424,16.34691504,24.158916
22286,16.42072668,20.80912478,25.85733005,18.25171653,18.66110195
35918,17.15518524,21.04381126,25.85760827,17.14544742,18.79794781
17998,14.405577,20.72355033,25.86048005,15.35769688,23.65269574
1060,14.85303211,20.73589839,25.86635848,17.01039186,21.53431916
17859,15.18757516,19.69567089,25.86916616,20.97735896,18.27022883
23979,13.11520568,20.61760534,25.87268441,21.13284487,19.2616597
41449,11.51302125,32.53345624,25.87412647,14.63709601,15.44230003
31902,19.22921593,13.25536183,25.87449771,15.15027965,26.49064488
33933,15.7225408,21.93801938,25.87667353,16.268984,20.19378229
41660,14.84156479,25.72593391,25.88176357,15.67103754,17.87970019
15985,14.15917816,21.39745651,25.88228027,16.13342488,22.42766019
602,17.45017852,25.15372621,16.89026424,16.34691504,24.158916
14980,14.14561343,21.9027492,25.88462431,17.4438086,20.62320446
25415,13.19753228,19.62677311,25.8898882,12.45375137,28.83205503
30472,13.70952282,18.97819852,25.89924289,14.98344396,26.42959181
8494,18.42851904,19.77238257,25.90167432,17.56346922,18.33395486
16119,14.94565923,22.76569438,25.90388871,16.5109981,19.87375958
16407,20.20915828,13.29295345,25.90487154,15.00758232,25.58543441
12204,14.87579819,22.75243632,25.91479756,14.19119267,22.26577526
17350,15.8881496,21.13369031,25.9213237,16.7689187,20.28791769
38821,18.46293479,14.65016732,25.92483316,15.7315648,25.23049994
10608,14.16511742,21.38013804,25.92630618,22.01839093,16.51004744
18032,16.82279678,21.96049792,25.92956585,15.1305683,20.15657115
7228,13.99197384,18.50570737,25.93721566,20.18671275,21.37839038
1536,13.46173802,20.17968929,25.93968667,17.78955576,22.62933025
7060,15.42826729,17.84274344,25.94170491,16.37194251,24.41534185
24972,23.01389841,20.28907,25.95151261,24.11171688,6.633802094
16942,23.01477303,20.28604068,25.95249887,24.11263322,6.634054204
6818,17.84417095,21.7119748,25.95553367,16.24906351,18.23925705
13694,14.36379827,20.83606398,25.95718232,14.06794596,24.77500947
16593,14.58220852,22.31380671,25.97699983,16.9512355,20.17574944
21418,13.54657964,21.51199012,25.9846447,11.59549063,27.3612949
26472,14.14599623,22.9605149,25.98766174,16.40527251,20.50055463
26869,14.14599623,22.9605149,25.98766174,16.40527251,20.50055463
3737,19.54394907,11.35501695,25.98792381,14.38060377,28.7325064
11630,14.38235226,18.92191254,25.99558301,15.63468214,25.06547006
18095,14.5919891,22.57264491,25.99563568,18.58263796,18.25709236
14880,18.25771552,21.86280867,26.00205646,18.5012878,15.37613156
32368,13.79890782,21.77029093,26.0021769,16.92502777,21.50359658
38836,19.59602445,17.93503805,26.00581124,15.73656461,20.72656164
29194,19.23546578,16.67356867,26.00787263,15.44629116,22.63680175
22615,14.41736159,18.86186292,26.01512372,18.21784008,22.4878117
3341,17.79900391,12.98902605,26.01520939,20.35414696,22.84261369
28863,22.21813698,16.51886278,26.01630582,17.86956036,17.37713406
29616,14.62672525,20.96252076,26.02006743,21.78547104,16.60521553
29885,12.75710832,23.73084627,26.02129986,16.76861052,20.72213503
30217,12.75710832,23.73084627,26.02129986,16.76861052,20.72213503
37840,19.28023198,18.72471593,26.021885,19.40196705,16.57120003
17173,15.7388473,22.79821675,26.02547066,18.09056159,17.34690371
29584,14.13549614,23.20274398,26.03025321,16.18038167,20.45112499
30316,14.13549614,23.20274398,26.03025321,16.18038167,20.45112499
14929,14.79929415,18.03223836,26.03544725,14.53007272,26.60294752
5966,14.4177859,21.09193518,26.04226856,16.50230854,21.94570182
27220,21.74899308,14.85080241,26.04686193,19.8000804,17.55326218
37921,13.57116042,20.06122402,26.05115442,15.43444994,24.8820112
172,21.80809484,21.54131379,16.87059784,22.98642073,16.7935728
35228,19.36900768,24.05903923,16.8269959,18.27532639,21.4696308
27894,14.85271039,20.99249362,26.05821444,15.26550074,22.83108082
28321,14.85271039,20.99249362,26.05821444,15.26550074,22.83108082
25255,16.4131656,15.70377862,26.05875352,14.74053175,27.08377052
37301,14.43941194,21.59717146,26.06269311,15.73689278,22.16383071
11937,14.01053882,17.67170611,26.06864438,13.3687539,28.8803568
2296,14.58239768,19.2745371,26.06921178,18.90705576,21.16679768
17313,16.29074768,22.41892983,26.07356053,20.89224414,14.32451782
12309,22.34222644,16.61111603,26.07384006,15.11252,19.86029746
26282,13.95319455,19.03100217,26.07826572,17.24837445,23.6891631
26701,13.95319455,19.03100217,26.07826572,17.24837445,23.6891631
33355,14.95363842,21.5984314,26.08203885,17.40704433,19.95884701
37926,16.44743596,20.04952976,26.08968847,14.99524226,22.41810356
7204,15.10075238,21.66154128,26.09058286,15.99965798,21.14746549
16505,15.02021254,21.62031342,26.09845255,14.70899424,22.55202724
21625,15.11996908,29.52359195,26.10036626,17.3402432,11.91582951
36305,18.50978867,19.28729002,26.10147632,19.47348833,16.62795667
30561,21.080074,21.2957105,26.11743125,20.62269196,10.88409229
29396,16.5008557,20.12754322,26.12049588,17.72159453,19.52951066
30325,14.67296161,20.67610138,26.1204968,19.00246928,19.52797093
40249,12.35280041,23.9645382,26.12393294,16.71594878,20.84277967
16033,15.46309588,18.9035936,26.13807097,19.71812513,19.77711442
16487,15.46309588,18.9035936,26.13807097,19.71812513,19.77711442
2705,18.9858753,16.42488857,26.14062416,14.81658251,23.63202946
30934,13.62148343,20.06963146,26.14228927,12.8357171,27.33087873
28840,15.48485244,20.9359712,26.14423058,21.37222933,16.06271646
15546,14.48603509,20.71370825,26.1464268,16.21722802,22.43660183
15984,17.0484072,16.81122896,26.14794611,21.86381674,18.12860099
35173,21.95787916,21.75385036,16.81896002,18.98738379,20.48192667
41098,15.13043939,18.75121423,26.14947264,15.30348198,24.66539176
32826,13.59379634,21.91516917,26.15441587,16.8867969,21.44982173
7916,13.87254958,21.80983477,26.16087328,16.27592101,21.88082136
30413,13.73576024,21.88265128,26.16265396,15.68099285,22.53794168
2205,18.33232516,18.12166259,26.16661817,17.99821041,19.38118367
4078,17.81341048,17.7999725,26.16820175,17.43875942,20.77965585
37494,14.98148977,18.58276589,26.17045581,18.31460476,21.95068377
22550,14.5291604,21.73463912,26.17253041,14.86304666,22.70062342
30857,15.95146487,20.22260595,26.17332188,16.52134465,21.13126264
41258,18.47328159,16.81803127,26.18565398,15.20626495,23.3167682
40219,13.30327706,20.71051986,26.19064044,18.62486256,21.17070007
35899,14.12712341,18.99304517,26.19265491,17.82081126,22.86636525
14913,20.096008,15.4876377,26.20204365,16.68900211,21.52530854
4202,17.16450848,13.77255833,26.20422702,14.48424691,28.37445926
11878,19.28077159,18.38262632,26.20528864,18.02379703,18.10751641
27180,15.29885451,23.88797479,26.20599663,20.58161019,14.02556389
39269,18.42545823,17.73941716,26.20753126,16.50552951,21.12206383
3201,15.81848232,24.84159452,26.22789394,16.06332261,17.0487066
6117,23.26927641,19.40454285,26.2394884,24.37927703,6.707415312
10073,14.93036645,20.40876958,26.24905654,16.07148899,22.34031844
29636,14.13386561,23.62152939,26.24987877,15.6596814,20.33504482
38632,15.75692181,18.39617437,26.2597432,14.90699409,24.68016653
35650,24.03806947,24.02374692,16.75884537,17.84823032,17.33110792
41671,14.16827314,23.71973049,26.27850931,15.68624796,20.1472391
27097,12.34722036,21.22582767,26.28004237,17.90918797,22.23772163
38816,15.90033819,19.42164774,26.28561406,20.2508318,18.14156821
7212,20.34105021,21.73358102,26.29257282,17.34675005,14.28604591
17765,18.92686412,19.3318199,26.29479247,17.36883585,18.07768766
8473,15.17966601,19.01500237,23.37334765,19.75851809,22.67346588
28963,13.92340133,22.08642554,26.30189076,17.35166,20.33662236
10589,15.7319086,19.70678163,26.32110978,15.0144903,23.22570969
3951,14.71843991,17.6162153,26.32119712,13.91801074,27.42613694
15910,15.57164411,21.57654193,26.32850625,15.48184967,21.04145804
37065,20.97325475,13.82619494,26.32910728,16.27279919,22.59864384
27162,18.56582722,13.32902276,26.32935063,19.76793758,22.0078618
31293,16.895025,20.13560427,26.33088219,16.99185029,19.64663825
3043,14.51570474,18.0551017,26.33145673,14.19659054,26.90114629
3408,14.51570474,18.0551017,26.33145673,14.19659054,26.90114629
7477,11.0626577,29.70257653,26.33227053,16.92410289,15.97839235
13202,15.35660218,22.42101394,26.33558913,16.83089652,19.05589822
35553,21.87221333,28.2576002,16.72489953,21.11915811,12.02612883
7982,17.80725308,19.61605934,26.34259916,15.99282079,20.24126764
28823,15.33042587,23.06541433,26.34437022,21.00266374,14.25712584
15998,16.92127364,16.22143454,26.34972907,18.46232353,22.04523923
21504,19.59257616,9.683393477,26.35278009,13.92292415,30.44832612
8834,18.95526103,20.48209105,26.35697568,18.7529058,15.45276644
15140,13.75091287,22.01255146,26.35877988,17.68887822,20.18887757
16071,14.52634147,20.79246385,26.36147792,15.24618958,23.07352718
29203,21.12803881,20.43870796,26.36151825,18.91734745,13.15438754
17433,15.04046353,22.21739122,26.36227438,15.14831556,21.2315553
36782,18.94785223,19.93100106,26.36823794,16.37862221,18.37428656
37341,14.78915545,22.11289418,26.36846063,15.39628463,21.33320511
30045,13.04478627,22.6519187,26.3776423,14.45784952,23.46780321
12846,14.58878646,20.15832219,26.37809474,14.80037225,24.07442436
1064,18.52317226,18.82139301,26.38003643,17.86935098,18.40604733
31764,17.04042907,19.88531011,26.38341514,16.78591344,19.90493223
28236,15.905238,21.779774,26.3839833,16.79057906,19.14042563
28683,15.905238,21.779774,26.3839833,16.79057906,19.14042563
16781,18.64621701,23.86405925,26.38457777,15.22883333,15.87631264
823,13.30216104,21.63888367,26.38557093,21.46927251,17.20411184
6886,18.39431686,12.68927164,26.38645759,15.97173422,26.55821969
7316,16.58630854,20.68424855,26.4105954,16.97293868,19.34590882
33855,16.05776465,20.36333434,26.41590795,19.33957613,17.82341693
41297,14.94399303,18.47508978,26.42329304,13.71498938,26.44263476
37274,18.00424868,16.56994392,26.42401885,19.0959803,19.90580825
25772,14.04185252,17.52280551,26.42887448,15.2205733,26.78589418
231,23.45498915,20.9531681,16.70570693,22.76250442,16.1236314
2627,20.25279425,13.38799983,26.43694,14.59082473,25.3314412
31433,19.94001929,12.75685394,26.44324343,15.54321694,25.3166664
13901,14.83574271,14.82960386,26.44890278,18.46651986,25.41923079
40170,18.72585847,21.49033786,26.45895416,21.37747206,11.94737745
36701,12.38202803,22.01855587,26.46273087,16.25933085,22.87735437
36296,12.84682837,21.40399516,26.46629362,18.62529938,20.65758346
20986,18.15146242,15.58729904,26.47082023,16.83174272,22.9586756
9206,17.06356673,23.66084729,26.47591616,20.63239795,12.16727186
27901,13.24902259,22.63194905,26.47826482,21.98892746,15.65183608
28313,13.24902259,22.63194905,26.47826482,21.98892746,15.65183608
17057,23.48619631,18.65321918,26.48409708,24.60654453,6.769942904
38121,14.63221768,22.44852597,26.50559665,17.92236632,18.49129338
7535,14.7329069,19.70062139,26.50911959,14.31868921,24.73866291
9139,14.16494893,20.63822912,26.51189608,17.93718686,20.74773901
9556,14.16494893,20.63822912,26.51189608,17.93718686,20.74773901
30339,16.75024543,19.09352385,26.51365283,17.20804689,20.43453099
7987,21.33660442,16.58152069,26.52262659,17.27507462,18.28417369
1949,18.64784798,19.42014478,26.52598334,18.85880466,16.54721923
26442,17.5770696,20.18237347,26.52899374,16.96424753,18.74731566
26867,17.5770696,20.18237347,26.52899374,16.96424753,18.74731566
18725,16.53231164,17.64222925,26.52950235,14.90647378,24.38948297
147,18.02192257,27.14784206,16.67058437,21.71265097,16.44700004
7144,17.33317828,18.70522365,26.53458922,15.16170133,22.26530753
31149,17.40936572,18.99782317,26.54058926,16.34546063,20.70676123
31630,17.40936572,18.99782317,26.54058926,16.34546063,20.70676123
3505,16.59179849,14.94409759,26.54601891,14.44392737,27.47415765
3952,16.59179849,14.94409759,26.54601891,14.44392737,27.47415765
41203,14.89868591,19.83419765,26.546599,14.72003201,24.00048544
41428,14.25571288,23.69736589,26.56139052,15.58395647,19.90157425
1361,15.84809496,17.66660433,26.5806158,16.71034585,23.19433906
32287,13.39474037,22.33199077,26.58202904,16.66342831,21.02781151
32759,13.39474037,22.33199077,26.58202904,16.66342831,21.02781151
24521,13.73631882,18.85934666,26.58836365,16.52485169,24.29111917
30317,16.23832121,20.01155294,26.59406694,22.25790825,14.89815066
6325,20.97526302,20.80780986,26.59832579,17.18148389,14.43711744
41254,15.00386756,19.40462686,26.60985152,14.75210189,24.22955218
16044,12.93301012,21.93281106,26.61243548,17.97377436,20.54796899
32054,13.8797967,19.65237722,26.61994592,15.71122996,24.1366502
37356,14.34763195,20.5576613,26.62121394,21.08391265,17.38958017
7309,15.07955633,19.83930771,26.62191698,19.55016858,18.9090504
14646,14.75506144,23.24278279,26.62227287,15.70733173,19.67255117
38759,18.62647088,13.89531872,26.63005513,14.32802842,26.52012684
32395,14.16890788,22.57001689,26.64274635,15.44024253,21.17808636
18476,13.27310669,25.77910441,26.65075445,14.16063937,20.13639508
5762,18.22393155,15.86280839,26.65469475,20.19259739,19.06596793
18347,14.17410353,24.14787858,26.66253005,17.08282605,17.9326618
8121,13.70762655,24.07423761,26.66387421,15.34951866,20.20474297
3163,12.1728319,19.49060139,26.66634326,14.92245472,26.74776873
27979,20.04810037,17.0433511,26.66897984,17.13581522,19.10375347
28393,20.04810037,17.0433511,26.66897984,17.13581522,19.10375347
40804,15.23564872,18.58540841,26.67069102,13.6057546,25.90249725
8433,16.81873182,19.45475452,26.67643017,16.63536594,20.41471755
18976,14.24860562,20.89407225,26.67750102,14.8935873,23.28623382
19267,14.24860562,20.89407225,26.67750102,14.8935873,23.28623382
7248,13.05412093,21.75208942,26.6783699,18.49798434,20.01743541
35233,20.24277619,22.26848964,16.6614188,22.98507432,17.84224106
31008,12.53914234,22.08069114,26.68049908,13.93925431,24.76041313
10105,16.01781101,18.67395683,26.68177751,17.09844933,21.52800532
20131,13.73024495,21.10921219,26.68327787,16.24331702,22.23394796
9571,12.07254448,24.26347972,26.68810287,17.02732563,19.94854731
746,15.62330155,23.33323909,16.56881312,20.18941044,24.2852358
37761,18.08088509,14.91139521,26.69071944,17.90157777,22.41542249
19387,12.25143296,20.0916171,26.69503836,19.73900215,21.22290943
36624,13.29677128,22.76710857,26.7022313,15.07320536,22.1606835
33679,13.18971431,21.24272864,26.70231367,15.77290552,23.09233786
38403,14.93941874,16.01755323,26.70271331,17.85989307,24.48042166
8021,17.88717617,19.96985692,26.70375693,15.19760339,20.2416066
4632,18.56795617,12.1004985,26.71286191,13.89479072,28.7238927
12474,16.44990687,16.5885704,26.71600112,15.58111281,24.6644088
6430,15.1632885,20.47909825,26.71778672,19.73906301,17.90076352
1649,16.56840601,17.42084941,26.7226071,16.47344788,22.8146896
5261,18.30718012,16.22728273,26.72553104,19.15469933,19.58530678
3811,13.72531048,20.45391522,26.73262113,15.38801683,23.70013633
14300,16.59324899,16.5588282,26.73603819,22.13749504,17.97438958
23222,17.95471034,22.71903212,26.7363769,16.56638902,16.02349161
24906,23.71345194,17.86609665,26.74036081,24.8446408,6.835449794
35633,19.0272015,30.7940255,16.48146473,18.46250467,15.23480361
39172,15.49355412,25.18562804,26.74629127,17.72320482,14.85132175
7910,15.75838937,18.94359822,26.75609135,19.60040798,18.94151308
29913,23.7360755,17.7877377,26.76587216,24.86834356,6.841971079
6087,20.90565095,14.09033186,26.76899266,16.33294808,21.90207644
8232,20.91659245,20.10440034,26.77116756,17.96335265,14.24448701
11011,16.49198669,19.95404992,26.80087853,16.81151117,19.9415737
11421,16.49198669,19.95404992,26.80087853,16.81151117,19.9415737
120,21.92986391,22.7337112,16.46830497,18.16993011,20.69818981
35260,17.27685579,20.16435471,16.44434743,19.99093216,26.12350991
41295,17.44051854,15.35527908,26.81077157,19.67741145,20.71601936
27739,14.6699577,22.89516066,26.81222413,15.3570178,20.26563971
12828,14.75926804,23.40400805,26.81381163,15.72542123,19.29749106
5679,23.77924241,17.63822482,26.81454911,24.91356963,6.854414026
15245,13.27691474,23.13684198,26.82031046,14.72482738,22.04110544
18268,16.85770778,15.49168303,26.82377093,20.23064001,20.59619826
13931,14.52419545,18.94732628,26.82592492,14.66398999,25.03856336
36544,18.44935995,17.55699409,26.83807692,17.58374732,19.57182172
12628,14.58938057,22.19303884,26.85540849,15.23720712,21.12496499
9444,16.4469362,23.72920112,26.87095284,17.77958339,15.17332645
3072,15.2134124,19.02121271,26.87123606,14.87499081,24.01914802
6769,14.73272765,22.83469642,26.87133337,18.92990487,16.63133768
13181,11.33297509,25.45393729,26.88282722,17.18300715,19.14725325
29623,14.92373395,23.16061881,26.88689936,15.81906611,19.20968178
30036,14.92373395,23.16061881,26.88689936,15.81906611,19.20968178
26412,23.84528116,17.40949302,26.8890174,24.98275859,6.873449828
11417,13.80440083,19.17292531,26.89917752,16.01799138,24.10550497
34966,22.2714845,21.56097523,16.43400651,22.39469579,17.33883797
13444,16.81696248,20.35062783,26.90659126,17.08208631,18.84373212
1483,14.12571688,20.49932685,26.90837141,15.98697372,22.47961114
36914,13.65626721,19.10986317,26.91031204,14.40355918,25.91999841
35593,18.91154687,22.73269792,16.40790391,16.51348858,25.43436273
38239,17.04513789,10.91432313,26.92607412,11.80061482,33.31385004
9316,15.69644143,12.5422874,26.93324662,12.39579177,32.43223278
19147,13.4108371,17.42447246,26.94785955,16.83936019,25.37747071
32374,15.27536114,22.45451053,26.95600132,15.82716608,19.48696092
32835,15.27536114,22.45451053,26.95600132,15.82716608,19.48696092
37837,18.99178771,18.98355219,26.97028086,15.02269821,20.03168103
36362,15.52466516,18.64962741,26.98021158,19.52157296,19.32392289
27637,20.23721123,18.70813668,26.98153607,22.53717969,11.53593634
40337,13.61214554,21.71746082,26.98667385,15.66294947,22.02077032
17970,16.47469455,21.19326132,26.99112929,15.98335986,19.35755498
40497,17.61431843,20.62823099,27.00367141,18.22578765,16.52799152
34077,14.41762871,22.96504218,27.00432445,16.17011173,19.44289292
6204,15.97228669,19.27591357,27.00542329,16.83913461,20.90724184
27422,14.19679692,18.89896809,27.02339712,18.05604797,21.82478989
37600,15.41082085,18.41987517,27.03500371,15.06531238,24.06898788
33867,13.58765095,19.44013645,27.04370524,16.87863896,23.0498684
1467,18.71183773,18.34679459,27.05370782,17.91899356,17.9686663
4692,14.33937458,22.76006741,27.05978343,17.18457811,18.65619647
10622,14.14152234,19.91031885,27.06463099,21.25333388,17.63019394
352,17.75962412,28.17753518,16.35912356,20.83036274,16.8733544
39230,17.16876677,13.20618713,27.07093102,13.17388886,29.38022621
35682,19.79503729,21.57794798,16.35729725,20.82046385,21.44925363
5294,16.07653881,20.25443767,27.08183027,18.53304154,18.05415172
26326,24.01652847,16.81636089,27.08212361,25.16217481,6.922812208
38290,15.73394966,19.90423439,27.08340887,17.49668025,19.78172683
6473,16.01726273,20.01232546,27.08547703,15.43747462,21.44746016
6871,16.01726273,20.01232546,27.08547703,15.43747462,21.44746016
25367,15.98689847,17.0344786,27.08837754,14.40907469,25.4811707
7950,17.62476406,16.96030271,27.09192335,17.38951866,20.93349122
1828,17.57760087,13.17865487,27.10421607,17.14558405,24.99394414
3848,13.80337482,17.01959585,27.11180616,13.59194335,28.47327982
4265,13.80337482,17.01959585,27.11180616,13.59194335,28.47327982
16247,13.82582832,20.10923618,27.11279689,14.34342327,24.60871534
16656,13.82582832,20.10923618,27.11279689,14.34342327,24.60871534
2648,14.11764016,19.02666477,27.11596621,15.72687116,24.01285769
3086,14.11764016,19.02666477,27.11596621,15.72687116,24.01285769
40470,18.15815011,15.27813895,27.11999212,15.13742636,24.30629247
10142,15.65862971,19.71236942,27.12149047,14.44509829,23.06241211
25280,24.06012084,16.66537439,27.13128034,25.20784664,6.935377794
32244,14.31276231,21.75542245,27.13246783,18.10643846,18.69290896
13630,18.95150546,13.47939286,27.13369534,15.15762723,25.27777911
17172,14.47207765,20.27039456,27.1492247,17.34962345,20.75867964
27640,13.81038611,22.45900634,27.14922673,17.11468738,19.46669345
20006,17.71048605,17.68180065,27.1565028,16.12575807,21.32545243
29614,16.08003737,20.40364343,27.16244144,18.06314137,18.29073638
27146,14.37322726,19.96808765,27.16274073,17.98729331,20.50865105
12922,12.09857503,23.09370379,27.17400719,16.67388063,20.95983336
33343,14.3405471,17.68040446,27.17403858,16.54170695,24.26330292
33787,14.3405471,17.68040446,27.17403858,16.54170695,24.26330292
10695,16.64142053,14.74254167,27.17510267,15.92624843,25.5146867
19510,19.75808324,18.97145866,27.18188705,16.52532479,17.56324625
1608,18.77787278,15.92813977,27.18332043,16.46420952,21.6464575
29673,24.10739567,16.5016333,27.18458957,25.25737659,6.949004859
9238,14.79053006,19.99418103,27.18672485,16.4120501,21.61651396
9631,14.79053006,19.99418103,27.18672485,16.4120501,21.61651396
25283,14.65960674,18.28937816,27.18854407,16.33610562,23.52636541
24913,24.11346461,16.48061293,27.19143318,25.26373504,6.950754242
24071,18.05854308,18.4077383,27.19775473,15.08950992,21.24645398
40734,14.6757927,19.27446747,27.20243432,15.38452289,23.46278262
8549,15.80218347,15.41758601,27.20642177,14.04191611,27.53189264
26436,15.05829942,21.34826612,27.20917797,17.39749161,18.98676487
26919,15.05829942,21.34826612,27.20917797,17.39749161,18.98676487
37393,14.20604073,17.29035187,27.20978028,19.21564246,22.07818467
11835,16.07775727,16.26250114,27.21919373,22.72977769,17.71077017
12209,16.07775727,16.26250114,27.21919373,22.72977769,17.71077017
29271,14.02907506,21.75540209,27.22742029,22.21705553,14.77104703
3051,17.01939609,19.26729538,27.23310944,15.34766773,21.13253137
27577,12.27072772,20.09842295,27.23433597,18.24856207,22.1479513
8657,19.72376456,22.69756115,27.23599027,17.95031526,12.39236877
11931,15.70588206,17.60038463,27.2436704,16.02276186,23.42730104
12394,15.70588206,17.60038463,27.2436704,16.02276186,23.42730104
17527,12.87542845,23.84753048,27.24372552,14.8257629,21.20755266
38496,14.77442122,20.20542833,27.24840565,16.03193744,21.73980735
20553,14.12156015,23.79593004,27.25538757,15.50872576,19.31839648
36890,12.80824997,22.30607549,27.25548473,14.3444745,23.2857153
32699,14.20510257,21.81582765,27.2577499,18.07267527,18.64864462
4176,14.19784695,21.99091489,27.26211789,17.76922482,18.77989545
35221,16.43033205,27.26400013,16.31475583,17.9956108,21.9953012
38940,17.79001386,18.80376838,27.2703017,17.82100598,18.31491009
6073,13.74479594,19.69126418,27.29894763,16.62218324,22.64280902
14744,13.58254876,26.04955953,27.3165267,18.40747933,14.64388568
26287,18.66503887,19.59379426,27.31710717,18.77037383,15.65368588
26720,18.66503887,19.59379426,27.31710717,18.77037383,15.65368588
18933,24.22546655,16.09268305,27.31773164,25.38107974,6.983039025
17995,16.09437824,16.01796684,27.32653081,14.05167175,26.50945236
20080,12.95215558,23.28539862,27.33533234,15.54366275,20.88345071
3661,16.67857629,19.65121204,27.34103463,16.49986935,19.8293077
18763,24.26312761,15.96224021,27.36019995,25.42053732,6.993894901
6748,15.2652824,17.96107547,27.37337481,15.59619548,23.80407184
5391,16.83096668,23.41810216,27.38004101,16.02381444,16.34707571
7483,24.28152524,15.8985182,27.38094595,25.43981256,6.999198053
29854,15.09755439,19.05818511,27.38265365,13.19838938,25.26321747
12420,17.80134943,14.84536628,27.38345522,14.51237673,25.45745233
27875,18.52010165,20.54279218,27.39541379,16.67644948,16.86524289
28297,18.52010165,20.54279218,27.39541379,16.67644948,16.86524289
30202,24.29845667,15.8398745,27.4000386,25.45755166,7.004078572
6724,24.29845667,15.8398745,27.4000386,25.45755166,7.004078572
7496,24.29845667,15.8398745,27.4000386,25.45755166,7.004078572
11216,24.29845667,15.8398745,27.4000386,25.45755166,7.004078572
11463,24.29845667,15.8398745,27.4000386,25.45755166,7.004078572
12177,24.29845667,15.8398745,27.4000386,25.45755166,7.004078572
14261,24.29845667,15.8398745,27.4000386,25.45755166,7.004078572
16488,24.29845667,15.8398745,27.4000386,25.45755166,7.004078572
17339,24.29845667,15.8398745,27.4000386,25.45755166,7.004078572
17369,24.29845667,15.8398745,27.4000386,25.45755166,7.004078572
17436,24.29845667,15.8398745,27.4000386,25.45755166,7.004078572
17539,24.29845667,15.8398745,27.4000386,25.45755166,7.004078572
17647,24.29845667,15.8398745,27.4000386,25.45755166,7.004078572
17656,24.29845667,15.8398745,27.4000386,25.45755166,7.004078572
17849,24.29845667,15.8398745,27.4000386,25.45755166,7.004078572
18008,24.29845667,15.8398745,27.4000386,25.45755166,7.004078572
18379,24.29845667,15.8398745,27.4000386,25.45755166,7.004078572
18432,24.29845667,15.8398745,27.4000386,25.45755166,7.004078572
18909,24.29845667,15.8398745,27.4000386,25.45755166,7.004078572
18931,24.29845667,15.8398745,27.4000386,25.45755166,7.004078572
18991,24.29845667,15.8398745,27.4000386,25.45755166,7.004078572
19117,24.29845667,15.8398745,27.4000386,25.45755166,7.004078572
19236,24.29845667,15.8398745,27.4000386,25.45755166,7.004078572
19273,24.29845667,15.8398745,27.4000386,25.45755166,7.004078572
19625,24.29845667,15.8398745,27.4000386,25.45755166,7.004078572
19723,24.29845667,15.8398745,27.4000386,25.45755166,7.004078572
19933,24.29845667,15.8398745,27.4000386,25.45755166,7.004078572
21382,24.29845667,15.8398745,27.4000386,25.45755166,7.004078572
23475,24.29845667,15.8398745,27.4000386,25.45755166,7.004078572
24942,24.29845667,15.8398745,27.4000386,25.45755166,7.004078572
25346,24.29845667,15.8398745,27.4000386,25.45755166,7.004078572
25519,24.29845667,15.8398745,27.4000386,25.45755166,7.004078572
26884,24.29845667,15.8398745,27.4000386,25.45755166,7.004078572
27669,24.29845667,15.8398745,27.4000386,25.45755166,7.004078572
27793,24.29845667,15.8398745,27.4000386,25.45755166,7.004078572
28401,24.29845667,15.8398745,27.4000386,25.45755166,7.004078572
28617,24.29845667,15.8398745,27.4000386,25.45755166,7.004078572
29046,24.29845667,15.8398745,27.4000386,25.45755166,7.004078572
29074,24.29845667,15.8398745,27.4000386,25.45755166,7.004078572
29295,24.29845667,15.8398745,27.4000386,25.45755166,7.004078572
29298,24.29845667,15.8398745,27.4000386,25.45755166,7.004078572
29316,24.29845667,15.8398745,27.4000386,25.45755166,7.004078572
30999,24.29845667,15.8398745,27.4000386,25.45755166,7.004078572
37226,24.29845667,15.8398745,27.4000386,25.45755166,7.004078572
37694,24.29845667,15.8398745,27.4000386,25.45755166,7.004078572
30006,24.30654614,15.81185579,27.40916066,25.46602703,7.00641038
17993,24.30654614,15.81185579,27.40916066,25.46602703,7.00641038
14226,24.30654614,15.81185579,27.40916066,25.46602703,7.00641038
16543,24.30654614,15.81185579,27.40916066,25.46602703,7.00641038
18125,24.30654614,15.81185579,27.40916066,25.46602703,7.00641038
6981,24.30724207,15.80944538,27.40994541,25.46675615,7.006610982
11277,24.30725046,15.80941633,27.40995487,25.46676494,7.0066134
37154,24.30725046,15.80941633,27.40995487,25.46676494,7.0066134
6747,24.30725046,15.80941633,27.40995487,25.46676494,7.0066134
13904,24.30725046,15.80941633,27.40995487,25.46676494,7.0066134
16850,24.30725046,15.80941633,27.40995487,25.46676494,7.0066134
30874,24.30725046,15.80941633,27.40995487,25.46676494,7.0066134
19952,24.30725046,15.80941633,27.40995487,25.46676494,7.0066134
26011,24.30725046,15.80941633,27.40995487,25.46676494,7.0066134
11948,13.5242767,23.21079911,27.41885123,15.34756388,20.49850908
12898,13.5242767,23.21079911,27.41885123,15.34756388,20.49850908
35034,22.68346459,21.49674361,16.28128904,23.40287994,16.13562283
30249,18.61348622,11.11671699,27.43656925,13.84313226,28.99009528
10654,13.75846693,20.24812013,27.44592721,17.5164909,21.03099482
19377,13.37576324,20.23783162,27.45264227,14.37717031,24.55659257
7691,14.50184599,21.6276735,27.45827382,17.21802509,19.19418161
39331,14.45417922,19.36731726,27.4653423,12.86885478,25.84430644
30520,17.16093187,21.99573877,27.46917792,17.35232732,16.02182412
5754,17.95055787,23.63308959,27.47384672,19.23233782,11.71016801
18621,17.2895345,19.53524042,27.48317148,17.03784622,18.65420738
19038,17.2895345,19.53524042,27.48317148,17.03784622,18.65420738
28117,12.86918371,25.57166658,27.48601681,15.53249593,18.54063696
28524,12.86918371,25.57166658,27.48601681,15.53249593,18.54063696
36691,14.44510402,22.07076631,27.49025618,15.01963882,20.97423467
14053,15.18420212,20.76701302,27.49748493,16.19483457,20.35646536
34958,18.90908686,27.33257033,16.26764028,21.8497864,15.64091614
35131,16.60330979,28.8605816,16.06534974,18.37287607,20.09788281
30752,14.05499182,19.38020157,27.50991747,13.75179869,25.30309045
39234,12.62289983,26.32926916,27.5234561,16.51071191,17.01366301
35453,22.80318937,19.42219275,16.06321457,18.76251893,22.94888437
6278,15.06061757,17.74776032,27.53655479,13.66943817,25.98562915
15909,15.67794493,20.82409187,27.54331383,21.63815675,14.31649262
31130,15.463714,15.08663046,27.54759383,19.4438386,22.45822311
31610,15.463714,15.08663046,27.54759383,19.4438386,22.45822311
32914,15.40197451,22.74137691,27.54809086,16.19831006,18.11024765
17964,15.61455402,20.23913755,27.55439829,12.65605704,23.93585311
2671,15.76051347,16.70711497,27.5694394,18.83168973,21.13124244
5273,16.40315138,16.62749501,27.57223378,20.14607719,19.25104264
5349,13.51435831,21.46417954,27.57418342,21.53330684,15.91397188
5073,16.61780126,15.19165175,27.59171126,15.78560902,24.81322671
8295,18.62857127,16.98051297,27.59274515,15.36608445,21.43208616
25083,15.71914256,19.53152663,27.59352691,17.26240191,19.89340199
11698,14.57276086,18.73560219,27.59625252,13.44831541,25.64706901
5278,16.70060177,16.77268966,27.62112789,15.70578602,23.19979465
37661,16.29354584,16.87299367,27.6280278,12.69364421,26.51178848
19934,13.00569738,26.7045411,27.63063563,18.88619233,13.77293356
6163,14.78077471,19.57863323,27.63181679,16.50243443,21.50634083
35740,19.07043246,29.71733216,16.0361209,20.27179397,14.90432051
38116,19.41017376,16.93853909,27.63927385,15.61527888,20.39673442
36811,17.19958651,21.13013306,27.64070059,17.18740128,16.84217856
14625,14.25530021,22.39559047,27.64082842,14.93009794,20.77818297
28874,13.6003488,20.3111564,27.65028574,15.88253745,22.55567162
36731,15.33066194,18.47953644,27.65241009,15.88073155,22.65665998
16496,12.0977942,21.4209196,27.65259673,17.18101726,21.64767221
14457,17.77143307,22.43936639,27.65605611,17.25131322,14.88183122
11544,12.70843517,20.62475836,27.65712985,15.57407523,23.4356014
12019,12.70843517,20.62475836,27.65712985,15.57407523,23.4356014
41262,12.28484709,22.46055163,27.66839928,16.67154189,20.91466011
1714,14.50385279,21.97374324,27.66999992,18.48541054,17.36699352
28037,16.00415779,16.35209533,27.67305161,17.54908433,22.42161094
28425,16.00415779,16.35209533,27.67305161,17.54908433,22.42161094
23668,18.83277438,17.32861318,27.68319872,16.43955679,19.71585693
14039,11.92268424,21.25764062,27.68661718,16.88519797,22.24785999
1926,14.67479301,24.35293026,27.69289008,19.83723901,13.44214764
14008,18.94840882,20.92664883,27.69349872,18.6812662,13.75017743
12414,18.2983999,15.73873643,27.69849623,16.72733065,21.5370368
25709,14.77836354,19.40978135,27.70433193,20.1275373,17.97998588
20468,14.83627117,21.55592209,27.7053339,14.37968809,21.52278475
15395,16.11768463,15.59100099,27.70645186,12.51638412,28.06847841
13628,12.94826321,20.9985148,27.71469405,13.31346191,25.02506602
14069,12.94826321,20.9985148,27.71469405,13.31346191,25.02506602
35190,19.22746014,25.9068734,15.98578013,18.04447064,20.83541569
4794,15.87674017,20.46807857,27.72724113,14.89816876,21.02977137
7372,10.80730675,17.91022522,27.73902728,19.58854114,23.9548996
14877,12.33593006,23.4761155,27.74291407,14.52295643,21.92208393
3022,15.1561467,24.29880808,27.74292861,16.49453697,16.30757964
38622,13.19615052,21.80955168,27.74989056,15.3670504,21.87735684
5204,15.06731883,21.32697447,27.7517012,15.69745323,20.15655227
930,13.39144103,20.57030187,27.76489614,17.57835955,20.69500141
8495,17.4860904,15.99199279,27.78585238,15.85349346,22.88257097
14021,15.79254539,15.02359179,27.78646035,20.55586073,20.84154174
24601,14.16906282,26.29574966,27.79042689,19.58163142,12.16312921
25039,14.16906282,26.29574966,27.79042689,19.58163142,12.16312921
39405,14.43316848,15.3970918,27.79243919,13.46535313,28.9119474
20092,16.76486585,21.87011124,27.79541562,14.89765129,18.671956
20555,16.76486585,21.87011124,27.79541562,14.89765129,18.671956
34205,15.75132656,20.73489685,27.7971735,15.33823523,20.37836787
38043,17.67288119,18.99309037,27.80680249,16.20463272,19.32259323
24666,14.89294065,16.81722817,27.80969787,15.56793016,24.91220315
6150,15.00441157,15.16025951,27.81010524,18.71815133,23.30707235
6609,15.00441157,15.16025951,27.81010524,18.71815133,23.30707235
1702,14.84435202,25.6889927,27.81615087,17.74628575,13.90421866
87,21.11441763,22.44081766,15.87496374,18.56353781,22.00626315
36221,15.87915701,17.62999725,27.84035526,21.25185884,17.39863164
3774,12.50654777,23.46131734,27.84428148,16.96869669,19.21915671
40678,14.42511444,18.18319637,27.84747529,16.24167723,23.30253667
29721,11.50465515,22.20551011,27.84856054,14.79807487,23.64319931
30112,11.50465515,22.20551011,27.84856054,14.79807487,23.64319931
6787,13.90610163,19.88483954,27.8529788,15.16195595,23.19412408
32929,12.39118356,20.40413233,27.85781355,16.65195138,22.69491918
38638,17.7669029,12.62426331,27.86407325,19.63207543,22.11268511
27072,15.72536898,15.1633044,27.87756837,13.67012046,27.56363779
8503,13.78674939,21.36360465,27.8974892,13.6052681,23.34688865
7912,16.37211903,16.93855518,27.90511002,17.16514317,21.61907261
26329,13.00485531,22.86480998,27.91011927,17.30459629,18.91561916
26754,13.00485531,22.86480998,27.91011927,17.30459629,18.91561916
27226,17.45188772,16.81563333,27.92004456,16.35886825,21.45356614
18406,15.13888983,20.70694018,27.92435014,14.44455547,21.78526438
15073,11.79714701,23.77426939,27.93229392,15.63466523,20.86162445
11119,14.76208983,14.51147403,27.94386834,12.32385252,30.45871529
15265,16.98526569,22.43414174,27.95256029,16.72860341,15.89942886
19930,13.17490426,15.86526156,27.96080463,16.13358386,26.86544569
15634,13.57083266,19.77883481,27.96744991,14.14629773,24.53658489
38772,16.64386277,17.63546577,27.97303308,13.6421747,24.10546368
31169,15.22600282,19.01057776,27.973976,15.91701642,21.87242701
31649,15.22600282,19.01057776,27.973976,15.91701642,21.87242701
35748,19.88529086,24.60396363,15.85372857,18.71037087,20.94664607
38572,13.02141814,22.52313756,27.98073114,15.13343987,21.34127329
29605,17.06513238,13.89222487,27.99399745,17.33923657,23.70940873
30022,17.06513238,13.89222487,27.99399745,17.33923657,23.70940873
32094,12.62895967,22.42107985,27.99739464,13.23877786,23.71378798
32580,12.62895967,22.42107985,27.99739464,13.23877786,23.71378798
35797,9.889543519,25.23717784,28.00015624,16.50494124,20.36818115
35770,17.86409786,30.13681348,15.77953622,22.50377473,13.71577771
4651,14.29819733,22.28287942,28.00752693,14.86791653,20.54347979
3354,12.65914995,22.90054977,28.00769478,17.01799567,19.41460984
29250,14.55655752,24.17203706,28.01452405,20.54135825,12.71552313
17571,15.01845696,17.36713995,28.02900776,20.78931572,18.79607961
4152,17.07379188,14.68401254,28.04713847,15.27750763,24.91754948
25397,14.37461709,15.58895638,28.0534948,14.29667749,27.68625424
11140,13.46401698,20.73108827,28.05364346,19.75573533,17.99551596
37295,14.88790419,19.31132753,28.05563875,14.53518101,23.20994853
37330,14.0332565,21.42636968,28.06536429,16.76330474,19.7117048
41628,18.96969647,17.19599905,28.06728924,15.77772817,19.98928707
2269,18.23750954,16.0231125,28.07666953,19.97914034,17.68356809
29816,20.37532599,13.53811845,28.08124809,15.17128744,22.83402003
751,17.90609711,28.55089508,15.7713588,21.02578715,16.74586186
30897,12.11736607,21.7904177,28.08454318,14.32249154,23.68518151
14714,11.25235817,20.90914887,28.08454631,21.32221131,18.43173534
15044,11.25235817,20.90914887,28.08454631,21.32221131,18.43173534
16419,15.39155559,18.20502477,28.09455337,14.67242321,23.63644306
35057,22.43275595,23.06256014,15.717613,22.18985907,16.59721184
25722,13.59733458,19.61097961,28.10456359,13.52702167,25.16010055
1731,14.65247551,22.30134695,28.10887892,16.42762556,18.50967307
11096,12.13184998,22.02807804,28.11398231,15.82900595,21.89708371
11538,12.13184998,22.02807804,28.11398231,15.82900595,21.89708371
35575,20.99976051,20.90329791,15.70297607,19.58303971,22.81092581
18562,15.35541246,21.76781665,28.12881417,18.04392105,16.70403567
17758,14.15490261,19.49584732,28.12930724,19.27659066,18.94335217
832,19.09324641,16.78169942,28.1350351,16.01625826,19.97376082
1281,19.09324641,16.78169942,28.1350351,16.01625826,19.97376082
35771,18.10676741,24.38347053,15.69117247,24.01368057,17.80490902
1713,11.43249351,21.66849193,28.15705194,19.6049463,19.13701632
17454,13.1360382,22.2286631,28.16504659,14.81900465,21.65124747
14323,11.68149137,24.26460905,28.17341799,16.48348825,19.39699334
14787,11.68149137,24.26460905,28.17341799,16.48348825,19.39699334
35724,19.38907092,24.65903902,15.65813337,20.28838488,20.00537181
26916,19.39001942,20.96565222,28.20383946,19.42850541,12.01198349
29399,14.89220022,16.9191127,28.20571466,15.72443514,24.25853727
39875,13.95042633,23.22994845,28.21030111,14.66824695,19.94107717
29382,11.963029,21.8268013,28.21053645,12.28194956,25.7176837
2643,16.64178032,15.68178413,28.21449807,13.4942504,25.96768708
15022,14.59000741,21.55230313,28.21648788,14.23650073,21.40470085
14067,19.76152409,11.72551807,28.22280008,14.82943149,25.46072628
41507,13.28611205,21.62451093,28.22717447,15.2036718,21.65853075
28772,13.9512421,23.79583591,28.22826019,15.34065909,18.6840027
13847,13.55099104,19.91946845,28.23208029,13.65667411,24.64078611
14291,13.55099104,19.91946845,28.23208029,13.65667411,24.64078611
17784,14.26108706,19.37353209,28.28427495,18.06853361,20.01257228
14972,14.40770683,21.67382243,28.29482147,14.69248082,20.93116845
16858,13.16853275,24.58844741,28.29556791,14.76470932,19.1827426
35758,21.71144071,23.48720955,15.59336269,18.78781924,20.42016781
5319,13.5864446,21.29737033,28.30523542,17.36171442,19.44923523
7408,14.28509769,13.27430674,28.31703659,11.62012201,32.50343697
36796,12.95925462,22.30132772,28.33861076,19.77670596,16.62410094
15659,16.14781595,21.58329074,28.34804665,17.14906667,16.77177999
17344,10.59857925,22.10704215,28.35348294,16.03987941,22.90101624
28219,16.34953488,14.14621687,28.36090177,15.09622589,26.04712059
28657,16.34953488,14.14621687,28.36090177,15.09622589,26.04712059
13585,12.65607127,21.55768055,28.36660184,15.06126651,22.35837982
26300,14.17972634,20.00025016,28.36988562,13.59443047,23.8557074
26733,14.17972634,20.00025016,28.36988562,13.59443047,23.8557074
16184,15.11631201,17.72542025,28.37346982,12.41260688,26.37219104
16605,15.11631201,17.72542025,28.37346982,12.41260688,26.37219104
23731,14.72076502,20.93314132,28.37441817,14.65475102,21.31692447
35706,19.580313,23.7176112,15.5891887,19.23372805,21.87915906
11031,16.42421363,15.93568878,28.38998577,21.3201783,17.92993351
15768,22.10924493,13.53255134,28.40138367,14.54782166,21.4089984
20123,16.88182438,12.1774243,28.40284907,14.19849654,28.3394057
16549,11.92733399,22.2031533,28.45188892,15.01300341,22.40462037
30341,13.3418926,21.47051945,28.45787372,14.4184465,22.31126772
30767,11.76922457,22.6966523,28.47283227,14.91973258,22.14155828
36858,14.99813861,17.69144323,28.47667622,17.73156318,21.10217876
3084,17.80298809,12.16412135,28.49674589,14.19548116,27.34066351
8406,17.50996221,15.60385671,28.49984607,16.74127657,21.64505845
824,14.94165667,21.67016709,28.50208184,18.0201224,16.865972
16224,14.89291805,16.16985958,28.50320302,14.63818599,25.79583337
16639,14.89291805,16.16985958,28.50320302,14.63818599,25.79583337
30837,14.96612149,21.45585413,28.50429302,16.57287168,18.50085968
41423,14.80816169,16.43239086,28.51077344,16.14503877,24.10363524
13882,15.07060954,21.58391502,28.5124998,14.91514059,19.91783506
7191,14.39233411,22.38034516,28.52439555,15.76026023,18.94266495
8646,16.44197158,10.47790954,28.53683376,17.08153192,27.46175319
39053,16.10448139,23.6431241,28.56695041,16.18170508,15.50373902
20053,16.3560313,17.66260272,28.56745402,20.92328848,16.49062348
20527,16.3560313,17.66260272,28.56745402,20.92328848,16.49062348
36421,13.20402696,22.11097359,28.57154552,16.37039219,19.74306175
6138,13.83911713,20.67525073,28.57965111,13.30971866,23.59626238
40261,15.38632542,19.88307854,28.57991183,15.17281325,20.97787096
26864,12.77674677,16.76729005,28.58071683,14.5026413,27.37260505
15979,18.66511145,15.62878231,28.58388915,14.33527159,22.78694551
348,18.81895663,22.69897945,15.49544738,22.58668836,20.39992818
28776,15.00136484,21.41004379,28.59738581,14.61878232,20.37242324
31064,16.21994769,16.07460443,28.5991826,14.05230363,25.05396164
31541,16.21994769,16.07460443,28.5991826,14.05230363,25.05396164
16103,12.1769512,23.03202936,28.60077387,15.06156173,21.12868384
20055,13.83258931,16.89363614,28.60292868,11.92527325,28.74557262
5812,13.24737847,19.88798763,28.60799765,15.430123,22.82651324
15830,13.00172573,23.35753602,28.60860278,13.58853267,21.4436028
38104,20.3303317,14.7566883,28.61277016,17.96422521,18.33598462
8023,18.89333108,16.743121,28.6142107,17.38114944,18.36818778
22784,13.7420673,24.59853368,28.61914169,16.33178404,16.70847329
26582,17.13590943,16.83326228,28.6192822,12.47192025,24.93962584
38246,13.86370165,21.73808039,28.62040964,16.04702929,19.73077903
3275,15.23097165,20.74214389,28.62088906,21.17351371,14.23248169
24119,13.21287548,21.11875511,28.62113604,14.28478571,22.76244765
5287,14.36599102,18.1935095,28.6237099,15.27230551,23.54448407
13979,18.93171094,14.73815309,28.62806775,14.52117343,23.18089478
681,18.58945027,24.85396869,15.48632048,22.14917738,18.92108318
28203,13.45844051,22.54696751,28.64012465,16.00562988,19.34883746
28609,13.45844051,22.54696751,28.64012465,16.00562988,19.34883746
28802,14.53046258,21.20991517,28.64291588,15.75352556,19.86318081
5839,11.98137449,17.9661549,28.64751487,15.08404329,26.32091246
1307,11.35321992,23.09260389,28.656147,17.05270809,19.84532109
8440,19.70687939,18.66375319,28.66418257,16.09925215,16.8659327
7943,17.55851447,14.6821042,28.66584579,17.09930802,21.99422752
18439,19.66682808,9.529208222,28.68908272,13.59966168,28.51521929
40336,12.05818317,22.06049965,28.69296987,15.69356197,21.49478535
8386,13.74617631,21.71944812,28.69508012,16.13008288,19.70921257
13873,16.5803251,24.75554436,28.70186525,22.63244461,7.329820686
38301,12.99205347,20.4402688,28.71237777,12.69079163,25.16450833
2167,16.86354551,19.54417874,28.71486952,19.54546984,15.33193639
26614,15.42347806,18.43311497,28.72038152,16.67844372,20.74458173
20007,15.83824477,16.94319241,28.72980734,19.13486834,19.35388714
20479,15.83824477,16.94319241,28.72980734,19.13486834,19.35388714
26961,13.22192515,19.17721172,28.74062105,16.69654495,22.16369713
26055,11.89170114,21.60192621,28.74273242,16.0881578,21.67548243
26505,11.89170114,21.60192621,28.74273242,16.0881578,21.67548243
36777,15.99100594,22.4955663,28.74790686,17.5680917,15.1974292
269,21.57887758,23.40275909,15.38891656,18.71586917,20.9135776
975,12.62346759,21.60434015,28.74963623,16.31646201,20.70609401
1854,12.28961541,22.07166229,28.75389211,16.35256382,20.53226636
41604,13.9985832,20.87770266,28.75423462,16.84433934,19.52514018
34992,18.02789985,29.11259903,15.35693489,18.43082596,19.07174027
6670,12.79601523,21.35939079,28.76310203,17.31662301,19.76486895
6699,13.76079223,23.93805425,28.772906,15.10912417,18.41912335
5854,14.88861535,17.54481576,28.77426424,17.04098029,21.75132436
659,18.4835103,33.32865241,15.31635965,15.30240997,17.56906767
813,18.20668832,24.35575828,15.29327729,17.33209243,24.81218368
7249,13.16838249,22.84963314,28.80856119,14.51898623,20.65443695
17520,11.64658934,19.01423746,28.81354847,13.02887911,27.49674562
27591,17.39006419,14.08660252,28.82788117,12.8305793,26.86487281
3405,13.34049479,18.25059321,28.83589328,15.04004721,24.5329715
40242,17.43867597,12.63664268,28.85306217,16.32642601,24.74519318
27005,16.07613993,22.00848985,28.87192781,15.12033633,17.92310607
3641,14.58752172,20.22504417,28.87653421,17.93587397,18.37502594
33828,14.77319777,20.05164475,28.8917445,14.48965222,21.79376076
6385,12.69311818,22.15872615,28.89883675,14.66547449,21.58384442
18589,12.73924919,21.46899513,28.901919,14.87907533,22.01076136
35931,11.93406208,22.37897578,28.90477953,21.54490876,15.23727385
19270,16.17581785,17.34734338,28.90900019,14.21444633,23.35339224
37293,16.74490728,17.36726799,28.91260998,16.30271817,20.67249659
8100,12.91371384,18.38204895,28.9408949,14.8392911,24.92405121
1763,13.46475442,23.78474368,28.94186808,15.39501106,18.41362277
39769,12.08261055,23.18292942,28.94985348,15.06908096,20.71552559
37298,13.2937223,23.45091962,28.95269141,16.69707841,17.60558826
20020,14.74229095,18.81705692,28.95535828,14.11748908,23.36780477
4706,15.96639315,19.70916646,28.98770829,15.67538309,19.66134901
27654,13.8693919,15.64351738,28.99068239,19.20339776,22.29301058
38348,12.7569854,21.42118022,28.9978937,14.59878867,22.225152
16329,16.15801495,21.68389341,28.99979857,16.34922183,16.80907123
30686,14.578664,20.76394724,29.00810611,16.890965,18.75831765
36412,16.58551002,21.01260471,29.03613796,15.79673646,17.56901084
26970,15.00735061,22.6887887,29.04210638,16.84762244,16.41413187
28954,15.94291354,13.99695991,29.05594909,12.32858204,28.67559541
31194,19.40002259,13.415664,29.0614545,16.18262949,21.94022942
31668,19.40002259,13.415664,29.0614545,16.18262949,21.94022942
40241,13.51745556,22.44885662,29.06829716,16.15832453,18.80706614
33850,13.48087185,22.30451352,29.08820061,15.52147462,19.6049394
12234,14.64880074,20.29524369,29.09349393,17.24591824,18.71654339
12843,15.69636995,11.95430032,29.10155835,18.72003029,24.52774109
29288,11.80851571,19.34976533,29.1099028,13.12981641,26.60199974
39225,11.23808382,22.87914898,29.11350168,14.4489146,22.32035092
18451,13.23362909,20.49887645,29.11970079,11.8476249,25.30016877
38017,16.00273073,12.92832346,29.14755429,16.01509105,25.90630046
11009,14.58820452,18.97880395,29.16452409,17.08957319,20.17889425
13418,16.53141165,21.47884481,29.16537756,13.79623731,19.02812868
5911,12.85701727,19.15229865,29.17476305,14.37243736,24.44348367
22528,15.0049674,20.04363723,29.17651913,17.0319135,18.74296273
15492,13.14734088,25.59504442,29.17665122,18.57968023,13.50128324
5740,13.97881513,20.5347269,29.1811073,20.01137197,16.29397869
17526,11.7155041,19.33381229,29.18216313,19.28396833,20.48455215
30645,13.12354598,22.1009969,29.18710749,16.15218687,19.43616277
9663,13.62561389,14.73886946,29.19743849,15.63700775,26.80107041
18349,13.87410054,19.84970892,29.26634778,14.36347292,22.64636985
35281,19.97323074,24.08567675,15.23245552,17.25840399,23.45023299
28970,16.52074225,13.99800905,29.27233929,19.73599539,20.47291402
7715,11.66078045,20.40734603,29.28025284,19.98126425,18.67035644
14311,10.8115975,22.71137808,29.28574348,15.17121051,22.02007043
15111,10.8115975,22.71137808,29.28574348,15.17121051,22.02007043
37377,13.00523616,18.12946291,29.29528142,15.82749294,23.74252657
5845,13.51107939,24.46070132,29.29561026,16.483083,16.24952603
35606,21.95914701,24.28239547,15.23230639,19.55759051,18.96856062
36096,13.31663683,17.31182478,29.30445113,12.96986283,27.09722444
38472,16.42926548,14.71245625,29.30542999,12.34937724,27.20347104
35440,19.40222333,25.21449077,15.18681911,26.15422849,14.04223829
34918,22.50914429,22.96249208,15.17527905,19.8598298,19.49325478
835,15.63637232,18.68631093,29.31729733,17.09189487,19.26812455
5364,13.27969154,17.99226392,29.31975578,15.78988599,23.61840277
29152,17.07607033,24.3309422,29.35651786,17.33847686,11.89799275
36489,11.39646996,21.86449767,29.35704159,14.39857806,22.98341272
30250,12.10445853,21.7023692,29.36003905,15.3557739,21.47735932
29919,12.10445853,21.7023692,29.36003905,15.3557739,21.47735932
40720,17.24651549,19.78836806,29.36885799,16.57425921,17.02199925
16264,17.56257943,13.0337359,29.36919377,13.31141,26.7230809
16678,17.56257943,13.0337359,29.36919377,13.31141,26.7230809
36178,14.04449918,23.68040723,29.37848589,14.84473651,18.0518712
37027,11.09787499,21.70015628,29.38175442,13.71070541,24.10950889
8019,16.40636905,18.44424988,23.55400112,20.07534955,21.5200304
9674,17.07359183,9.577352271,29.39624565,12.29329563,31.65951462
25060,11.73330318,20.98018336,29.39759664,21.11603994,16.7728769
27212,14.33793787,17.25094666,29.41133271,20.11061404,18.88916873
30053,13.21732528,16.28857681,29.42063777,13.39456319,27.67889695
11674,12.90025621,22.78318264,29.42437975,14.83892407,20.05325733
12561,13.35271322,24.0798073,29.42549342,13.82309801,19.31888805
39738,14.1543798,20.69030488,29.44107411,19.62614064,16.08810058
13407,16.43191852,23.87132293,29.4442273,22.99629493,7.256236321
7241,12.07037546,18.7634955,29.44954751,18.1563537,21.56022783
18288,13.12365641,17.98683372,29.46904871,13.88569315,25.53476802
26213,12.24226146,20.59910597,29.49028263,14.60649367,23.06185626
26634,12.24226146,20.59910597,29.49028263,14.60649367,23.06185626
18627,12.52142295,20.57353623,29.49073057,12.9991893,24.41512096
7952,14.84433729,18.96565907,29.49235408,13.79329136,22.9043582
29233,15.81036429,24.21164269,29.49325244,21.57900538,8.905735194
28820,15.66602055,17.4042345,29.50742731,13.22169689,24.20062075
13428,11.56794262,22.86933294,29.50794581,14.94426101,21.11051762
32308,15.45772827,19.96885588,29.52942502,16.0746983,18.96929253
32774,15.45772827,19.96885588,29.52942502,16.0746983,18.96929253
18408,16.72662623,14.41512198,29.52959203,12.03392686,27.2947329
21083,16.80856371,14.37761983,29.54041065,14.43521575,24.83819006
21482,16.80856371,14.37761983,29.54041065,14.43521575,24.83819006
4079,18.47807995,18.48581231,29.5641972,15.93510374,17.5368068
23476,17.35311062,13.45675752,29.57285757,10.58911378,29.02816052
40197,12.74142199,23.61769328,29.58217064,15.37239962,18.68631447
7981,14.04764299,18.30832051,29.58355277,14.29828862,23.76219512
8435,14.04764299,18.30832051,29.58355277,14.29828862,23.76219512
8041,16.58020066,13.25717438,29.584824,15.48370229,25.09409868
30653,14.69424003,20.89616654,29.59315654,14.43368009,20.38275681
1511,13.3214783,16.23913064,29.60471674,13.43676975,27.39790457
5351,17.37674773,15.22384282,29.61567791,17.41166423,20.37206732
14602,19.02616577,19.33764691,29.62900094,19.71123599,12.29595038
14959,19.02616577,19.33764691,29.62900094,19.71123599,12.29595038
11932,13.51696274,18.36465854,29.63771491,16.45703037,22.02363344
12418,13.51696274,18.36465854,29.63771491,16.45703037,22.02363344
21354,10.29623836,21.0373497,29.64912758,14.3424465,24.67483786
27048,14.06021825,23.93011027,29.6568851,15.74246187,16.61032451
15960,13.19330817,19.3329128,29.66080082,16.8837891,20.92918911
33379,13.32611235,21.94460206,29.66178009,15.22254979,19.84495571
13598,11.60349396,19.25730842,29.71116379,12.98274808,26.44528575
36168,12.96379299,22.59873608,29.73349798,17.11149197,17.59248098
8702,17.45893638,15.27119699,29.74201772,19.95493998,17.57290893
40356,12.80183164,21.1725002,29.74300392,16.01293754,20.26972671
40899,12.04445816,20.74140015,29.7437457,12.02413547,25.44626052
20831,12.228881,20.34953692,29.75474835,14.94278088,22.72405285
5286,14.60332226,23.77423297,29.80041391,18.1453297,13.67670116
376,17.793029,24.77664967,15.14558856,19.06265924,23.22207354
32196,16.66105273,22.45267393,29.83373278,15.10698201,15.94555854
32685,16.66105273,22.45267393,29.83373278,15.10698201,15.94555854
29127,15.60933042,19.35268036,29.83393141,21.32205392,13.88200389
7549,12.16000751,22.32113673,29.8460194,16.41689942,19.25593695
4531,14.31795114,19.54417684,29.87892608,17.47477116,18.78417477
11474,17.14035818,14.40070398,29.88122549,13.78744403,24.79026832
11104,12.57805182,18.90623138,29.88803847,20.48486396,18.14281437
30806,6.205419866,21.57332525,29.88958065,13.41243215,28.91924209
33264,13.9503246,23.2630231,29.90544982,15.71920112,17.16200136
33698,13.9503246,23.2630231,29.90544982,15.71920112,17.16200136
273,17.3937555,28.55664619,15.10921226,22.1582755,16.78211055
369,24.63370547,24.29341168,14.94783763,22.99274994,13.13229528
20532,12.93946272,20.69999286,29.95155815,17.3917603,19.01722597
14573,12.06430656,23.33156536,29.97193753,15.71767927,18.91451127
15028,12.87222821,22.01116057,29.97273938,14.83767598,20.30619586
6294,13.18267886,22.67930079,29.98006073,15.29905992,18.8588997
30038,19.88840223,14.32195295,29.98088736,20.21528336,15.5934741
27924,11.90918687,23.3429295,29.98708941,14.38012658,20.38066765
28345,11.90918687,23.3429295,29.98708941,14.38012658,20.38066765
8401,19.6453758,13.47664492,29.99593861,14.05707988,22.8249608
30197,19.34401935,10.5580162,29.99917291,13.80799293,26.2907986
11996,14.47242771,17.39781268,30.00509912,11.96291311,26.16174738
12446,14.47242771,17.39781268,30.00509912,11.96291311,26.16174738
35072,20.95007505,22.72862553,14.92085723,18.65510535,22.74533684
31853,14.27348769,21.74994633,30.00891451,14.98509739,18.98255409
38771,16.98516503,16.17908406,30.01770458,13.96120602,22.85684032
36053,13.6304178,11.95823022,30.01967211,12.27065097,32.12102889
13697,10.10239095,21.85750981,30.02039385,11.09614997,26.92355541
14120,10.10239095,21.85750981,30.02039385,11.09614997,26.92355541
14741,10.38082454,22.14951501,30.03424573,14.34715806,23.08825666
15061,10.38082454,22.14951501,30.03424573,14.34715806,23.08825666
20299,13.6170209,22.55569773,30.06557101,15.20891016,18.55280019
19557,16.22334231,20.65912094,30.06642676,15.56078586,17.49032413
26061,12.72301768,22.4131502,30.06732997,16.6423575,18.15414464
26512,12.72301768,22.4131502,30.06732997,16.6423575,18.15414464
37312,13.98580649,19.33559982,30.07683114,15.26344405,21.3383185
877,13.12570458,21.89925833,30.08028345,15.00400434,19.8907493
14750,11.33717592,23.94481176,30.09638521,15.11183874,19.50978838
341,20.55899221,29.24128725,14.87879715,21.15826505,14.16265833
17010,15.83791235,17.83725194,30.12779765,13.55873397,22.63830409
21818,16.11655358,12.59509694,30.1406039,12.79604514,28.35170044
35213,23.9216522,25.37375191,14.74443744,22.47225905,13.4878994
25062,13.14324961,28.17131304,30.14643874,17.23908313,11.29991548
30248,15.73672522,23.83456864,30.16087996,18.426138,11.84168818
29917,15.73672522,23.83456864,30.16087996,18.426138,11.84168818
30979,11.9873651,20.27115069,30.16621224,14.92224334,22.65302863
6902,15.30826525,13.87416279,30.1864992,14.26828811,26.36278466
5808,17.78583056,14.60405931,30.18891627,17.8320119,19.58918196
28243,21.82407798,13.59007264,30.1924595,16.74008045,17.65330942
28634,21.82407798,13.59007264,30.1924595,16.74008045,17.65330942
18489,10.88194812,18.89023732,30.21930159,12.9320469,27.07646606
15540,14.20028947,22.31533495,30.22701526,15.35672259,17.90063773
35152,22.16959716,26.03825158,14.67390622,24.34711744,12.77112759
40176,12.50333447,18.77759161,30.23437,18.08933967,20.39536426
30941,15.68512665,19.23706973,30.24466826,16.37817831,18.45495704
5008,13.59012291,18.3179305,30.24511982,18.32523204,19.52159473
35631,20.10837936,22.3445692,14.64265663,23.31379475,19.59060006
35159,21.16742007,28.9525192,14.55754677,22.13972379,13.18279016
28773,16.98042314,16.61527213,30.25343334,14.50070702,21.65016437
20617,12.91296977,20.59688541,30.29175782,12.49369906,23.70468794
1348,15.68956122,20.03872791,30.29407146,16.88076883,17.09687059
11909,13.37500068,21.19456663,30.29588883,14.074665,21.05987885
12285,13.37500068,21.19456663,30.29588883,14.074665,21.05987885
10739,9.393555649,22.57273941,30.29927697,21.48712337,16.2473046
35493,19.05038037,21.90217158,14.5478571,21.84765546,22.65193549
23439,19.35930174,15.52597936,30.32505416,13.56274561,21.22691913
28658,11.5641963,13.09443115,30.34408807,13.71341503,31.28386945
17017,10.61400689,20.12006266,30.34625332,13.98820795,24.93146919
5296,18.01666735,13.40486057,30.34852486,16.72966552,21.5002817
12506,13.84638279,16.74130693,30.35391162,14.16426165,24.89413702
13510,13.88310704,25.1807855,30.36259991,22.71254951,7.860958049
8123,15.11633576,22.7415676,30.41402736,15.04103163,16.68703766
6250,17.12347142,14.38810934,30.41874674,19.34442179,18.72525071
414,19.99923015,24.25521326,14.54348656,17.80986613,23.3922039
392,21.67366749,23.57962288,14.52909822,21.8332284,18.38438301
13906,11.58309033,27.99839427,30.44531311,19.90127834,10.07192396
36889,14.30773113,24.57317119,30.44778054,15.21154444,15.4597727
15602,17.43837227,16.98642345,30.45473588,15.96857938,19.15188901
24629,11.66803137,22.78032553,30.47883577,14.96841212,20.10439521
25059,11.66803137,22.78032553,30.47883577,14.96841212,20.10439521
11872,17.30352034,17.76191637,30.47912249,14.41945901,20.03598178
12257,17.30352034,17.76191637,30.47912249,14.41945901,20.03598178
23219,15.81344915,21.64274176,30.48482908,10.27183763,21.78714238
29314,14.12504331,19.38056967,30.48530004,13.60335442,22.40573256
30694,10.70004547,21.41765086,30.50842588,17.13118644,20.24269135
35808,10.51219529,22.65559154,30.52413028,14.38745217,21.92063073
7237,14.35821893,24.03900282,30.52675991,15.56022011,15.51579822
38740,14.86373424,21.81063421,30.54577399,14.19642119,18.58343636
33848,8.194934413,23.00373432,30.5507045,13.81660481,24.43402195
36430,12.91050483,22.76235601,30.57790286,14.37707712,19.37215919
5148,12.18662089,17.59312298,30.57907356,14.27617556,25.36500701
7071,12.79611543,22.22928183,30.58614669,14.16355164,20.22490442
41151,13.36943543,21.10560235,30.59218423,13.60730989,21.3254681
41314,12.72034829,14.84823762,30.59320611,17.36364504,24.47456294
14309,10.24219418,23.79228561,30.59338879,14.95384006,20.41829135
32407,13.88575896,19.98209941,30.60073312,14.21839195,21.31301655
20063,13.85270698,17.53714978,30.61165243,19.48909463,18.50939618
17672,13.26381531,19.26483488,30.6139732,14.6448337,22.21254291
20025,12.90319748,17.28373911,30.6149121,15.59777327,23.60037804
35018,19.71628532,25.59401496,14.43142633,23.82077584,16.43749755
914,14.06015865,20.61938896,30.64215284,15.95913316,18.71916639
12745,11.87145865,20.55482142,30.65258838,18.61349483,18.30763673
27080,14.83835302,13.1684112,30.6611514,10.43133415,30.90075023
1817,10.17214001,23.07513332,30.66343239,15.36726255,20.72203173
27571,11.6215359,21.67647241,30.66357753,15.90911496,20.12929919
29585,11.49511961,21.77021494,30.6995221,16.84989427,19.18524907
41603,18.92637213,8.919013356,30.72310848,12.35305882,29.07844722
4789,15.0982247,21.59673138,30.73506283,18.40882138,14.1611597
37541,11.13336937,22.56186361,30.78130254,13.39858285,22.12488163
40667,14.45898679,19.08775124,30.78421418,15.51636677,20.15268103
5275,10.4542222,28.60688336,30.78940077,17.7887076,12.36078607
1734,16.31402766,18.07913203,30.79013544,16.67531734,18.14138753
180,19.31499365,25.26166667,14.38911277,22.85509067,18.17913623
35251,20.56032415,23.09878114,14.38363968,24.78140853,17.17584651
35092,19.7643379,27.4112342,14.37118067,22.24418296,16.20906427
11649,13.02070192,23.16623962,30.82173925,13.21087489,19.78044432
37389,9.974444036,23.8003756,30.83311747,15.32077488,20.07128801
10891,12.8438975,23.35985897,30.83479309,15.68392286,17.27752759
11325,12.8438975,23.35985897,30.83479309,15.68392286,17.27752759
30210,13.88657731,18.83116441,30.83627686,12.07154652,24.37443488
39268,14.44861729,17.36463409,30.84848214,18.99291557,18.3453509
35262,21.24710509,22.36079167,14.35771694,20.68077337,21.35361293
27102,12.4610023,20.0743362,30.86130835,11.96881716,24.634536
8682,13.0345616,17.87841544,30.87891468,10.57032955,27.63777873
36326,11.42170986,20.40824308,30.88296605,15.65067059,21.63641043
39312,11.93680696,22.0698109,30.90752117,15.03922475,20.04663621
13470,17.11712204,13.31588448,30.91967791,14.46751755,24.17979802
7683,12.6339061,23.55576392,30.95553249,13.93674688,18.9180506
16843,12.69583635,16.45832971,30.96558675,11.63177301,28.24847418
12040,12.53743476,23.52872089,30.96908626,21.43601302,11.52874507
839,11.1148746,24.08072012,30.97763735,14.47799104,19.34877688
27228,18.47674675,17.01946312,30.98783941,15.62500238,17.89094833
16888,12.73365588,19.88819697,31.0017192,18.88524002,17.49118793
36875,10.53149894,23.75294561,31.01462463,13.28200487,21.41892594
25721,10.98858541,19.96495811,31.01502642,13.0828583,24.94857175
12805,11.09489896,21.76177261,31.03267069,13.69743876,22.41321898
37857,14.47594427,14.6213367,31.07275654,14.88525301,24.94470947
11968,11.04548788,17.94010513,31.09197167,14.65339349,25.26904183
12347,11.04548788,17.94010513,31.09197167,14.65339349,25.26904183
11171,15.35198506,14.15610393,31.10924035,14.83786808,24.54480257
25266,10.81982452,22.69487693,31.13333662,14.25920937,21.09275255
28597,14.26088925,13.37258433,31.17650105,12.38774667,28.80227869
27925,14.57793976,20.03691395,31.18992571,15.51466019,18.6805604
28338,14.57793976,20.03691395,31.18992571,15.51466019,18.6805604
37283,9.168078685,26.71786817,31.19892708,16.5023113,16.41281476
24633,14.64507539,25.24409016,31.22459224,19.09330827,9.792933939
25371,14.32149842,24.83038423,31.22489837,18.58897539,11.0342436
7140,16.79510496,13.46988953,31.23222055,18.82013767,19.6826473
19307,15.6596844,17.98973326,31.23462447,15.20148329,19.91447457
39858,11.93447175,24.17131175,31.25063801,21.61536271,11.02821578
41676,15.36663988,15.46831526,31.26164987,12.13525407,25.76814092
1310,12.99744983,19.76579665,31.2690694,14.61592288,21.35176124
22240,13.01034422,16.35785573,31.29125584,12.55397214,26.78657207
14031,13.23994881,23.31054483,31.29581141,17.13143762,15.02225733
20727,13.09160644,21.94373443,31.30148411,14.25842691,19.40474811
8723,16.49023259,16.93139258,31.33326919,14.55602733,20.68907831
1119,11.95611424,20.20962404,31.3517297,12.606678,23.87585402
1107,12.18670976,21.34681197,31.35218968,14.59959493,20.51469366
1513,12.18670976,21.34681197,31.35218968,14.59959493,20.51469366
29507,12.22354227,23.18457348,31.35517387,17.08825552,16.14845486
39818,17.05618412,12.2405477,31.37071648,13.89479601,25.43775569
19017,11.54074969,22.00709237,31.3715766,15.99243601,19.08814532
18825,16.91260435,18.43020128,31.38567438,14.36231482,18.90920517
863,9.832390938,24.45703553,31.40776179,15.31287261,18.98993914
15451,12.68146026,25.43785862,31.41797082,17.09790831,13.364802
8472,17.20466195,19.48961827,31.42295026,15.08565807,16.79711145
27376,9.914974097,21.56665228,31.45772028,12.27436465,24.78628869
14641,13.06599638,24.02690272,31.46620625,16.40295183,15.03794283
12599,11.95212968,22.83314763,31.50968848,14.19657073,19.50846348
39745,17.48741998,20.87913346,31.51286175,22.26308324,7.857501581
18342,11.41528607,20.8954922,31.51938444,11.28492589,24.88491138
16841,9.055259326,21.64894591,31.52476647,13.22716308,24.54386522
36288,15.44097491,20.71736112,31.5370378,14.61148599,17.69314018
36361,12.24940771,23.89065462,31.54644653,15.66222429,16.65126685
679,19.63889694,25.24286073,14.34000154,21.48736537,19.29087542
18586,11.06945624,18.46952073,31.56866832,15.99894733,22.89340739
19043,12.28181918,19.8552975,31.57813087,12.22573495,24.0590175
12079,11.26252341,22.37390842,31.58051657,13.31179148,21.47126012
2746,12.74726492,22.54817386,31.58053546,16.95931831,16.16470745
3160,12.74726492,22.54817386,31.58053546,16.95931831,16.16470745
13177,12.2370765,22.90055003,31.58083546,13.58510086,19.69643715
16504,11.47373713,22.11583083,31.62383661,14.35583623,20.4307592
40757,15.55412791,17.43248095,31.63633929,15.14484372,20.23220813
11496,9.733226375,23.88019098,31.64789394,13.09272259,21.64596612
27164,9.242499925,21.99936195,31.65438256,13.27554895,23.82820661
13827,12.53984005,19.20510586,31.65858919,16.02103447,20.57543043
1572,12.13551843,22.67535284,31.70601668,16.7260227,16.75708936
39756,12.70297074,22.98533128,31.7135862,13.63611195,18.96199983
29321,16.70987817,10.16883,31.72640084,12.22910708,29.16578391
35240,22.65560877,22.50777201,14.1834472,19.86079154,20.79238047
7151,15.67515044,17.76719522,31.78105181,15.98703709,18.78956544
35804,8.657923994,22.80832846,31.79793278,15.03217483,21.70363993
6017,14.39939837,15.11744845,31.80287393,14.05912096,24.62115829
1985,11.64677526,20.81286159,31.82121781,13.30937463,22.40977072
30639,9.910793457,23.28952044,31.83422383,15.32927153,19.63619074
22366,12.1629834,19.0405135,31.84015381,10.03711584,26.91923345
20054,15.34010474,14.75057952,31.86092796,13.72564869,24.3227391
1525,9.778028932,22.1638764,31.87899729,12.80509751,23.37399986
29821,10.29085844,24.21920295,31.89822495,16.65446602,16.93724764
12083,14.58162206,13.0068162,31.90251439,13.19976752,27.30927983
33521,15.75212223,16.64669668,31.91913048,13.21863008,22.46342053
35227,16.9610371,26.87496195,14.18300187,18.27689208,23.704107
8459,18.57009655,11.56724192,31.94476458,20.30375914,17.61413781
30196,11.06194456,21.9821525,31.95230927,17.4604072,17.54318646
3102,12.59184089,15.30781776,31.98124986,16.77182518,23.34726632
28927,14.28807837,15.75650838,31.99587393,13.80385162,24.15568771
3443,12.02605972,19.57229235,32.00109718,14.14483345,22.2557173
3910,12.02605972,19.57229235,32.00109718,14.14483345,22.2557173
7928,10.30296876,22.65297675,32.00550973,15.03429563,20.00424913
29015,17.95063238,14.47889941,32.06443103,13.61407774,21.89195944
15528,11.62870126,25.22307934,32.07095844,15.59639623,15.48086473
36920,9.828023554,21.50126828,32.08945932,14.36363695,22.21761189
11887,11.5745675,20.15627642,32.09387569,14.14839387,22.02688652
20478,16.60906943,16.69930331,32.09486688,15.19409677,19.40266361
18205,16.58297301,13.6231592,32.10343774,15.44746689,22.24296316
29294,18.55678286,18.17210888,32.13344812,15.69231667,15.44534347
28269,17.20499464,15.34048917,32.16605602,12.93189494,22.35656522
28639,17.20499464,15.34048917,32.16605602,12.93189494,22.35656522
3416,15.48082108,19.01005431,32.21632946,14.99690464,18.29589051
384,22.74115594,19.88124924,14.12011713,21.30821183,21.94926586
1748,10.19697737,24.0284231,32.29523324,15.85886782,17.62049846
17566,10.09632754,21.75762529,32.33881938,12.11158524,23.69564255
26765,14.07239385,24.66502728,32.34275201,14.91718416,14.00264271
25699,11.66181666,22.13171246,32.3623746,16.34903356,17.49506271
6686,14.58440877,14.16686818,32.37872835,13.59698044,25.27301425
28138,10.35894674,23.92890728,32.39136934,15.41406625,17.90671039
28507,10.35894674,23.92890728,32.39136934,15.41406625,17.90671039
30016,11.1789688,20.47401878,32.40358844,11.66811417,24.27530981
27241,12.30824462,16.50144472,32.46225058,15.79575332,22.93230676
3423,16.59636482,15.87170831,32.49344097,13.51477243,21.52371347
30027,14.020579,18.84262793,32.5095193,16.72527242,17.90200135
7005,17.65085426,7.182232179,32.51450644,13.28571761,29.36668951
29626,15.63918702,15.40810531,32.53829488,14.89724803,21.51716477
30042,15.63918702,15.40810531,32.53829488,14.89724803,21.51716477
6270,16.05459136,16.24017739,32.57035536,15.59551638,19.53935952
39867,15.82250228,12.98175106,32.58877814,17.14229005,21.46467848
11142,15.72164316,16.71067408,32.58995335,13.03233647,21.94539294
30926,12.27670598,22.79303891,32.59674609,16.87589906,15.45760996
20494,14.65896298,19.73195356,32.59804625,15.01927068,17.99176653
14930,10.85820693,23.86356381,32.61315685,16.09971991,16.5653525
26990,9.347805343,23.2476711,32.63150975,14.01544391,20.7575699
5741,9.302731601,31.24320562,32.6518884,16.92334108,9.878833299
29278,12.28290901,13.91056102,32.6542023,9.974925689,31.17740198
25780,13.47883943,26.91499229,32.66255851,20.25453123,6.689078535
28879,12.17810638,23.67075725,32.69311752,14.32303311,17.13498574
20016,13.69642232,17.71258479,32.71849466,14.25017588,21.62232235
399,21.31214214,23.54422005,14.04187526,20.92813357,20.17362898
27463,16.94972788,19.87511383,32.74138035,16.89551246,13.53826547
36747,11.9976518,22.14850918,32.81239956,13.13109272,19.91034673
30134,15.88605398,16.21590147,32.8176718,12.55000509,22.53036766
9160,13.76396772,23.10525893,32.82443084,15.41900943,14.88733308
9574,13.76396772,23.10525893,32.82443084,15.41900943,14.88733308
35503,17.34540437,32.05909652,13.99149427,22.29620264,14.3078022
12565,16.57854259,19.77704098,32.83006689,14.14888965,16.66545988
8528,11.71276969,19.36009618,32.84977844,12.21337344,23.86398226
20592,14.31243269,11.4705647,32.85118084,13.39665907,27.9691627
13990,9.962890083,16.48840586,32.85507413,18.03246914,22.66116079
25363,12.83391607,23.85997849,32.86731971,18.99498158,11.44380415
8570,15.16873605,20.11380817,32.94491535,13.67485937,18.09768106
20841,13.24241918,11.38308068,32.94715688,12.38186294,30.04548032
30527,8.726720683,24.7222171,32.95347431,15.62639284,17.97119507
40916,9.469393058,28.59192279,32.98421768,15.14152099,13.81294549
883,16.58232697,17.80665807,33.00247035,13.9283118,18.68023282
1314,16.58232697,17.80665807,33.00247035,13.9283118,18.68023282
5378,9.756956128,22.34758198,33.00687343,13.86379784,21.02479061
15823,13.93543602,19.50562245,33.0179356,12.61432285,20.92668308
8007,18.56859449,10.94704081,33.02130242,18.82554235,18.63751993
35653,17.99539703,22.7645893,13.67916167,23.03882622,22.52202577
15425,8.130710949,21.56471348,33.05213516,13.88908318,23.36335723
18880,14.91251534,20.61153224,33.08376064,14.25948242,17.13270936
36794,10.33145485,20.0271705,33.0877239,18.91532065,17.63833009
41210,12.77767445,21.20518316,33.09084083,15.14536318,17.78093839
10614,8.991672385,20.53060599,33.11009088,14.2138457,23.15378505
13402,14.25413438,21.81521614,33.18017115,16.90972378,13.84075455
17619,17.26993091,7.318630323,33.21491144,10.44342303,31.75310429
27348,8.066256646,24.72885751,33.22956063,14.31898726,19.65633795
8483,17.09003959,12.59638712,33.22980538,14.04049465,23.04327327
25692,11.51676268,18.08232966,33.23683815,19.23044303,17.93362649
40801,14.35782804,18.07108352,33.26081844,13.85358936,20.45668064
2831,16.8692119,17.21787031,33.26628028,17.4310461,15.21559142
25332,11.82729637,23.10129884,33.30464072,23.3995581,8.367205974
20279,15.26780251,17.4563696,33.35340399,13.70822204,20.21420187
28691,11.13935779,21.76034848,33.390712,13.18066268,20.52891905
37286,13.06424151,18.87708429,33.52494802,16.31695066,18.21677552
35643,19.5617087,22.56495565,13.62711142,20.54959668,23.69662755
30230,10.45176036,26.61739636,33.54159324,17.02359926,12.36565078
23730,13.17811148,20.12510805,33.54459443,14.13695018,19.01523586
40238,16.12709339,18.90442279,33.55915932,18.0322967,13.37702779
207,20.66989628,23.60233822,13.56710864,27.28331169,14.87734517
398,19.92459764,21.93098593,12.91562672,22.94405095,22.28473876
16493,9.618471437,22.3628255,33.59722456,14.68862293,19.73285558
1821,16.77043974,16.7577413,33.62162681,14.85207209,17.99812005
20500,13.68263662,11.62555609,33.63229752,14.78298712,26.27652265
8765,17.52183982,10.69904346,33.65356829,13.53212534,24.59342308
5274,11.99187827,20.88991378,33.67980841,16.55022289,16.88817666
21144,12.02957827,17.19437555,33.69952022,14.3036457,22.77288025
21531,12.02957827,17.19437555,33.69952022,14.3036457,22.77288025
40252,9.126933934,18.85742504,33.78841898,16.75138331,21.47583874
27585,12.79145932,23.5628956,33.82347876,12.00589155,17.81627477
8544,13.35706303,21.12374702,33.90924353,12.85911771,18.75082871
18081,8.924931187,22.48108281,33.96597065,14.23125084,20.39676451
30779,15.31079178,11.3818154,34.00340225,13.5175058,25.78648476
18118,7.407035728,21.96486969,34.02118561,10.55943881,26.04747017
37282,10.99353789,22.37911583,34.02673271,14.56160844,18.03900513
24589,10.10455249,23.3789351,34.03901769,21.95354008,10.52395464
5181,12.9552945,20.1487226,34.0487,14.86233874,17.98494417
8714,13.1688981,17.29220606,34.04895875,18.93894423,16.55099285
8404,8.449802738,22.07223932,34.13959445,11.14128788,24.19707561
15107,7.971428003,22.82122596,34.14469958,12.83875536,22.22389109
20432,17.31812098,14.53224695,34.170809,11.7836468,22.19517627
41114,14.93620137,14.12180888,34.18461543,16.26971045,20.48766388
6174,12.4311764,20.60845054,34.22765789,14.01594862,18.71676655
13486,9.157876221,23.34959925,34.27604249,13.5577029,19.65877915
10661,14.78649998,15.68846608,34.35310952,12.66103071,22.5108937
29890,11.32463126,20.24361962,34.4724151,16.20330646,17.75602756
25370,11.35263519,24.94317156,34.50733557,16.42137247,12.77548521
27625,15.03912084,16.20721166,34.50734991,14.0166789,20.2296387
24678,13.78345638,24.51790783,34.56157159,18.9046686,8.232395604
35226,25.2591086,21.82045288,12.79518975,26.76778209,13.35746668
25033,7.379667039,27.2771992,34.61348077,13.51168265,17.21797034
12260,11.07670552,19.10701478,34.65722352,14.35834681,20.80070938
3227,15.33545663,19.22259968,34.68724456,16.74775527,14.00694385
27937,10.03276142,21.88684371,34.74913009,16.1291506,17.20211417
28355,10.03276142,21.88684371,34.74913009,16.1291506,17.20211417
25414,13.41865038,23.52322184,34.7591201,18.33334126,9.965666413
2187,13.51767289,22.19937439,34.77548027,11.47189159,18.03558085
41643,11.0561108,17.43818403,34.85154521,13.72711608,22.92704388
16612,11.66396082,22.28452705,34.92776247,16.88900185,14.23474782
39830,8.761795335,23.12048658,34.93305622,13.25567013,19.92899174
35180,24.11103844,25.67209585,10.58649413,26.13615943,13.49421214
6684,12.55719625,24.07923971,34.96608243,17.65210134,10.74538027
18201,12.36574175,13.23145335,35.08424063,11.70873446,27.60982981
30576,14.21936019,15.28488962,35.10448927,16.34739991,19.043861
7498,14.79253985,21.11188414,35.10921582,13.42500597,15.56135422
29754,10.44203149,15.50619088,35.11280221,13.35675637,25.58221905
41208,10.36746809,24.07093848,35.1597133,14.367724,16.03415613
29047,12.4172261,20.61920316,35.16947262,12.22239778,19.57170034
11627,15.55166729,18.1767342,35.17486163,12.75557029,18.34116659
940,16.37263545,15.77393962,35.1993975,13.22385714,19.43017029
13891,9.099928829,18.92996429,35.20436322,13.68021175,23.08553191
26768,8.688106466,24.61081556,35.24305476,12.40184396,19.05617925
19995,17.47288504,12.17444631,35.3072496,20.5925395,14.45287954
20466,17.47288504,12.17444631,35.3072496,20.5925395,14.45287954
17514,8.495333637,25.20246676,35.38962345,10.43544527,20.47713089
36801,12.04887091,13.6757827,35.40923824,11.19669271,27.66941544
32917,10.59203028,20.93721786,35.43997096,19.36376998,13.66701092
33385,10.59203028,20.93721786,35.43997096,19.36376998,13.66701092
15600,13.57037328,24.37769134,35.45997523,18.64779393,7.944166221
15539,11.49171256,14.11799729,35.51606678,11.11180852,27.76241486
3743,9.458953196,18.69859347,35.64732848,11.16090434,25.03422051
33384,8.198326731,20.07928822,35.79912966,14.48675021,21.43650517
5805,5.775056905,26.66279453,35.81859729,14.28084354,17.46270773
37128,18.37369342,13.1706421,35.91788346,14.82742342,17.7103576
845,9.812327091,22.03804324,35.95957434,14.93401093,17.25604439
25706,11.3204632,22.48288195,35.97802614,17.66444437,12.55418435
11113,7.389096259,23.36159492,36.03766401,12.69388318,20.51776164
6817,12.93619803,19.94246198,36.04892248,13.57033701,17.5020805
24621,10.18964208,24.54653782,36.13550416,17.91680219,11.21151374
9605,11.78842026,22.66080344,36.23065313,14.44241142,14.87771175
20021,16.60212889,12.26651008,36.23565111,14.60220449,20.29350542
32919,11.61470029,19.79646052,36.28665852,16.12258613,16.17959454
33388,11.61470029,19.79646052,36.28665852,16.12258613,16.17959454
16499,13.06838791,16.69204119,36.30534292,11.85724512,22.07698287
40758,12.59131546,19.65608358,36.3312129,16.92613369,14.49525437
1287,10.05628902,20.53143964,36.36262652,14.74325636,18.30638846
14027,5.661701019,19.91643167,36.58549086,9.363960093,28.47241635
30474,10.38087051,14.44102171,36.63367773,12.83710551,25.70732454
14245,8.910374291,21.45140426,36.66103118,12.00962891,20.96756136
27772,17.62307457,7.733056302,36.67409282,12.24695183,25.72282448
15081,9.933237251,29.14167714,36.68449053,17.59866524,6.641929842
30308,11.80794345,16.90052982,36.70515307,10.77070294,23.81567072
30002,11.80794345,16.90052982,36.70515307,10.77070294,23.81567072
13869,12.63853226,23.74633307,36.90924024,17.15663824,9.549256196
14076,9.673480294,18.9605426,37.02064195,12.20646663,22.13886853
13945,10.37527132,17.38136019,37.08175744,11.37077633,23.79083471
16542,6.435515989,23.15086996,37.08697115,11.00608626,22.32055665
20482,14.86749302,21.59290827,37.09603324,15.33793413,11.10563135
25360,6.869516199,25.67396047,37.1369406,15.55644145,14.76314129
28643,10.22061157,11.25308284,37.34506691,10.02970561,31.15153308
5072,9.110593295,21.42509497,37.41725563,12.06351861,19.9835375
17963,8.648267795,22.67370762,37.50517212,15.6444907,15.52836176
20538,6.317188,21.11441887,38.10462329,13.60370166,20.86006817
4656,8.897167625,18.05725647,38.16055698,10.08376995,24.80124897
14635,9.165400682,15.18083166,38.54757963,8.516421337,28.58976669
28542,11.11542007,19.04123461,38.96618629,13.58897414,17.28818489
20859,17.70054845,11.50420402,38.97910339,11.74811057,20.06803357
37266,13.74130611,9.348394206,39.15414268,9.90156869,27.85458832
20491,10.96061991,17.82703757,39.18546385,11.23865099,20.78822768
23290,10.28131832,13.22094987,39.3505871,8.227172132,28.91997257
29106,10.96983118,16.13557684,39.5013233,13.60258734,19.79068134
20710,13.50697343,11.42411693,39.69215074,10.20526439,25.17149451
25770,14.63513917,16.68475232,40.02728804,14.9269853,13.72583517
19978,9.680742129,18.73020574,40.08746692,12.08377956,19.41780564
27735,10.67912202,18.48094315,40.67596985,9.216131493,20.94783349
13943,9.594184288,17.01479095,40.8350635,11.0156544,21.54030686
19256,8.156294782,15.76217471,40.90950419,14.26245539,20.90957093
26837,13.87046176,6.594520354,41.01078234,9.940945285,28.58329026
37752,15.41905507,15.39913081,41.10466583,6.252513725,21.82463456
39827,10.90514545,11.3108708,41.1877484,8.671006864,27.92522848
20492,18.31414798,7.591389434,41.19842003,13.29227811,19.60376444
28596,9.085119177,13.8685296,41.36761952,11.71446009,23.96427162
36076,16.05219713,10.61509014,41.4237018,10.34868497,21.56032597
14231,15.4518989,7.073201781,42.22446855,11.43881233,23.81161844
5823,13.91538333,17.49088157,42.44766849,10.97746643,15.16860018
353,24.20511431,25.63008884,10.53119464,26.48684235,13.14675985
4276,16.17309711,10.70857597,42.46553452,12.51382713,18.13896527
39765,11.65796925,12.82762004,42.80988912,9.741384142,22.96313745
21716,8.103879653,19.67025445,42.83217142,13.58390046,15.80979402
14238,14.67697587,9.087528716,42.94686916,14.66338374,18.62524251
20449,9.407101724,18.64941155,44.17748979,11.30380949,16.46218746
7439,10.68908322,6.639879956,44.20200201,10.99684704,27.47218777
18197,10.55396473,10.92036909,44.34421075,9.577058695,24.60439674
20840,15.56588163,5.029605496,44.84198539,8.793233328,25.76929416
16807,8.319032186,11.67249329,45.7339165,10.18964986,24.08490817
18200,15.46534661,7.355233772,45.75860144,7.094098511,24.32671967
18411,4.847721025,14.31022549,45.77837962,11.68424294,23.37943093
28589,15.22060689,3.254522334,46.50302669,6.591116164,28.43072792
29059,14.56137903,7.165097465,48.25417939,6.698434124,23.32090998
21660,8.599351652,7.27628157,49.7309666,19.39901266,14.99438752
25055,8.744515965,3.117101349,50.25265184,8.295611201,29.59011965
30604,6.293245929,4.139530789,52.6113775,5.352950726,31.60289506
13934,5.80932748,8.92725748,55.23427042,7.108411296,22.92073333
