UniqueID,Box_To_Box_Midfielder,Carrilero,Ball_Winning_Midfielder_(Defend),Central_Midfielder_Support,Advanced_Playmaker_(Attack),Advanced_Playmaker_(Support),Mezzala
16116,0.000752493,0.007788378,50.33141298,3.834318747,40.27582043,2.919460212,2.630446754
18802,0.00075255,0.007788974,50.3276093,3.834612385,40.27890481,2.919683788,2.630648197
29957,0.000752567,0.007789144,50.32652827,3.834695838,40.27978141,2.91974733,2.630705448
5565,0.000753412,0.007797887,50.27076744,3.839000466,40.32499737,2.923024885,2.633658539
11078,0.000753855,0.007802481,50.24147564,3.841261736,40.34874984,2.924746622,2.635209832
5542,0.000755281,0.007817232,50.14740304,3.848523958,40.42503247,2.930276097,2.640191914
30640,17.83504567,16.48368562,16.92399158,27.60328017,7.668347328,1.890845181,11.59480445
30362,13.84753472,14.74905961,9.866686389,15.73143025,14.10756851,12.39282875,19.30489177
29871,0.000760135,0.00786748,49.82695933,3.873261593,40.68487747,2.949111395,2.657162603
24768,0.000761146,0.007877938,49.76026095,3.878410578,40.73896259,2.953031846,2.660694947
29812,0.000763153,0.007898707,49.62781205,3.888635377,40.84636424,2.960817035,2.667709436
30562,16.88232201,19.66266632,21.39946613,7.893043877,14.78823028,8.182919446,11.19135194
27865,0.000763353,0.007900786,49.61455542,3.889658763,40.85711393,2.961596243,2.668411507
20325,0.000765809,0.007926199,49.45249288,3.902169678,40.98852902,2.971122086,2.676994334
5677,0.000767129,0.007939863,49.36535046,3.908896904,41.05919204,2.976244213,2.681609393
29875,0.000771458,0.00798467,49.07960285,3.930956065,41.29090226,2.993040116,2.696742577
29837,0.000771458,0.00798467,49.07960285,3.930956065,41.29090226,2.993040116,2.696742577
24895,0.000781757,0.00809127,48.39978574,3.983436631,41.84215998,3.032998954,2.73274567
12893,20.55560454,12.57137305,24.38506364,22.49189083,9.313113765,8.799863937,1.88309024
24885,0.000787716,0.008152937,48.00652347,4.013795716,42.1610529,3.056114441,2.753572827
18927,0.000787716,0.008152937,48.00652347,4.013795716,42.1610529,3.056114441,2.753572827
27949,0.000791603,0.008193178,47.74989586,4.033606871,42.36914996,3.071198705,2.767163816
29689,0.000808279,0.008365772,46.64921299,4.118577457,43.26168403,3.135895529,2.825455945
27864,0.000821861,0.008506346,45.75273736,4.18778364,43.98862823,3.188589296,2.872933266
17128,0.000824738,0.008536126,45.56282375,4.202444603,44.14262751,3.199752191,2.882991084
17164,0.000839898,0.008693026,44.56222466,4.279688915,44.95400451,3.25856621,2.93598278
12890,13.9910575,5.861185857,20.39843505,24.83134833,20.15575558,5.377077336,9.38514035
28019,0.00084308,0.008725961,44.3521913,4.295903084,45.12431871,3.27091172,2.947106139
26154,0.00084308,0.008725961,44.3521913,4.295903084,45.12431871,3.27091172,2.947106139
29759,0.00084308,0.008725961,44.3521913,4.295903084,45.12431871,3.27091172,2.947106139
10999,0.000849588,0.008793328,43.92257275,4.329068804,45.47269262,3.296164185,2.969858724
17198,0.000863164,0.008933835,43.02652571,4.398241901,46.19928928,3.34883276,3.017313346
30470,22.20495345,11.77316626,6.372665833,33.01985397,7.589434715,7.097337861,11.9425879
26424,0.000863767,0.008940082,42.9866859,4.401317457,46.23159503,3.351174496,3.019423261
25007,0.000870217,0.00900684,42.56095378,4.434183152,46.57681747,3.376198522,3.04197002
28212,0.000873808,0.009043998,42.32398096,4.452476995,46.76897664,3.390127501,3.054520093
24926,0.000873808,0.009043998,42.32398096,4.452476995,46.76897664,3.390127501,3.054520093
25267,11.31920714,20.9455033,42.29740971,6.941867598,8.260492415,2.734111261,7.501408588
27929,0.00088111,0.009119582,41.84196629,4.489687594,47.1598381,3.418459747,3.080047574
26107,0.00088111,0.009119582,41.84196629,4.489687594,47.1598381,3.418459747,3.080047574
29601,0.000885467,0.009164673,41.55440469,4.511886793,47.39301927,3.435362275,3.095276827
40662,7.702567812,11.59765904,41.51017691,3.490293882,29.30508394,0.705325804,5.688892614
18952,0.000892355,0.009235969,41.09973549,4.546986375,47.76170653,3.462087187,3.119356094
797,16.41892355,16.61531703,40.30336414,12.9764406,11.7359201,0.798145806,1.151888776
5464,0.000907848,0.009396323,40.07710955,4.625931117,48.59094491,3.522195918,3.17351433
21545,11.63934522,21.61151812,39.54859236,6.492430183,18.2877424,1.144745531,1.275626181
27876,0.000923847,0.009561912,39.02110547,4.707452588,49.44724934,3.584266577,3.229440272
28079,0.000932012,0.009646423,38.48215991,4.749058141,49.88427555,3.615945153,3.257982811
29111,17.28215901,8.590607123,20.71704358,15.49768466,12.60673093,16.99368887,8.312085828
11094,0.000936132,0.009689061,38.21024076,4.770049774,50.1047724,3.631928236,3.272383641
12864,18.0917952,21.69942865,15.17517962,11.21675048,10.22981564,9.435542476,14.15148793
28077,0.000936132,0.009689061,38.21024076,4.770049774,50.1047724,3.631928236,3.272383641
21622,6.799208045,22.87855927,38.0284435,4.907692762,15.95569765,1.171600243,10.25879853
24932,0.000944439,0.009775039,37.66193874,4.812377628,50.54938568,3.664156774,3.301421697
12605,15.12375242,12.07603354,8.443581279,18.28002438,11.68578963,16.01572057,18.37509819
30574,16.37896531,23.54591433,14.91131764,8.478083026,7.556770118,10.48811003,18.64083955
2506,17.08321242,18.50035032,37.65095369,6.649568491,11.82245411,2.798846289,5.494614677
24720,0.000948623,0.00981835,37.38573135,4.833700304,50.77335983,3.680391914,3.316049632
28098,0.000961286,0.009949405,36.54996139,4.898220126,51.45107834,3.729517474,3.360311982
31505,9.621374454,13.66757647,36.37897509,8.978568693,11.13850448,1.870912787,18.34408802
30354,13.98499094,9.218188652,23.00943801,11.91418465,17.17064867,14.47378791,10.22876116
31967,9.621374454,13.66757647,36.37897509,8.978568693,11.13850448,1.870912787,18.34408802
9685,10.36324671,20.72549014,35.78612798,8.563560698,18.38272183,5.618745927,0.560106706
29708,0.000974081,0.010081837,35.70540642,4.963418135,52.13592054,3.779159406,3.405039586
28048,0.000974081,0.010081837,35.70540642,4.963418135,52.13592054,3.779159406,3.405039586
5660,0.000974081,0.010081837,35.70540642,4.963418135,52.13592054,3.779159406,3.405039586
16757,16.23159183,21.34930128,35.69764187,8.148085736,13.1503556,4.780248851,0.642774833
24859,0.000982666,0.010170693,35.13874653,5.007163181,52.59542006,3.812466998,3.435049875
18896,0.000991281,0.010259863,34.57008601,5.051062672,53.05654187,3.845892184,3.465166118
6126,16.73897065,12.52093473,34.55514899,12.65960991,10.18152858,8.826858039,4.516949104
10977,5.85993665,12.97412289,34.00095159,10.35993259,16.53681635,8.632469641,11.6357703
28027,0.001004235,0.010393938,33.71505209,5.117069635,53.74988136,3.896150056,3.510448686
36935,11.65875792,23.21799699,33.660667,9.867500827,10.23614019,1.59779855,9.761138515
23470,8.606543379,22.78759866,33.61201319,6.08040425,13.56628984,9.47095401,5.876196681
13148,17.5019315,18.34786292,33.55172443,13.67875228,8.861553664,3.424965768,4.633209431
19371,11.45547021,19.84031824,14.8656039,22.14696038,21.49076421,2.956629294,7.244253754
26289,0.001008556,0.010438654,33.4298893,5.139083651,53.98111736,3.912911584,3.525550899
1123,6.614787636,8.223996058,33.19600866,10.86576189,11.55780364,3.79553633,25.74610579
20857,19.84039825,29.24435873,33.17766353,6.13108487,9.215837332,1.170400972,1.220256312
28078,0.001012874,0.010483355,33.14481526,5.161090814,54.21228139,3.929667896,3.54064841
10696,0.001012874,0.010483355,33.14481526,5.161090814,54.21228139,3.929667896,3.54064841
26595,0.001013622,0.010491089,33.0954918,5.16489849,54.25227735,3.93256707,3.543260579
29820,0.001013622,0.010491089,33.0954918,5.16489849,54.25227735,3.93256707,3.543260579
11019,0.001017191,0.010528027,32.85992877,5.183083499,54.44329334,3.946413183,3.555735989
6061,1.280032514,23.50059729,32.70536958,4.729678509,26.8051206,1.624034132,9.355167382
40684,9.525074602,9.696462858,32.36249274,25.39841355,14.8668732,1.981255893,6.169427152
9469,12.05254998,13.81331762,32.22168163,6.201408235,13.57561552,8.224162342,13.91126466
17683,23.91606381,18.45595507,32.2199441,6.659827046,17.26544736,0.246246878,1.236515726
5200,13.78192559,12.78377224,32.20251492,16.31520247,14.91419144,4.907899861,5.094493487
23570,10.48854698,4.903666183,32.02014556,5.306114792,31.68673098,4.725983697,10.86881181
16929,0.001030107,0.010661713,32.00738062,5.248898566,55.13461714,3.996524945,3.600886912
26849,0.292897968,19.37855228,31.9929959,6.491585384,24.38587205,1.779073556,15.67902287
26004,17.77827803,15.35967116,31.94204165,14.23989752,9.568705769,8.727854573,2.38355131
7909,11.28620693,13.45745742,31.80411807,6.334156089,9.695599124,8.756862509,18.66559985
25836,13.8077028,14.67893289,31.78543857,15.79046389,10.58242808,5.49300514,7.862028635
5810,19.12895545,17.15226403,31.77893508,5.799826024,10.55453483,5.976220187,9.609264396
29598,0.001034397,0.010706113,31.72422908,5.270757316,55.36422223,4.013168254,3.615882608
15764,15.95923474,18.74988777,31.70040056,8.860939979,8.959098699,6.141467429,9.628970823
41182,7.21736224,11.37443853,31.54197082,13.47171484,25.51251642,6.366614313,4.515382836
24947,15.50774242,16.42748302,31.54167672,13.31308142,12.82502944,4.239035022,6.145951945
30978,8.128495554,12.02128229,31.45790119,13.38563115,16.83407,7.349067229,10.82355259
28220,0.001039416,0.010758061,31.39294224,5.29633202,55.63285982,4.032640899,3.633427549
39318,10.69222803,14.22919401,31.30103668,23.09211097,8.903641508,5.884461837,5.897326964
33176,5.156654758,17.30657462,31.24782183,8.782303212,16.30409165,10.67885815,10.52369578
24949,13.29440657,16.55917766,31.23139752,7.970802774,15.98074187,8.310023988,6.653449614
25277,13.29440657,16.55917766,31.23139752,7.970802774,15.98074187,8.310023988,6.653449614
5880,10.31869991,28.71540692,31.20851312,7.452481467,15.56929679,1.144743752,5.590858033
6468,16.90498914,23.66674767,31.17673448,7.870661152,9.967313906,3.501517722,6.912035937
23129,16.49983087,17.72473954,31.16317705,12.05341574,9.358435705,2.794417462,10.40598364
9096,16.31038162,17.53817996,31.13946012,11.40660456,9.687362616,5.648044186,8.269966939
9494,16.31038162,17.53817996,31.13946012,11.40660456,9.687362616,5.648044186,8.269966939
322,14.92481679,15.98589089,31.06290149,8.105031973,11.6703615,7.872212973,10.37878438
3291,18.7419976,13.03539692,30.89216204,15.13375932,7.958369795,2.454521004,11.78379331
29982,0.001047199,0.010838614,30.87923087,5.335989542,56.04942385,4.06283624,3.660633686
16283,0.001047199,0.010838614,30.87923087,5.335989542,56.04942385,4.06283624,3.660633686
20344,12.09387802,12.53732836,30.67418875,6.193396847,13.56936947,8.589963829,16.34187472
28965,17.04500851,8.808602139,5.762129677,30.72134169,16.8680376,12.08238408,8.712496312
34776,10.66879325,10.55017891,30.67091723,7.690412955,10.7098494,10.73928236,18.97056589
28040,0.001051439,0.010882498,30.59937063,5.357594211,56.27636005,4.07928609,3.675455075
27482,7.959253552,7.646707046,30.49629221,16.31529503,11.00230541,7.458234083,19.12191266
27755,7.881018488,11.09851237,30.41156495,12.32278872,18.66248241,9.936302797,9.687330267
37007,15.83636835,19.44413702,30.34473408,11.14899057,11.88384807,4.384709285,6.95721262
13108,8.681097894,10.17137545,30.31158401,18.74290113,13.58951445,3.552369161,14.9511579
38671,6.634123118,6.464253588,30.22176585,6.526236344,15.46455622,18.06880748,16.6202574
20638,12.19261114,16.93993664,30.19948024,14.05875087,10.66921541,0.988329806,14.9516759
25828,11.29829678,11.04907543,30.14622928,10.15866834,11.66941684,7.234570718,18.44374261
30568,14.89368783,8.263648537,18.52154319,20.0140337,20.40073984,11.38401261,6.522334285
32988,19.36171264,25.17208108,30.11704849,6.40274546,10.24903804,3.317582705,5.379791593
33473,19.36171264,25.17208108,30.11704849,6.40274546,10.24903804,3.317582705,5.379791593
41188,6.043783597,13.87394593,30.0697223,12.02751496,14.00622554,11.52425358,12.4545541
24777,12.794158,17.07181445,29.89114345,10.41988777,10.7494626,9.521798121,9.551735603
25175,12.794158,17.07181445,29.89114345,10.41988777,10.7494626,9.521798121,9.551735603
4146,13.6220319,17.49469929,29.8768743,13.47269034,14.88616322,4.958888164,5.688652779
29799,0.001064056,0.011013094,29.76652931,5.421887948,56.95170376,4.128239508,3.719562324
18808,14.09555029,18.98266708,29.76002973,9.350134325,11.31422585,4.291956406,12.20543632
26044,15.59113385,12.49808872,29.70526368,4.367117527,13.21438979,7.663865297,16.96014114
31235,17.79132198,18.6395142,29.65858159,12.39057673,9.900172878,3.880662634,7.739169993
31708,17.79132198,18.6395142,29.65858159,12.39057673,9.900172878,3.880662634,7.739169993
39351,14.54276386,6.968197087,29.60741811,13.77299204,9.320977676,5.566170967,20.22148026
31324,16.72585477,15.45825021,29.54195741,14.75045489,8.459994735,4.938683567,10.12480442
31794,16.72585477,15.45825021,29.54195741,14.75045489,8.459994735,4.938683567,10.12480442
33055,10.54845235,11.95310987,29.44823058,11.85307963,13.36458553,8.319559814,14.51298222
6539,14.54148561,10.24743097,29.40110022,8.912552412,11.118998,7.304082905,18.47434988
30556,19.83953956,12.46184589,11.63933293,18.27995957,22.17200237,5.004408875,10.60291079
6935,14.54148561,10.24743097,29.40110022,8.912552412,11.118998,7.304082905,18.47434988
19887,12.41446096,16.42903577,29.32659619,6.521576139,8.133382555,5.380405764,21.79454262
29764,13.45459186,13.66004239,29.07409162,9.181730657,10.28637951,13.75868785,10.5844761
35777,17.04001804,23.32925674,28.89073057,8.799806686,7.987873538,3.909086812,10.04322761
19124,8.116376896,18.45205008,28.81455412,7.580572546,13.41359385,9.950914175,13.67193834
30085,16.48240329,22.09590346,28.67410162,14.254273,10.51752118,5.726880221,2.248917232
18523,6.616282974,14.43768701,28.62886322,23.99431988,13.22991193,3.905416943,9.18751804
20181,9.525480723,19.22788984,28.60448148,14.09813915,13.23489567,2.708692833,12.6004203
30529,20.10556037,11.51987571,9.232496776,28.07914272,10.61752795,7.536214806,12.90918167
31416,19.06956307,22.06677023,28.59295988,10.14083915,6.716876728,0.980124101,12.43286684
30340,14.67420086,13.13076431,14.37483538,18.06219714,12.35880503,8.045338795,19.35385849
31888,19.06956307,22.06677023,28.59295988,10.14083915,6.716876728,0.980124101,12.43286684
19848,24.60142828,16.71916728,28.42104316,8.780529518,10.67550337,0.509230579,10.29309782
4948,14.08468674,15.7050074,28.40215971,8.914605725,8.412583257,6.312867289,18.16808987
29571,15.37252426,11.28326695,28.3846784,9.119470705,10.75807599,6.154676004,18.9273077
29331,9.14253412,16.95956444,28.32278061,7.535472139,31.0042283,6.43011154,0.605308848
18913,9.988225747,16.99451128,28.21402301,9.171451881,10.17862563,5.261363758,20.19179868
19239,9.988225747,16.99451128,28.21402301,9.171451881,10.17862563,5.261363758,20.19179868
19670,9.485962629,7.860702128,28.09160736,22.08048868,13.84983564,10.32650411,8.304899455
39515,13.48571521,10.6396526,28.01796659,11.79175562,9.596505079,11.11614215,15.35226275
5238,4.904505816,19.00096515,27.80074918,11.22240952,13.70523772,7.207891563,16.15824106
2525,20.63894372,20.84166634,27.75738886,11.08719746,10.26234251,3.362320671,6.050140431
26686,14.66343109,23.75819634,27.74177081,13.23147637,18.4707079,0.934173614,1.200243881
39395,15.55896385,13.91717605,27.66118412,7.375322001,7.743874099,8.150213121,19.59326676
16777,5.93394231,4.040087048,27.62802177,27.0881664,17.55226773,3.835468128,13.92204661
21021,17.42419416,6.721589524,27.61836628,17.01879781,7.637180323,7.675833904,15.90403799
19877,8.955576583,6.692104783,27.59836471,10.77923014,14.39827887,14.49163855,17.08480636
22582,16.77415346,12.83702464,27.56887754,13.99087209,9.585287087,5.678733035,13.56505215
33318,13.78439566,14.89917869,27.50807755,7.162617104,9.438121846,11.17432073,16.03328842
13581,16.78243699,15.55593734,27.50327102,13.16959396,9.743671275,4.027976599,13.21711281
35754,14.11023499,21.15039215,27.34554581,4.797812222,12.0599566,9.354426144,11.18163207
10379,11.65221551,16.76789296,27.31805519,4.605272112,16.42572408,16.04193383,7.188906319
4136,19.078729,28.84914045,27.27330088,8.39833737,7.619859072,1.400591963,7.380041264
13375,11.05107386,5.072857648,27.23961487,19.4816943,23.24693615,8.410709878,5.497113296
37034,11.31117166,15.02877804,27.22429838,18.87075256,17.77453705,1.321466819,8.468995497
25145,14.0256775,18.82206401,27.21871032,13.82450793,11.51402442,2.615196244,11.97981958
39385,16.52506849,9.866209712,27.16183584,21.11933143,10.89707938,8.893721207,5.536753938
17467,25.83273374,13.06843786,27.12858268,9.741390519,13.6340426,0.857695669,9.737116934
4087,16.73693238,15.10003233,27.11924532,18.30035485,9.495987523,1.644315149,11.60313244
11919,21.42334653,12.90572207,27.11456468,15.92372805,7.412320852,3.964253985,11.25606383
20726,14.8254071,18.43853841,27.09607833,11.4696575,15.77984259,4.103078631,8.287397432
33683,15.3457473,15.73480049,27.09082518,19.64625832,11.76682728,7.286362008,3.129179414
8392,21.37387578,20.62791243,27.05492804,8.396717173,7.353236875,2.096360635,13.09696907
30961,12.63030164,10.33698962,27.03520349,8.640872996,10.4743493,7.15918012,23.72310284
9525,11.00402832,8.53000083,27.0116777,5.736042796,13.95724813,16.70026923,17.06073299
25861,15.08115135,15.2508982,26.98075621,13.21127782,6.923256535,4.360299113,18.19236076
18443,12.732013,17.67699074,26.98020617,17.30951423,8.07179314,5.192220038,12.03726267
38750,17.1008426,19.73557349,26.96975357,14.72907189,12.35152411,2.669594959,6.44363938
4942,12.6967224,14.13683557,26.96132167,9.234381528,12.59598677,7.049585971,17.32516609
6977,5.221905473,29.00808113,26.92234119,8.714942711,16.67880464,2.73020094,10.72372392
33410,16.92855025,15.92976299,26.90674817,14.8054956,8.774718315,2.491984813,14.16273986
30563,16.16582736,17.9905094,13.60562418,5.569118781,20.02879803,9.879864742,16.76025751
39607,17.54042852,15.29253492,26.90479688,15.31009187,9.499589728,4.333459786,11.11909829
20744,18.39817857,17.68423377,26.82482455,7.8858811,15.08114698,4.429233387,9.696501646
30669,15.47858905,16.153417,15.68944122,26.09208905,10.20026334,3.17483827,13.21136207
10930,17.16461754,10.57025321,26.78683387,17.56213884,7.058170997,6.589800811,14.26818473
17182,15.79631099,12.75025829,26.78503376,17.62874857,11.07482836,5.533820927,10.43099911
22314,14.78893816,14.99228716,26.69403437,16.25566732,13.88612925,6.71692147,6.666022278
35723,19.02557188,8.389105741,26.62619545,19.19937605,7.370376012,9.219335327,10.17003954
33561,13.91948329,19.17680823,26.62607667,16.694997,14.5120376,4.408721664,4.661875542
33767,18.70637911,17.19951546,26.58417425,14.78142401,10.6317447,6.845604467,5.251158013
2122,12.68174507,13.12656099,20.20062551,23.75208809,8.99102428,7.575733501,13.67222257
3461,18.19743949,8.57444591,26.57172249,20.97738028,7.79365731,5.551448282,12.33390625
28267,0.001113017,0.011519836,26.53489636,5.671363755,59.5722065,4.318191032,3.8907095
27830,14.69204431,26.79269491,26.4888427,5.035045469,18.17437132,5.131577239,3.685424051
17628,21.69702709,15.37423413,26.47610892,10.47362317,8.504356087,10.83996589,6.634684708
9793,16.2727193,11.13435698,12.01709434,16.98567617,14.13350079,15.0389326,14.41771981
40612,21.51009963,18.20673186,26.464135,21.20710414,6.23824804,5.783245703,0.59043562
10353,17.36917702,18.93908293,26.45040227,8.749177028,7.949382131,11.08916709,9.453611532
8350,21.02852072,19.19270682,26.38005173,11.95057163,7.216620024,6.117306436,8.114222642
23466,19.10838374,21.04874526,26.36795541,9.418849182,7.995186569,8.078449997,7.98242984
15967,18.51750302,16.46191685,26.36038914,17.54547242,8.750799552,4.153908219,8.210010795
9131,13.00819982,9.916243697,26.2234006,6.645192508,12.57091474,14.053907,17.58214163
18835,17.36317383,23.16369507,26.20748928,13.07853102,12.79359732,4.195225065,3.198288427
4788,15.75681762,15.56035859,26.119831,21.7132905,9.293082642,3.071922745,8.484696894
7369,23.38224292,11.96151095,26.49319992,19.79991095,6.47674172,5.969434766,5.916958763
23944,15.42305213,18.11384372,14.94077976,12.81999006,12.657043,10.97733749,15.06795385
18520,7.755838452,9.767079741,26.11136528,10.78652048,21.85946534,16.3404479,7.379282805
10461,21.77116384,18.570235,26.1021874,13.49333903,6.569371536,2.336192553,11.15751063
5185,10.56667002,14.33836964,26.09002088,17.01341321,11.00946815,8.557436051,12.42462206
33754,13.10755057,11.45638345,26.07607889,15.6861615,8.952858347,7.794265395,16.92670185
33295,12.13001638,17.95579884,26.05838141,7.905241659,10.05240306,13.13221692,12.76594174
5629,16.31651929,16.10176228,26.0521983,11.7104631,8.584626212,10.85975433,10.37467649
6047,16.31651929,16.10176228,26.0521983,11.7104631,8.584626212,10.85975433,10.37467649
7497,20.7623355,15.12363666,16.39769661,15.70241718,12.25658115,11.0536011,8.703731795
18403,20.85373381,14.92800313,26.04239924,14.88719231,6.42576776,6.30717891,10.55572484
20304,16.33558743,17.57365316,26.01479106,11.25239107,8.554058825,9.478623644,10.79089482
20735,16.33558743,17.57365316,26.01479106,11.25239107,8.554058825,9.478623644,10.79089482
17585,23.31126466,17.18539969,26.01122981,20.98461847,7.385789138,3.846427434,1.275270805
38537,15.38771432,13.08731757,25.90063733,12.80568529,9.158962681,8.178206872,15.48147593
408,21.05306829,20.36348705,25.89105433,6.860242413,7.592236434,6.441058931,11.79885254
6617,15.04280324,12.81149469,25.88211584,17.68191098,9.529164489,5.121640344,13.93087043
38589,18.03978594,16.72172457,25.86538387,3.993605202,12.20002988,8.376677078,14.80279346
13032,7.775769208,13.27629628,25.83839488,16.06072289,9.706433002,8.022557519,19.31982621
10902,16.37382749,14.04751951,25.72545954,13.11772132,7.489448963,8.499902505,14.74612068
11338,16.37382749,14.04751951,25.72545954,13.11772132,7.489448963,8.499902505,14.74612068
34706,13.58910471,23.05315533,25.69608797,5.687246457,13.25157919,7.264098904,11.45872743
38748,16.73853542,20.06017488,25.67221255,4.762008868,8.817300599,5.378500319,18.57126736
38634,9.653158213,10.27189787,25.64884088,12.00886471,20.91013918,9.819627065,11.68747208
7434,13.34916525,24.77145857,19.87627263,9.555368694,13.03334334,1.390327397,18.02406411
20898,16.56309436,19.92178513,25.62901021,6.611996213,8.281310549,10.79105016,12.20175337
39384,11.27368252,6.931188794,25.62899546,13.93055694,10.81641073,13.54709104,17.87207451
12623,8.823274624,12.7106308,10.44751417,27.4034443,9.492235214,6.756590337,24.36631056
28925,11.75574437,16.98471104,9.664612262,13.0312271,16.02199951,15.71865483,16.82305089
4572,10.12885171,9.379102384,22.96006645,22.0130544,12.36887573,12.01773949,11.13230983
27380,13.97502839,10.22162346,17.00924369,15.5841299,11.56414924,5.780439108,25.86538622
15748,20.08696412,24.85771679,25.57865317,9.911960594,7.844826397,4.7015846,7.018294331
20444,16.76102834,19.73426251,25.53999861,6.727329014,8.107268729,10.80571772,12.32439508
25242,15.05181052,14.1115555,25.4882872,11.8918557,11.99059396,7.863640954,13.60225615
23126,15.59772156,15.0559447,25.4853778,12.09475427,17.75384192,9.399934929,4.612424824
23559,15.59772156,15.0559447,25.4853778,12.09475427,17.75384192,9.399934929,4.612424824
5207,12.41015841,20.72232773,25.47876426,6.980857871,8.791604999,1.543864223,24.0724225
12074,14.10160202,8.002108113,25.46065919,15.41394107,8.522836835,12.27954858,16.21930419
17002,19.71310656,15.53522368,25.41617082,8.539597541,9.785988199,5.436858916,15.57305428
2448,17.28326781,25.13973389,25.39525955,5.921207194,10.06796955,2.278700796,13.91386122
4081,22.59809374,14.73131943,25.38945487,17.19883312,6.964340215,5.064581766,8.053376853
17475,18.47438114,14.45800822,25.32046216,14.77450743,15.09158434,7.236755979,4.644300734
8804,11.07699063,9.625137954,25.25986401,13.00306934,21.38701803,11.99829313,7.649626897
24294,18.12190672,14.74534191,25.25210971,14.52344457,10.30241948,2.247498802,14.80727881
24565,15.32619322,15.26829925,25.2519692,25.74129696,10.52458043,4.695952227,3.191708708
6852,17.16461618,22.59609893,25.21728914,11.95915472,12.09110431,4.824200677,6.147536054
17668,19.6998579,13.86019428,25.17694999,22.98711422,13.01788457,4.562640033,0.695359004
18828,14.9252926,18.81038946,25.13776137,8.461202483,10.54941174,10.39316805,11.7227743
13144,7.678094487,5.78103086,25.13071963,24.77598844,15.96569416,2.438683774,18.22978865
30872,15.96984028,12.71534695,25.08781902,6.204307183,11.90207218,12.13755471,15.98305969
35602,17.880981,19.82867967,25.05065783,5.770051814,10.24720448,10.96036306,10.26206216
18455,13.98629433,14.76607895,25.00443207,19.64636244,10.19874569,7.339133669,9.05895285
25208,8.607917379,1.295618362,25.00205134,16.15447841,15.39709068,7.435140042,26.10770379
18340,21.43758871,21.23697099,24.99400081,8.639077259,11.07152822,6.912095773,5.708738236
18357,14.19671714,21.72910248,24.98245128,13.80376905,10.94254371,4.963673251,9.381743095
21081,16.18479607,14.60625399,24.96777991,15.14156033,9.216371448,6.54235581,13.34088244
27167,16.19125576,21.99952605,16.31313128,6.159665883,12.48346529,9.263578852,17.58937689
21478,16.18479607,14.60625399,24.96777991,15.14156033,9.216371448,6.54235581,13.34088244
12643,10.78930371,7.131126662,7.925123965,19.35829575,24.01200054,15.00652953,15.77761983
12831,17.31643878,22.45727532,21.06730834,6.265603953,14.21987645,1.601038795,17.07245836
20973,15.11575788,15.74467138,24.91848987,7.152817589,9.517429061,12.15735158,15.39348264
6500,12.91452723,13.97431583,24.90131385,14.23413465,9.639934566,10.45960002,13.87617386
5107,13.23428418,16.01622022,24.86860971,13.85339259,9.105257236,2.973274061,19.948962
25783,16.68524427,22.6596681,24.86499882,6.002143267,9.283419835,7.795556133,12.70896958
29876,16.35309871,17.79001323,24.80816113,6.536956738,14.72251,7.622455779,12.1668044
13293,16.51207901,7.179651866,24.78876194,17.14593221,12.78080302,10.67853493,10.91423703
19828,16.17382051,21.71642975,24.78572553,9.145677156,15.13045901,4.939526214,8.108361837
21544,11.18405367,15.90912687,24.71896714,6.797291182,11.49052484,12.99500202,16.90503428
21296,15.81296417,16.11299937,24.71555046,11.54343875,11.04502103,10.99768811,9.772338098
21525,15.59329072,17.04808848,24.67945854,9.64123457,22.46891056,8.773206755,1.795810387
25821,11.02367359,13.28870545,24.63259887,15.39508914,16.85489363,8.028474936,10.77656438
3979,22.18201355,16.89989849,24.60169774,14.75833145,6.044183435,4.182875168,11.33100016
31481,10.38406175,20.08424796,24.58179758,16.68126441,12.20585263,1.641902993,14.42087268
30370,10.1517611,5.093363923,3.341941069,23.64235767,19.09553203,17.03744454,21.63759966
30671,16.38733673,17.62534023,16.00203513,9.559140647,11.2345501,15.21051227,13.98108489
31952,10.38406175,20.08424796,24.58179758,16.68126441,12.20585263,1.641902993,14.42087268
19740,19.45270544,15.85019487,24.56871884,16.05686529,10.73067648,6.436496963,6.90434211
3574,19.07716803,12.84618102,24.56864625,21.42214683,5.170564769,6.389993938,10.52529917
40675,19.69645806,11.08610491,24.55474992,18.61074632,12.36461182,9.407780521,4.279548454
13109,16.87029348,17.12300446,24.53686271,7.346345765,10.88398499,8.926455914,14.31305269
4998,10.0708869,15.14991812,24.53673861,12.24563691,8.963816878,4.553918751,24.47908384
30969,16.0917667,11.0324759,24.52560685,22.25766664,13.401831,5.38067211,7.309980799
24741,16.17289013,14.92923963,24.50043864,12.17445763,7.628911213,6.142618652,18.45144411
38441,11.27972526,7.372742551,24.49928454,12.90931138,11.37793507,12.77790589,19.78309531
10241,10.33542696,11.01130357,24.47320026,10.99315472,10.33419273,10.6396114,22.21311036
25996,7.855760947,5.719380907,24.46507152,17.32673999,22.13153087,11.27869443,11.22282134
26012,7.855760947,5.719380907,24.46507152,17.32673999,22.13153087,11.27869443,11.22282134
3177,16.49657933,14.32025787,24.44745592,19.87527762,11.4686496,7.469603851,5.922175813
6897,21.03141975,19.56802973,24.40282872,12.41214333,7.308378195,2.48183201,12.79536827
5192,14.40656674,22.58881741,24.38368945,7.076933234,11.03201108,4.641101093,15.87088099
29503,13.34456209,17.04121332,24.35101717,8.801839914,10.61354053,14.4756431,11.37218387
3606,23.5697432,23.88938187,24.2848062,8.17479877,6.310253551,2.464802215,11.30621419
20372,16.19662288,14.83804267,24.27848545,8.470838202,13.19654144,4.654246479,18.36522287
13671,15.9386675,16.4544232,24.24324714,7.708455814,10.68396396,7.106763181,17.8644792
14096,15.9386675,16.4544232,24.24324714,7.708455814,10.68396396,7.106763181,17.8644792
19342,17.14447882,13.01978912,12.6141608,13.70684136,16.24786912,10.33941453,16.92744626
30277,9.538063264,8.788523363,24.2224546,16.71698653,25.53274426,0.679835456,14.52139253
30424,16.24247707,11.71872877,11.98446915,14.7140576,12.10967059,17.00272737,16.22786945
27062,17.75861572,13.35202326,12.53020976,15.7013061,11.91980978,14.52515082,14.21288456
2344,13.27650122,12.41213544,24.21495776,12.88594615,9.044918366,9.691563132,18.47397793
3639,14.43188489,19.8287302,24.19950178,6.356731701,6.841575192,6.565879199,21.77569705
16861,11.84216822,7.883991144,24.1905237,12.47284805,21.68631681,15.55464706,6.369505007
19876,15.9994252,12.61665999,24.17780095,9.672593116,20.68038436,6.665363057,10.18777333
25848,17.49451202,10.06059055,24.16758386,9.814411803,10.21873743,12.29295009,15.95121425
35656,20.30009162,18.38975301,24.14755213,11.74653725,9.599049701,8.797465812,7.019550482
21741,17.27659777,13.6987666,24.10794595,24.76526077,10.00581381,8.797248168,1.348366927
30336,17.41331389,15.17802805,12.21962621,11.43188733,12.76148824,12.77887319,18.21678309
33293,19.59761122,11.57137275,24.10576976,12.99305197,6.61218872,7.464464361,17.65554122
40526,16.26395003,17.13590269,24.02336026,15.93734399,7.95975353,7.275497985,11.40419152
40615,18.10409323,13.70714627,24.01669933,13.17131583,6.765532569,8.945322061,15.28989071
7874,14.43077225,12.39123002,23.99779372,7.421498455,13.77194694,12.25933883,15.72741979
8249,18.15140951,11.5862196,23.98376375,14.93510123,6.8663476,7.674613363,16.80254494
25215,1.136098484,16.70437832,23.95058335,7.928374526,21.37473479,15.18092113,13.72490939
10416,4.537533893,11.57383752,23.94352253,12.5138167,21.72726626,6.357487442,19.34653564
23795,19.31716313,21.25665623,15.76787495,11.98871331,9.908140363,11.35512114,10.40633086
7814,12.2124427,11.71710802,23.93634366,11.22358939,11.08785487,11.3897126,18.43294876
12492,10.97255759,7.717745949,7.181553812,21.6868998,20.64277711,11.70941728,20.08904846
21377,16.00170727,25.08580211,23.9325238,6.599896729,10.5507188,10.6830855,7.1462658
12518,10.55873587,10.0908158,13.36703443,21.98992985,15.27255143,13.67274049,15.04819214
34518,15.93909933,6.797584333,23.92009311,19.25146356,8.475564731,13.08095538,12.53523955
41207,17.2610447,19.96581872,23.89717682,16.97665547,7.570241462,5.033651846,9.295410981
1204,14.30379735,14.88452306,23.8933898,12.28154075,9.805232201,7.819743781,17.01177307
13242,12.72583845,13.44272229,23.87981365,8.477435964,10.13271716,12.92910531,18.41236719
38689,23.3553176,16.88321214,23.86655033,17.73974704,7.306456458,5.004895755,5.843820673
39544,20.98832861,26.04938632,23.86539558,9.128821902,8.784139524,2.090801689,9.093126381
14259,18.04452873,19.3199866,23.85692012,12.75828707,7.864583586,3.047573276,15.10812062
5111,20.10887477,24.50405929,23.80678044,13.40950313,6.816784961,0.591134641,10.76286277
8764,10.20414961,14.5609576,23.79268973,2.245214973,20.097409,12.52647747,16.57310162
38688,19.96098655,21.81773916,23.77189333,13.39536614,8.405493746,6.021806569,6.6267145
9369,17.1146643,24.54663106,23.75977729,9.488085538,8.369542705,6.160051796,10.56124731
24745,15.00214387,20.19302342,23.74368447,11.2488134,9.208064728,2.693466096,17.91080401
38494,21.2106573,16.16850224,23.72625927,13.02980231,12.52628994,4.899451243,8.439037694
20411,0.001155674,0.011961343,23.71928641,5.888723391,61.85535985,4.483689222,4.039824112
29742,0.001155674,0.011961343,23.71928641,5.888723391,61.85535985,4.483689222,4.039824112
30260,0.001155674,0.011961343,23.71928641,5.888723391,61.85535985,4.483689222,4.039824112
12713,16.41995258,13.00468055,12.37298625,23.54571816,8.750882214,7.134190063,18.77159019
18655,0.001155674,0.011961343,23.71928641,5.888723391,61.85535985,4.483689222,4.039824112
30306,0.001155674,0.011961343,23.71928641,5.888723391,61.85535985,4.483689222,4.039824112
26410,0.001155674,0.011961343,23.71928641,5.888723391,61.85535985,4.483689222,4.039824112
30571,22.6833722,14.94280183,18.64482678,15.57740356,9.41259932,9.472660702,9.266335619
30263,0.001155674,0.011961343,23.71928641,5.888723391,61.85535985,4.483689222,4.039824112
23715,17.65218607,11.90931701,11.57214433,15.63444728,21.7169484,10.13627049,11.37868643
26384,0.001155674,0.011961343,23.71928641,5.888723391,61.85535985,4.483689222,4.039824112
18683,0.001155674,0.011961343,23.71928641,5.888723391,61.85535985,4.483689222,4.039824112
18834,0.001155674,0.011961343,23.71928641,5.888723391,61.85535985,4.483689222,4.039824112
18887,0.001155674,0.011961343,23.71928641,5.888723391,61.85535985,4.483689222,4.039824112
26418,0.001155674,0.011961343,23.71928641,5.888723391,61.85535985,4.483689222,4.039824112
26219,0.001155674,0.011961343,23.71928641,5.888723391,61.85535985,4.483689222,4.039824112
26440,0.001155674,0.011961343,23.71928641,5.888723391,61.85535985,4.483689222,4.039824112
18718,0.001155674,0.011961343,23.71928641,5.888723391,61.85535985,4.483689222,4.039824112
18633,0.001155674,0.011961343,23.71928641,5.888723391,61.85535985,4.483689222,4.039824112
19581,18.10004813,17.59595799,24.96159883,6.915555429,12.4892105,7.985355848,11.95227327
27013,15.08387058,10.93179332,23.64736646,12.97312967,8.250899746,11.15100298,17.96193724
28862,15.88651165,11.63250398,12.66909562,13.44363763,14.17862069,14.245669,17.94396144
19008,0.001155674,0.011961343,23.71928641,5.888723391,61.85535985,4.483689222,4.039824112
28216,0.001155674,0.011961343,23.71928641,5.888723391,61.85535985,4.483689222,4.039824112
30215,0.001155674,0.011961343,23.71928641,5.888723391,61.85535985,4.483689222,4.039824112
29696,0.001155674,0.011961343,23.71928641,5.888723391,61.85535985,4.483689222,4.039824112
24618,0.001155674,0.011961343,23.71928641,5.888723391,61.85535985,4.483689222,4.039824112
30504,12.3466269,16.98150589,15.22976785,10.74594852,20.18348656,12.58593953,11.92672474
7339,15.50322432,14.80364147,13.63788923,17.43344212,12.04102756,12.0424733,14.53830201
30327,15.18796607,15.61671784,15.80822921,9.654389225,13.9493534,17.74672917,12.03661508
30233,0.001155674,0.011961343,23.71928641,5.888723391,61.85535985,4.483689222,4.039824112
5915,0.001155674,0.011961343,23.71928641,5.888723391,61.85535985,4.483689222,4.039824112
6100,0.001155674,0.011961343,23.71928641,5.888723391,61.85535985,4.483689222,4.039824112
6119,0.001155674,0.011961343,23.71928641,5.888723391,61.85535985,4.483689222,4.039824112
6877,0.001155674,0.011961343,23.71928641,5.888723391,61.85535985,4.483689222,4.039824112
7002,0.001155674,0.011961343,23.71928641,5.888723391,61.85535985,4.483689222,4.039824112
7009,0.001155674,0.011961343,23.71928641,5.888723391,61.85535985,4.483689222,4.039824112
11321,0.001155674,0.011961343,23.71928641,5.888723391,61.85535985,4.483689222,4.039824112
11411,0.001155674,0.011961343,23.71928641,5.888723391,61.85535985,4.483689222,4.039824112
11437,0.001155674,0.011961343,23.71928641,5.888723391,61.85535985,4.483689222,4.039824112
11445,0.001155674,0.011961343,23.71928641,5.888723391,61.85535985,4.483689222,4.039824112
11460,0.001155674,0.011961343,23.71928641,5.888723391,61.85535985,4.483689222,4.039824112
11481,0.001155674,0.011961343,23.71928641,5.888723391,61.85535985,4.483689222,4.039824112
11530,0.001155674,0.011961343,23.71928641,5.888723391,61.85535985,4.483689222,4.039824112
12301,0.001155674,0.011961343,23.71928641,5.888723391,61.85535985,4.483689222,4.039824112
12316,0.001155674,0.011961343,23.71928641,5.888723391,61.85535985,4.483689222,4.039824112
23932,17.10595128,9.762888103,9.376217489,17.01327782,13.49401285,19.29722723,13.95042522
12325,0.001155674,0.011961343,23.71928641,5.888723391,61.85535985,4.483689222,4.039824112
12329,0.001155674,0.011961343,23.71928641,5.888723391,61.85535985,4.483689222,4.039824112
12337,0.001155674,0.011961343,23.71928641,5.888723391,61.85535985,4.483689222,4.039824112
12348,0.001155674,0.011961343,23.71928641,5.888723391,61.85535985,4.483689222,4.039824112
12421,0.001155674,0.011961343,23.71928641,5.888723391,61.85535985,4.483689222,4.039824112
4551,16.86547321,11.98320089,17.18041942,17.2956664,7.485963031,9.785413391,19.40386366
14037,0.001155674,0.011961343,23.71928641,5.888723391,61.85535985,4.483689222,4.039824112
14232,0.001155674,0.011961343,23.71928641,5.888723391,61.85535985,4.483689222,4.039824112
14302,0.001155674,0.011961343,23.71928641,5.888723391,61.85535985,4.483689222,4.039824112
16765,0.001155674,0.011961343,23.71928641,5.888723391,61.85535985,4.483689222,4.039824112
16770,0.001155674,0.011961343,23.71928641,5.888723391,61.85535985,4.483689222,4.039824112
16780,0.001155674,0.011961343,23.71928641,5.888723391,61.85535985,4.483689222,4.039824112
16804,0.001155674,0.011961343,23.71928641,5.888723391,61.85535985,4.483689222,4.039824112
17124,0.001155674,0.011961343,23.71928641,5.888723391,61.85535985,4.483689222,4.039824112
17192,0.001155674,0.011961343,23.71928641,5.888723391,61.85535985,4.483689222,4.039824112
17249,0.001155674,0.011961343,23.71928641,5.888723391,61.85535985,4.483689222,4.039824112
17581,0.001155674,0.011961343,23.71928641,5.888723391,61.85535985,4.483689222,4.039824112
17610,0.001155674,0.011961343,23.71928641,5.888723391,61.85535985,4.483689222,4.039824112
17717,0.001155674,0.011961343,23.71928641,5.888723391,61.85535985,4.483689222,4.039824112
18314,0.001155674,0.011961343,23.71928641,5.888723391,61.85535985,4.483689222,4.039824112
18431,0.001155674,0.011961343,23.71928641,5.888723391,61.85535985,4.483689222,4.039824112
18471,0.001155674,0.011961343,23.71928641,5.888723391,61.85535985,4.483689222,4.039824112
18473,0.001155674,0.011961343,23.71928641,5.888723391,61.85535985,4.483689222,4.039824112
18477,0.001155674,0.011961343,23.71928641,5.888723391,61.85535985,4.483689222,4.039824112
18478,0.001155674,0.011961343,23.71928641,5.888723391,61.85535985,4.483689222,4.039824112
18524,0.001155674,0.011961343,23.71928641,5.888723391,61.85535985,4.483689222,4.039824112
18741,0.001155674,0.011961343,23.71928641,5.888723391,61.85535985,4.483689222,4.039824112
18757,0.001155674,0.011961343,23.71928641,5.888723391,61.85535985,4.483689222,4.039824112
12528,19.74057575,9.748097639,19.64112101,18.3980931,9.891537099,11.73229103,10.84828437
18826,0.001155674,0.011961343,23.71928641,5.888723391,61.85535985,4.483689222,4.039824112
18876,0.001155674,0.011961343,23.71928641,5.888723391,61.85535985,4.483689222,4.039824112
18932,0.001155674,0.011961343,23.71928641,5.888723391,61.85535985,4.483689222,4.039824112
18936,0.001155674,0.011961343,23.71928641,5.888723391,61.85535985,4.483689222,4.039824112
18937,0.001155674,0.011961343,23.71928641,5.888723391,61.85535985,4.483689222,4.039824112
18939,0.001155674,0.011961343,23.71928641,5.888723391,61.85535985,4.483689222,4.039824112
19456,14.45479093,11.48125653,19.65351028,11.71797826,10.52436097,12.56203893,19.6060641
18961,0.001155674,0.011961343,23.71928641,5.888723391,61.85535985,4.483689222,4.039824112
23955,17.69054861,20.10822696,14.20479078,9.65602838,11.86572102,10.8966153,15.57806894
18962,0.001155674,0.011961343,23.71928641,5.888723391,61.85535985,4.483689222,4.039824112
27064,10.33003982,15.50675454,10.8627396,19.70733239,20.74567615,3.240028717,19.60742879
18977,0.001155674,0.011961343,23.71928641,5.888723391,61.85535985,4.483689222,4.039824112
19118,0.001155674,0.011961343,23.71928641,5.888723391,61.85535985,4.483689222,4.039824112
19247,0.001155674,0.011961343,23.71928641,5.888723391,61.85535985,4.483689222,4.039824112
19248,0.001155674,0.011961343,23.71928641,5.888723391,61.85535985,4.483689222,4.039824112
19265,0.001155674,0.011961343,23.71928641,5.888723391,61.85535985,4.483689222,4.039824112
19925,0.001155674,0.011961343,23.71928641,5.888723391,61.85535985,4.483689222,4.039824112
20506,0.001155674,0.011961343,23.71928641,5.888723391,61.85535985,4.483689222,4.039824112
20524,0.001155674,0.011961343,23.71928641,5.888723391,61.85535985,4.483689222,4.039824112
10104,14.0847635,14.59285132,12.79700655,22.0827839,11.10970434,11.66961315,13.66327724
12529,17.87066421,13.20909281,15.98020275,18.44222883,7.296597657,9.790964475,17.41024927
20786,0.001155674,0.011961343,23.71928641,5.888723391,61.85535985,4.483689222,4.039824112
20787,0.001155674,0.011961343,23.71928641,5.888723391,61.85535985,4.483689222,4.039824112
20806,0.001155674,0.011961343,23.71928641,5.888723391,61.85535985,4.483689222,4.039824112
20818,0.001155674,0.011961343,23.71928641,5.888723391,61.85535985,4.483689222,4.039824112
12686,15.69961496,13.3360644,13.80198062,15.96602745,10.57094777,12.30862935,18.31673545
20819,0.001155674,0.011961343,23.71928641,5.888723391,61.85535985,4.483689222,4.039824112
20823,0.001155674,0.011961343,23.71928641,5.888723391,61.85535985,4.483689222,4.039824112
21642,0.001155674,0.011961343,23.71928641,5.888723391,61.85535985,4.483689222,4.039824112
21647,0.001155674,0.011961343,23.71928641,5.888723391,61.85535985,4.483689222,4.039824112
21723,0.001155674,0.011961343,23.71928641,5.888723391,61.85535985,4.483689222,4.039824112
21789,0.001155674,0.011961343,23.71928641,5.888723391,61.85535985,4.483689222,4.039824112
23258,0.001155674,0.011961343,23.71928641,5.888723391,61.85535985,4.483689222,4.039824112
23440,0.001155674,0.011961343,23.71928641,5.888723391,61.85535985,4.483689222,4.039824112
23529,0.001155674,0.011961343,23.71928641,5.888723391,61.85535985,4.483689222,4.039824112
23562,0.001155674,0.011961343,23.71928641,5.888723391,61.85535985,4.483689222,4.039824112
23575,0.001155674,0.011961343,23.71928641,5.888723391,61.85535985,4.483689222,4.039824112
23583,0.001155674,0.011961343,23.71928641,5.888723391,61.85535985,4.483689222,4.039824112
24739,0.001155674,0.011961343,23.71928641,5.888723391,61.85535985,4.483689222,4.039824112
24796,0.001155674,0.011961343,23.71928641,5.888723391,61.85535985,4.483689222,4.039824112
24815,0.001155674,0.011961343,23.71928641,5.888723391,61.85535985,4.483689222,4.039824112
24911,0.001155674,0.011961343,23.71928641,5.888723391,61.85535985,4.483689222,4.039824112
24973,0.001155674,0.011961343,23.71928641,5.888723391,61.85535985,4.483689222,4.039824112
24974,0.001155674,0.011961343,23.71928641,5.888723391,61.85535985,4.483689222,4.039824112
25008,0.001155674,0.011961343,23.71928641,5.888723391,61.85535985,4.483689222,4.039824112
25128,0.001155674,0.011961343,23.71928641,5.888723391,61.85535985,4.483689222,4.039824112
25139,0.001155674,0.011961343,23.71928641,5.888723391,61.85535985,4.483689222,4.039824112
25147,0.001155674,0.011961343,23.71928641,5.888723391,61.85535985,4.483689222,4.039824112
25190,0.001155674,0.011961343,23.71928641,5.888723391,61.85535985,4.483689222,4.039824112
25203,0.001155674,0.011961343,23.71928641,5.888723391,61.85535985,4.483689222,4.039824112
25293,0.001155674,0.011961343,23.71928641,5.888723391,61.85535985,4.483689222,4.039824112
25298,0.001155674,0.011961343,23.71928641,5.888723391,61.85535985,4.483689222,4.039824112
25306,0.001155674,0.011961343,23.71928641,5.888723391,61.85535985,4.483689222,4.039824112
29157,15.41422419,13.05771211,23.48340767,5.030091935,10.51824909,13.45718422,19.03913079
25882,0.001155674,0.011961343,23.71928641,5.888723391,61.85535985,4.483689222,4.039824112
25917,0.001155674,0.011961343,23.71928641,5.888723391,61.85535985,4.483689222,4.039824112
25918,0.001155674,0.011961343,23.71928641,5.888723391,61.85535985,4.483689222,4.039824112
25936,0.001155674,0.011961343,23.71928641,5.888723391,61.85535985,4.483689222,4.039824112
25939,0.001155674,0.011961343,23.71928641,5.888723391,61.85535985,4.483689222,4.039824112
25994,0.001155674,0.011961343,23.71928641,5.888723391,61.85535985,4.483689222,4.039824112
30363,17.86686798,14.71788307,14.96456331,13.78256302,11.64310183,12.5649324,14.46008838
26014,0.001155674,0.011961343,23.71928641,5.888723391,61.85535985,4.483689222,4.039824112
26325,0.001155674,0.011961343,23.71928641,5.888723391,61.85535985,4.483689222,4.039824112
26411,0.001155674,0.011961343,23.71928641,5.888723391,61.85535985,4.483689222,4.039824112
12620,10.81796845,10.64319817,19.02414109,23.06416713,10.10638766,11.23044693,15.11369057
26415,0.001155674,0.011961343,23.71928641,5.888723391,61.85535985,4.483689222,4.039824112
26835,0.001155674,0.011961343,23.71928641,5.888723391,61.85535985,4.483689222,4.039824112
26838,0.001155674,0.011961343,23.71928641,5.888723391,61.85535985,4.483689222,4.039824112
12564,11.42978453,12.00704957,23.78395538,16.37035477,15.3404691,10.61538162,10.45300503
26841,0.001155674,0.011961343,23.71928641,5.888723391,61.85535985,4.483689222,4.039824112
26847,0.001155674,0.011961343,23.71928641,5.888723391,61.85535985,4.483689222,4.039824112
12641,14.872849,17.32891779,19.44775063,13.07447847,13.94575958,12.31996842,9.010276115
26853,0.001155674,0.011961343,23.71928641,5.888723391,61.85535985,4.483689222,4.039824112
27145,14.27546847,8.159744122,16.76684451,12.59696275,15.63501225,14.74970829,17.81625961
26883,0.001155674,0.011961343,23.71928641,5.888723391,61.85535985,4.483689222,4.039824112
26887,0.001155674,0.011961343,23.71928641,5.888723391,61.85535985,4.483689222,4.039824112
26924,0.001155674,0.011961343,23.71928641,5.888723391,61.85535985,4.483689222,4.039824112
27708,0.001155674,0.011961343,23.71928641,5.888723391,61.85535985,4.483689222,4.039824112
27749,0.001155674,0.011961343,23.71928641,5.888723391,61.85535985,4.483689222,4.039824112
23828,15.3477415,12.80931055,13.9976462,21.34978048,10.86532587,9.952576019,15.67761938
27025,12.30013843,9.826282305,7.451740148,21.08467342,15.87468609,15.55847802,17.90400159
27767,0.001155674,0.011961343,23.71928641,5.888723391,61.85535985,4.483689222,4.039824112
27768,0.001155674,0.011961343,23.71928641,5.888723391,61.85535985,4.483689222,4.039824112
27789,0.001155674,0.011961343,23.71928641,5.888723391,61.85535985,4.483689222,4.039824112
27904,0.001155674,0.011961343,23.71928641,5.888723391,61.85535985,4.483689222,4.039824112
28270,0.001155674,0.011961343,23.71928641,5.888723391,61.85535985,4.483689222,4.039824112
28443,0.001155674,0.011961343,23.71928641,5.888723391,61.85535985,4.483689222,4.039824112
28477,0.001155674,0.011961343,23.71928641,5.888723391,61.85535985,4.483689222,4.039824112
28550,0.001155674,0.011961343,23.71928641,5.888723391,61.85535985,4.483689222,4.039824112
28626,0.001155674,0.011961343,23.71928641,5.888723391,61.85535985,4.483689222,4.039824112
27293,19.3643333,19.16669665,24.10694963,8.321307156,10.50922243,11.96619888,6.565291942
12536,17.4446537,11.47586352,15.97320347,17.15457533,13.12246187,14.92645655,9.902785556
25448,6.162617123,10.64088427,7.739056053,22.1989054,19.88413464,15.25004499,18.12435752
1781,17.36230591,12.18401792,12.90485489,14.88913938,13.25583878,13.68463654,15.71920659
28627,0.001155674,0.011961343,23.71928641,5.888723391,61.85535985,4.483689222,4.039824112
28628,0.001155674,0.011961343,23.71928641,5.888723391,61.85535985,4.483689222,4.039824112
4635,22.77347545,17.94086845,17.81352493,15.78839766,5.850354447,5.954117223,13.87926184
28633,0.001155674,0.011961343,23.71928641,5.888723391,61.85535985,4.483689222,4.039824112
28646,0.001155674,0.011961343,23.71928641,5.888723391,61.85535985,4.483689222,4.039824112
29225,0.001155674,0.011961343,23.71928641,5.888723391,61.85535985,4.483689222,4.039824112
29240,0.001155674,0.011961343,23.71928641,5.888723391,61.85535985,4.483689222,4.039824112
29315,0.001155674,0.011961343,23.71928641,5.888723391,61.85535985,4.483689222,4.039824112
29424,0.001155674,0.011961343,23.71928641,5.888723391,61.85535985,4.483689222,4.039824112
29511,0.001155674,0.011961343,23.71928641,5.888723391,61.85535985,4.483689222,4.039824112
7162,14.28566167,12.28948095,7.010038568,11.7064621,15.17310316,20.50824239,19.02701117
29525,0.001155674,0.011961343,23.71928641,5.888723391,61.85535985,4.483689222,4.039824112
29629,0.001155674,0.011961343,23.71928641,5.888723391,61.85535985,4.483689222,4.039824112
29760,0.001155674,0.011961343,23.71928641,5.888723391,61.85535985,4.483689222,4.039824112
29778,0.001155674,0.011961343,23.71928641,5.888723391,61.85535985,4.483689222,4.039824112
27029,14.02748375,17.90187466,13.72532566,12.23587667,12.71552382,12.72151487,16.67240057
29836,0.001155674,0.011961343,23.71928641,5.888723391,61.85535985,4.483689222,4.039824112
29846,0.001155674,0.011961343,23.71928641,5.888723391,61.85535985,4.483689222,4.039824112
29865,0.001155674,0.011961343,23.71928641,5.888723391,61.85535985,4.483689222,4.039824112
29869,0.001155674,0.011961343,23.71928641,5.888723391,61.85535985,4.483689222,4.039824112
29881,0.001155674,0.011961343,23.71928641,5.888723391,61.85535985,4.483689222,4.039824112
29096,6.07033868,6.894289744,24.82352219,6.54790998,27.1037343,15.81227494,12.74793016
29903,0.001155674,0.011961343,23.71928641,5.888723391,61.85535985,4.483689222,4.039824112
30443,18.94598308,15.18037389,13.90545859,16.0753985,9.395408118,11.36057574,15.13680208
29905,0.001155674,0.011961343,23.71928641,5.888723391,61.85535985,4.483689222,4.039824112
29920,0.001155674,0.011961343,23.71928641,5.888723391,61.85535985,4.483689222,4.039824112
29923,0.001155674,0.011961343,23.71928641,5.888723391,61.85535985,4.483689222,4.039824112
30658,9.792789631,6.240273151,16.5883511,20.44920916,23.60432314,10.6787052,12.64634862
29944,0.001155674,0.011961343,23.71928641,5.888723391,61.85535985,4.483689222,4.039824112
23696,17.16131405,6.303793773,5.851440925,21.82063653,12.00977371,18.92053129,17.93250972
4502,22.94566599,18.81510115,22.18235527,16.39851329,6.857215878,2.642493626,10.15865479
29948,0.001155674,0.011961343,23.71928641,5.888723391,61.85535985,4.483689222,4.039824112
29956,0.001155674,0.011961343,23.71928641,5.888723391,61.85535985,4.483689222,4.039824112
29988,0.001155674,0.011961343,23.71928641,5.888723391,61.85535985,4.483689222,4.039824112
30000,0.001155674,0.011961343,23.71928641,5.888723391,61.85535985,4.483689222,4.039824112
30996,0.001155674,0.011961343,23.71928641,5.888723391,61.85535985,4.483689222,4.039824112
30396,15.11515106,14.22394482,14.40108033,20.99045222,10.3727503,10.16120925,14.73541203
31012,0.001155674,0.011961343,23.71928641,5.888723391,61.85535985,4.483689222,4.039824112
36831,0.001155674,0.011961343,23.71928641,5.888723391,61.85535985,4.483689222,4.039824112
36872,0.001155674,0.011961343,23.71928641,5.888723391,61.85535985,4.483689222,4.039824112
36997,0.001155674,0.011961343,23.71928641,5.888723391,61.85535985,4.483689222,4.039824112
37044,0.001155674,0.011961343,23.71928641,5.888723391,61.85535985,4.483689222,4.039824112
37166,0.001155674,0.011961343,23.71928641,5.888723391,61.85535985,4.483689222,4.039824112
37168,0.001155674,0.011961343,23.71928641,5.888723391,61.85535985,4.483689222,4.039824112
37173,0.001155674,0.011961343,23.71928641,5.888723391,61.85535985,4.483689222,4.039824112
37193,0.001155674,0.011961343,23.71928641,5.888723391,61.85535985,4.483689222,4.039824112
27368,8.411475435,8.333524265,12.95832002,25.81305143,16.17685247,9.412034052,18.89474233
37196,0.001155674,0.011961343,23.71928641,5.888723391,61.85535985,4.483689222,4.039824112
37213,0.001155674,0.011961343,23.71928641,5.888723391,61.85535985,4.483689222,4.039824112
37230,0.001155674,0.011961343,23.71928641,5.888723391,61.85535985,4.483689222,4.039824112
37247,0.001155674,0.011961343,23.71928641,5.888723391,61.85535985,4.483689222,4.039824112
12747,16.5073536,17.56808292,12.515436,17.43476281,7.735534276,10.35117029,17.88766012
37251,0.001155674,0.011961343,23.71928641,5.888723391,61.85535985,4.483689222,4.039824112
23695,13.28315835,6.303562909,3.515747051,21.96556378,18.23008601,19.13120969,17.57067221
37253,0.001155674,0.011961343,23.71928641,5.888723391,61.85535985,4.483689222,4.039824112
4488,14.26334309,10.27186921,13.0117839,18.3168681,11.83817191,13.13264557,19.16531822
40436,0.001155674,0.011961343,23.71928641,5.888723391,61.85535985,4.483689222,4.039824112
12816,10.70499291,8.004067368,27.12176879,9.683706769,18.1325004,9.848302028,16.50466173
40660,0.001155674,0.011961343,23.71928641,5.888723391,61.85535985,4.483689222,4.039824112
33727,19.7648301,12.40122426,23.71848532,12.97191559,6.597750128,7.38203102,17.16376358
28987,13.5387108,22.95236937,26.06114113,5.545899349,18.32217043,12.52246357,1.057245365
20251,15.57693147,11.86654603,23.70651577,13.56858882,13.1926969,14.62526442,7.463456592
20352,16.88533069,10.59426452,23.67367945,17.46133337,8.605634826,9.030292974,13.74946417
511,22.09314737,22.12087213,23.66475162,13.76034048,7.869804939,3.510041449,6.981042008
27375,17.13955293,10.29411596,8.2918713,14.79188993,12.48838959,15.31469313,21.67948717
24527,21.31015549,23.04936142,23.66159036,11.07087476,7.151497732,3.000389835,10.7561304
545,14.98482218,12.1142452,23.64397396,24.98420812,7.729867182,8.460889704,8.081993654
26607,18.87096167,10.90424386,23.63460909,9.688910902,7.916182026,13.05858401,15.92650844
28911,16.60013195,13.23965148,13.89021865,15.28759883,12.17428084,12.17340012,16.63471814
26165,18.87096167,10.90424386,23.63460909,9.688910902,7.916182026,13.05858401,15.92650844
34470,16.66903854,23.76917698,23.62080356,10.44929327,11.0087727,1.212577806,13.27033714
4125,2.169514453,16.00591988,23.58936039,11.40966663,16.42130286,8.791371743,21.61286405
32369,21.21923279,14.97732002,23.56185067,13.99910313,7.862221726,10.40191847,7.978353188
32830,21.21923279,14.97732002,23.56185067,13.99910313,7.862221726,10.40191847,7.978353188
7624,16.48647078,9.91165691,23.51506468,12.55459637,9.075136533,14.78619999,13.67087474
37106,18.22175622,12.43986294,23.50927835,17.52268966,7.071981586,6.854498841,14.37993239
36851,12.17907246,23.55813316,23.4991942,4.977404692,10.68642484,9.321902002,15.77786865
24478,22.77992538,11.15834526,23.49805392,18.28535657,7.026803439,8.237703914,9.013811514
1720,9.877064671,9.217926556,9.428868969,22.59159593,21.44862679,7.491702458,19.94421463
37052,11.29186465,26.52013861,23.4721269,3.872616056,12.32286622,3.084215611,19.43617195
7109,16.4087438,11.40433171,19.41462256,19.04900324,11.21729698,7.273688543,15.23231316
1117,10.45554147,13.84036825,23.42543315,7.609652196,10.69323985,14.33317589,19.64258921
23503,10.04104766,17.05646082,23.41852606,12.81408235,22.10505374,4.358512427,10.20631694
175,16.08015065,8.915586881,23.38693521,11.43472177,10.2674235,15.96703972,13.94814228
41127,20.08349017,13.70537814,23.37726577,12.88344803,9.246127989,9.033771526,11.67051837
16667,6.206999067,15.22641371,23.37227017,16.95628224,17.94162252,12.27052138,8.02589091
21404,19.08188118,25.30872449,23.3595839,4.730340112,11.63595902,8.5490436,7.334467696
24804,13.79129339,17.14166384,23.350616,11.50474482,9.321451881,7.211926802,17.67830327
1057,15.08187861,12.11928491,23.34930866,13.28044546,6.110009923,8.019395118,22.03967731
36640,16.83877456,8.232400108,23.3305803,12.5491711,10.52201797,9.781520049,18.74553591
24834,9.67638456,20.59867221,23.32476018,8.84724221,18.42783784,14.86437065,4.260732342
3668,18.58326947,19.21099104,23.32455029,19.14537014,7.360642745,1.037116421,11.33805989
9379,17.81558737,17.64991664,23.31523768,16.43608551,10.49968461,9.512821637,4.770666546
24304,14.37167952,12.97805077,23.30885572,8.758953667,10.15349934,9.272782261,21.15617873
20225,19.79384718,20.59970535,23.29741579,15.77725743,7.208774912,3.835597604,9.487401734
20680,19.79384718,20.59970535,23.29741579,15.77725743,7.208774912,3.835597604,9.487401734
41007,19.9000118,13.79168196,23.28330312,10.7902759,12.14503737,9.232142694,10.85754715
22542,22.74476153,18.45235282,23.27712719,11.14514547,6.795655759,6.498929103,11.08602812
18724,12.06693954,11.48366275,23.26904658,14.73111933,14.75703828,11.06656793,12.6256256
29551,4.529574461,13.1986883,23.26140762,10.31888154,34.66641699,12.28784411,1.737186981
39591,12.98930559,15.60519253,23.24263022,10.93835679,9.643309191,8.468053162,19.11315252
4166,23.32034679,13.10147647,23.23576483,21.05222513,6.687151384,3.809096408,8.793938991
14829,17.05428181,11.64613638,23.22328671,15.19119018,9.185661539,8.776096033,14.92334736
18986,16.91601735,13.62152018,23.22071157,20.5880307,9.249203888,8.284664913,8.119851396
5970,21.32390989,18.28132262,23.21163305,11.15696031,5.483608387,10.55426584,9.988299901
20777,16.89308936,13.92332887,23.20292077,13.77657875,11.04945134,12.48213325,8.672497653
30288,8.237100684,12.915204,23.1955679,35.01750756,9.135821166,3.011617748,8.48718094
27378,15.64856828,16.03682458,11.61152402,15.2297642,10.37925926,14.01365824,17.08040143
27681,16.4318726,14.69005854,23.18770849,15.00789146,5.950483703,6.839565009,17.8924202
23905,13.32339426,7.951050914,8.424201391,15.53376636,14.28557766,16.60688952,23.87511989
2837,17.35997268,15.63999955,23.18145041,16.05312397,10.84370786,5.787328365,11.13441717
30930,14.18054979,9.672010682,23.14180819,13.63607848,9.340258223,13.58948348,16.43981116
28807,16.61232322,17.47800376,11.51737305,11.55714869,18.77752423,14.48821567,9.569411385
39636,8.689997045,11.35684884,23.07307257,20.34576869,9.018883192,9.435924916,18.07950476
22449,15.19064769,16.80815549,23.04436165,12.4984908,10.45574406,7.365812252,14.63678806
2259,16.57205272,14.47346475,23.02367951,8.973247532,8.866035128,9.89631878,18.19520158
12487,18.13416188,7.965337147,11.69071485,14.6568409,14.62436526,15.94745767,16.9811223
40972,15.24004914,19.56457401,23.02231741,9.44527808,8.189719506,5.205282882,19.33277897
14046,11.06134618,18.50924897,23.02220101,12.028575,25.54742004,4.399775399,5.431433399
4959,19.50230219,17.49851208,22.96925569,12.39538631,6.648038213,2.840670569,18.14583494
20070,18.8722857,5.861471809,22.94625359,17.86730649,10.83240753,12.94344916,10.67682572
39726,16.87747333,18.41292794,22.93625197,12.27202658,11.66928849,10.60044378,7.231587921
20275,14.51768773,15.12479907,22.92382927,9.806990941,9.688490396,15.98391224,11.95429037
7099,15.40113468,9.087231454,10.25382817,14.37276965,16.88677413,17.9786654,16.01959652
29728,19.69479208,15.68572674,22.92345051,16.91828076,11.47043645,4.782510046,8.524803412
30123,19.69479208,15.68572674,22.92345051,16.91828076,11.47043645,4.782510046,8.524803412
10460,14.27290064,15.23185117,22.88940114,10.90541361,13.41765232,12.95207945,10.33070167
28895,13.17261929,8.543049691,18.76812411,12.9726796,15.32008279,19.14724273,12.07620179
26369,16.6802483,15.93996451,22.87241361,20.64231822,6.401760019,4.493127824,12.97016752
26792,16.6802483,15.93996451,22.87241361,20.64231822,6.401760019,4.493127824,12.97016752
4277,19.24867978,19.41025667,22.86960726,11.83178597,9.443856695,6.436023501,10.75979012
23473,20.52739428,15.85618235,22.85871452,16.90110302,7.480235998,4.732871732,11.64349811
13279,15.12302953,10.94428016,22.85004104,19.65173903,9.07578863,7.530406509,14.82471509
6229,16.90870387,11.82253907,22.84580632,13.0675364,8.641124532,8.450751579,18.26353823
6812,19.75139413,13.63123883,22.82005981,16.78447882,7.188595397,5.228867311,14.5953657
9949,13.40111382,11.93768511,26.03473239,10.94748953,14.6825435,10.30203932,12.69439633
30303,14.61075032,21.77940536,22.81558825,10.84287094,7.792642739,4.453325186,17.70541721
27120,8.734431216,10.86786942,8.713449742,21.06374753,14.75050263,18.20716804,17.66283142
28730,13.66249082,14.33142968,13.56081872,15.04836102,13.16175229,13.38731605,16.84783143
29978,14.61075032,21.77940536,22.81558825,10.84287094,7.792642739,4.453325186,17.70541721
9102,12.37461902,6.904324391,22.80256258,13.07186979,18.25434966,10.60311993,15.98915463
24586,11.91938622,13.41857765,22.78260944,8.547092485,16.41496096,15.50630988,11.41106337
3250,10.99778776,12.09185176,22.76837707,15.3789691,10.30734724,5.093954228,23.36171285
10928,18.98181505,23.34988802,22.76657895,6.41325877,8.209816734,1.738540875,18.5401016
29447,16.99682891,18.2899406,22.74885241,6.629890799,12.38685647,11.60243985,11.34519096
27131,10.67938339,16.16046956,9.677677304,14.0764084,22.28816675,10.59142967,16.52646493
12915,13.54538966,11.95114466,20.8555328,18.17175443,9.475472547,10.50929911,15.49140679
23977,14.78175882,12.23571409,15.66405128,16.44955234,9.854785144,12.9170963,18.09704203
7409,21.55768678,15.37998469,20.17676744,13.08761086,8.620229177,10.52068485,10.65703619
8245,20.55774829,26.01351944,22.73718515,5.861142334,9.269802424,4.557577682,11.00302467
2412,11.29248461,11.74236892,22.72652981,11.69808626,16.21945091,11.39503513,14.92604435
30610,12.12591514,13.67947127,13.23991069,27.85696965,10.86870788,5.31665896,16.91236641
28157,18.59566384,13.79286992,22.72292388,22.4008804,5.148708411,6.98011368,10.35883987
28555,18.59566384,13.79286992,22.72292388,22.4008804,5.148708411,6.98011368,10.35883987
20133,12.39783975,13.52205252,22.72268731,15.09513531,7.53274131,9.271012534,19.45853128
20597,12.39783975,13.52205252,22.72268731,15.09513531,7.53274131,9.271012534,19.45853128
7725,13.17855349,9.234567527,22.70932497,20.2483518,12.71639317,10.29008818,11.62272087
9885,21.25520206,19.65351901,17.50891171,9.713520538,10.16852543,9.610005628,12.09031562
3326,15.31387405,11.67842552,22.70179272,14.78902003,9.985332153,5.68655439,19.84500114
30444,13.86294932,12.32242845,10.87382254,17.35530401,16.21179139,11.43846029,17.93524401
2946,15.31387405,11.67842552,22.70179272,14.78902003,9.985332153,5.68655439,19.84500114
15954,16.66833117,11.67470514,22.69115885,23.273693,8.15560121,7.100448757,10.43606187
19773,14.99588244,16.81731126,22.68381354,12.12998902,7.590635938,8.44802896,17.33433883
14551,18.42668862,11.31380698,22.68152245,11.87948859,9.09287354,11.25122334,15.35439648
11391,16.40353593,13.92558625,22.65315978,20.71060851,7.1415189,2.713012911,16.45257771
29544,15.75324189,10.07285473,22.60762316,8.513155111,10.54027277,17.44967298,15.06317936
30564,14.70714734,7.851169608,22.05351418,11.86831142,15.09057824,12.19503659,16.23424262
13359,17.53800688,17.90200277,22.57810706,16.35614163,12.7975393,6.9103722,5.917830161
11291,13.83799414,11.35501975,22.53171273,21.59420605,11.14054787,8.780168692,10.76035078
2582,19.70501162,12.10637474,22.52057996,15.71024834,7.141939941,8.20373014,14.61211525
19519,12.85845046,10.61472812,11.05385123,15.15780435,13.3026943,21.20682466,15.80564687
5164,20.01600999,14.43861324,22.50596249,12.98368652,6.413274067,9.645611409,13.99684229
16548,14.52683783,9.35199594,22.50157568,25.00669191,8.986950409,9.44218093,10.18376731
36644,6.793455057,9.645129762,22.4792671,23.87347265,11.13932967,11.85449386,14.21485191
33100,13.54829674,15.03026684,22.47623023,13.7760965,17.96063681,13.14946241,4.059010461
21206,15.9653063,14.03435464,22.45437272,8.933402763,10.8128235,5.505005844,22.29473423
28907,15.539477,14.20189898,12.25743965,11.47176873,11.29656338,15.09220528,20.14064698
4102,22.19380776,14.210946,22.42737085,13.7826665,5.910107302,10.62111021,10.85399137
28843,14.25357808,15.82592327,11.39623687,15.1545105,12.30249065,16.65301751,14.41424312
14191,15.90126353,11.47616602,22.41863151,20.50224734,13.6246313,6.769309813,9.307750478
27634,18.90384458,15.41151497,22.40315818,12.29085013,11.0974373,5.868869552,14.0243253
28811,14.44456744,12.83731629,6.273945903,12.79910619,24.25019504,14.45304405,14.9418251
9133,17.41083499,14.63843897,22.39699443,7.210872507,7.353130691,6.713697611,24.27603081
4914,13.76066695,9.070016705,22.39390246,13.7599784,10.93052095,10.10363224,19.98128229
9845,20.599311,18.48245268,16.39183553,13.64885847,6.604319272,9.528830515,14.74439254
7036,2.25241259,17.53424809,22.38147574,16.03708353,23.49969138,2.519252248,15.77583642
2419,14.49549299,11.25481582,22.37315408,8.79296666,14.33818056,16.06387294,12.68151694
26079,9.20434881,14.77360633,22.35905438,15.76606999,15.65267813,10.48659677,11.75764559
28887,15.94872968,21.12356968,18.93839241,6.78685543,12.55010132,15.02366724,9.628684239
26528,9.20434881,14.77360633,22.35905438,15.76606999,15.65267813,10.48659677,11.75764559
7020,20.22271678,21.75291123,22.31271738,10.61089078,5.98312136,7.469776198,11.64786627
8256,12.16042192,15.83178021,22.29092409,5.51293438,14.7771802,16.74214313,12.68461607
23070,14.53870075,21.46020452,22.26951815,7.140420398,12.64597991,12.78191974,9.16325652
23507,14.53870075,21.46020452,22.26951815,7.140420398,12.64597991,12.78191974,9.16325652
29564,20.21363923,15.80494864,22.25681988,17.3129259,6.536789908,5.702057168,12.17281928
13317,15.50463148,9.286931867,22.20624092,11.00206692,10.09392887,13.11816847,18.78803149
33799,4.637207047,17.19641979,22.19787977,14.93808296,23.22113212,11.57508019,6.234198132
17541,18.36906138,25.45512291,22.16896309,17.62337659,8.362125556,4.058259446,3.96309103
36944,13.26975677,19.5441745,22.1642739,7.84932121,14.34482927,9.376649995,13.45099435
11729,8.728083261,8.775926988,22.13948434,12.27020858,18.51207072,17.72670141,11.84752471
22421,12.96632582,19.02977406,22.12773759,7.896333447,13.55141178,8.761113064,15.66730424
2489,20.93704348,20.70376728,22.1191946,8.703733546,10.1672859,8.513292193,8.855682996
5250,22.03948776,21.37868252,22.11222731,12.55622705,7.55999945,7.179262632,7.174113268
12522,16.00764302,13.36498679,7.882161401,14.70443853,14.05496578,15.89672028,18.0890842
17545,4.206265615,12.75923855,22.07074988,28.33884095,11.2410371,7.5392037,13.8446642
2200,17.18019737,20.77006173,22.06842161,11.11993916,9.083035216,8.353919344,11.42442557
12604,13.29443585,9.220421377,8.811152735,18.05642869,16.83740291,15.05735135,18.72280709
9409,17.30672699,15.2221315,22.05796641,12.44863096,7.802967782,6.927432289,18.23414407
25212,18.94535014,15.25181074,22.04137689,21.09867116,7.217336279,2.152138749,13.29331604
22327,9.781871417,17.13071648,22.03425648,7.996086484,16.08586871,10.1033199,16.86788054
9830,13.10182925,18.33022624,13.83935707,9.048828465,13.57692733,19.46944337,12.63338828
13013,13.42322637,16.06450083,22.03118751,24.34230375,11.05999937,3.16806044,9.910721724
33763,15.29568202,15.46694978,22.01256118,13.62651009,13.19732772,9.967396589,10.43357262
10307,10.20960718,7.723195497,22.01096856,12.43230869,10.42684448,11.64590765,25.55116794
21114,14.10598313,14.13798639,21.96501144,10.03793709,17.35115465,11.63904947,10.76287782
19421,12.88208297,7.918500859,21.04794359,12.05264697,19.15614957,12.5206957,14.42198035
12737,21.32458371,20.53174678,12.40103043,16.90082666,8.183975066,10.92544896,9.732388396
21508,14.10598313,14.13798639,21.96501144,10.03793709,17.35115465,11.63904947,10.76287782
34562,15.31265583,20.50947915,21.96312827,12.21125097,13.79825272,7.541387129,8.663845925
10063,11.78466211,8.814620144,12.06078367,25.2543496,9.284576183,13.76679365,19.03421465
11997,16.66360509,8.604421542,21.95640897,15.24872089,9.701961771,12.48922228,15.33565946
36975,20.72225881,21.05133413,21.9562908,8.540915009,9.745271793,4.855019211,13.12891024
15930,15.72273952,16.07093583,21.95473861,9.086663718,11.13609067,16.03365022,9.99518144
17383,13.88425994,17.95718815,21.95269128,9.46862559,16.64166471,11.52919128,8.566379056
33708,13.90867965,19.22014743,21.94363849,7.160362374,14.56272256,12.96545746,10.23899203
11697,9.458380363,10.39600818,21.93484571,24.09504974,10.48330549,8.63219279,15.00021774
7825,11.65545346,13.45298586,21.91279826,12.60046023,13.72092123,15.31836512,11.33901585
25182,13.98459528,15.03422981,21.8986411,12.02765818,8.937291967,9.063412878,19.05417077
27963,17.21027246,11.86812994,21.88966857,8.464683697,12.59340251,12.94162985,15.03221298
28375,17.21027246,11.86812994,21.88966857,8.464683697,12.59340251,12.94162985,15.03221298
13584,11.66816218,9.572748284,21.88322588,12.79445609,11.36837719,16.03511642,16.67791395
5357,19.40985008,19.97852729,21.87624569,15.14250606,6.822196076,3.122679491,13.64799532
33817,10.89684952,27.07724553,21.86633803,3.981984127,14.82561283,2.903505282,18.44846469
20784,19.65798199,8.601690166,21.86609772,17.12618162,9.651340585,10.64647561,12.4502323
29463,14.89673624,18.29828866,21.85440163,6.482255778,17.21482388,11.14517133,10.10832249
18278,4.66647036,4.692199274,21.84789144,25.5918459,16.81242835,12.68710298,13.7020617
4501,17.95652271,12.12473814,11.36386431,20.76743396,9.257821481,11.04456655,17.48505285
21484,20.78307532,27.24788361,21.84267702,14.57749115,6.060613418,1.225846133,8.262413361
1346,18.70683647,13.20048998,21.8250612,19.0608142,11.01554686,7.386568189,8.804683105
2790,13.94461716,12.1560531,21.80595701,11.60035872,9.053025723,13.3302987,18.1096896
22515,10.5420422,11.81778968,21.80213016,10.94105068,13.82262782,14.86296679,16.21139266
7067,16.4071584,10.77909626,17.66414028,16.48650445,10.23672823,14.73125846,13.69511392
13320,16.25845175,10.62547206,21.78440166,11.37184646,12.58899644,14.62442207,12.74640956
30460,19.5738435,17.09740338,18.11117377,13.35564029,9.406301089,5.819939636,16.63569833
14029,17.4166793,13.47389455,21.77338892,13.50816132,7.908525633,9.109902764,16.80944752
41036,15.96756051,17.60282343,21.76150992,14.27322745,10.68410342,8.22060663,11.49016864
9757,18.01004514,15.22556355,16.44700246,16.64115168,9.014337793,9.966590103,14.69530927
22477,17.22134605,13.13997621,21.76013282,21.19299205,8.037828762,6.422321507,12.22540261
3679,11.95145808,11.76700761,21.75946812,14.90465116,9.836612513,8.638929107,21.14187341
32055,17.18454423,12.11926014,21.74218942,19.04139732,5.270841661,7.598453907,17.04331332
32546,17.18454423,12.11926014,21.74218942,19.04139732,5.270841661,7.598453907,17.04331332
10153,11.80111994,28.08173201,21.72062532,4.051217931,11.20497717,9.538295121,13.6020325
15799,17.42758294,8.50244846,21.70190397,9.371696485,16.22186722,15.936953,10.83754793
10840,15.04756314,12.64330918,21.69419307,19.77509758,9.503205087,10.01618195,11.32044999
9688,14.5763955,14.34378468,21.69133921,14.54794643,8.649244786,11.65813163,14.53315775
242,18.91529096,13.36386676,21.68265951,12.23303066,11.60501474,16.20945775,5.990679621
18413,12.43356391,5.824147986,21.67729674,19.36580336,14.02632105,13.15076006,13.52210689
25870,12.05022005,15.86396657,21.67348019,10.40843498,11.77477609,11.16329105,17.06583108
13818,16.93549738,23.95872324,21.66955485,6.048530324,12.13559016,7.387360774,11.86474328
22547,15.09327217,9.092296067,21.66805856,22.76178889,8.98642395,9.869420825,12.52873954
17477,20.43160508,18.38140359,21.66521929,15.01693113,10.41270977,3.097768453,10.99436268
34652,19.74363531,24.34153098,21.66013101,11.98860114,7.508835872,5.592409728,9.164855965
3185,22.80019573,14.10756061,21.64612369,20.91759086,6.375796077,4.981044328,9.171688702
20311,16.33206652,16.30074687,21.64437004,26.44371728,7.346872659,2.645448081,9.286778548
15682,10.42107006,4.631606748,21.64193867,9.243862258,21.24973391,14.96676741,17.84502095
15888,16.56297841,7.939773859,21.6337508,20.49861683,10.60371646,5.572065888,17.18909775
36579,15.31031232,10.90625664,21.63004662,18.96220116,8.172472961,9.083482714,15.93522758
13910,8.66446802,14.12874595,21.62926924,33.39674398,12.60349946,0.547576365,9.029696989
3852,15.38508681,10.33821021,21.62432774,23.01586013,9.209210459,4.784537636,15.64276702
9184,12.74304026,20.88553094,21.61007651,4.648201938,13.19470444,18.05275018,8.865695741
33361,18.81643053,21.46635459,21.60909647,12.41060278,10.82391251,7.743847301,7.129755822
36618,14.6524541,13.82940189,21.57304096,22.21779888,12.08501812,7.011657353,8.630628706
6322,17.96336531,16.09460398,21.56941364,9.627391234,8.931594092,11.51658729,14.29704446
5998,11.38625653,21.42147653,21.56690844,10.0432578,17.46378479,12.12267292,5.995642994
10996,21.17985218,17.18351051,21.56650843,13.01912014,6.878810815,3.223883582,16.94831434
11405,21.17985218,17.18351051,21.56650843,13.01912014,6.878810815,3.223883582,16.94831434
33464,15.46426585,18.2322341,21.53949283,13.45565679,11.49062889,10.98899676,8.828724788
33482,12.33941406,13.55428119,21.53647232,6.733873861,12.06852807,17.32361797,16.44381252
38327,15.14181354,8.03525452,21.53262093,11.19418217,12.20369887,13.27230976,18.62012022
11749,22.41148383,18.00016696,21.50886881,20.79553401,6.72721096,5.120769598,5.435965835
30869,13.84281137,12.52269222,21.49203487,11.98465176,10.67896205,15.11089904,14.36794869
21161,16.76529206,18.55565577,21.4909415,8.44963983,15.42025323,7.045382135,12.27283548
24393,13.24647301,19.20844984,21.48455137,10.51457315,16.84683398,13.65597924,5.043139406
1848,19.90659077,13.03090749,11.99500066,17.54003034,7.311774051,8.194094418,22.02160226
39715,19.59154385,21.63196396,21.48167469,14.66981881,10.59048837,3.27247399,8.762036331
11628,16.75150984,15.00530877,21.46165956,19.98466659,9.109215733,4.595890235,13.09174927
18522,19.41243736,18.53656143,21.45104158,12.12309616,6.997960225,6.195143284,15.28375996
21203,11.74380076,9.902681163,21.42570048,10.73633292,15.50690689,14.21258185,16.47199594
25548,18.11588311,20.13127168,19.00181495,9.417442848,7.277698183,9.927156481,16.12873274
1613,20.3251429,23.75942039,21.41102271,15.82059558,7.093941363,5.405667663,6.184209393
7148,11.61863327,11.02689337,7.797827401,16.26691392,16.90529788,13.90316315,22.481271
3276,15.62919274,14.16075409,21.394489,24.16811048,8.613558214,5.433700249,10.60019523
9537,16.16628162,12.35489899,21.3538788,19.12218999,10.6782471,7.208663899,13.11583961
9107,16.16628162,12.35489899,21.3538788,19.12218999,10.6782471,7.208663899,13.11583961
24356,20.25093717,10.60785566,21.35309569,15.21208357,8.218391115,9.760205853,14.59743094
13049,17.56400352,11.05728338,21.34486309,10.72550479,9.450779865,10.21008587,19.64747948
2029,8.454420334,9.491003327,9.877474954,22.05337961,12.15113976,14.60736063,23.36522138
21381,21.58319453,21.75895651,21.33354975,18.54916172,6.858905532,6.329232854,3.58699909
39560,14.61406991,23.7389526,21.28697925,6.601460458,9.858286538,9.828234403,14.07201683
18396,12.30989805,7.165756028,21.27175621,21.08115264,10.12620223,10.54760746,17.49762738
12425,15.14223051,6.230329457,21.25663952,34.67071487,8.411209365,8.717711743,5.571164533
3817,20.50907385,23.86427218,21.24498044,11.34779013,9.314801139,6.54915184,7.169930433
3619,21.52985795,16.87293941,21.23690714,20.39230866,6.466907227,3.394460335,10.10661928
33261,19.17859742,15.2262197,21.23073394,11.23469062,7.770181998,10.40254931,14.95702702
7796,13.38052127,10.28845499,21.22542807,8.043714396,14.33275801,10.1831171,22.54600617
16654,14.60488321,19.25430884,21.22494357,8.763245346,13.17690577,12.23867568,10.73703759
16244,14.60488321,19.25430884,21.22494357,8.763245346,13.17690577,12.23867568,10.73703759
3101,16.60772292,14.19908274,21.21478202,16.37727847,9.529791917,10.67604246,11.39529946
20298,10.88662674,9.285505436,21.20867087,10.91541659,21.17892104,11.74216123,14.78269809
30454,13.58349619,18.89503083,12.61331489,10.65032444,15.38861158,19.28296436,9.586257704
10931,21.60542909,20.17387757,21.16490928,11.42952298,6.294707829,7.963329352,11.3682239
11352,21.60542909,20.17387757,21.16490928,11.42952298,6.294707829,7.963329352,11.3682239
21356,15.6226758,13.2552083,21.15307672,19.3618137,7.864900697,10.27961674,12.46270805
28637,21.50555076,22.73618723,21.14446297,8.066162692,16.73342885,9.106418646,0.707788858
9084,9.508719513,17.59124712,21.12353558,5.921610505,14.33413103,10.2910739,21.22968234
6093,19.16007796,17.03610968,21.12003798,9.99824677,24.14953063,2.672065506,5.863931477
23967,22.00898801,25.60817282,19.00438612,9.945552695,7.927463411,3.642800365,11.86263657
25764,11.16598963,13.54180786,21.11706442,10.13860901,15.90740367,16.95851604,11.17060937
5219,17.42904642,9.816275211,21.10933992,19.23768688,8.214948493,8.994005797,15.19869728
30548,18.3759908,13.24095598,15.03330853,9.900389366,10.50779104,17.59118015,15.35038414
4749,13.72919019,13.82348788,12.09220886,14.04455414,11.03058281,14.8322834,20.44769272
35368,18.5739446,13.38107151,21.10626469,15.26505148,8.738581581,11.01833039,11.91675575
61,20.57790374,12.8070374,21.09541149,14.41325351,7.701119792,12.15483087,11.2504432
19134,12.89778069,2.34258362,21.08857071,30.78461822,26.56290402,4.335827412,1.987715323
28798,16.6668332,10.77008283,13.75068192,14.17349623,19.58576864,13.96953263,11.08360456
19402,12.76236433,12.58477304,8.940128338,23.03029044,13.36198457,14.47799751,14.84246178
7651,21.20332477,20.27029514,21.07847365,12.92397088,6.471790769,7.942220826,10.10992396
6118,14.31171396,5.740741427,21.07043934,32.71723861,13.06485771,3.104152666,9.990856288
3208,16.11401826,22.21518758,21.06633686,18.4997142,10.20570925,4.780401217,7.118632636
13154,18.48879398,15.29386872,21.06033719,17.37272317,7.443481118,7.10905881,13.23173701
4416,14.5968329,13.98792651,13.14522314,16.91285265,17.31390797,9.816892104,14.22636473
28134,20.26178615,12.46739778,21.03407564,16.82786579,9.695632034,7.231975685,12.48126693
7537,15.48863454,14.72190258,8.713616141,12.16816636,15.88277425,18.37161303,14.6532931
28521,20.26178615,12.46739778,21.03407564,16.82786579,9.695632034,7.231975685,12.48126693
27269,12.55207927,19.48994301,17.63067281,9.370004213,16.92063234,11.62976615,12.40690221
373,18.19363799,12.21717363,21.03070211,14.66778191,7.44492088,9.802676154,16.64310733
5337,17.06737058,23.8197467,21.02831047,8.191784723,7.729098972,5.747731126,16.41595743
30836,13.77545098,13.72156854,21.02211071,20.31991397,8.712532885,6.909129719,15.5392932
33467,13.11217167,12.97134851,21.01504108,15.86908935,11.29660302,10.13023865,15.60550773
19922,12.68896842,11.17264918,21.01416646,10.85206715,19.19082942,8.842268957,16.2390504
28099,10.28953566,18.69305979,21.01052829,6.294413375,18.1176314,15.0198025,10.57502898
28490,10.28953566,18.69305979,21.01052829,6.294413375,18.1176314,15.0198025,10.57502898
9054,14.79969093,12.28567963,21.01019388,11.33952079,9.576266853,10.44844089,20.54020704
29297,13.94529484,11.14875859,21.00743586,6.710409244,17.49633613,12.79965183,16.89211352
38669,10.6124291,19.56425826,20.99756497,9.178094355,20.29935195,7.471061797,11.87723957
7164,11.05406973,11.64475219,8.251914183,12.32831516,19.11177712,18.77809772,18.8310739
26448,17.81286779,12.19069287,20.99668448,13.33377351,10.92651704,11.92767596,12.81178835
26892,17.81286779,12.19069287,20.99668448,13.33377351,10.92651704,11.92767596,12.81178835
28155,10.13555855,12.84578205,20.99439895,10.62723377,15.89610217,14.79980229,14.70112222
28723,14.60774421,16.33109817,10.74553507,18.55824111,18.29602114,7.374883743,14.08647655
28552,10.13555855,12.84578205,20.99439895,10.62723377,15.89610217,14.79980229,14.70112222
30678,21.88595092,20.51753642,20.98302379,17.58837037,5.879036427,4.14712258,8.998959498
39410,10.61156208,13.68764541,20.97786644,13.16008304,17.79275349,12.95076413,10.8193254
711,16.66697174,12.30661435,20.97035053,11.32458953,10.50727363,9.240847894,18.98335232
25976,16.54223667,14.36232119,20.95007217,13.91915678,9.346112874,9.939515473,14.94058484
29575,13.76777617,13.39106518,20.94853961,23.84370702,14.16074016,6.992167797,6.896004065
38593,13.52170732,18.17858363,20.94775583,28.71360282,6.683504556,4.501914084,7.452931749
1340,12.02706655,10.44722444,20.9473348,23.59739957,15.1464221,7.596361771,10.23819076
19774,13.86874907,9.005851379,20.94432432,25.84374433,15.81951524,4.232873136,10.28494252
17106,23.37904678,14.62072556,20.94383124,14.05682851,7.577022356,9.755022045,9.667523497
17488,23.37904678,14.62072556,20.94383124,14.05682851,7.577022356,9.755022045,9.667523497
22917,23.56763701,21.04266561,20.94265284,12.02228944,7.020685865,5.373148166,10.03092108
39493,14.51278566,5.074460248,20.94177805,18.83479342,12.75006711,8.659263753,19.22685178
19958,16.48121392,14.70507435,20.9413334,22.86799575,11.90592964,7.289570303,5.808882643
17248,16.05070635,15.49188389,20.93603226,8.129609355,15.75023898,7.616503071,16.0250261
17600,16.05070635,15.49188389,20.93603226,8.129609355,15.75023898,7.616503071,16.0250261
3306,18.8835819,22.70888262,20.93599334,7.137031909,6.141662789,6.518449425,17.67439801
33257,19.89775924,15.71228335,20.92253528,16.18005299,10.31106875,9.095366895,7.880933492
19316,13.63400798,12.26058345,13.14445151,11.08983303,18.21336006,15.49316527,16.16459869
18450,11.10266793,9.990916603,20.90479278,23.9626094,14.53731488,8.524195744,10.97750267
33320,18.14134645,15.9719107,20.90345923,17.91729743,11.55939496,6.90773731,8.598853917
30453,19.92029499,15.58009137,13.31047414,18.4258253,8.399222089,8.72724794,15.63684417
12410,19.58685521,15.22118764,20.90207244,18.69536213,7.96646595,6.997149573,10.63090706
12596,15.04245524,13.18027371,13.11301177,14.6812116,15.63085518,10.30827006,18.04392243
30430,12.7941033,17.24992819,12.774464,12.40079008,20.34382892,11.19097215,13.24591336
919,14.94472316,11.66352611,20.88929998,16.13464799,10.39708671,12.9322928,13.03842324
1931,15.09637772,13.91522111,10.72748296,19.03985025,10.92872995,14.53988776,15.75245025
1337,22.2692772,19.20865361,20.87799933,9.584200168,6.209215325,6.895055461,14.9555989
41050,15.14516719,12.26483774,20.87296914,13.92817593,12.03695443,10.89005071,14.86184486
9879,18.09062835,10.93746275,15.59792498,13.06147285,10.90006782,16.28997218,15.12247108
40475,18.1077725,19.87823265,20.87076551,7.148260802,13.38265271,9.581036791,11.03127902
9671,17.77215596,14.16107775,20.86863989,11.67458194,8.715417401,14.38292759,12.42519946
21506,11.32934448,17.65411911,20.85920371,10.0365819,27.86221089,9.000178404,3.258361507
11716,11.67549949,6.564268736,20.85535918,22.4574232,11.08168845,11.35342466,16.01233628
40379,11.08311917,11.83128296,20.85380507,8.457291368,22.59555149,9.032049664,16.14690027
27073,13.72682693,11.70227023,21.44631962,7.009127501,12.64462255,15.27456675,18.19626641
29011,17.62014974,13.16346383,24.88482458,19.57941436,10.13698213,8.549216316,6.065949037
15914,9.837778025,12.85506119,20.85365591,14.21006453,9.804760987,15.32369153,17.11498783
4564,14.30486825,6.714196557,7.158638844,21.42782148,11.36579858,17.01930744,22.00936884
18217,13.03700412,22.40755079,20.85061267,22.28719716,8.825614907,3.126347528,9.465672815
30330,12.63071448,12.79274846,16.48732074,17.64376575,13.98559417,11.08301217,15.37684422
30329,7.766061279,8.029692093,24.20185532,11.80926016,11.56619074,16.48776282,20.13917759
4474,16.86338727,13.86380986,12.82651262,16.98638259,12.39206364,15.35837943,11.70946459
4672,15.28102956,14.39679103,15.46118551,14.84694205,9.230410114,4.600454996,26.18318674
26479,14.13939831,13.97685414,20.84548524,7.690527047,15.30374526,15.18583153,12.85815848
26951,14.13939831,13.97685414,20.84548524,7.690527047,15.30374526,15.18583153,12.85815848
21701,15.32415239,14.88169443,20.83321782,12.9360548,8.923038898,10.61258052,16.48926115
24338,17.9393086,14.47144971,20.82540163,12.49108777,11.68805614,8.375259018,14.20943714
26458,12.51064967,14.25801537,20.82326838,20.62514567,8.812956127,5.839207896,17.13075689
26903,12.51064967,14.25801537,20.82326838,20.62514567,8.812956127,5.839207896,17.13075689
21290,15.37293518,14.9584563,20.8106947,12.90347776,8.90595803,10.55330583,16.49517219
40850,13.90183192,11.01253924,20.805664,28.39154084,9.792829649,4.589088877,11.50650547
23999,12.64108556,6.76693046,2.488783583,17.30331451,24.58045109,12.51652999,23.7029048
7281,17.0456332,10.67518963,20.23074647,13.03718582,9.159842574,16.31466324,13.53673906
21700,17.24804702,16.34852305,20.7781302,10.14107364,15.53770186,8.585565265,11.36095895
30888,15.96015197,14.35819979,20.77518134,13.17859379,14.81373737,9.244782451,11.6693533
40424,14.86684111,13.7913776,20.75742446,8.148086065,9.764898174,19.91010117,12.76127141
12609,16.48371245,11.848807,14.23438857,16.70879429,10.96190639,15.6537534,14.10863791
12630,22.4109016,19.85763306,16.03275138,13.25253944,8.505585075,7.310766235,12.62982321
7595,16.51755295,8.714991979,20.74135645,14.60788993,9.365529012,13.55882014,16.49385955
40830,20.66439617,15.88790426,20.73954423,20.66284247,8.951527886,6.30787629,6.785908691
34492,8.220477459,14.37875778,20.73799157,7.092591493,12.13458472,12.38444582,25.05115116
3019,22.81386884,12.63601765,20.73729574,17.33122469,6.65132811,5.960132129,13.87013284
40387,18.65805342,15.16758091,20.73290334,17.57777019,7.00426186,6.573686763,14.28574353
20365,11.65525917,10.14980016,20.72919729,14.91933147,10.3865325,16.89286867,15.26701073
31211,16.27078111,12.91220367,20.71328511,16.13786119,12.00718622,12.10184798,9.856834721
29242,17.7681948,11.96806215,20.71161875,13.97650591,21.41603811,9.047479563,5.112100713
18366,19.87585319,14.99481988,20.69333537,15.85346289,9.835772532,6.363299681,12.38345646
19427,16.45891648,9.00593622,17.05903654,15.05332726,9.393913308,12.01620178,21.01266842
30355,21.44882278,16.92119232,13.07479254,11.15734266,10.98388539,12.92634454,13.48761977
12892,13.5895108,12.74483807,16.70796709,15.49969897,7.999011387,13.15348821,20.30548547
16960,22.54520804,22.65962001,20.67411305,12.95151748,6.638895395,5.51042582,9.020220206
17378,22.54520804,22.65962001,20.67411305,12.95151748,6.638895395,5.51042582,9.020220206
8569,17.49540342,15.90520783,20.67052414,15.5689835,18.51289655,2.998168776,8.848815775
10381,12.07307836,10.4170327,20.66566314,13.14705372,19.57247244,10.80813375,13.31656589
4254,20.40444072,20.05338734,20.65640095,12.76334507,7.117157338,6.727237222,12.27803136
7202,10.32550068,12.81022808,10.40895665,19.4951139,13.4166581,14.78548309,18.7580595
25864,13.70500272,18.7911366,20.65033349,11.31278508,8.60730779,3.392735355,23.54069897
21526,22.25944078,14.70067114,20.63700711,21.40910818,7.283765101,7.136036296,6.573971403
41168,18.69509533,18.2665807,20.6347298,15.52191658,10.10323625,6.168728061,10.60971328
8950,18.85654153,19.99442572,20.62691245,11.4373114,10.77636572,8.38458645,9.923856729
25966,15.1264437,11.91411752,20.58379192,12.52135743,23.12901826,15.29892783,1.426343337
34455,16.06093909,14.02816188,20.577682,11.63335605,9.43514192,9.849953049,18.41476601
30398,10.41468963,11.59549394,8.473528995,19.2091299,16.52728145,12.89452682,20.88534926
2743,18.40633889,12.62390172,20.57346197,16.6866789,7.003506458,7.640012334,17.06609973
31686,15.94408578,13.2563357,20.5403125,16.50954318,12.3585843,12.07394078,9.317197769
29032,15.80839784,15.05925685,25.88945058,11.65159614,12.48283108,12.393619,6.714848514
40963,18.24448951,13.06166787,20.53073338,11.9687542,8.938070779,9.482499803,17.77378446
22810,14.37070089,7.434995612,20.53007475,13.75199337,11.84443051,15.56944703,16.49835784
25210,12.78596929,13.58381752,20.52933942,10.71716501,19.26621062,19.00852577,4.108972363
18231,13.69434335,9.297004239,20.52535417,19.57450307,14.91184819,10.13286696,11.86408002
8159,12.30964492,12.12739609,20.52505725,10.88539876,12.18687747,13.44359475,18.52203075
35663,13.90731718,20.46539477,20.5181881,13.28567204,12.57532655,9.211919966,10.0361814
26979,10.66253067,12.10097551,14.74394851,19.62360463,17.4996045,5.112346365,20.25698982
27359,14.83516994,12.52329671,11.72141411,23.40901657,12.8453217,6.872397643,17.79338331
4438,20.04320932,14.09051961,24.19487104,20.15073976,5.048259234,6.155478674,10.31692236
40766,18.33951466,18.60039583,20.49759901,21.68431815,8.380416627,7.604819345,4.892936378
25689,17.08758787,13.99928335,13.2870634,12.58663001,11.21597163,19.55025188,12.27321187
32161,19.20746682,12.76434336,20.47984764,14.30321281,9.507799729,10.52519271,13.21213694
32642,19.20746682,12.76434336,20.47984764,14.30321281,9.507799729,10.52519271,13.21213694
4599,17.5916916,15.66890355,15.38529277,12.26081704,9.861912881,11.41262076,17.81876141
10108,13.32528158,19.51167285,12.74403239,11.95630874,20.33983914,11.21108831,10.91177699
6603,18.16256077,11.52595354,20.47774397,15.18954351,8.224460431,12.62071566,13.79902212
7034,18.16256077,11.52595354,20.47774397,15.18954351,8.224460431,12.62071566,13.79902212
38541,17.65983304,18.95778569,20.47741865,10.96472348,6.650555494,7.952109845,17.33757381
16790,16.47332042,12.37429637,20.47390834,32.38501769,10.4078036,0.555888884,7.329764698
10440,12.43016766,17.33302448,20.45455804,10.53176691,10.85355276,12.76851858,15.62841157
27081,15.82299896,14.49455562,10.77063372,16.34765797,19.29845355,8.393632671,14.87206751
20893,22.57531586,21.54140062,20.45354441,9.146114677,7.118339252,5.943030397,13.22225479
2928,17.80965695,13.96692484,20.4204325,7.837381526,7.910339462,10.98011303,21.07515169
37073,15.99248885,15.59044606,20.41662592,22.58699658,6.894783957,5.732373206,12.78628543
8491,19.61128845,12.46456108,20.41354318,16.13344065,9.890175555,8.555496538,12.93149455
37189,17.06860444,23.45651232,20.41089996,11.13558935,14.21082861,3.590990648,10.12657467
28760,6.555525585,6.823884399,10.98573277,22.70824202,18.71812531,13.50445417,20.70403575
2852,11.670116,9.57530605,20.40521458,17.42188637,10.06888241,5.361902633,25.49669197
40939,11.07007332,20.58458591,20.39810799,12.40682038,9.656799136,8.773440396,17.11017288
28859,11.11818222,12.79525655,5.653895368,11.33170658,18.13859081,18.72090475,22.24146373
34787,13.62724199,21.30926543,20.39128548,9.979815282,9.454975226,7.292405619,17.94501097
9749,18.16180349,20.22408967,14.33643954,6.93228377,9.163637769,15.47547804,15.70626773
39513,16.40666564,19.07698088,20.37455556,21.16683241,7.46355446,4.230113472,11.28129758
41194,22.86916922,18.64313991,20.37443523,17.71385115,7.47926783,2.239499468,10.68063719
4022,13.33959867,20.37072269,20.35818988,10.16212369,11.02173435,0.66170465,24.08592607
12622,19.8578997,9.351103331,13.27677739,28.32391855,9.430975694,8.903230459,10.85609488
5477,15.26676474,22.56585142,20.35606564,8.440965906,7.364826101,6.810932146,19.19459404
34772,14.72162147,13.359983,20.35543368,11.39689344,10.07078969,14.27404167,15.82123706
9089,11.38152448,10.93036406,20.34952559,8.784702503,15.78504574,14.1473884,18.62144922
24912,19.77479476,21.41480896,20.34879519,6.974703087,14.35491186,11.11116226,6.020823881
12258,20.10960021,12.4516019,20.34671564,17.92245869,8.630414043,10.07956886,10.45964066
28476,12.40380317,10.41494822,20.34363182,20.70432203,12.45902191,14.79690255,8.877370299
28075,12.40380317,10.41494822,20.34363182,20.70432203,12.45902191,14.79690255,8.877370299
19215,21.09667789,22.6334432,20.34108855,15.18070565,10.39974667,9.669100028,0.679238006
8140,15.27232688,19.45765057,20.32615167,7.484465112,13.62541587,10.10036512,13.73362478
27620,15.93321139,7.427045731,20.32345032,12.74401475,13.84487381,12.8174908,16.9099132
29373,22.6639222,16.92952459,20.31952042,18.40038032,14.03555198,3.482015224,4.169085263
36458,7.911863945,10.30433328,20.31101577,24.03098584,9.364020378,10.59363903,17.48414176
15622,11.02486731,11.3159742,20.30800571,16.17465979,13.18974249,12.01139379,15.97535671
29374,8.719532278,9.029851356,20.30552151,13.93449253,16.96454844,16.40771159,14.6383423
9692,11.96647316,13.80982481,20.29657496,6.424653129,19.05882606,9.260874122,19.18277375
2440,13.9741603,15.40312262,20.28611063,8.063240816,15.41781342,13.82214948,13.03340273
16297,10.06586241,8.241306847,20.2817602,14.44083325,15.61646742,15.29689736,16.05687251
16690,10.06586241,8.241306847,20.2817602,14.44083325,15.61646742,15.29689736,16.05687251
25024,13.61032701,29.47989016,20.28113291,6.252167721,11.70278871,5.618043263,13.05565023
38741,17.29287468,18.05624019,20.27981956,11.20156815,14.10394626,7.180884718,11.88466644
10188,14.59493005,15.49192962,20.27942164,12.24135382,9.773371168,6.809782375,20.80921132
10749,20.50486637,14.78880922,20.27397291,15.01413196,7.740840169,9.797291523,11.88008785
17083,15.49679702,12.0707677,20.27238698,12.73752304,12.19734133,9.841984021,17.38319991
7348,12.22755692,12.81511237,10.46675606,10.75070907,17.98260945,16.8174681,18.93978803
5983,15.91033753,23.46030191,20.26807433,8.420720157,10.05894596,6.147575296,15.73404482
41205,17.76804504,14.65921087,20.25899187,21.43602126,10.33084086,7.218252826,8.328637274
570,19.70087253,16.432157,20.25049543,13.49763122,9.890054715,11.59033294,8.638456166
30713,16.15492291,12.29501904,20.24835222,11.75974452,13.82523508,10.66161093,15.0551153
5799,15.40879306,9.26760934,20.2430609,24.30709068,10.85981529,8.554045974,11.35958477
34431,15.11721475,17.51637121,20.23211538,10.10633424,16.30493171,10.25882432,10.46420838
9960,12.16972978,14.00293951,15.01159159,22.70996743,9.045603628,13.22320679,13.83696126
10006,13.0740468,10.05633545,19.49072841,9.803535074,15.20451185,16.20312136,16.16772105
789,11.63292529,18.09353146,20.22698479,23.52570528,16.75176085,2.701829908,7.06726243
15657,15.04644233,11.03442394,20.20346044,15.91880364,6.940804114,10.8567291,19.99933643
4734,23.57025412,15.61993659,17.01231564,18.60378712,4.723157479,8.069363857,12.40118519
4602,19.31320356,16.0011468,14.91745883,15.81351704,8.237722142,9.75627505,15.96067658
11516,10.58385992,16.75983742,20.19345789,21.62875768,8.084247212,8.881362771,13.86847711
9299,18.109321,16.35409525,20.19095389,14.11766168,6.136223177,6.882272849,18.20947215
36375,15.2640998,13.23704166,20.1884448,22.21614574,9.381681079,7.362774238,12.34981268
7457,12.69091453,7.129337343,6.102250351,22.78329686,23.35485341,11.73716194,16.20218556
40359,14.48205479,15.22481225,20.16867809,7.342737987,13.49919137,18.28160176,11.00092375
28024,18.96033482,15.07048293,20.16180682,11.0248362,11.82892964,13.7329041,9.220705477
28436,18.96033482,15.07048293,20.16180682,11.0248362,11.82892964,13.7329041,9.220705477
27189,18.07186357,18.60614104,16.26161423,17.93391748,9.74759615,11.11535471,8.263512814
14345,15.54460229,11.96402714,20.14929853,16.03612771,17.08631547,14.11546953,5.104159336
24067,19.90239714,14.63270835,15.52865225,14.45904132,7.665866544,8.885281561,18.92605283
10411,15.67213385,18.68763308,20.14783428,7.762573389,16.13165457,15.08579755,6.512373287
20228,18.20594682,15.8956378,20.1420493,13.49130582,12.27916279,11.2499094,8.735988077
14492,16.7018288,8.987357494,20.13866532,17.10105862,8.169287746,9.02747995,19.87432207
34550,19.01667018,11.66339743,20.1277972,8.395242818,6.412349881,10.19522228,24.18932021
38328,11.90114476,9.661347933,20.10855093,19.27039076,12.1922834,12.8094587,14.05682352
12868,17.61892916,11.06110714,19.50172395,13.6010766,8.470273799,14.38903125,15.35785812
36490,15.60689799,14.42564412,20.09356177,25.83390598,8.920219222,3.015713578,12.10405733
2777,12.4301435,7.771233734,20.09125938,15.4018246,13.94204843,17.23387778,13.12961257
38700,10.95486509,25.38159409,20.09006734,8.498246559,13.72462694,9.758155899,11.59244409
24842,21.2540072,15.17519523,20.08693472,12.18250976,6.609822253,8.739855205,15.95167564
7445,13.28001369,13.46348274,14.38188098,18.10968727,15.7444438,7.223975159,17.79651636
7802,17.48815654,23.27875655,20.08354053,8.167237592,17.75450749,5.739349562,7.488451742
25961,14.28020818,14.5025562,20.07129859,8.306977226,14.33179747,8.067203903,20.43995844
19281,18.07022005,13.85898681,20.06929306,20.16993356,8.320456178,10.47971343,9.031396919
10260,21.00077609,18.25957545,20.06746077,16.24334626,8.149479099,5.300621702,10.97874063
1868,16.58721566,10.198978,14.80808336,11.97731327,11.25017921,17.18998681,17.98824369
31310,16.33308857,10.69851296,20.0663598,12.18183855,9.688615032,13.04627811,17.98530698
31781,16.33308857,10.69851296,20.0663598,12.18183855,9.688615032,13.04627811,17.98530698
15978,16.57394749,18.6013424,20.06058471,12.57192725,8.73181211,9.599565653,13.86082038
28493,17.20709018,22.73044251,20.05292994,10.28690626,11.94805363,5.698667938,12.07590956
28715,12.67044987,14.56467763,7.888023698,8.802083315,25.72980168,9.306628916,21.03833489
9818,15.4843161,9.387794014,10.26708642,16.87838572,15.41187159,16.35223332,16.21831283
14633,18.71796353,17.85847588,20.049603,12.53252374,6.256589557,6.569948784,18.0148955
11655,12.96511056,12.87422989,20.04869563,16.73677741,10.94484836,11.09395846,15.33637968
19373,13.83750939,11.98772603,18.28969314,19.92097731,11.93606329,8.614418859,15.41361199
19166,17.70396689,13.42926707,20.04199903,13.8740692,7.752957438,6.931481277,20.2662591
10309,18.27006463,16.84459136,20.03004718,9.775147399,7.122763017,10.06825636,17.88913005
14706,21.37692274,15.73665006,20.02987581,17.21146826,9.817036331,6.309355382,9.518691405
31227,17.73061127,14.10633534,20.02623726,15.04326591,8.200913066,5.029338006,19.86329914
10577,6.428188458,22.02303627,20.01714908,8.929443499,28.88948091,10.19294817,3.519753615
1466,18.68134877,12.68295902,20.01157074,14.07492455,6.338534431,9.139053907,19.07160858
10478,18.68296551,16.58378779,20.00840603,10.85016586,8.320842269,11.87030001,13.68353253
26758,20.47052644,15.64572713,20.00250193,25.62360383,11.6160689,0.870800367,5.770771396
3662,17.58681935,14.29534577,20.00209112,18.02844448,5.638397318,8.525452977,15.92344899
25313,12.90550266,25.79983997,20.00168728,5.902461084,12.73891172,14.94371215,7.707885132
33667,22.43324845,23.10169108,20.0013039,13.50510134,10.12782828,1.401388539,9.429438402
17247,15.75628705,10.69641077,19.99554346,9.816733693,15.78444468,10.00668683,17.94389353
17599,15.75628705,10.69641077,19.99554346,9.816733693,15.78444468,10.00668683,17.94389353
29602,15.98415882,9.676890666,19.99127156,15.58911844,9.648560561,12.45500024,16.65499971
8568,16.893701,13.71432601,19.99061284,20.58475781,8.162598822,5.025411177,15.62859234
11702,18.17989501,16.67296886,19.98537087,15.41757922,6.296862375,7.706042949,15.74128072
9984,15.91418458,11.01618572,33.12923005,18.40986059,6.512606815,2.162182666,12.85574958
6439,18.49022289,21.41955872,19.97858898,6.730067121,7.92604803,8.118816494,17.33669777
31182,6.854679774,4.369155673,19.97212291,24.52575334,17.70312205,7.160278051,19.4148882
5158,11.89250635,8.654807172,19.96887543,20.2573735,13.65380484,11.33321641,14.23941629
9307,14.79427346,14.59224594,19.96466107,11.28741915,12.12573826,7.387176638,19.84848549
17549,19.24479466,14.03378201,19.94637945,8.99599572,12.16964232,10.32496308,15.28444275
6534,18.43444724,15.91548228,19.94479535,20.06188539,7.521216777,2.748689163,15.37348379
35463,16.9936707,19.73105493,19.9434009,8.094358906,8.931410299,6.817047816,19.48905645
28414,17.04933468,11.97379777,19.93886053,9.126447378,15.54548675,11.36383531,15.00223758
28014,17.04933468,11.97379777,19.93886053,9.126447378,15.54548675,11.36383531,15.00223758
12882,18.32945892,15.62672313,15.16337874,12.41324472,10.32952261,15.56330609,12.57436578
12001,18.59203462,16.74749692,19.93789747,19.05186244,13.41979114,5.638620027,6.61229739
23812,23.95657092,17.89414413,14.65929711,14.39589888,9.156817002,7.857787636,12.07948431
3492,21.64798323,16.11805285,19.93423219,17.24506997,6.420970091,6.308315527,12.32537615
1125,17.89217095,20.01039571,19.92996054,10.34643081,9.336340757,9.148969689,13.33573155
33138,17.98625011,18.17862193,19.92773259,7.246206612,10.75250625,9.508748497,16.39993402
1168,15.37333394,11.79229876,19.9169772,19.20181785,10.67422716,9.17440134,13.86694377
3273,14.11800155,16.63913111,19.91672844,11.48847523,12.37733154,9.108937975,16.35139417
2991,19.02821978,14.71884784,19.91642905,13.11290917,6.931504212,8.931227668,17.36086228
19474,14.68096697,26.3521071,21.93217132,5.616708596,12.32019265,13.54302234,5.554831018
17076,16.15628638,13.19193579,19.90553953,21.27563897,8.775870289,9.044409027,11.65032
6398,20.33436204,14.32848837,19.89198592,13.63327833,7.500324068,9.988023387,14.32353789
11642,13.02131811,11.54891289,19.88752423,9.728535673,13.1651838,13.4131164,19.23540889
30418,16.75681583,14.68953675,14.93586249,12.89606015,12.92138161,11.27081227,16.5295309
16242,22.86772746,18.51597537,19.88144527,17.80749596,6.362351412,6.007168464,8.557836065
19442,16.46575592,17.13840205,17.48042815,13.72141943,11.44915294,14.94043831,8.804403193
16658,22.86772746,18.51597537,19.88144527,17.80749596,6.362351412,6.007168464,8.557836065
23634,17.38682122,12.26164754,19.87927619,11.36109776,14.25122031,12.05499661,12.80494037
31867,18.55116283,17.61729423,19.87373835,9.322762291,8.151115334,7.275798019,19.20812894
7469,15.85027552,12.58146514,12.90961556,13.55202751,9.496994901,14.81215998,20.7974614
27686,6.729957955,7.456947937,19.86610696,20.0246905,11.65617683,15.14143853,19.12468128
18416,13.98048099,10.49970543,19.86314239,17.92036746,12.03896547,11.7057306,13.99160766
41189,21.13151338,17.81373168,19.86213119,24.92215435,6.559403021,2.508659411,7.202406969
4184,11.79257455,14.08097572,19.86066896,17.37510684,13.11304916,9.76853511,14.00908967
6716,16.52862171,9.782043141,19.86011923,17.64508541,11.11661164,7.343450879,17.72406799
4590,15.50950324,19.96051582,22.9195567,15.36660702,7.996298716,5.897996719,12.34952178
23858,15.72188632,13.77408479,12.4750269,16.2376763,9.631808158,13.38373984,18.77577768
35561,15.11760583,19.70601547,19.85817905,6.878274134,7.677168217,12.2845766,18.47818069
23936,19.28412369,16.63503697,10.49715699,15.40066404,7.748364454,10.3504608,20.08419305
11141,10.66319998,8.630499378,19.84694514,27.59783383,17.99432538,9.111078174,6.156118118
10023,15.04405717,10.62917051,19.55274283,20.14002412,11.39809549,8.90481121,14.33109867
11701,21.01460223,16.26384914,19.84304002,18.27240348,6.17756047,5.969418296,12.45912637
9881,13.17010699,20.84251768,16.82385937,8.757503084,15.37385076,13.5054842,11.52667792
4537,18.55978465,14.55707205,14.25356203,18.25287362,8.368400302,11.08154457,14.92676278
21136,15.92943101,9.110530285,19.82792367,17.15079603,11.5750926,12.12717833,14.27904807
29617,19.4926398,16.22927726,19.82292217,10.84245303,6.889794488,9.606820751,17.1160925
19094,15.00690476,10.10106954,19.81700975,20.55810652,10.01734751,14.87607429,9.623487637
16606,14.69325261,13.35543754,19.81277635,8.838378355,15.08909785,16.05841439,12.15264291
12334,12.02160144,15.02298176,19.80577044,19.82315594,17.59896236,0.716763189,15.01076486
25584,11.22611562,20.68275153,43.85224503,3.073045163,18.18888569,2.368592246,0.60836471
27257,15.70023123,18.78713242,15.09948316,6.640146131,11.820345,13.69238671,18.26027534
8317,19.17802764,21.08937854,19.80379756,7.792745478,7.992151629,6.361140737,17.78275841
30429,11.58604393,11.19987324,6.073810297,13.77009097,16.26072541,16.8912035,24.21825266
9471,16.04567168,14.47840119,19.80281805,12.92898176,7.143604863,8.320618542,21.27990392
619,15.35151041,15.4397984,19.79290761,23.54187952,15.25728082,4.217682992,6.398940241
35751,15.0913836,18.69108633,19.78776827,28.09344695,9.555678564,0.539413366,8.241222929
35410,13.85251214,15.1519007,19.78584414,6.101995847,24.21347741,13.98318032,6.911089442
36929,14.9657974,19.61940912,19.78510056,5.810913246,9.986162799,12.16876336,17.66385351
149,21.47105419,15.45301466,19.78306036,19.69168506,6.165171294,7.055743934,10.3802705
564,21.47105419,15.45301466,19.78306036,19.69168506,6.165171294,7.055743934,10.3802705
29808,14.83669018,14.62555733,19.77918471,5.454520186,15.14408948,16.93295391,13.22700421
38703,18.59230697,12.62242363,19.76916967,9.678879408,13.23410662,15.06920945,11.03390424
2105,16.26369751,13.83557907,12.02173291,9.051841329,12.50296022,15.78342923,20.54075973
5018,17.11885624,15.4096185,19.76753939,17.84564643,9.237731688,7.620051697,13.00055606
31705,17.25322232,13.59138089,19.7669411,14.6377358,7.169782626,5.454353666,22.12658359
27440,18.99789869,21.2694455,19.76609872,10.97225349,10.07025443,12.85533576,6.068713412
31165,18.54244546,10.82197321,19.76560947,18.17441264,7.61849255,10.42857543,14.64849125
27299,12.93371639,12.80442407,17.97732752,13.24347159,20.2211572,4.780444421,18.03945881
31644,18.54244546,10.82197321,19.76560947,18.17441264,7.61849255,10.42857543,14.64849125
9835,13.67925509,7.35027468,10.36347991,18.58902288,15.92789806,17.07941775,17.01065163
2781,20.01870859,11.28441386,19.76428212,15.8668827,9.45468806,7.574651987,16.03637267
4578,18.35077368,13.60955919,12.35322029,18.23279013,11.41757663,11.3798621,14.65621797
9353,17.06343333,11.73496994,19.76312971,3.034079516,18.91707811,5.684610192,23.8026992
4080,12.11498418,7.822092463,19.7500959,27.15150219,10.94361535,10.43031823,11.78739169
12743,16.94113137,18.50658197,13.42922678,16.36670256,13.29790851,11.0374004,10.4210484
6042,19.35646237,12.35325526,19.74745248,17.30310167,9.415215953,12.10979886,9.714713414
18786,18.60074215,15.73832128,19.73870171,9.865404609,7.11322612,7.003314157,21.94028997
30625,18.7755186,15.97664937,27.738537,14.11668838,9.213813381,5.469318507,8.709474764
1233,19.33464691,14.07681634,19.73660277,18.18914962,7.475184348,5.231129622,15.9564704
30409,11.11287331,10.11748863,15.03412542,16.99217257,15.29507968,13.35481335,18.09344704
29539,16.88247578,25.72578758,19.73565739,8.758600313,9.374494958,9.099702546,10.42328144
10100,11.35092939,11.65906421,8.124026722,12.24889087,15.38264334,17.04892057,24.1855249
34796,15.12811534,18.35304258,19.73409247,13.34311812,9.80236869,10.32873377,13.31052904
16693,18.27509972,16.86864994,19.71997002,12.40393193,7.633951995,12.68620344,12.41219295
34752,14.75210872,8.674898988,19.71644486,17.41796167,9.882350921,5.359814563,24.19642028
18720,13.31178554,8.683510677,19.7076498,12.72294558,16.01557069,13.55604166,16.00249604
9992,14.04279526,11.66214653,14.5377869,10.51391124,13.40908525,14.8662595,20.96801532
25488,17.88755,17.92084885,17.43411462,14.70664633,12.22644635,12.9350803,6.88931354
28905,21.1137957,13.1654801,11.74567025,11.86904153,10.98119802,18.78208227,12.34273213
11166,17.29859637,11.87310346,19.70162948,19.18512141,9.168391958,11.05077159,11.72238573
20764,15.02173041,8.932738627,19.70117744,17.72941199,9.871481762,12.56215918,16.18130059
27763,13.27389355,13.60421936,19.70025763,17.85178851,11.7938922,8.032758099,15.74319065
28827,13.84262062,9.725262654,13.95910493,9.476755887,15.86898959,20.44566534,16.68160098
24988,15.12864482,20.21793846,19.69607122,10.34921025,10.02911459,10.17582435,14.40319631
7534,8.244613532,17.39537553,14.58796447,6.205785905,13.43952902,13.01994993,27.10678161
17099,15.40929037,18.33213136,19.69247176,7.304931883,13.10301332,19.03031456,7.127846744
20371,19.44655479,10.3377947,19.68978714,17.34387032,6.820923064,8.947025331,17.41404466
2610,15.28337118,26.01339276,19.68583581,3.627733963,12.54289614,14.2587547,8.588015454
9433,17.31992692,18.4766224,19.66963593,11.90719646,18.94215021,9.42021232,4.264255749
416,14.99160951,16.12100679,19.66512563,19.03614769,7.940325701,8.420526912,13.82525777
10338,16.63265545,14.21371024,19.65569651,10.54127796,14.43133531,15.50081024,9.02451429
29402,24.18791605,18.98839434,19.64905195,15.59282254,8.986161372,6.428571141,6.167082601
19143,13.05986243,8.269853264,19.64821935,21.74840911,10.00572985,9.364890332,17.90303567
6973,10.41779239,19.77565412,19.6462003,6.867121401,17.81263818,8.325454637,17.15513896
15897,13.53548224,12.85130421,19.6413351,10.35572417,15.80078406,17.41054275,10.40482747
8013,10.59286299,12.3208114,19.64069285,21.22812519,15.07533715,9.233197428,11.90897299
4649,18.45854682,15.83692607,17.92911664,19.89580086,9.376468536,8.4079171,10.09522397
19401,15.90532476,10.61027062,12.31317001,13.08428783,14.9297943,14.78750758,18.3696449
23521,20.33860051,7.990260543,19.63614382,19.21793913,12.19951561,10.51807232,10.09946807
35574,21.96289598,13.28793945,19.63020229,15.95359284,6.215896467,9.82203395,13.12743904
38557,15.96958409,21.22251865,19.6205171,15.35300138,16.10975485,5.556646242,6.167977691
32286,21.41053816,14.45570852,19.59942246,15.80608597,5.792147164,6.446090002,16.49000773
32757,21.41053816,14.45570852,19.59942246,15.80608597,5.792147164,6.446090002,16.49000773
6148,18.57676066,19.33968773,19.57795277,21.07733415,6.351905026,5.261249158,9.815110502
6607,18.57676066,19.33968773,19.57795277,21.07733415,6.351905026,5.261249158,9.815110502
13124,14.65178403,6.838371357,19.57674464,19.32657813,10.00660898,10.70760918,18.89230368
6736,20.4888595,21.73478951,19.57516067,16.35000928,6.989715457,8.733530574,6.127935005
1760,10.65402811,10.71878852,14.09783193,17.71028347,13.86923128,14.81312129,18.1367154
30172,17.07196778,12.4705012,19.57210078,13.97926275,14.77042154,13.83017122,8.305574728
29798,17.07196778,12.4705012,19.57210078,13.97926275,14.77042154,13.83017122,8.305574728
2104,19.42004467,13.24861475,18.0686789,11.75673513,10.17296602,12.4944238,14.83853674
24460,12.48241238,14.5842969,19.57155656,11.93235153,16.73573332,10.77489693,13.91875238
29112,16.25514997,15.06272368,10.75101566,7.465918723,19.58567623,14.85145023,16.02806552
26113,13.32909337,13.25282454,19.56140739,21.46349787,10.38612962,10.14236114,11.86468606
24038,16.64921773,9.851495427,14.62923568,16.05339192,9.02756723,17.26364316,16.52544885
26555,13.32909337,13.25282454,19.56140739,21.46349787,10.38612962,10.14236114,11.86468606
36989,16.55987982,17.69219372,19.56029439,7.658751955,15.74645591,11.55385075,11.22857345
40494,14.8567284,9.62797517,19.54720341,15.62354955,11.5282024,12.49445842,16.32188265
4983,16.46496244,20.74700562,19.53527592,7.369519656,9.596570812,8.596810887,17.68985466
30473,12.58474955,12.85646357,19.62975881,22.25116745,8.700923021,10.84688035,13.13005724
4372,21.39079651,14.19926606,21.04927098,16.57178855,5.55069317,5.436431976,15.80175275
12635,15.45062198,20.37034231,24.70794148,16.0797045,12.15682401,4.608337124,6.626228598
19274,17.24053228,22.05999447,19.52655567,14.3670795,9.038608064,5.841230379,11.92599964
18992,17.23814277,22.05693699,19.52384932,14.37894807,9.037355329,5.840420795,11.92434672
27053,17.23930554,14.26299017,8.48492935,13.97650044,14.65730185,13.32407757,18.05489508
12689,13.24885761,20.89959708,16.21713887,10.31999772,15.52597622,14.13148355,9.656948955
16346,16.34096263,16.63648765,19.51707015,15.13011013,13.87345859,9.136748364,9.365162486
16745,16.34096263,16.63648765,19.51707015,15.13011013,13.87345859,9.136748364,9.365162486
40923,17.88831413,7.54456418,19.48753818,16.91722924,17.35830501,9.227516503,11.57653275
30173,18.69492943,21.21392428,19.48238469,9.281904091,10.8412466,9.857038767,10.62857214
30236,16.25511939,17.82764386,19.47886925,19.56214151,11.54080174,8.713751803,6.621672437
3385,24.61380046,14.48324189,19.47007086,18.34595595,7.323174037,7.547461079,8.216295725
10923,21.32577016,18.44583164,19.46917369,17.81449987,5.603359816,5.876006079,11.46535874
40698,9.300475703,13.01790962,19.46231564,26.32016305,8.956791959,9.703862419,13.23848161
31394,18.46627028,18.41437903,19.46111329,9.25922878,8.095566457,7.226214326,19.07722784
5240,17.22053239,17.80365723,19.44493979,18.07161293,10.05605861,5.521897189,11.88130185
6411,22.20928345,13.33720338,19.44248872,16.03049404,5.079724981,8.929433396,14.97137204
40503,14.61011711,14.91992264,19.44177364,9.812634465,9.098026959,11.32956822,20.78795697
30378,15.96869674,12.44676558,16.17842434,15.46663888,12.72177352,13.71858256,13.49911837
36838,15.77556598,12.27217913,19.44021251,18.33096613,10.91589189,10.92702921,12.33815515
30224,7.438529303,6.502932739,19.43348732,14.37494568,14.57082933,16.20370793,21.47556771
8681,13.28581425,16.44393349,19.43096467,4.170815196,14.24488426,19.88299403,12.54059411
9529,12.92899864,22.1801238,19.41733008,2.489037275,9.761883357,9.678307943,23.5443189
16250,15.90268787,16.0499836,19.41620771,22.06796019,9.347154931,4.768939805,12.4470659
28848,16.34713935,15.41359313,13.38929329,18.14823846,9.722477901,11.99909648,14.98016138
2130,15.97261963,13.92040431,16.12752423,10.01927418,11.77241676,15.30497669,16.8827842
35717,19.19268884,21.89245767,19.41473486,22.05720801,8.13823361,2.232594789,7.072082224
33263,19.28765643,17.39251541,19.40537549,13.95120595,7.197417604,7.240710612,15.5251185
24325,14.99619448,14.07501457,19.40423169,15.77237468,10.21015856,11.49922285,14.04280317
10022,14.50379596,17.64956227,14.6350111,7.434228684,14.26772572,15.91027208,15.59940419
16583,13.58137654,20.78278253,19.39203776,12.83154643,14.29874911,9.600026179,9.51348145
33533,22.48214719,29.7120643,19.39024116,8.290535584,7.577399292,5.916030629,6.631581839
4978,12.08973683,14.36775706,19.3888726,19.87496873,10.71736161,9.143255706,14.41804747
11153,18.19136071,12.82340913,19.38780789,19.71717472,9.601041604,10.74701809,9.532187847
12568,14.02481412,8.586912471,22.79981692,20.22936296,9.116690547,5.348214524,19.89418845
32334,18.3207189,12.96087913,19.38341296,21.31436618,7.459375734,9.689521198,10.8717259
32804,18.3207189,12.96087913,19.38341296,21.31436618,7.459375734,9.689521198,10.8717259
19201,17.71401939,16.91811029,19.37760569,10.13247305,11.95155149,12.3294472,11.57679287
18838,17.71401939,16.91811029,19.37760569,10.13247305,11.95155149,12.3294472,11.57679287
33584,13.92416236,20.69156278,19.37121595,4.509835591,11.72044871,15.14833344,14.63444118
26063,13.69966599,14.24683832,19.34714077,5.506471632,15.93252517,11.92761288,19.33974524
9782,14.28647572,18.98378218,13.3832554,9.807855519,11.73227769,14.6408508,17.16550269
26511,13.69966599,14.24683832,19.34714077,5.506471632,15.93252517,11.92761288,19.33974524
5136,15.3942711,22.68900192,19.33896886,12.57587411,9.691517236,2.511492804,17.79887398
9792,14.44447297,11.12265306,11.24189925,13.04345105,14.1416516,17.51565246,18.49021961
38523,20.81480839,19.41915501,19.33820461,10.79675899,8.570896545,10.14876612,10.91141034
40874,14.05616533,24.43543969,19.32776485,10.5051434,15.07055188,10.15992112,6.445013724
12575,11.9706287,9.515189278,12.42182235,17.95783597,17.91595308,15.6614195,14.55715112
2556,13.44731731,13.27862451,19.32456493,19.79828042,9.701535799,10.86177657,13.58790046
37180,13.89873659,27.63966092,19.31247889,7.265443857,10.75262338,9.609447123,11.52160925
5205,20.39351477,14.13046686,19.30699129,19.39227871,7.633887546,10.07554635,9.067314479
34716,14.03747786,20.79617759,19.30646511,7.202014029,9.969578678,11.21774312,17.47054363
11208,18.64958739,10.94496511,19.30254672,14.26855291,11.04057518,9.043435716,16.75033697
14763,16.46277089,12.31017364,19.29899235,16.00665421,8.71734748,9.914778672,17.28928275
38587,16.11455332,14.01300811,19.28644994,6.194023802,9.565468725,15.91477888,18.91171721
8909,19.0047648,16.04487101,19.28505192,9.805628675,7.028058596,9.789949327,19.04167568
10250,15.45908452,15.35557363,19.28416315,9.737130046,14.20971424,15.08809371,10.86624071
38335,13.65424419,10.00024602,19.28163879,19.63079902,15.66518625,10.4012079,11.36667783
12061,13.13815981,16.80853615,19.27710751,23.32623126,7.984002087,5.321447033,14.14451615
27129,17.87828587,15.4817313,20.5109319,14.64660651,11.33693289,8.393754357,11.75175717
11616,13.13815981,16.80853615,19.27710751,23.32623126,7.984002087,5.321447033,14.14451615
4647,19.8354579,9.392956023,7.476508814,19.43495128,10.05857804,13.23900674,20.56254119
25226,12.15489895,22.64191629,19.2712255,11.5759528,13.68979347,7.121883918,13.54432907
30384,19.06753073,15.31565912,11.38124058,12.95611515,9.575369738,14.73082478,16.97325991
15877,17.39571489,12.03478993,19.26995394,17.25086869,10.21901885,10.75544132,13.07421238
27469,13.45840685,8.007266624,19.26693254,12.44300309,26.78862329,7.231621424,12.80414618
5479,18.80352604,12.98609437,19.26081068,10.11884015,10.02058804,16.67454381,12.13559691
30225,18.97004188,18.88486169,19.25896828,7.429463104,12.44884294,6.542778019,16.46504408
2430,19.429099,15.20792561,19.25556731,14.81620873,9.720756763,6.80822522,14.76221737
27003,9.620618808,7.705987716,20.24331998,27.16512813,14.2716652,11.06937459,9.923905566
12362,18.89596435,19.02880475,19.25262268,12.12208367,9.090618458,13.61695316,7.992952936
4432,15.06989317,11.28643256,10.0045704,17.84456034,16.68922976,13.70017946,15.4051343
19766,18.50740048,16.0306001,19.24604285,9.005008863,9.326558886,11.78980281,16.094586
40854,18.10652725,13.48712733,19.23192438,17.18776785,9.344810636,11.0265717,11.61527085
16968,16.27808672,12.57663315,19.22854262,13.36612772,10.68249533,17.26773248,10.60038197
10657,9.141147613,8.604662362,19.22680465,19.10126028,16.13186739,10.24012017,17.55413753
7422,9.635744661,9.956442324,8.552737694,16.52929215,22.90319226,17.39031253,15.03227838
26164,13.17259962,10.3150862,19.22561782,11.76669426,13.72998979,14.23846895,17.55154335
26608,13.17259962,10.3150862,19.22561782,11.76669426,13.72998979,14.23846895,17.55154335
35621,12.64764087,12.80354737,19.22441947,15.29873896,13.11533314,11.6923262,15.217994
328,13.04063793,8.999239048,19.22213029,12.32338291,10.16377619,16.73901833,19.5118153
9373,17.14979687,16.15729332,19.22082255,13.96113895,11.6942547,9.981432415,11.8352612
16986,17.99209986,17.72382242,19.21114469,18.60011193,8.892735468,7.171551257,10.40853437
17404,17.99209986,17.72382242,19.21114469,18.60011193,8.892735468,7.171551257,10.40853437
16796,7.581156757,9.104806919,19.20673379,9.262920243,18.73348826,17.48418768,18.62670634
19110,16.40832196,10.42401935,19.20307986,14.08910269,12.60283815,9.776565585,17.49607241
10333,13.61131492,20.12277537,19.20025578,8.778334868,14.5397898,12.79851767,10.94901159
3116,21.88678236,24.69089059,19.20011523,16.28354702,6.841822501,4.834767054,6.262075238
394,13.34375433,12.91155973,19.1980597,8.615195051,15.6079634,17.29354579,13.029922
25759,14.4444355,8.201223853,19.1889871,14.46108716,10.40805256,18.61996669,14.67624713
5159,23.66577742,21.05243945,19.17658142,13.49791012,6.677457973,5.779707288,10.15012633
9158,17.73879329,8.111994341,19.16969258,12.80642869,10.44812034,15.55338172,16.17158905
35443,18.59316383,19.51614506,19.16665089,10.30619909,10.30478313,8.897853376,13.21520461
18497,11.57620502,9.245467129,19.1630058,21.82959411,12.79899071,8.683159452,16.70357779
19390,16.07582674,13.35491801,15.21006261,16.49221682,8.987183556,11.71071775,18.16907451
3680,11.40187054,10.36399,19.16294401,19.43483429,10.71510007,15.94580975,12.97545134
10715,14.16419734,24.82881186,19.14841145,4.362417263,10.88717104,11.42481833,15.18417272
38735,14.39104647,14.94173696,19.14475737,13.41074401,14.38415439,8.515186519,15.21237427
21391,17.14858936,19.91260465,19.14016227,13.40634377,14.2037657,8.547880526,7.640653722
19068,12.88130848,8.68200253,19.13092871,21.05354725,9.417969492,14.67976734,14.15447619
11696,16.46963946,13.38088327,19.12460751,18.78994165,11.01855224,9.263506224,11.95286966
12112,16.46963946,13.38088327,19.12460751,18.78994165,11.01855224,9.263506224,11.95286966
5804,6.655697476,7.355975887,19.12138523,19.49473801,41.31408686,2.38070631,3.677410229
16587,13.90294079,10.16287341,19.12029002,9.391040173,14.91859356,15.53694689,16.96731515
37024,12.45358834,22.06314316,19.11717779,11.89169331,14.58119053,11.20757821,8.685628665
13028,17.9633511,11.40674869,19.11117124,20.98447972,7.763138462,11.64979926,11.12131154
17538,25.6569861,20.48372382,19.09745037,20.59550919,6.194814139,0.911545662,7.059970722
10934,17.1272695,10.43532015,19.09372495,15.17473058,11.03800578,10.8883759,16.24257315
11359,17.1272695,10.43532015,19.09372495,15.17473058,11.03800578,10.8883759,16.24257315
29851,17.08538626,9.924480542,19.08016019,12.68127539,14.38802608,12.16292327,14.67774826
22342,19.00819087,15.15304775,19.07904156,10.95783445,7.249478282,12.80437793,15.74802915
39605,12.8532555,13.9037321,19.07806339,10.01574337,12.35227151,13.14030758,18.65662655
36834,17.47222967,12.14057312,19.07163203,14.59008771,12.72505868,9.398952185,14.60146659
30515,16.01507764,11.74678651,14.74043669,13.47484405,12.84738479,18.35949825,12.81597206
32141,16.78932414,14.55117474,19.05431202,25.60203289,6.799058301,7.146484913,10.05761299
32625,16.78932414,14.55117474,19.05431202,25.60203289,6.799058301,7.146484913,10.05761299
8038,17.03657833,10.74860977,19.04977085,14.09325299,7.368634165,11.08180524,20.62134865
25817,17.03296595,13.76068257,19.03890673,12.30763872,11.03410253,11.41416202,15.41154148
26259,18.96018937,12.3837344,19.03316783,16.54768011,8.796195117,8.587560209,15.69147297
26695,18.96018937,12.3837344,19.03316783,16.54768011,8.796195117,8.587560209,15.69147297
11226,20.6792927,13.75183103,19.02762796,12.54512219,7.832597757,11.48576424,14.67776412
12131,7.676173753,10.56501299,19.02309961,11.80409218,18.56206706,17.57969855,14.78985585
13286,16.38403881,17.82237816,19.01588253,5.260802813,17.60751563,11.76079516,12.14858691
9327,15.16585739,17.52914844,19.00835096,8.8368644,8.231601437,14.06576931,17.16240806
14152,18.08174611,12.13164431,19.00804797,13.66825835,10.89557877,11.60829078,14.60643372
13737,18.08174611,12.13164431,19.00804797,13.66825835,10.89557877,11.60829078,14.60643372
23024,22.00898801,25.60817282,19.00438612,9.945552695,7.927463411,3.642800365,11.86263657
36456,17.58228477,14.61873602,19.00219671,20.57470776,10.901745,5.97742915,11.3429006
8128,15.20443727,10.97204077,19.00204107,21.30863172,8.00161164,7.418878573,18.09235896
30675,13.3346525,10.22581622,18.99267189,16.10881568,11.79775004,9.54643088,19.99386279
24839,0.001227297,0.012702645,18.99180349,6.253675919,65.68883417,4.761565021,4.290191453
26858,10.44415753,12.86659543,18.9833608,18.45278738,16.43905836,8.238315877,14.57572463
5628,23.97858647,17.63677871,18.96477135,14.06351151,7.225538765,6.201443907,11.92936929
816,16.37907151,15.75369893,18.95279363,14.90067298,8.099640119,13.22786377,12.68625907
9864,21.2190711,15.15188119,13.76968319,13.02606924,8.043544944,11.22659242,17.56315792
33256,14.17885488,12.24932725,18.94628642,16.89022155,13.29048592,12.14517286,12.29965113
11341,20.85422241,20.48333398,18.94320291,9.108440262,11.71472302,10.55988765,8.336189761
39488,22.17584653,17.86060995,18.94262563,17.01898498,10.0990889,4.746474088,9.156369923
29393,10.15656081,14.04366896,18.93974056,13.65457734,17.26852797,13.18653154,12.75039281
4949,14.39169058,10.92139721,18.93027112,17.59065969,14.81054593,13.5216871,9.83374838
30180,13.65481615,17.62826027,18.92342552,5.587834477,14.86730802,18.19947513,11.13888044
12886,16.91469441,9.083712599,21.82610895,15.99987937,9.650902859,12.1755163,14.34918551
361,17.03512432,14.43310635,18.92091409,11.35040084,12.98883923,13.38357711,11.88803807
19595,13.57546548,14.37087944,17.00804918,12.82057051,26.54379838,10.62264621,5.058590787
759,17.03512432,14.43310635,18.92091409,11.35040084,12.98883923,13.38357711,11.88803807
16907,14.80830933,8.706060531,18.92060908,14.22794688,8.786442711,12.36379081,22.18684065
14515,14.91437721,11.27311623,18.91165502,14.12812535,12.82245452,16.61923391,11.33103776
24737,17.10008613,19.94562601,18.89895703,10.29674445,7.259698532,8.136695495,18.36219235
34566,20.94322076,17.97628861,18.89815573,11.25527976,8.938334892,11.40378849,10.58493174
16809,8.14111056,13.69546818,18.89631902,7.785536139,22.56912158,9.390336114,19.5221084
18761,14.59478703,9.571605749,18.89570065,13.48318341,10.3015218,11.85668953,21.29651182
9981,15.35437428,20.34980778,15.13542082,11.50803547,11.29753309,13.05142643,13.30340213
12905,17.71209306,6.558574092,16.12227672,17.69316137,14.51887532,10.67362598,16.72139346
29031,9.989307512,13.565299,12.19838871,17.5808326,20.11582431,18.00350763,8.546840235
3210,17.43520151,15.23103255,18.8935614,16.48271436,9.817963061,12.44746934,9.692057784
11224,19.8749913,10.79144841,18.88305702,25.40539165,6.422949961,5.800894717,12.82126694
18907,17.78253532,14.65953421,18.87100266,12.82175203,12.68720547,7.549186008,15.62878431
38544,18.72970661,17.33942512,18.87058865,9.978693927,7.856354246,12.00103134,15.2242001
30145,18.83068741,13.13148988,18.86311669,29.18468468,7.457492094,3.466769671,9.065759573
10642,12.69917597,19.34762848,18.85237648,26.77455875,7.86356806,8.035129381,6.427562878
1178,17.35881426,16.23316617,18.83491729,9.97788952,8.117203511,7.85245905,21.6255502
3644,21.87325565,15.41500601,18.83163308,11.87563192,7.657564768,7.415178494,16.93173008
12926,14.47779316,15.84934594,18.81969621,24.25451042,9.937269686,6.150036227,10.51134835
9164,11.7351903,10.04845965,18.81140637,18.65021577,11.44852395,12.40793411,16.89826985
1104,18.51791636,22.26225141,18.81088084,9.922326672,8.981731375,7.880515001,13.62437835
40973,16.15012144,16.42014735,18.81032176,11.76264035,11.50523241,11.63616393,13.71537275
23774,15.45397,12.58710281,12.72569095,11.67670002,19.18493912,15.19556292,13.17603418
27066,17.15794165,9.55713231,23.09744096,15.87552407,13.20825181,10.59495696,10.50875223
8736,17.17004624,12.82039929,18.80404533,25.02414211,8.772440587,6.403721422,11.00520501
13307,16.10575622,17.46030758,18.80024552,18.50571615,6.472113509,8.711403258,13.94445776
36722,17.45931771,11.97553426,18.79375992,13.88481813,8.161731684,14.62825281,15.09658549
13098,10.38479597,10.37192407,18.78622769,20.26965512,18.59353646,5.264738106,16.32912258
31476,17.27815777,13.20533361,18.78616462,20.62136825,7.77873954,4.933417114,17.39681911
31945,17.27815777,13.20533361,18.78616462,20.62136825,7.77873954,4.933417114,17.39681911
4478,22.9993069,21.85083956,17.99849297,14.34798194,5.687954135,4.340613404,12.77481109
6224,16.32889682,16.22649437,18.77871265,12.43328155,11.4107417,10.59601229,14.22586063
6664,16.32889682,16.22649437,18.77871265,12.43328155,11.4107417,10.59601229,14.22586063
19749,17.65495683,9.856835408,18.77752958,13.78059537,12.4837224,13.17692551,14.26943491
16445,8.249780164,10.6984566,18.75875544,8.991490517,19.08741829,16.10302444,18.11107455
21086,14.43398871,14.41687671,18.75864711,10.5784566,13.35472968,14.48401687,13.97328431
28732,14.38811394,10.03763778,19.5971375,17.56581666,13.43482401,13.72489513,11.25157498
41122,18.9677573,16.21776903,18.75076796,18.92998432,6.051013053,10.22701518,10.85569316
9865,18.81284893,15.31528466,17.50338859,16.29304908,6.899431438,9.730473938,15.44552337
33694,15.74065168,12.78393117,18.75030315,13.6754369,12.05686792,12.54577693,14.44703224
11889,19.54298729,13.65121645,18.74798806,20.49566963,8.535646072,6.379428445,12.64706406
36599,18.84634893,15.45119472,18.74791533,14.28222201,6.353235965,7.391519602,18.92756344
20876,19.07872879,20.21529955,18.74520985,17.62120215,9.117526661,8.325755828,6.896277177
18665,13.2752856,10.04436761,18.73838085,20.35898744,10.0458255,12.57169166,14.96546134
16189,18.9026981,13.77232124,18.73805072,11.38833178,10.18159378,11.07933469,15.93766968
16613,18.9026981,13.77232124,18.73805072,11.38833178,10.18159378,11.07933469,15.93766968
38296,16.60322391,17.04214373,18.73699872,10.73147559,11.66441799,12.40631944,12.81542063
391,14.33934103,13.28746804,18.73159207,15.77213813,13.59761115,10.41911536,13.85273422
8924,17.61116388,11.15705564,18.73143124,15.78813094,10.0235945,8.516516531,18.17210726
5624,19.54669686,20.22588808,18.73040294,15.51150583,6.250863248,8.698418228,11.03622481
6985,19.42904075,23.40788836,18.72956718,14.12342334,11.451148,7.604076102,5.254856267
15025,13.02487965,14.36900687,18.7289187,7.295194046,12.26711139,17.88328511,16.43160424
19455,16.11234181,20.11939616,21.78986659,8.438520405,7.496154879,4.609490684,21.43422947
1923,6.925514911,9.367027327,8.481930705,8.40278216,18.23642734,23.80592713,24.78039043
21500,21.33249887,14.65064405,18.72814803,15.94888989,7.842324173,6.726557527,14.77093746
11001,15.42622274,12.89721379,18.72762047,22.99063262,8.158897956,8.217110294,13.58230213
28944,20.59248101,9.930693169,16.9425085,19.10638019,8.865522684,8.706119477,15.85629497
30410,16.91945832,10.39663209,14.51928561,16.41797871,9.591136534,14.91896467,17.23654407
34465,10.84547218,9.618781588,18.72664211,17.76590524,11.97034404,17.43715201,13.63570284
1793,14.6771579,11.35597685,15.53482574,16.95857227,10.04898487,14.59302927,16.8314531
31349,20.64672781,15.86072341,18.72478214,15.94896973,7.180694389,9.804524328,11.83357818
31817,20.64672781,15.86072341,18.72478214,15.94896973,7.180694389,9.804524328,11.83357818
14619,16.9129612,13.66384661,18.72262544,10.92577203,11.11846007,14.14618922,14.51014543
23864,23.56763701,21.04266561,20.94265284,12.02228944,7.020685865,5.373148166,10.03092108
39662,19.8957213,9.419395178,18.71069207,19.10349969,9.249414809,6.898823076,16.72245388
36392,20.43690716,19.98094449,18.70463203,13.68516784,7.407235937,4.709173892,15.07593865
2821,17.17798469,31.25301071,18.69450494,8.426536766,8.754142664,1.414979263,14.27884096
3216,17.17798469,31.25301071,18.69450494,8.426536766,8.754142664,1.414979263,14.27884096
7906,16.16557242,11.82757379,18.69252022,12.73821462,15.95481269,12.49784993,12.12345633
9699,16.12443845,10.91771501,12.39196395,14.11128657,12.97730321,15.49063628,17.98665653
12485,19.62918953,21.75055687,16.86797642,23.34636477,7.185199091,4.05881833,7.161894989
21396,22.99212908,14.64691259,18.69135478,19.44491427,7.519143962,9.136742197,7.568803108
8271,17.3804919,13.87820028,18.69080029,14.15788725,8.809615456,8.527345352,18.55565947
1001,16.69703915,8.753307455,18.68980819,20.43417089,11.21671746,10.1764903,14.03246655
40721,6.045767629,7.061344593,18.68811712,31.18598819,10.12255202,8.162227825,18.73400263
1298,19.0551165,11.25795009,18.68255671,13.26029012,8.197273157,13.49591323,16.0509002
35720,20.36465923,24.55637945,18.67853982,12.71322107,12.95705071,6.380631808,4.349517916
20176,17.46166173,13.64175285,18.6772128,12.5022507,11.07775745,10.67167179,15.96769267
17150,16.11878913,26.48493355,18.67181536,8.906880362,13.83051847,11.35477546,4.632287661
12453,18.9898702,25.35426253,18.66158417,14.12129668,10.43903963,0.653550919,11.78039587
25497,19.24419854,24.67493977,16.28954618,7.868291856,11.31937186,8.434014749,12.16963704
28176,18.02188252,18.60979511,18.66140212,12.40910722,8.127753169,7.341646425,16.82841344
28573,18.02188252,18.60979511,18.66140212,12.40910722,8.127753169,7.341646425,16.82841344
22883,22.93574581,15.73766404,18.65894764,20.00411269,8.862515614,4.299373768,9.501640437
22983,10.30535694,11.28305061,18.6489701,8.199683283,13.44367078,18.79050356,19.32876472
23959,17.68131193,12.17698624,12.15715276,16.69693923,10.09342024,13.44425794,17.74993166
31239,16.68395984,10.57049862,18.64290019,23.26776032,6.794517234,7.912888177,16.12747563
31716,16.68395984,10.57049862,18.64290019,23.26776032,6.794517234,7.912888177,16.12747563
19498,11.83916413,15.75845442,32.85175133,11.7100048,11.0777374,2.26221725,14.50067067
40938,14.78658634,20.39631153,18.64250665,13.4185971,17.32771442,13.51421024,1.914073724
36809,14.38151669,9.611129813,18.6413923,16.19242928,15.56481502,13.68661461,11.92210229
22541,17.41764933,18.7442184,18.63885914,10.91228395,10.79283283,10.36944201,13.12471434
38637,17.06623312,14.5133904,18.63738527,8.89896839,10.04310941,8.805032278,22.03588113
21769,20.19568204,31.10164025,18.63419429,18.2923002,9.827558994,0.930305633,1.018318591
20999,18.98192307,16.43086161,18.62305234,16.57227934,7.064714701,3.968962028,18.3582069
27349,18.88891862,17.45374583,24.09300203,13.98868839,14.12063606,4.41478023,7.040228842
36331,10.71959773,7.710014929,18.6190888,19.66698725,15.64265017,12.5572186,15.08444251
33445,14.74790428,19.12606282,18.61828274,12.98877345,14.61412866,9.960113982,9.94473407
10252,13.93899615,7.717129711,18.61775435,14.35029246,15.97650891,16.81163356,12.58768486
4547,18.07944335,11.46646397,21.98815047,11.04920996,9.322521753,8.322149673,19.77206082
19862,15.77171529,13.79729432,18.61680101,12.86698338,10.64129335,16.88681394,11.41909871
8195,11.82888266,16.03023501,18.61283097,10.17666047,10.69532073,14.42514563,18.23092454
23675,15.13324498,10.24496492,10.0274439,17.00882272,13.51084558,18.46517521,15.6095027
17385,17.19909467,16.27160064,18.60052953,13.23092342,8.646941648,12.84195208,13.20895801
16966,13.80093998,14.75148834,18.59710503,8.843021609,16.82701928,15.54536382,11.63506195
17181,12.27073104,9.234020047,18.59387788,14.11197812,13.40506256,14.96217771,17.42215265
18745,17.29496302,17.71671369,18.59358091,7.479734435,10.53218111,9.461819342,18.92100751
1160,15.69004905,17.28303282,18.58905921,5.884961842,13.17933527,11.83550806,17.53805374
29002,18.52926786,13.8694515,17.58715478,8.786416018,15.03674439,11.10741894,15.08354652
1569,15.69004905,17.28303282,18.58905921,5.884961842,13.17933527,11.83550806,17.53805374
25762,15.23255426,12.42685614,18.57951274,10.56267348,15.92083818,13.60123966,13.67632555
29006,12.34549808,9.652020969,23.26561964,16.64598719,18.33861993,10.78905214,8.963202058
28339,6.710158594,12.0162386,18.56351611,22.42674398,24.55336694,10.59387272,5.136103057
23342,19.17928213,20.63637518,18.56099888,7.730987444,7.654630357,9.09200577,17.14572024
6777,15.36299954,14.18512933,18.56018245,20.65687288,9.983451514,8.047448582,13.20391572
2360,16.58244137,25.38394283,18.55861723,4.553719149,8.807112506,7.639260992,18.47490593
7672,13.31776966,19.29457911,18.55046892,9.461651558,10.92918646,9.572933609,18.87341069
32730,9.675384784,9.258512862,18.54963326,18.10805916,13.87441311,11.14847073,19.3855261
30541,11.60612957,7.893040159,18.73251574,29.47126296,8.462894625,7.915519291,15.91863765
32236,9.675384784,9.258512862,18.54963326,18.10805916,13.87441311,11.14847073,19.3855261
6266,14.99773934,9.618582976,18.53732801,15.16463538,8.997749049,13.57372688,19.11023837
20882,18.31533961,18.8708777,18.52613548,15.02955657,7.456940743,7.434758603,14.36639128
3202,14.003719,14.23128325,18.52225525,24.13933303,8.110317349,7.28563233,13.70745979
21103,18.41815253,11.52121655,18.51720205,16.32044315,8.051848676,8.623799666,18.54733737
41166,18.82488962,15.80684821,18.51636697,15.83007799,9.452507502,11.5813198,9.987989909
22466,16.89979404,16.40701688,18.51522278,12.71488843,12.8210499,12.50923389,10.13279408
21224,23.77323109,18.09035931,18.50991789,15.27750017,7.844592872,3.721029755,12.7833689
5119,15.47355147,13.82011316,18.4977149,9.401472768,10.8398636,14.14568228,17.82160182
23768,14.37070089,7.434995612,20.53007475,13.75199337,11.84443051,15.56944703,16.49835784
32085,18.50679698,11.21388715,18.49449644,15.06542231,8.757233884,12.09192439,15.87023885
32569,18.50679698,11.21388715,18.49449644,15.06542231,8.757233884,12.09192439,15.87023885
10874,22.00444729,17.26376016,18.4868518,16.10753932,6.502946134,6.56966622,13.06478908
5035,17.03311168,14.56381297,18.47903813,20.17348292,5.522797443,8.654230975,15.57352589
25798,14.62807059,18.31580958,18.47873885,8.985436551,10.20401966,12.6147946,16.77313017
33832,18.20537565,24.63266533,18.4758129,11.40607229,9.532893878,9.531473542,8.215706414
38435,20.79394875,18.35187864,18.46949671,13.88728941,6.794471126,5.007321835,16.69559353
30432,19.89550024,18.26949915,18.42967932,9.154052857,6.990691878,11.75336836,15.5072082
4492,22.27251136,19.43344066,27.69842001,9.375316798,6.509967187,3.164958539,11.54538545
5105,18.16936614,18.40778476,18.46410174,9.165398184,8.911559437,3.298892388,23.58289734
24213,20.22671315,13.77658393,18.46263105,17.14319629,6.775001054,9.991087756,13.62478677
25491,10.4708825,11.09193988,24.11385259,8.559982591,11.74634284,14.11986136,19.89713823
5173,20.48990688,18.04947908,18.45922213,17.94379465,8.446026624,5.059438633,11.552132
19897,10.89832382,14.97855164,18.45650464,16.00308187,14.07109009,13.82583044,11.76661749
21758,14.1940833,23.96646542,18.45550544,10.37397674,11.18029619,10.35098719,11.47868571
2202,13.3975615,14.30713759,18.45521957,12.53930056,11.51519397,14.877072,14.90851481
7470,19.90419333,13.07915348,12.36129833,16.03693328,13.58704786,13.45551188,11.57586184
31904,18.14220637,16.88624495,18.45151005,13.62688505,8.547373989,7.440098059,16.90568153
3067,13.17291079,14.58920331,18.45095538,23.58454306,10.18292768,8.763601158,11.25585863
30742,15.78444358,13.66416916,18.44749568,7.364236895,10.17807794,15.00541834,19.55615841
30828,16.70449052,15.77546072,18.44716192,9.384324738,8.496985817,9.955048049,21.23652824
22531,19.2666096,17.74135758,18.44311127,15.26285231,6.949189674,7.995920641,14.34095892
28785,15.79307612,9.562746089,15.15536722,15.36685966,15.34002632,15.14033559,13.641589
10472,14.57154829,25.70845783,18.44263058,5.736444374,10.54188681,10.82093368,14.17809844
7693,13.93416395,11.18829928,18.4246279,14.87856356,17.58662661,10.00937313,13.97834557
17227,13.34275747,15.78428347,18.42101863,3.009735729,11.46309225,15.97806986,22.0010426
30923,18.79532228,17.77558824,18.4206441,7.990646171,9.567907515,16.00970593,11.44018576
33656,10.04862331,15.91529145,18.41075855,15.32230989,14.65870383,13.95751791,11.68679506
8235,18.96840221,22.72160186,18.40916867,8.296446011,9.884689732,2.550065943,19.16962557
21584,21.56496078,15.747312,18.40343516,21.81429732,8.654059434,6.728610589,7.087324717
10556,9.931342339,10.75054064,18.39962273,13.30211173,15.48159036,16.83628614,15.29850605
30531,16.38202384,16.06107473,11.2670749,10.11390794,11.39066553,19.60741057,15.17784247
25949,16.85543836,26.3609853,18.39345153,6.902521723,15.21088051,10.96272274,5.313999847
28763,15.42106811,14.66189312,10.34480474,14.53705623,13.3836429,14.85420196,16.79733293
4458,14.10853312,15.04940787,8.819306874,13.53154927,16.30179689,13.62899733,18.56040864
1651,12.88975391,11.82835454,18.3919623,25.17297252,14.61333597,2.03999518,15.06362559
7264,15.00288766,15.15245322,10.17542712,13.05317154,15.2608552,13.57569778,17.77950747
12065,8.729504797,19.36964428,18.3878286,10.19297426,14.02161295,3.569515468,25.72891964
22355,20.34664356,23.18427043,18.38609034,13.28726217,7.679061768,7.236930735,9.879740983
2216,13.7344877,9.16658993,18.38399827,16.88151512,12.55806202,13.69512212,15.58022484
17358,17.59608461,17.18822256,18.38101578,21.81226077,9.713257244,6.623507775,8.685651254
27019,13.49888335,12.06298798,13.6038845,21.30751787,11.15022797,9.799509202,18.57698913
974,16.66600531,14.99280439,18.37979705,21.25006317,6.145846411,7.924452279,14.64103139
16425,18.48315092,19.88430644,18.37762659,6.706804115,17.06547768,12.11517748,7.367456777
16830,18.48315092,19.88430644,18.37762659,6.706804115,17.06547768,12.11517748,7.367456777
21006,12.88012409,12.4587444,18.36712926,11.29922556,9.118263149,12.83235655,23.044157
21092,20.4456134,18.15188418,18.36618604,21.16103256,6.616470996,3.846915031,11.41189779
16882,17.16538953,11.33051195,18.34022793,15.33590471,11.74467748,15.49569616,10.58759223
537,13.79128672,15.17673536,18.33842211,10.33947708,11.25373216,9.553145586,21.54720097
9802,18.42306045,15.73483807,20.6857818,11.99757593,13.12863688,11.56093947,8.469167408
10130,16.1221154,7.568617184,7.029624718,30.55785786,11.48271378,12.62393483,14.61513624
8467,20.08398275,15.27273029,18.33659832,12.55579182,12.87970555,11.63684602,9.234345251
34728,12.95625002,13.24957755,18.32804955,13.75305738,9.791887482,10.0958397,21.82533832
28363,16.5930183,13.78283382,18.32589247,20.60910385,10.25029043,8.83148103,11.60738011
35571,18.00884989,14.5888497,18.32235866,15.24606623,10.29473515,11.4241031,12.11503727
3891,20.70853358,17.60552717,18.32159938,22.90318314,6.766948265,3.314706739,10.37950173
5994,16.68326608,12.54670249,18.31512135,8.930601689,15.75226209,12.64031966,15.13172665
31102,15.63720179,11.50525651,18.31262005,15.36748264,12.8970558,11.50360354,14.77677968
10112,21.88272063,12.13298074,19.2356544,19.51992925,7.719153071,7.227165238,12.28239667
31580,15.63720179,11.50525651,18.31262005,15.36748264,12.8970558,11.50360354,14.77677968
9264,14.92205121,5.566787215,18.31228404,13.34916431,10.30188725,15.92495801,21.62286797
9659,14.92205121,5.566787215,18.31228404,13.34916431,10.30188725,15.92495801,21.62286797
8930,12.00803823,7.983613285,18.30693759,17.4235817,10.29762024,16.08577779,17.89443116
9348,14.2538817,8.567247109,18.30613859,14.97048832,13.00588877,15.85720904,15.03914646
10217,16.85345066,19.49063852,18.30608059,5.942181172,9.225774721,10.76957504,19.41229929
8248,17.67622931,12.8423166,18.29150449,19.12694625,7.589688941,11.36483178,13.10848264
20137,10.95114692,20.42111864,18.28255017,20.17211289,10.84921817,10.15515367,9.168699546
23920,14.57050088,22.3430164,19.07917098,11.119865,8.946426784,8.837601244,15.10341871
20587,10.95114692,20.42111864,18.28255017,20.17211289,10.84921817,10.15515367,9.168699546
28244,19.92748384,12.54204727,18.2812659,18.11638519,8.735548289,8.683025499,13.71424401
28686,19.92748384,12.54204727,18.2812659,18.11638519,8.735548289,8.683025499,13.71424401
36535,10.76389985,8.957852954,18.26911482,23.75847028,10.36929357,11.67349235,16.20787617
1619,18.44370476,8.261666797,18.26158297,16.68384727,10.78587606,11.94392664,15.6193955
36850,16.12225415,9.979984611,18.25745422,20.9101971,8.365777753,9.890652696,16.47367946
12615,16.81679994,16.68809515,21.27719579,15.34505132,6.077855026,7.975621425,15.81938135
34592,21.65038234,16.38697642,18.24213855,17.39410293,6.848933665,6.106455089,13.37101101
21586,24.46645617,16.79119045,18.23066253,17.5137574,6.487391401,6.46889165,10.0416504
7768,15.85478905,19.16414793,18.22629651,7.258318917,11.90158735,13.05758931,14.53727093
4503,18.08598413,15.97163527,15.76974663,16.10997404,9.267877567,9.128837789,15.66594458
20683,22.13728281,19.90248455,18.22264969,18.33583921,5.773371456,6.562324187,9.066048092
24039,14.77010804,10.03109656,10.94027329,15.63145144,10.20884666,19.28534856,19.13287545
2046,18.23708705,12.33931771,20.82222496,11.78967003,13.1057278,15.66779816,8.038174293
1305,19.88034328,15.94936552,18.21906846,12.32728007,8.042290413,9.624781979,15.95687029
23804,19.47699002,13.71440655,14.42741861,17.84743865,8.447890508,7.534642347,18.55121332
35362,17.41096925,15.13133265,18.21841704,13.96542226,6.95817494,11.97391315,16.34177071
5400,17.33152655,19.424631,18.21817456,10.62059538,8.0797568,10.35962322,15.96569249
5856,17.33152655,19.424631,18.21817456,10.62059538,8.0797568,10.35962322,15.96569249
36650,18.48734504,9.708129659,18.21004942,22.9107921,5.673073901,9.878660567,15.13194932
19306,16.25609366,16.32426935,15.08884509,12.047446,16.91070287,14.16087233,9.211770695
19310,13.87115142,12.9902948,13.80949942,14.65827847,10.79311616,12.93427702,20.94338271
11970,21.4232021,24.83901211,18.1970862,8.943122089,8.689235123,6.428883056,11.47945933
12351,21.4232021,24.83901211,18.1970862,8.943122089,8.689235123,6.428883056,11.47945933
9785,14.47065323,11.94575573,16.54109344,14.79902372,13.54517509,17.75773938,10.94055941
8663,17.48030433,17.8641386,18.19698827,13.30518308,10.89031345,7.964458801,14.29861347
3796,16.67685012,18.73152266,18.19479386,15.81357376,10.62138936,3.716335794,16.24553444
2541,21.98198145,18.21874622,18.19382667,10.94625593,10.55808581,11.79300258,8.308101335
6830,21.04488811,14.22539565,18.18751721,14.90661231,5.805089174,10.270275,15.56022254
2417,14.01071182,9.840520924,18.18717151,15.97367952,14.26170278,12.20947274,15.51674071
31437,18.3606697,17.98152038,18.18205599,13.66301767,8.462765178,6.960374643,16.38959643
5032,12.85491291,18.67514229,18.17837127,12.29207242,12.78444294,6.489003176,18.726055
29044,9.36908666,9.531002461,16.67537174,15.124245,18.1871955,16.29958824,14.8135104
33223,18.34311902,22.46089913,18.17371614,12.77626955,8.596250936,2.92639824,16.72334698
4865,19.63730243,11.45452357,18.17297753,15.8366855,5.553477843,9.089162397,20.25587074
19404,16.4203025,17.07158106,16.0180905,14.13755842,14.19282965,14.431262,7.728375864
27217,19.04499016,11.76696485,16.72791304,11.19643651,8.521479767,11.39796426,21.3442514
33881,15.20926682,16.93429859,11.79054846,19.25542771,13.64092617,13.08746785,10.08206439
23514,18.99064818,17.21505242,18.16321257,11.80839902,8.730642247,11.1735302,13.91851536
12448,16.85462232,14.42950235,18.16285137,13.68493588,9.533188024,11.59207535,15.74282471
8632,14.71357594,17.63526537,18.16104251,7.378354954,9.700636357,11.7923133,20.61881157
26605,18.4043831,13.7809443,18.16094829,13.6648645,9.154579452,10.97267892,15.86160145
26166,18.4043831,13.7809443,18.16094829,13.6648645,9.154579452,10.97267892,15.86160145
26498,13.69560912,13.09883191,18.15458189,11.79548981,13.09470308,13.63833724,16.52244695
26879,13.69560912,13.09883191,18.15458189,11.79548981,13.09470308,13.63833724,16.52244695
20116,17.928267,11.52261285,18.15447244,18.32472474,9.17697535,11.13745728,13.75549034
26158,17.33360836,14.19147558,18.14262563,12.11484172,8.875041137,12.30834315,17.03406443
27149,19.95724619,15.66292507,18.13979176,15.28474263,7.160620005,8.360134239,15.43454009
26604,17.33360836,14.19147558,18.14262563,12.11484172,8.875041137,12.30834315,17.03406443
12943,18.62462557,11.67619695,18.14197459,15.4975403,8.416505296,11.60466163,16.03849566
10720,15.87759105,13.82012927,18.12628614,24.01685419,7.467873407,8.205415946,12.48585
38540,17.15162649,13.05386079,18.12574082,12.88044515,9.529141068,11.72132005,17.53786563
36601,20.40788923,14.64342014,18.11764903,15.24427912,7.979799505,4.662637518,18.94432546
20781,24.39075664,20.98784428,18.10427472,18.29826713,7.561991484,5.648180673,5.008685069
40685,0.001240925,0.012843698,18.09227378,6.323117871,66.4182549,4.814438302,4.337830517
9090,17.96694258,16.62725468,18.07368973,10.52008317,8.359036279,10.9797738,17.47321976
38621,14.76436779,15.02964031,18.07305504,17.25803009,10.52552093,12.00053327,12.34885257
38461,16.82080211,18.30243544,18.06293194,9.540134889,10.08153833,6.993770498,20.1983868
31048,18.65595411,11.83648808,18.06070914,15.03614906,9.820908433,11.53678349,15.05300769
2056,11.58071032,13.58531403,13.74022475,20.92524952,13.50997382,10.37518889,16.28333867
10691,16.22361988,10.42174819,18.05930313,21.0965442,9.210200349,11.68958042,13.29900383
27419,15.60333444,7.822081756,18.04817666,14.30730227,16.94813184,9.289755086,17.98121795
11620,13.95057502,9.783751655,18.04429806,19.76345553,15.76806803,12.44108013,10.24877157
4757,18.49816506,12.0983017,21.1664257,24.86943616,7.361703353,6.000450581,10.00551746
27095,11.45334901,8.846465309,19.72297562,9.496480893,18.91819811,12.93991149,18.62261957
5556,12.2922612,20.81813388,18.04029088,8.359276638,10.52039665,10.76968402,19.19995673
17256,14.98291946,21.0515658,18.03580874,20.733643,12.38564795,6.240283566,6.570131486
29705,17.10012784,15.61412154,18.03298899,10.20962304,7.386253944,15.69614906,15.96073559
10152,16.41168066,11.08725579,18.0245762,19.86212359,9.049044487,7.775324296,17.78999497
27091,14.19208444,12.00614868,15.99491727,17.37775081,8.984577816,11.61917667,19.82534432
8974,15.33866343,15.52079808,18.01920672,9.700747562,16.78807199,9.641605254,14.99090696
22664,14.92793997,10.87147477,18.01390512,17.43585294,9.876655834,11.99357213,16.88059923
11811,14.96467599,22.96090674,18.00811459,8.024747341,9.895051904,7.597534521,18.54896892
29916,18.66969688,12.27303194,18.00733928,16.80476139,6.815787846,8.205362534,19.22402012
30240,18.66969688,12.27303194,18.00733928,16.80476139,6.815787846,8.205362534,19.22402012
24789,12.965291,21.32461694,18.00416364,9.224717889,7.493178837,8.283592782,22.70443891
25477,13.86802979,9.325212748,9.359795117,16.71167193,19.8124359,13.77329988,17.14955463
35761,14.13024584,9.13246209,18.00378932,18.762881,17.45782468,8.175901766,14.3368953
24560,18.83691473,17.23485637,17.99592889,23.92124774,7.718083268,7.294397227,6.998571776
29010,16.41721436,14.92818653,11.88414887,14.51595608,9.36240627,11.26569276,21.62639512
23437,15.80125786,17.88457919,17.98860174,10.53395148,18.23760025,7.668838046,11.88517144
22341,17.35980593,14.57627598,17.98546958,20.51658936,8.367376778,8.89629425,12.29818812
5921,14.15548368,17.6471303,17.98014231,12.28783287,9.996297727,7.875818883,20.05729422
30106,14.8367901,9.51940787,17.97813337,18.20080236,12.45217315,14.52805789,12.48463524
18754,14.09316814,20.74795763,17.97289772,8.759825838,13.07985616,11.6547229,13.69157161
12563,11.5887561,12.78267449,16.65592628,21.00693668,12.96429,9.928642779,15.07277366
31529,19.98474157,15.95870676,17.97246201,15.54295839,9.734069669,8.833338236,11.97372336
24667,11.7789025,8.534184821,17.96116476,20.47769295,9.89468221,15.44862134,15.90475142
14658,16.60053685,15.1436464,17.94701875,9.847000644,10.80074562,15.78814428,13.87290746
17334,14.97392946,8.689334622,17.94690802,17.10980913,13.77433266,15.22617057,12.27951554
10266,19.01967311,12.13437382,17.94671772,11.64819123,9.280248568,11.89362729,18.07716826
9592,11.11121749,13.71010696,17.94603217,23.09700611,11.84774427,8.395592028,13.89230096
9735,13.04660992,18.88767208,14.04642571,14.24743572,8.387871631,8.474296116,22.90968882
9193,11.11121749,13.71010696,17.94603217,23.09700611,11.84774427,8.395592028,13.89230096
309,18.9040222,12.01746136,17.94372397,14.22612226,9.4611467,10.45732214,16.99020137
98,14.37404872,7.121192038,17.92348121,15.21955,11.46694284,15.65107336,18.24371184
4154,18.9306753,18.53882924,17.92346172,17.9975127,9.324629242,8.723543392,8.561348412
1369,12.81711973,13.96388462,17.92297098,10.81017378,13.26860434,17.20399976,14.01324679
19135,13.20352394,21.09273745,17.91739183,9.949818235,13.16069642,15.39454672,9.281285419
13233,7.358751311,8.185078633,17.91466678,34.14221369,15.11155191,7.053163831,10.23457385
6021,23.29723719,22.23094672,17.90622572,15.02810881,10.58716865,10.33741739,0.612895523
15553,14.55578773,7.186733611,20.55755407,21.33806857,11.71852724,11.58022808,13.06310071
2899,11.67209093,12.03596969,17.90583177,20.0912572,12.09495187,12.79594138,13.40395717
1266,16.05147758,17.3819073,17.90339631,7.818517482,10.57444197,11.00875505,19.26150431
21189,21.57233417,16.68674863,17.90147772,14.24176671,7.703500256,8.370234573,13.52393793
33305,18.41636369,13.95349968,17.89825487,14.5802795,8.093934741,8.975340781,18.08232675
4224,21.74929686,15.95302125,17.89386397,20.99444498,7.097723065,3.146701732,13.16494815
34552,12.81451465,18.13345005,17.89131392,12.93977884,14.60697393,8.921466542,14.69250206
11988,15.22767313,12.29165225,17.88908919,15.25518143,7.240071009,12.44739235,19.64894065
13898,15.2726424,10.04930388,17.87845428,11.76708529,16.41606216,5.303883794,23.3125682
479,17.24039408,7.724108025,17.87381847,28.13587178,9.642539545,7.837257993,11.54601011
4408,15.99850765,17.00720615,12.45407199,19.31472322,12.5945998,6.620037179,16.01085402
10298,13.17422985,19.1613983,17.86556777,9.839486947,12.21425843,12.51554173,15.22951697
19652,14.22562983,17.61958308,17.86479921,9.577312195,16.44109169,14.40322592,9.868358077
29568,17.52613881,12.30620768,17.86115454,9.512520141,11.69054944,20.75570074,10.34772865
30229,15.94550967,13.76863551,17.85879679,15.58044609,9.885253871,10.18190197,16.7794561
34642,14.87886123,15.12956189,17.85433682,24.8510873,9.337152579,4.164029986,13.7849702
2809,17.81446176,14.69122721,17.84786688,14.89285354,8.410883102,11.99513798,14.34756953
20993,16.50676703,23.99763365,17.84637463,11.57149538,7.808703249,6.674667252,15.59435881
22517,14.82783663,5.239518949,17.83690772,21.49456343,8.232455783,12.50162413,19.86709336
9758,19.47176795,15.06280193,19.47959749,10.42371678,8.095535086,7.742277489,19.72430327
25322,14.60846695,15.54075933,17.83672627,11.13155799,11.84896986,9.473155189,19.56036442
6700,14.72395868,9.711782191,17.83287109,14.29343433,10.46295184,17.77830983,15.19669203
35375,15.74773436,14.55743751,17.83088857,20.68099055,11.8668304,5.425250245,13.89086837
6295,9.4735353,13.47495438,17.81937705,6.275362599,17.24445151,13.99708388,21.71523528
19641,14.19547043,12.60603574,17.80701218,12.34987789,23.37778775,8.421639868,11.24217614
10451,13.12350418,23.82929437,17.80505667,8.552271386,14.52089086,9.226487211,12.94249532
1017,14.06361285,13.13645077,17.80133492,16.40565923,12.27146548,10.51722027,15.80425648
7402,13.82915248,14.32234636,8.336881183,12.54912339,17.87366964,14.17864358,18.91018337
20194,12.44727462,9.014367663,17.79453029,18.5394241,12.95197843,13.56549004,15.68693486
29067,17.48820928,11.60624655,13.32574928,16.98634298,12.08908983,11.80010772,16.70425436
23646,16.43744423,8.475346044,19.93385435,13.21635982,10.81625015,18.66523154,12.45551387
17700,15.72602655,7.110203529,17.79336129,22.57410384,9.376670326,12.68920659,14.73042788
27374,12.97950329,15.79909811,12.15194573,18.34619673,17.71318836,9.42244926,13.58761852
19645,12.85246062,15.78311809,17.7821072,11.65814746,24.33553854,12.97109715,4.617530951
18686,16.92346408,15.54250925,17.77427816,24.19289303,10.49430231,6.878612049,8.193941127
7760,19.07055338,13.59394742,17.75829985,13.93219429,9.209570334,10.68389081,15.75154393
18419,21.13413924,16.24249091,17.75345383,19.06004389,5.519440086,5.784863063,14.50556899
27716,15.70243087,10.58571088,17.74988027,17.30786624,12.46331252,11.36140492,14.82939429
35335,19.0458753,15.46905535,17.74763353,10.79322777,8.317852141,13.18807889,15.43827701
37081,9.415995182,6.491561779,17.73661255,17.19942166,19.24527483,16.90094484,13.01018916
34646,15.78541514,12.68890083,17.73567694,13.95827781,14.51657738,14.02868295,11.28646896
28983,15.43574522,10.38517804,20.55792691,9.786596018,12.1246246,14.4992087,17.21072052
121,13.34792972,8.610411454,17.72465667,13.74329439,14.01910278,14.42886025,18.12574474
13041,15.50283135,10.39337784,17.71984478,16.52658023,11.19926918,13.57520741,15.08288921
37021,9.472351474,16.01892553,17.71764924,8.606881822,25.1514433,12.94494786,10.08780077
23048,17.00207554,16.26508349,17.71551343,11.45076685,11.1403504,12.24870306,14.17750723
23487,17.00207554,16.26508349,17.71551343,11.45076685,11.1403504,12.24870306,14.17750723
27412,13.84949915,16.74214586,14.05146227,12.52435796,24.53874158,11.35621636,6.937576822
13713,13.87900519,10.75319545,17.71010314,11.20577718,15.5201702,17.28569229,13.64605655
32435,18.58925377,14.74764339,17.70971231,12.06043039,10.41153262,7.979721196,18.50170632
32886,18.58925377,14.74764339,17.70971231,12.06043039,10.41153262,7.979721196,18.50170632
30684,7.499613582,11.84398002,17.70942955,27.60882678,9.520766797,10.76691842,15.05046486
38273,16.71478047,11.98727408,17.7063144,15.22446001,11.2773081,11.29723211,15.79263083
1988,10.10942939,10.33710794,22.51666895,9.850400172,9.820344517,14.3210034,23.04504564
27237,14.44813219,11.77497995,10.76548915,12.76302483,15.28990532,21.47167372,13.48679485
1944,5.270792977,9.08805945,5.588670841,26.07660203,25.05548028,6.613009391,22.30738503
5819,12.59677863,24.09836674,17.70631365,5.427214373,18.12377701,7.549215755,14.49833384
35355,17.59468137,11.27592073,17.70561367,11.90718773,8.095719545,12.93180439,20.48907256
1080,18.18338024,21.85887086,17.70090233,7.597969188,8.716489975,11.1915861,14.75080132
33549,19.41852996,16.1715197,17.69900511,17.25177122,8.481156561,9.397714958,11.58030249
24877,10.7774359,18.55704677,17.69759108,11.06516599,12.17119817,13.01796056,16.71360152
25231,10.7774359,18.55704677,17.69759108,11.06516599,12.17119817,13.01796056,16.71360152
32174,18.46169713,9.979786708,17.67865947,20.51907932,8.847287053,8.448997262,16.06449306
32652,18.46169713,9.979786708,17.67865947,20.51907932,8.847287053,8.448997262,16.06449306
38571,18.21716498,19.28697933,17.67360854,12.61579761,9.467801951,5.082256022,17.65639157
30416,12.26945333,9.20796299,5.964029824,11.51635592,21.8973478,22.67978658,16.46506356
38413,15.99164804,10.39916712,17.66369638,21.68104869,8.994975292,10.28749629,14.98196819
24122,17.43581661,13.075569,17.65990996,11.57907876,11.84070756,16.26581611,12.14310199
32349,14.27505762,11.52009957,17.65979669,24.15163203,6.339566178,9.277221021,16.7766269
28976,19.30921788,12.20614206,20.31589659,11.96422425,10.40493176,12.67068166,13.12890581
30323,14.25979933,8.088166643,5.157392194,15.75747446,22.39594251,14.37254188,19.96868298
38503,18.51346311,16.22426864,17.65333996,18.55341332,8.169801506,8.409045326,12.47666815
17359,11.79073072,5.003613265,17.65232087,17.27144047,14.61562691,15.8603069,17.80596087
34414,8.079929259,14.39693342,17.6499513,9.829779425,24.28498108,12.32481372,13.43361179
26427,17.98656366,10.41134258,17.64903138,16.55402254,11.45630996,13.20429038,12.7384395
26934,17.98656366,10.41134258,17.64903138,16.55402254,11.45630996,13.20429038,12.7384395
30905,15.82753053,16.05962952,17.64844371,19.43254016,8.667532158,9.817580735,12.54674319
32060,9.579163753,12.37949283,17.63721065,16.20861556,10.21109624,13.78521079,20.19921017
11006,9.973329157,9.196312529,17.63531065,23.26248966,14.08502218,11.9663753,13.88116053
6227,14.91005415,10.56830917,17.63461626,19.32981581,9.955542682,8.546895028,19.0547669
7075,19.27547436,16.4421261,12.04804881,14.9491588,9.903463267,8.788767313,18.59296136
28701,17.43752381,12.85418002,17.62834813,14.80930187,10.26353937,10.57658558,16.43052122
23735,18.54114759,16.71002194,13.56138686,20.00791714,9.344704265,8.639378045,13.19544416
28250,17.43752381,12.85418002,17.62834813,14.80930187,10.26353937,10.57658558,16.43052122
25756,14.02784951,15.57596395,17.62801575,10.54278292,11.74661515,12.93385129,17.54492144
24434,14.45559749,11.48330952,17.62018268,23.70323646,8.234726584,5.960299094,18.54264818
25779,14.77203366,15.60710506,17.61871524,7.441131286,9.541801929,10.13850072,24.88071212
15780,15.01199044,27.69846804,17.61528566,10.92001011,16.04389727,6.066810078,6.643538399
8740,21.83871577,20.53413167,17.61483576,10.0663973,7.990856245,5.38980956,16.5652537
24100,17.47399389,20.27919099,16.31147861,6.930635799,9.936259712,10.44118061,18.62726038
32812,14.20984069,11.61725436,17.61164884,24.13598523,6.361125062,9.297519172,16.76662665
2236,16.5403093,11.3005494,17.60943858,17.02577458,9.39558154,11.83011577,16.29823083
33435,12.9417727,12.73789521,17.60461729,10.27298391,13.49313953,20.36407996,12.5855114
18212,21.12600814,14.74462051,17.60035793,21.57128833,19.27179185,5.073623104,0.612310129
725,14.13760911,10.75967947,17.59778175,14.13773197,13.32268774,10.26716363,19.77734633
2800,15.03872107,11.442676,17.59507554,21.64467067,7.780537103,9.433521877,17.06479773
23149,17.48989278,20.79871473,17.58758272,7.761673742,11.19327518,10.6349842,14.53387666
31137,18.87300537,19.74322585,17.58512333,13.69476732,6.779493852,5.698856726,17.62552755
31614,18.87300537,19.74322585,17.58512333,13.69476732,6.779493852,5.698856726,17.62552755
15590,17.68252928,13.01788327,17.5816033,18.32963,8.774760025,10.05564,14.55795412
16740,12.80303438,11.10187484,17.58086637,18.88819277,14.59836221,9.520205525,15.50746391
1771,8.989486897,7.635609933,17.77865002,21.10011128,12.08449541,12.2964505,20.11519596
4727,16.53495805,13.57088114,21.26885771,17.03504795,7.828805196,6.529083793,17.23236616
1709,23.22945047,17.94457672,17.57970192,19.01911838,7.930610206,7.483623014,6.812919296
28995,15.10690816,15.00395514,14.11889342,11.46632293,10.83571362,14.7329621,18.73524463
36698,11.84728247,7.778345563,17.5758845,20.56230217,12.13557715,11.9441795,18.15642865
29559,18.6708031,6.129754315,17.57469305,33.18539691,8.319576488,4.719296927,11.40047922
27613,17.63721249,15.88152163,17.56644067,6.172717793,12.22556078,9.214517021,21.30202961
20799,16.48398366,11.20205875,17.56552948,16.39076599,9.811874212,15.44252655,13.10326136
2968,21.72208048,14.58760406,17.5619621,16.30335862,5.5418421,6.214016503,18.06913613
10000,10.29991483,6.877180844,18.56478251,11.6930264,11.86051128,11.19853503,29.50604911
24010,15.9317992,9.109209095,16.35108478,17.7436912,6.990353021,10.70253381,23.1713289
3343,21.72208048,14.58760406,17.5619621,16.30335862,5.5418421,6.214016503,18.06913613
14497,18.51594247,11.75881351,17.56126238,23.5810361,5.749748422,8.556409579,14.27678754
21022,22.53134508,17.48772629,17.56105233,18.31021736,6.024261609,5.286510761,12.79888657
2023,12.70820118,11.18005826,17.67632368,16.91266494,10.54340118,15.63370248,15.34564829
21164,11.40308293,11.83836788,17.55728986,14.17028282,10.25273428,13.65036607,21.12787615
14989,16.2864176,20.41616469,17.55328615,14.51272564,12.89870541,10.71852547,7.61417503
32304,17.40263186,11.13919063,17.54776789,13.34361751,12.99878753,13.21754422,14.35046036
12625,16.98441456,18.37114302,19.90779101,17.93808934,10.26559025,7.230080409,9.302891421
32771,17.40263186,11.13919063,17.54776789,13.34361751,12.99878753,13.21754422,14.35046036
21316,19.46356389,22.29418859,17.54628727,17.07293347,7.714097337,6.933106127,8.97582332
21751,19.46356389,22.29418859,17.54628727,17.07293347,7.714097337,6.933106127,8.97582332
17707,12.58860665,10.10628979,17.54111203,18.50116801,12.38150616,12.45369445,16.4276229
29530,17.24923847,14.22290597,17.54079691,12.08536051,16.25592148,11.57036202,11.07541463
6176,16.02781413,11.13834499,17.53667877,16.50047624,10.30320822,14.55522421,13.93825344
22326,19.55829703,15.11255321,17.5356363,11.3406387,10.37759359,10.61196924,15.46331193
22260,18.40905984,18.59735027,17.52840135,9.122684024,6.284065966,9.072763088,20.98567547
4824,19.18316045,13.25778884,17.5216408,24.67143362,6.959656928,5.775479611,12.63083976
9906,13.65322965,11.04564784,21.56238828,9.688267197,9.807724792,12.11473964,22.1280026
22381,15.09434047,11.59959011,17.52075744,19.2850848,9.375145776,11.94809696,15.17698444
5767,19.26489419,16.49074676,17.51945481,25.21733363,8.630769161,0.856329021,12.02047243
19516,14.9252926,18.81038946,25.13776137,8.461202483,10.54941174,10.39316805,11.7227743
32541,9.467494739,12.80563807,17.51716587,16.41232551,9.538450591,13.34447669,20.91444854
13160,15.44203739,14.8154574,17.5141425,10.08003762,9.198644859,12.32889046,20.62078977
18738,17.25745929,18.21127871,17.51298562,13.32709854,11.38369212,15.42130231,6.88618341
4581,14.73990529,15.20064847,23.28538138,13.03816738,7.99623154,5.73863426,20.00103168
39313,19.15708184,19.96718095,17.5119928,8.634616783,13.09206587,8.359337337,13.27772442
4061,23.27462837,20.0002098,17.49928787,15.95986348,6.926825446,6.024005306,10.31517974
13361,15.7777463,12.98862747,17.49672708,20.55681681,16.83632203,10.07182871,6.271931601
41022,10.59573444,11.06251453,17.48981353,18.68808966,18.75908768,5.06646822,18.33829194
9422,17.158868,16.27099224,17.48281782,9.508762064,8.840503579,11.39935201,19.33870429
22467,18.27165702,10.68150285,17.47487501,18.17268762,9.250966097,8.262547765,17.88576363
27404,21.175371,18.7763606,20.54482603,15.49524003,7.200475142,9.079522385,7.728204811
2741,16.98224716,20.23024497,17.47034223,11.71872538,8.938791006,10.82538935,13.83425991
4339,9.395824032,8.138617577,6.635653094,24.16721912,16.5049975,16.6646073,18.49308138
34673,19.90047136,15.00118984,17.46747986,12.8899082,6.846969773,9.46915921,18.42482176
8839,18.49844467,23.19095429,17.46111133,8.406371562,9.664316977,12.96511486,9.813686315
28431,12.96388637,19.27885816,17.46061579,16.16457841,15.11941878,13.73790803,5.274734453
16140,16.82831926,18.32702362,17.45930454,11.48525626,12.23360982,9.183742354,14.48274415
7792,13.86862168,15.97818097,17.45464962,9.12179145,13.16891761,14.73173892,15.67609975
23757,17.06653133,15.43080874,11.30283029,13.79978666,16.87188042,11.40764036,14.12052221
29351,10.58660625,8.048159346,17.4518902,4.340710103,20.56224062,19.42041965,19.58997383
31272,9.845150103,9.520375398,17.44614504,22.28123191,12.20662394,11.12621873,17.57425487
4370,18.61663972,13.95141841,17.69276775,14.45209967,8.703785615,11.17786381,15.40542503
31746,9.845150103,9.520375398,17.44614504,22.28123191,12.20662394,11.12621873,17.57425487
211,16.69061589,9.818694283,17.44514669,14.25834209,12.90380879,13.83294234,15.0504499
1929,12.34209974,14.66084329,20.18554031,13.44705658,7.746487902,7.918091641,23.69988054
25438,12.09762571,14.34815638,10.74818437,10.7724233,18.88451671,16.22103547,16.92805805
620,16.69061589,9.818694283,17.44514669,14.25834209,12.90380879,13.83294234,15.0504499
20091,20.81247096,9.579953249,17.44459322,19.54432846,10.38110999,10.98116939,11.25637473
32718,16.42822283,11.35898959,17.43166396,18.47764477,10.71001142,10.7886041,14.80486332
32233,16.42822283,11.35898959,17.43166396,18.47764477,10.71001142,10.7886041,14.80486332
19502,15.31391141,11.02545423,19.89701299,15.45976565,10.55867039,15.35728727,12.38789806
3187,16.37632401,15.46720525,17.4287949,14.28806873,14.0062652,13.21782435,9.215517559
27107,17.22441579,15.0208349,13.6294973,6.731830294,11.55753023,14.24427997,21.59161151
9979,18.208459,10.83380578,13.92836671,26.24916433,7.371587306,8.721944934,14.68667194
9060,16.94527564,17.88560715,17.41391486,8.961693294,9.501821431,15.99452575,13.29716188
9577,15.29766789,12.57804843,17.40845997,17.31867739,9.525738395,11.47938712,16.39202081
20889,19.79884866,15.89125769,17.38832402,16.87799863,8.349278051,9.051259803,12.64303314
5923,21.70928048,17.17413136,17.38668058,12.50459458,7.662858492,11.06468943,12.49776508
20235,22.56680969,17.81822015,17.38410514,18.55679874,6.796471045,7.336985096,9.540610146
1916,15.32209221,11.67622134,17.6256412,17.97592518,11.74462959,13.10627515,12.54921534
6680,16.64606718,10.45397034,17.38284453,24.18661627,6.916612831,3.802848893,20.61103996
16930,7.378518611,5.831591516,17.37836101,14.23847474,14.66400917,15.79680019,24.71224477
7174,8.86443329,12.20968832,13.78686565,8.904889302,14.96115799,21.90357272,19.36939272
36281,14.1344063,15.79671486,17.37503653,20.32772691,14.21874421,4.779707169,13.36766403
41133,16.27159228,8.257901982,17.37482173,17.25355269,14.42528053,16.3787471,10.03810369
26209,12.07966542,17.1803321,17.36941954,4.865767234,12.65055058,17.60131355,18.25295158
26651,12.07966542,17.1803321,17.36941954,4.865767234,12.65055058,17.60131355,18.25295158
2981,21.78034504,13.31234547,17.36290369,16.42724124,6.706522319,9.776319424,14.63432282
2768,13.01185379,9.908867652,17.3570561,20.85714115,12.83331761,10.7790474,15.25271629
9419,20.24338534,16.49718189,17.35058646,10.30692716,7.235531991,7.030538698,21.33584846
4305,23.91218814,13.69113609,17.34698168,20.15463109,6.52395423,6.206611671,12.1644971
12360,12.53810909,19.00720129,17.34391821,19.11133465,14.39092049,7.932078575,9.6764377
10424,11.89471641,7.959070806,17.33364347,9.949165587,15.13548878,18.40993741,19.31797754
14188,21.36281312,11.8664905,17.32557636,16.56598706,10.32869315,8.980907014,13.56953279
13774,21.36281312,11.8664905,17.32557636,16.56598706,10.32869315,8.980907014,13.56953279
6483,25.11833003,16.33197539,17.32436895,14.83825056,6.482391051,6.788104059,13.11657996
20085,21.99974843,17.32247811,17.3224405,18.54829332,7.076472243,6.126882647,11.60368475
11004,16.696014,12.44393699,17.32002847,14.21960769,13.56920666,13.09420119,12.65700499
4361,17.20182214,14.70978851,14.1846476,14.34521251,9.63945249,16.69712766,13.22194909
1712,8.726815079,7.372860705,5.343437516,19.41894993,27.26939643,6.738346768,25.13019357
12700,17.59878252,13.63998371,28.26836808,13.10544944,8.071045229,5.127860958,14.18851006
11415,16.696014,12.44393699,17.32002847,14.21960769,13.56920666,13.09420119,12.65700499
41195,8.369637496,10.21990322,17.31777421,12.43661674,12.54511059,18.02428404,21.08667371
12184,20.16676228,16.94709494,17.31711707,23.90170575,6.826731098,5.574748121,9.265840739
4563,16.72178592,11.64966819,16.8990921,17.78019258,7.939832868,10.9803291,18.02909925
16591,15.91962974,14.77737627,17.31232565,11.69498378,16.61750792,11.74236391,11.93581274
3880,12.141913,17.20442471,17.309392,10.19408253,9.186156506,8.567528483,25.39650277
4332,9.925114425,13.39189316,9.451477086,19.26386891,14.92258817,13.57147501,19.47358325
4428,22.62939955,18.19305442,17.44938114,11.30554427,6.186241754,10.11760192,14.11877694
7182,12.35516081,13.0670984,15.29091978,20.08716255,9.627607884,9.052788271,20.5192623
4285,12.141913,17.20442471,17.309392,10.19408253,9.186156506,8.567528483,25.39650277
29756,14.64182775,15.2117007,17.30825038,17.54324401,8.482421548,9.808829265,17.00372634
25357,8.802293423,8.940624911,8.171044661,21.92901353,27.00882515,4.49720893,20.65098939
16438,17.9374067,17.76751102,17.30539186,9.465798908,7.47709068,11.58051507,18.46628575
34448,15.84187301,26.27335627,17.30044956,6.573045343,8.286420391,4.975705047,20.74915038
4271,21.01366858,14.74517898,17.29631253,10.71398276,6.576589692,8.450078723,21.20418874
3731,18.15162546,16.94766645,17.2939335,20.77538815,8.352863921,8.50459807,9.973924452
6523,17.64219494,13.67269246,17.29023659,16.36245301,9.390504523,10.38832279,15.25359569
6918,17.64219494,13.67269246,17.29023659,16.36245301,9.390504523,10.38832279,15.25359569
16398,21.68193249,14.17531673,17.2899292,20.15837597,5.689626519,10.25538051,10.74943858
12433,18.7693519,17.11979536,17.28606806,16.30254875,13.22145734,9.798301845,7.502476745
12729,14.2049179,15.66940661,13.05288209,23.00575146,10.87397229,8.346332418,14.84673723
25542,15.45592937,21.13069282,14.15846022,8.507701102,10.24603776,10.46137031,20.03980842
2138,12.73713873,6.928891991,14.4303514,17.86922016,16.4202586,12.40638733,19.2077518
8074,18.38557625,14.65430759,17.28564995,12.58642836,11.68694295,12.22636113,13.17473378
5318,21.04464083,15.56830481,17.28002948,13.67453683,9.928099218,10.25501831,12.24937051
4256,19.30898301,17.2555317,17.27792535,19.17631674,5.784972651,7.71698979,13.47928076
31359,20.54916616,16.23232597,17.27583582,19.61479277,7.191250274,8.921294618,10.21533439
29385,16.93994385,11.57747608,17.27293203,19.39082996,16.95175677,7.414042998,10.4530183
9153,8.480754062,7.375572168,17.27246199,9.732306688,12.30492464,12.45142659,32.38255386
22455,17.20406778,12.02538182,17.26495798,15.73802396,12.05072044,9.595356609,16.12149141
25140,18.23015527,17.00096829,17.26097017,11.55401031,7.790419793,6.185365905,21.97811026
27509,11.98595316,13.38246821,17.26060763,16.70318262,13.8150183,14.09649169,12.75627838
9515,15.48248026,13.3242433,17.25514052,23.8904555,8.868846416,11.09845161,10.08038239
11964,21.96371989,12.25845714,17.25161936,16.95472244,6.763848084,9.937620105,14.87001297
12377,21.96371989,12.25845714,17.25161936,16.95472244,6.763848084,9.937620105,14.87001297
36532,18.93718121,20.17709753,17.23745433,21.50806785,7.007438719,5.227314809,9.905445558
20755,18.05034983,21.7092909,17.23185968,14.88227611,11.88457257,2.341229512,13.9004214
14066,20.09332018,15.44892066,17.23124509,8.409609842,14.64240322,9.493659474,14.68084153
8944,15.37636884,9.924366271,17.23084082,15.92029823,12.74915878,17.262475,11.53649206
12692,15.78203472,17.02787215,13.16143224,18.60584999,8.953760744,11.50977439,14.95927576
12954,15.53677926,14.97587632,17.22479429,22.79583684,10.09564866,7.439936525,11.9311281
25000,19.13062298,18.33964106,17.21984034,9.248038591,7.695524349,10.51663443,17.84969825
16338,15.84514367,11.35950783,17.21800129,16.40689409,9.749493604,11.07081255,18.35014696
5645,16.91507045,10.02544122,17.21792199,15.26787561,8.870634818,12.72741846,18.97563744
2584,22.38254124,18.47315832,17.217618,16.98829017,8.079039038,4.443466509,12.41588672
7417,16.80484319,14.14344529,19.9427434,18.69204965,7.012417973,6.35948195,17.04501856
23918,16.83733891,14.36555116,21.37426506,12.59360909,9.884207467,11.13652589,13.80850242
7113,18.22992348,16.40718885,16.2860391,20.77399209,7.76743577,9.224385174,11.31103554
15003,8.657081871,16.80690847,17.21403511,7.654003788,17.33280202,12.96206079,19.37310795
4333,14.43076299,15.04413016,13.8292104,18.43688322,13.42293611,10.27550036,14.56057677
13153,21.78274517,15.99756151,17.21396638,18.34798374,8.798248968,7.666808551,10.19268568
2238,18.18125033,19.95903212,17.20725074,9.410711255,12.01397285,14.19000559,9.037777121
9686,12.14768085,16.34940581,17.20628495,6.756100592,19.77977855,11.48567986,16.27506938
8111,17.47790607,12.10609749,17.20169179,25.1341384,7.418574328,8.627914058,12.03367786
7864,11.51221526,6.843859615,17.19887216,15.78016197,14.25437467,16.56547152,17.8450448
26983,7.944786563,11.75514182,7.815192041,27.2259268,21.9870143,4.903509275,18.3684292
22438,15.43626938,15.01744952,17.19820134,14.773049,15.39340504,13.57846481,8.603160899
18248,16.03052299,13.8295547,17.19502468,13.10506845,11.16460719,17.01877125,11.65645075
11307,12.82732006,12.28868501,17.19457857,36.45267923,7.856322164,5.128755171,8.251659803
15303,16.13038065,9.923583416,17.27973121,14.65490904,12.52219429,14.98943114,14.49977024
40806,18.24729381,19.34481184,17.19015495,7.518173726,7.650659793,12.33927111,17.70963477
11266,8.017763244,11.85660275,17.18698702,18.5779644,15.52936245,13.24366244,15.58765769
19522,14.14222977,20.19272149,16.95643452,11.27134347,16.45263623,11.04394515,9.940689366
28939,11.76580305,11.01991583,12.47596053,27.80729656,11.70621057,3.8023456,21.42246787
4350,13.29577475,12.50366142,11.25180371,16.17105844,15.92412773,15.94066487,14.91290909
12838,19.98651658,12.4347939,28.1066649,15.71186838,8.428894471,3.923225853,11.40803592
28930,14.68735128,11.84132712,15.06657184,15.0430288,17.78920773,11.14500793,14.4275053
10391,15.20405543,22.92215098,17.18540616,7.385294971,8.979075805,9.59609058,18.72792608
25881,13.57288715,10.24064059,17.1809043,11.83611452,21.66097616,18.71116328,6.797314001
10450,14.58562317,7.869883432,17.17636406,12.88619456,18.33018074,12.59259622,16.55915782
23953,13.55385533,15.97702078,25.02352959,12.75514663,9.398126324,2.176763418,21.11555794
40810,18.52273924,11.13820935,17.17138149,22.88898138,15.54372076,10.72391471,4.011053073
14884,14.51550516,9.765271275,17.16757144,13.59216165,12.97942816,16.89159505,15.08846725
14498,16.95517825,10.05132777,17.16618664,14.14540858,12.71046412,14.53689461,14.43454003
12786,17.72410702,15.02634494,15.35449411,15.46435972,9.316982195,12.11450809,14.99920394
38321,17.89411512,16.22527995,17.16280618,17.75350524,9.927947128,5.652303256,15.38404314
25460,16.89650388,16.58049248,20.84243213,11.24780204,8.417003222,10.30279167,15.71297458
17617,16.0683987,18.15145814,17.16114877,2.963337116,11.86077056,16.451589,17.34329771
12613,20.44096955,16.82130806,19.7562521,17.06155363,6.486800775,6.309611885,13.12350399
30395,9.580886778,15.57978994,16.4295853,7.40878531,17.27922713,22.53353655,11.188189
34655,14.85545985,12.59797988,17.15034087,12.70110821,13.64239141,15.92974487,13.12297492
9024,20.41520206,13.93183991,17.14914699,14.57073597,7.571703995,8.65324667,17.7081244
35637,21.9007481,12.94004173,17.14094695,15.71465757,7.357238987,7.494124539,17.45224212
5031,22.8780457,17.34956697,17.13437845,15.46937236,6.57811483,4.444422515,16.14609917
19432,15.76937099,14.42380095,12.49899641,9.621075249,12.48117691,15.06471192,20.14086755
1747,16.30323658,15.8465316,9.478219052,16.51606343,11.23460846,14.88427806,15.73706282
38746,21.07840689,20.40281956,17.13218332,8.908050985,8.867860117,9.969629953,13.64104918
39624,17.15890107,18.59277955,17.12922594,8.305518386,9.075443296,13.13181535,16.60631641
30345,17.81487429,14.47060864,19.12832165,7.7675926,11.28946723,17.29475557,12.23438001
9849,18.47635741,14.24532035,18.89383294,12.29328925,8.59922313,13.71298701,13.7789899
35700,17.05955075,11.0633072,17.12833559,21.01064451,9.5358039,12.61904613,11.58331193
20135,16.69446185,19.13713797,17.12437082,10.07130137,9.848153009,6.813921337,20.31065365
3846,25.32407592,16.10825022,17.12111726,14.71747192,5.18314395,8.180155779,13.36578495
30585,21.82151673,18.65762534,17.94829419,15.98816974,8.383336281,4.967313892,12.23374382
23407,16.81339298,16.98663539,17.12032694,9.790141458,9.369478982,14.07163881,15.84838544
10129,15.06563374,11.35931891,14.89318946,19.69963853,12.56483322,13.12075475,13.2966314
40499,16.58585009,13.18927251,17.11635943,12.17131944,11.88849538,13.62046868,15.42823447
8011,19.26504403,15.42112291,17.11312917,10.33663189,9.447781474,15.47135465,12.94493588
23120,19.62581943,17.72669165,17.1101836,14.76290736,8.37222235,9.494108805,12.90806681
2950,16.59954587,12.34331138,17.10910153,14.29430991,10.44722205,13.84847229,15.35803697
11181,18.02337178,18.84579128,17.10704624,13.32465587,8.822883369,7.575824775,16.3004267
12484,9.834290503,10.39541706,9.273432908,22.19897287,16.28008389,12.31535791,19.70244486
28656,14.81052533,10.42892411,17.10263996,7.864293222,22.48436952,9.135374604,18.17387325
15941,15.06417057,10.37038089,17.10204641,18.02395495,9.994523179,12.93389543,16.51102858
19358,12.77085828,12.7155589,8.261953578,16.10850445,16.86804395,19.14361252,14.13146833
39722,16.32917947,12.81348582,17.09353817,23.26247773,10.38588882,13.28130135,6.834128654
11710,13.53143289,18.65012205,17.07448403,20.01429705,11.23467708,8.235801389,11.25918552
30020,15.9325105,10.94705922,17.06913289,17.85563363,9.910357233,11.60263941,16.68266711
19380,19.64637854,15.50887369,16.97881069,16.23919416,9.567700793,11.2314791,10.82756302
16133,24.01153271,15.83671799,17.06763333,16.81216556,10.64761681,7.699460904,7.9248727
16567,24.01153271,15.83671799,17.06763333,16.81216556,10.64761681,7.699460904,7.9248727
23889,15.2074935,22.12177455,12.92221553,9.742347894,11.10809,13.07796979,15.82010873
2204,12.7469896,14.64840699,17.06128167,8.114737132,19.10262056,13.47592014,14.85004391
3673,14.59220502,10.77455632,17.05559002,19.70239996,8.934952635,11.88816003,17.05213602
6776,17.36815997,13.09298225,17.05314191,17.2227418,18.98528973,9.944074592,6.333609742
10322,19.14504402,16.21080248,17.05115044,9.624363256,9.043496178,10.18563022,18.73951341
12553,18.15884032,16.55744174,12.2619863,14.96196966,14.62044689,9.605839217,13.83347588
4443,15.14463028,12.96459762,22.91061179,13.53472039,8.576503711,6.10623651,20.7626997
4091,18.4378885,13.748396,17.0442714,18.26108459,11.6111821,10.462912,10.43426541
13172,16.58351776,15.79878652,17.04304203,12.64305448,10.2232926,10.93408588,16.77422072
23236,13.66238856,10.68327264,17.03368729,13.81813952,14.1078196,14.85344714,15.84124524
27151,16.14688385,12.53565523,14.76786697,18.42451473,10.1638354,12.15670261,15.80454122
18587,17.26684412,11.58073314,17.03240121,15.40972797,9.523524608,11.20582268,17.98094627
20700,15.90383364,14.66209576,17.03233588,18.11881551,10.49827974,11.64475537,12.1398841
13820,17.93654119,14.75904981,17.0305062,24.38824114,8.197947951,6.788001904,10.8997118
23701,14.60644687,15.27107533,10.03856492,16.06733294,16.93926684,11.76599133,15.31132178
9940,11.41328021,18.71565703,22.28650653,5.636654322,11.85109393,8.70792374,21.38888424
14266,17.93654119,14.75904981,17.0305062,24.38824114,8.197947951,6.788001904,10.8997118
22263,11.62018954,11.05433873,17.0304453,21.16277466,12.87655492,9.976258666,16.27943819
10027,9.09029291,7.649266464,10.52532399,31.67500065,10.76512631,7.747116328,22.54787335
25245,17.75869862,13.31284554,17.02452873,14.01533665,13.79774185,13.86886573,10.22198287
20111,16.43451106,15.16078567,17.02415096,17.41293123,12.74755237,13.80236901,7.417699701
35308,12.0368081,13.06508187,17.02014204,19.55532837,10.9609317,12.73954774,14.62216019
36761,21.27486526,16.48076803,17.01927379,16.76676438,8.455499108,9.47918451,10.52364492
9886,5.615587774,18.24184844,12.18379509,27.58323939,11.97910636,11.53087983,12.86554312
28962,16.48626764,16.64080342,15.8266036,25.2180851,9.07721008,6.857559037,9.893471124
40909,22.34910909,15.2927079,17.01755176,14.00154703,8.849912579,12.49599017,9.993181484
6627,17.60002765,15.98471441,17.01559243,13.70452504,13.35871999,12.01992957,10.31649092
41038,24.15048578,16.62323902,17.0132788,10.92790684,10.19417909,8.682436285,12.40847419
16100,14.70790334,22.49080737,17.00533708,9.627231534,12.52764791,11.68555653,11.95551624
9112,14.54476725,17.26210404,17.00458989,21.43091904,8.079627843,9.314047561,12.36394437
4966,13.59565945,17.69409806,17.0045134,8.619217979,12.4960734,17.23528497,13.35515274
7653,11.82034329,14.40106182,17.00073839,18.28901178,14.00788642,14.01197327,10.46898503
30481,13.45459186,13.66004239,29.07409162,9.181730657,10.28637951,13.75868785,10.5844761
17318,12.92156165,10.30179966,16.99983577,18.14202608,11.07343496,11.88054466,18.68079722
21434,11.69310275,17.51834176,16.99939269,11.75766636,10.44256409,14.1031792,17.48575315
9797,15.20103642,18.69497368,17.02454,7.081750562,10.38392503,11.78906873,19.82470558
14690,15.33919435,21.1778055,16.99615679,13.60373046,13.43811779,11.01514409,8.429851023
31114,15.6252626,13.59914601,16.99550071,19.92631346,5.974337493,6.521800964,21.35763876
31592,15.6252626,13.59914601,16.99550071,19.92631346,5.974337493,6.521800964,21.35763876
30208,11.16939878,29.28473187,16.99252965,15.46218366,18.86742866,1.084884191,7.138843193
14804,23.27433808,16.58672539,16.98879084,13.44321443,7.76282332,7.630714272,14.31339366
8784,15.45819321,20.2453414,16.98636839,10.95473186,16.59282071,8.78722423,10.9753202
10268,18.62431074,15.35335639,16.97759891,16.31137904,8.690760938,10.65981289,13.38278109
9916,17.7393244,21.06258398,16.79901751,13.38084417,10.88711395,7.363293376,12.76782262
36901,15.48082641,19.42727341,16.9747044,7.676433238,10.39629236,11.33867002,18.70580016
9927,14.92388503,10.78011795,9.995697424,17.31172709,18.90632268,10.15694003,17.9253098
21532,19.90663589,17.93405979,16.97384351,15.51941347,7.023328967,11.88119047,10.7615279
8384,17.03284869,14.21586091,16.96986693,9.341989139,11.39653981,9.132422199,21.91047233
2020,11.15547104,14.66205941,27.24846083,8.970028913,11.9348925,9.516902486,16.51218482
40428,13.85292153,9.49892431,16.96901171,15.01842023,16.70186463,10.36640804,17.59244954
28718,15.13295637,13.7865228,7.893272544,13.57894151,23.21344675,13.18464131,13.21021871
24463,19.12849834,17.18176611,16.9678523,14.45402178,14.543089,4.974019281,12.75075319
34565,18.87371535,18.90672102,16.95972236,11.53762509,7.609650407,12.48832538,13.62424039
1798,16.79128206,15.44725277,12.85867164,9.389433004,11.06738933,17.49219008,16.95378112
16923,14.41503805,18.68050984,16.94185774,21.26194203,9.678453662,8.919805602,10.10239308
34697,13.41124868,13.42828451,16.93534825,10.14878317,14.55443798,15.91377368,15.60812373
2292,13.43073702,9.502827365,16.92999619,11.14545356,13.25137362,15.67702701,20.06258523
19566,18.08844703,12.74132319,19.78762373,15.55385571,14.26794221,7.232900888,12.32790725
4270,21.62431557,16.12071821,16.92870935,16.23391815,6.755047744,6.659679243,15.67761173
9928,8.302154568,12.37462111,12.78135653,26.50470785,12.8112178,13.26500855,13.96093358
33043,19.25430055,24.75305635,16.92451254,7.927928603,6.810959909,8.165867893,16.16337415
33719,15.03685524,18.94941679,16.92418148,27.65640032,8.54644725,4.708411705,8.17828722
8217,17.59645436,12.8273739,16.92265859,15.75264869,13.77978765,13.9206296,9.200447207
19472,15.11139954,13.93557055,16.44179367,12.29728806,12.36197415,16.075467,13.77650704
6728,14.04137321,9.854835366,16.90761258,10.67546664,13.64848585,16.37934963,18.49287672
15907,14.78148074,10.91660355,16.90676148,21.19332586,9.762712261,12.77066029,13.66845582
30772,15.186475,11.75062859,16.9029947,14.05976911,11.29560807,15.24148696,15.56303757
2605,16.83533316,15.75947871,16.90069601,5.44912759,13.43302607,12.95681904,18.66551942
5198,20.39932032,22.25665192,16.90036206,20.62144673,5.692491541,4.772195434,9.357532001
470,18.76910863,15.76656406,16.89375741,14.63441387,11.73632892,12.12951098,10.07031613
24353,7.717084919,14.1201496,16.89140532,11.47710335,16.75956451,17.2220499,15.8126424
36817,17.13992222,18.47371362,16.88918642,20.2161345,10.51857096,4.81214665,11.95032564
3646,19.19568255,14.47205678,16.88403219,15.38904087,7.652426519,10.42162198,15.98513912
36680,18.32934601,13.13904117,16.87659456,19.83886346,7.99773204,7.284109216,16.53431354
28969,12.28431803,14.03094479,9.028859855,13.23381579,14.70673934,18.37020285,18.34511933
10915,18.69988121,19.11744062,16.87581641,8.5032395,10.92183791,13.10529154,12.77649281
35350,23.2416975,18.15581558,16.87309345,23.58858104,5.041235114,5.000732622,8.09884468
2392,12.26863787,17.20708954,16.87283302,10.19336528,12.22741161,16.0449146,15.18574808
8915,19.20200617,21.16529276,16.87244603,7.302376278,8.969006646,10.64670666,15.84216546
21405,12.23916032,14.92259839,16.86768879,9.982858621,11.62521328,10.00112005,24.36136055
30492,16.67957656,9.849500329,13.68327273,15.67048041,13.20762619,15.0575495,15.85199427
2224,12.09224229,13.05281032,16.86652261,18.30391218,14.69576193,9.983787329,15.00496334
12660,11.80147752,11.97939343,15.80643093,16.14893474,14.48750774,14.79899539,14.97726024
4841,19.36475464,16.71681334,16.86441463,20.42104518,9.758175408,8.860515561,8.014281246
13961,17.66186816,16.72944216,16.85494805,12.3593297,17.08604371,10.30807576,9.000292469
22931,14.98904184,15.94488597,16.85269917,11.04997935,10.6114072,8.72458567,21.82740081
33418,16.03092721,26.1864696,16.84997539,8.817637038,8.552769845,11.8129238,11.74929712
19748,17.22834978,17.67673014,16.84498329,9.461024009,13.62225109,12.60702533,12.55963636
9977,14.37681349,18.75915847,12.80366217,12.48330647,12.2366058,15.32928844,14.01116515
21466,19.30281496,13.74092125,16.83758694,23.22363324,13.7905292,4.134287328,8.970227089
1555,18.13926254,14.65714157,16.83720408,10.70195671,9.571434799,14.27891649,15.8140838
22566,13.6690403,18.59343944,16.8279829,7.569695653,10.70054024,9.204446362,23.43485511
30708,19.42224837,11.65604495,16.82492781,12.94825658,10.47126637,15.87002565,12.80723027
8877,17.60448274,22.35798284,16.82483452,8.919129001,7.5577598,9.603524038,17.13228706
8331,14.32901501,16.37446904,16.82122701,9.726517672,11.87346568,12.95440624,17.92089935
40770,16.09856297,12.0760415,16.82104123,23.08227002,8.505793825,9.094166106,14.32212435
11567,19.79482615,21.70918896,16.81761058,22.95654243,7.105191584,4.316359078,7.300281209
24339,10.67594954,6.697700907,16.81721181,19.22806289,15.7256673,12.81473881,18.04066874
2613,21.22609284,19.15106691,16.81067347,15.14499252,7.640681422,6.833505722,13.19298712
28326,15.34182857,11.49114573,16.80934525,21.50109457,16.55726066,0.477291282,17.82203394
4821,15.04788423,17.40844945,16.80685207,5.672498968,11.68205915,13.49541605,19.88684008
40800,15.96365412,14.24535837,16.80147685,26.49434484,15.4574952,0.6505649,10.38710572
30864,9.909525612,7.88575941,16.79901446,20.36852035,20.91385123,12.12061692,12.00271202
33601,17.02783601,17.93228524,16.79839374,17.23926661,9.457954839,6.137267499,15.40699606
20928,15.71276896,13.38294796,16.79531769,14.79409565,7.509185348,13.93536284,17.87032156
10011,17.20592165,15.94156752,11.52501983,9.56060766,9.26579188,17.32503038,19.17606108
29537,16.62329369,14.1402241,16.78897847,14.11687805,12.31376176,12.93081694,13.08604699
19422,16.27011883,10.76616122,18.91533309,14.48604548,11.69446051,9.000158834,18.86772203
11954,18.4923105,14.92635458,16.78323384,13.05009635,8.209334601,13.25804088,15.28062924
7763,15.07793715,13.0526828,16.78114488,17.09173712,9.826704479,7.538101445,20.63169212
28893,9.925597139,6.084885633,5.753598906,17.48942091,23.53503797,17.35900755,19.85245189
11603,13.86697421,13.26100697,16.7785429,18.96245092,12.60866438,10.06022277,14.46213784
3765,22.21461507,17.70246115,16.77639124,14.57593961,5.945908115,7.227375522,15.55730928
31323,15.04849814,15.50332269,16.77257543,24.33344666,7.157518552,4.515923694,16.66871484
31798,15.04849814,15.50332269,16.77257543,24.33344666,7.157518552,4.515923694,16.66871484
6488,20.69010455,15.16778955,16.77244252,12.86451607,8.639726283,9.260390093,16.60503093
6884,20.69010455,15.16778955,16.77244252,12.86451607,8.639726283,9.260390093,16.60503093
10597,13.76267354,15.06918098,16.76159204,11.17793371,14.4068954,13.40985637,15.41186796
40959,17.25887314,22.71737171,16.76012604,7.426164552,14.48707024,8.983489631,12.36690468
27191,10.07445679,12.87224098,9.757685192,21.55136754,21.14526758,7.492135487,17.10684642
19833,14.82538782,17.75556524,16.75787046,7.406468464,16.58750909,12.57273017,14.09446875
18414,20.27734638,17.12332525,16.74418077,14.57604772,6.29637058,9.036563909,15.94616539
14276,14.30753402,12.69043775,16.74005076,14.14559431,17.70396901,6.940666634,17.47174751
24399,17.19502459,15.85543113,16.73684955,12.12763882,9.867680173,9.601649983,18.61572576
33373,13.74357231,11.56880128,16.72420221,17.63959397,11.81853511,12.0032292,16.50206593
7377,11.12481767,5.570216633,5.741591202,24.65445586,16.47866871,20.38367395,16.04657598
33842,13.74357231,11.56880128,16.72420221,17.63959397,11.81853511,12.0032292,16.50206593
10126,10.56758119,8.83599711,14.57890111,21.63642203,10.37869861,11.0784638,22.92393616
9780,10.47457901,7.583968522,19.36001515,20.21711039,11.5856515,10.63345713,20.14521829
7222,12.78267469,9.347582327,7.163616121,14.73145356,14.45789171,18.45871215,23.05806945
36444,11.89984396,17.18043123,16.71710603,17.0643309,14.18420279,12.7491692,10.20491589
7716,9.673787969,17.41937245,16.71517755,4.234901242,16.12985082,19.09196903,16.73494094
28587,0.983448725,7.336073448,16.70623437,14.31196344,37.98751914,22.00316593,0.671594951
27786,16.17278851,14.79018184,16.70599634,10.52722766,11.17162953,15.05679447,15.57538165
10159,16.33006703,13.5698713,16.69440347,11.80292399,14.84513549,18.90635178,7.851246936
25691,13.44845893,17.38030364,16.68993669,16.4401123,16.50279789,3.367980649,16.17040991
2096,14.42100952,15.91813805,24.5639832,11.87973059,9.643296105,7.195656946,16.37818558
4989,17.6270496,18.49064718,16.68978111,21.44915555,8.039597467,7.002043767,10.70172532
25819,13.34406096,21.20794682,16.68412766,7.400013001,9.936561744,13.51041253,17.9168773
2273,10.68678753,19.6458318,16.67754409,7.800127998,21.2898874,9.850610469,14.04921073
12694,13.31006456,11.42915717,9.171369936,17.74124667,20.20661027,9.926238676,18.21531273
14946,12.91299247,12.52815635,16.66750181,12.21072382,17.79981549,11.87644068,16.00436937
12717,20.28421804,16.50139459,18.41371161,15.57288641,5.285350318,7.753678536,16.1887605
415,17.30173001,13.39546258,16.66554344,12.14082037,15.38529716,11.01745834,14.0936881
32982,13.82718413,15.30990734,16.6641103,7.751810293,14.69152933,15.54340508,16.21205353
12754,21.49407784,19.51366731,15.03734891,20.5824638,8.509378089,6.767721659,8.095342396
32365,20.71495715,14.34181225,16.65467622,14.53630905,7.861637917,10.50981033,15.38079707
32828,20.71495715,14.34181225,16.65467622,14.53630905,7.861637917,10.50981033,15.38079707
9728,13.86722079,14.79528641,11.05391987,17.67019114,11.40150561,14.51507749,16.69679868
33353,12.87797876,20.7103864,16.63870104,10.54118118,10.90983926,10.27982111,18.04209225
18389,19.55819675,15.12036781,16.63676155,20.75610087,7.873751772,8.261055025,11.79376622
15890,8.985251934,12.88084099,16.63544777,15.03043623,14.75099052,13.58505236,18.13198021
20142,16.71144289,14.32042476,16.63042638,14.82800723,8.960851873,10.81176091,17.73708596
817,11.79797314,16.85286019,16.62019813,26.26902384,12.7886894,7.863604719,7.807650567
16698,15.76337659,12.55257682,16.61682188,10.64957166,13.61472199,12.56888043,18.23405064
15940,15.36253866,6.44028649,16.61662777,18.66880472,13.63919245,14.85240675,14.42014316
3038,18.4081165,16.72063319,16.61465449,7.480791628,10.55648648,4.85609611,25.3632216
12762,16.05913693,20.71247533,27.17809912,8.215524806,8.66842123,6.654777009,12.51156557
22553,22.0093847,20.77213587,16.6134642,14.14885492,5.591384958,9.032251314,11.83252405
39478,14.14907946,5.764159269,16.60935714,14.98288763,14.21583187,14.60996135,19.66872329
22340,15.47205391,18.89708462,16.60836831,5.748229539,14.38823772,16.13314626,12.75287964
28966,13.97675373,19.3078841,15.5062861,6.011890178,13.61062768,12.68593202,18.9006262
25093,16.00123311,15.1018003,16.60546446,12.77323351,12.06796358,8.498483685,18.95182136
41086,13.7478974,13.3713375,16.59739787,15.14792391,15.26948026,7.303327896,18.56263516
3270,12.71777852,8.889107345,16.59230117,21.44590326,14.60827618,11.71480234,14.03183118
7161,15.94956327,16.37120759,13.44703896,13.10186965,13.7860436,14.37917064,12.9651063
9048,21.21305629,19.27378928,16.58351462,8.812447285,10.13463705,10.00799271,13.97456276
5968,9.53090673,11.01809236,16.58063699,19.15445685,14.63864532,14.12688015,14.9503816
8185,15.4958059,21.28971982,16.57359149,9.277969382,11.2138747,7.777023532,18.37201517
2181,13.80659772,11.69863238,16.56130553,13.75941858,20.25329485,8.824032381,15.09671856
4144,19.52508318,18.63932851,16.56040716,23.60777919,9.804621959,4.05520131,7.807578681
20598,19.5614321,17.35085612,16.55659187,17.23999787,8.205037515,10.19706221,10.88902232
30519,13.32546291,11.94144328,10.23976312,12.09588974,12.68060991,18.92410366,20.79272738
36638,11.43183474,11.04656286,16.55485938,19.90794034,16.13178011,10.14934302,14.77767954
40637,16.14114733,9.919727914,16.55195566,12.4337203,11.25310487,17.09554199,16.60480193
2435,22.44421305,17.12473671,16.54698615,15.62878545,6.938534812,7.856317496,13.46042633
18252,14.39618841,10.61895821,16.5452629,15.08431231,17.18353857,11.43497828,14.73676132
40599,14.19601612,12.17498302,16.54513673,17.23301841,13.89682915,15.02764592,10.92637066
26030,21.5019092,19.73659485,16.54141346,9.567905345,8.69659914,9.623335371,14.33224264
6939,12.41360756,14.40757591,16.53956991,11.84605536,17.36081479,14.04813282,13.38424366
27683,13.15600039,15.82292853,16.5369936,19.7933513,12.55131837,8.765711976,13.37369583
20879,9.817713303,18.52509607,16.53647213,11.4230409,19.26077531,10.24833651,14.18856578
33276,17.6041469,18.11920104,16.53518287,12.07519438,9.441139629,12.05696147,14.16817369
32423,16.54515441,16.66833424,16.52134224,18.00965444,8.062275346,6.687707408,17.50553192
32883,16.54515441,16.66833424,16.52134224,18.00965444,8.062275346,6.687707408,17.50553192
3333,11.76884852,15.76552067,16.51546873,30.09363781,8.502808645,1.354258161,15.99945747
34618,15.38088559,17.21149771,16.51540892,12.42581866,10.25093927,10.90955979,17.30589006
4063,21.33235042,21.09595018,16.50933398,12.90401916,7.423258375,10.03707682,10.69801105
27840,15.59988952,12.68381725,16.50567788,8.708712697,20.2942759,7.497763049,18.70986371
28271,15.59988952,12.68381725,16.50567788,8.708712697,20.2942759,7.497763049,18.70986371
31257,16.98633728,13.76283662,16.5004568,17.25999718,9.701567795,12.09937105,13.68943327
31730,16.98633728,13.76283662,16.5004568,17.25999718,9.701567795,12.09937105,13.68943327
26221,18.95183112,14.36722609,16.49400741,20.16339438,6.192972759,8.074457554,15.75611068
26664,18.95183112,14.36722609,16.49400741,20.16339438,6.192972759,8.074457554,15.75611068
38291,11.80925298,14.17623431,16.48974077,21.45380294,19.40373318,8.1430495,8.524186321
2990,16.80644127,10.62434616,16.48630156,16.51366326,8.832998487,11.94947316,18.78677611
14458,23.46533876,19.47977351,16.48447837,17.24640119,7.957044005,5.553370181,9.813593975
22586,15.02979051,13.58802207,16.48185358,15.8824927,9.723093067,14.81638827,14.4783598
23148,18.71695224,12.00634093,16.48066381,13.25670784,8.003766994,10.76900957,20.76655861
10619,13.46029442,23.18072362,16.47186511,23.06326915,9.879635093,4.490570509,9.453642095
11110,13.46029442,23.18072362,16.47186511,23.06326915,9.879635093,4.490570509,9.453642095
19524,16.54879121,19.81425302,19.89894617,10.2599023,11.47298338,9.916822652,12.08830127
28736,15.46357723,16.92773915,12.88256598,15.05754784,17.3754606,10.51575858,11.77735061
8949,14.8549342,19.9607686,16.47067373,6.476888191,7.97526605,12.00041783,22.2610514
19015,20.3126061,14.55775246,16.4616936,16.54578655,8.88469144,9.433734708,13.80373515
36294,11.32086391,10.3185633,16.45503836,14.84368956,16.89047602,13.05402867,17.11734017
25161,8.769197941,5.989857145,16.45046743,15.47234863,17.85843599,20.0524512,15.40724166
8908,18.01004514,15.22556355,16.44700246,16.64115168,9.014337793,9.966590103,14.69530927
3048,16.26491671,15.32680911,16.44599806,19.35651559,9.284325465,12.41351103,10.90792404
25454,18.21131188,10.3789189,22.36262732,19.49945312,10.15357136,9.92397212,9.470145306
10759,17.55267029,12.73100476,16.44492824,14.20277004,11.10221675,13.61175506,14.35465485
40404,16.10740394,20.18159571,16.44383965,9.259977476,7.718592972,12.18374371,18.10484654
30685,19.32092389,14.37595515,16.43633999,14.04582362,15.46271014,5.223605346,15.13464186
24766,6.590169585,6.511965296,16.43309916,14.03019511,21.20036032,21.35976241,13.87444812
7112,15.45745631,11.00131978,20.94219124,10.92215158,8.918286352,14.30525282,18.45334193
9510,10.03747405,5.39682944,16.42676453,21.04400998,12.5142177,12.22921293,22.35149136
38633,18.24324454,14.59157644,16.42485662,15.13044349,11.90190081,15.03214968,8.675828409
6892,23.8423852,16.63198483,16.4214767,14.01447023,5.758623623,9.127067866,14.20399154
5535,10.61040507,10.50942624,16.41868342,17.8268799,14.878223,13.8529355,15.90344686
5894,12.96617182,13.16390002,16.41742249,23.96065462,8.768509752,5.082614393,19.64072691
5366,9.639148399,18.27731866,16.41520795,10.53526988,14.45239396,15.61876289,15.06189825
8548,19.59947184,13.93656841,16.41500232,17.85946,13.58587282,11.16750445,7.436120171
30781,18.87057706,15.70120032,16.40626751,19.33767994,16.82825453,6.311124329,6.544896315
26510,12.47539206,17.47878996,16.39611128,8.61912554,13.77697149,14.664265,16.58934467
26062,12.47539206,17.47878996,16.39611128,8.61912554,13.77697149,14.664265,16.58934467
866,15.20543404,18.06566143,16.3942303,19.4288414,7.901039688,7.381697264,15.62309588
29877,18.58863112,18.45344423,16.39197797,12.77518625,8.19908305,9.855043912,15.73663346
40390,18.03998048,9.468920267,16.38840096,16.5668939,8.622566904,11.01691154,19.89632593
9951,20.69889363,14.59797766,14.09064259,11.34398795,13.91035987,18.1343136,7.223824702
24204,19.90987508,13.55224577,16.3780162,21.26801673,13.21289605,6.26669683,9.412253331
18701,14.73422706,17.58023098,16.3732791,12.5624465,12.80596497,10.57283323,15.37101816
29211,10.69729376,15.58468766,16.37127645,5.806840622,18.43734744,15.09758549,18.00496857
11457,10.43279457,5.776046914,16.36903329,20.976717,20.7764448,12.56302631,13.10593712
36540,19.36818342,14.00050921,16.36366659,19.18219934,7.69035913,8.079749918,15.31533239
35524,20.06277761,14.20808129,16.36249187,17.14596804,7.811040079,10.59501984,13.81462127
11319,11.78371876,10.19566551,16.35871056,20.36529101,16.34779067,11.0853829,13.8634406
13106,11.61566004,4.002291012,16.35829545,19.59024424,16.79473202,15.10087041,16.53790682
30266,21.72861245,12.19481278,16.35638656,24.75893102,9.316167536,5.596461941,10.04862772
36721,14.3981889,12.70594562,16.35548635,14.77532646,15.98544771,11.89762607,13.8819789
6182,17.48932764,18.11402568,16.35366439,10.18898845,11.59097612,17.20309155,9.059926169
27483,15.88374852,15.73870921,16.34736275,9.678450235,10.02259937,15.75659654,16.57253338
4840,20.04902433,9.398685846,16.34482629,14.9671072,12.1804269,11.7154321,15.34449732
9198,16.10780744,21.46542062,16.33955133,7.927361194,9.680274056,11.96643604,16.51314933
14847,22.1454988,19.33419818,16.33768541,18.12900876,8.732226028,5.839670218,9.481712606
28018,20.65745971,17.32644199,16.33312943,9.709747007,9.17737012,8.570059111,18.22579263
25439,15.23083453,16.38674817,9.999236076,16.46585683,12.68876815,13.09859247,16.12996377
28402,20.65745971,17.32644199,16.33312943,9.709747007,9.17737012,8.570059111,18.22579263
2862,14.27175148,13.82586577,16.32909526,18.95847672,9.146061332,12.44762429,15.02112516
7117,17.30785545,12.9804795,12.63635952,8.582132254,15.95119189,13.62629866,18.91568273
39262,14.48018028,7.384309277,16.31937986,18.14672129,19.50553454,9.318543939,14.84533082
10875,16.86487997,12.62772957,16.31222285,19.73453934,8.837923507,10.97160992,14.65109484
21041,19.80878759,16.0063797,16.30095714,16.46948529,8.069602214,4.498006567,18.84678151
30631,15.50596144,10.27308417,21.64257442,22.80471762,10.73193784,10.00267492,9.039049583
39419,19.05240144,14.94029968,16.29949781,15.58692035,9.811554075,11.23592931,13.07339733
4810,15.40887431,11.60339764,16.29582525,18.65167731,11.8951012,11.99573869,14.14938559
12844,18.99228559,10.23795866,7.59386965,20.75660853,14.11556034,10.03843923,18.265278
9439,21.28239649,13.51526432,16.29509067,16.23620554,10.01822351,8.00141872,14.65140075
35568,16.4154654,9.637082074,16.29238558,10.77473577,11.12809577,17.48213947,18.27009594
30603,17.45853122,16.39266717,12.77286296,14.55708871,10.34951305,9.212805407,19.25653149
12068,17.36822804,16.26904716,16.28961411,10.47621094,9.239194314,9.351144163,21.00656127
27540,13.87479748,5.302060419,16.28754998,12.98748092,22.61299032,15.21248076,13.72264012
2631,15.58811962,8.406734368,16.28586777,15.19435871,13.14223103,12.85980813,18.52288037
24008,16.10381839,12.24536937,12.11098334,18.85388816,9.29082894,9.083050659,22.31206114
4752,19.30308575,11.52148998,10.51138582,19.26196236,10.69244546,7.898169546,20.81146107
12278,10.76367512,12.05801698,16.28348996,19.08905817,29.74642677,8.046849295,4.012483714
1769,13.5740432,9.672543738,16.60031395,18.27263249,11.22692952,15.65007787,15.00345923
39465,15.94071607,13.65679301,16.27898831,24.23892067,8.759979495,12.03169253,9.092909918
7378,18.52494032,13.7228041,21.54878604,10.96706552,10.32010622,9.570299282,15.34599852
22423,17.14140908,16.97570183,16.27885127,21.94345566,7.881471373,4.326847125,15.45226367
1940,15.47848723,11.3132232,21.40733238,21.80066449,7.558108922,9.693170979,12.7490128
28640,20.3392908,10.84934727,16.26638519,23.91518711,10.82055353,8.946988592,8.862247509
9963,15.92812751,16.01249732,24.19505104,7.8776918,8.553710611,8.321387615,19.11153411
7165,17.51587216,17.04251638,8.854309442,14.09907969,26.28172709,8.044139524,8.162355724
12634,13.86844896,10.49067867,12.64962765,19.420125,15.05946773,19.36788861,9.143763389
33095,17.05072286,19.29434514,16.26159897,11.4272815,6.971648295,7.476340847,21.51806239
16269,21.42533894,19.67575709,16.25989795,15.80773147,6.143293566,8.29333434,12.39464664
33056,19.70954013,19.51623829,16.25988022,17.19215491,8.165497037,7.422606237,11.73408318
1721,14.80727865,11.46183865,9.642547277,12.47369565,14.01088954,17.21872521,20.38502502
33222,14.39754881,19.54627319,16.25470573,16.02881754,14.08940116,5.750395375,13.93285819
11511,12.53407428,6.491809713,16.25116993,27.51635917,12.50631685,7.081109413,17.61916064
21675,14.99813796,9.765009319,16.25051319,19.74102268,13.54961232,12.37215397,13.32355055
4604,13.75171928,10.17116023,7.894251903,17.89051225,14.15683239,17.78538438,18.35013956
90,19.08334591,17.66148942,16.23902562,14.25456824,11.68097226,10.82065783,10.25994073
503,19.08334591,17.66148942,16.23902562,14.25456824,11.68097226,10.82065783,10.25994073
24177,18.13360485,14.58421926,16.23871877,17.03217377,11.45862617,8.245388943,14.30726823
1184,17.54432983,13.1072451,16.23105123,18.53130773,11.37981353,12.58957851,10.61667406
1595,17.54432983,13.1072451,16.23105123,18.53130773,11.37981353,12.58957851,10.61667406
17353,16.65767173,10.10160179,16.21353774,16.80659245,16.45396208,9.668893477,14.09774073
24152,15.52408009,7.642816238,16.21240223,17.09550501,14.61290393,14.40346498,14.50882752
11517,7.659229708,12.46643259,16.21132982,23.64935217,11.19478496,11.23613478,17.58273598
22571,17.04204091,8.587689534,16.20957329,19.06407386,10.13417852,12.95137078,16.0110731
20066,13.77826771,8.694350388,16.20556945,14.7385148,10.02906694,15.212758,21.34147271
5197,22.5602052,19.55357408,16.19164733,12.60881938,8.758093998,10.39445626,9.933203747
25628,15.62580535,16.75825995,31.46197054,13.1943581,12.66649611,4.172684814,6.120425134
36957,17.67684957,17.51848991,16.18766277,10.10738172,18.33752119,8.247099374,11.92499547
3432,17.87957508,21.08305372,16.18690668,15.68155412,8.914161936,7.466544491,12.78820398
3901,17.87957508,21.08305372,16.18690668,15.68155412,8.914161936,7.466544491,12.78820398
27028,9.689408231,13.76628304,11.82739102,14.9882116,16.43906642,12.29856063,20.99107906
36320,12.74531469,13.1438,16.18642273,18.83974241,12.26126587,10.1290195,16.6944348
40613,15.20195784,12.44343888,16.18591366,7.943687013,14.54235615,18.26904221,15.41360424
15734,16.78221538,10.79595714,16.17806353,13.1633835,14.29025009,14.00032017,14.78981019
36943,15.14331508,18.62062698,16.16696236,9.292038875,8.119241865,12.45061589,20.20719895
33699,17.8604805,16.01382172,16.15260408,14.51998375,8.246500007,13.40686434,13.7997456
25603,19.77479476,21.41480896,20.34879519,6.974703087,14.35491186,11.11116226,6.020823881
25003,15.47330094,18.64517534,16.14769421,13.01199909,9.490762513,7.01939036,20.21167754
9495,11.52357759,10.2425448,16.14344941,8.512722099,15.68869506,21.55805314,16.3309579
10815,11.52022751,11.54726896,16.14216309,16.36658082,15.4381129,13.01667208,15.96897464
34654,8.377668516,13.21479454,16.14047857,12.16662489,18.35975021,18.28135187,13.45933142
3281,17.74774977,17.75311877,16.13570485,14.46173399,10.92879149,14.27094388,8.701957243
8341,13.95139411,15.62529391,16.13346054,12.07310261,9.806523073,8.333704491,24.07652126
12674,12.7246108,10.38052677,14.13542927,21.59858002,10.24623978,14.1783965,16.73621687
8762,13.95139411,15.62529391,16.13346054,12.07310261,9.806523073,8.333704491,24.07652126
16129,16.49686326,17.07316881,16.1259614,14.21875865,13.81197216,9.372247852,12.90102786
5611,16.52711855,18.40048209,16.12503474,7.327769919,10.63821977,12.09168144,18.8896935
6036,16.52711855,18.40048209,16.12503474,7.327769919,10.63821977,12.09168144,18.8896935
15188,10.42553235,18.2504383,9.729382422,8.932714518,15.25711005,22.34201082,15.06281154
10737,19.74041281,15.6704517,16.12464664,13.17183262,11.87412904,8.001499302,15.41702789
29150,11.079054,14.0879804,10.30573629,7.927126349,24.25186604,8.290112246,24.05812468
10043,11.87874952,20.42026587,20.65728648,4.848271475,12.72190725,18.80075601,10.67276339
12648,11.87368793,8.787114579,21.2501331,21.37940842,9.704559506,8.777930002,18.22716646
23881,16.04476342,15.06535615,16.86932389,10.69194249,9.825678183,7.449845819,24.05309005
6668,12.56200603,12.54163575,16.12347987,21.77164418,10.72665065,7.325383815,18.9491997
9991,10.85932558,11.69856786,14.92748213,11.94842006,14.44926675,17.51614189,18.60079574
9119,19.1434328,18.57447508,16.11641773,11.84068146,9.853452694,12.16510178,12.30643845
19305,13.63064285,8.204266305,10.93455304,20.00339015,19.50985949,11.42061055,16.29667762
9860,9.977500047,21.95342386,13.19445981,7.029473694,12.98447481,25.03959732,9.821070448
9518,19.1434328,18.57447508,16.11641773,11.84068146,9.853452694,12.16510178,12.30643845
30777,18.51393002,10.71064566,16.11469401,12.37231506,9.23403177,17.14549441,15.90888907
1901,13.96985889,12.86501746,14.76438796,17.09166092,11.22432984,11.56620516,18.51853977
6078,10.38261915,14.56905434,16.0918141,6.348980942,23.72579223,9.375240982,19.50649825
12636,13.03193588,10.74051033,13.52249132,19.86195451,17.19196409,13.17663838,12.47450549
10382,16.64752591,16.39640246,16.08704635,8.997884549,10.85357157,10.36963884,20.64793032
19900,19.00297875,14.53571804,16.0862772,15.43243705,10.54088614,9.263903066,15.13779976
9754,17.80097603,19.21680046,15.35206997,12.95652454,8.549532809,10.25567271,15.86842348
542,18.23457023,18.71752983,16.08131268,8.043788654,16.29192537,11.49024175,11.14063148
25766,13.61082068,15.38744783,16.08119074,11.66033891,14.99914038,13.90647712,14.35458434
12733,17.29285467,7.748857256,16.88034039,23.26475366,8.873748012,7.193564682,18.74588133
27259,10.94472933,18.31937296,15.41124092,20.9446576,10.12068419,11.51021385,12.74910114
28870,10.17601402,4.622857704,20.58058055,11.06249397,17.53917368,14.15919129,21.85968878
11131,13.85582071,13.93234651,16.07865811,19.53910215,12.44505849,9.942658566,14.20635548
5325,13.06941863,8.864351505,16.07555121,18.39130304,11.47131125,16.89141251,15.23665185
4759,13.07300592,16.87940453,15.30311949,8.457386316,14.96312492,12.10618937,19.21776946
23401,14.40021454,16.39350848,16.07375818,11.63061464,10.61162424,8.059668913,22.83061099
22739,12.99841244,11.38241825,16.0731482,15.62456702,12.77498058,13.11596323,18.03051028
21216,12.78940878,23.14087274,16.06572598,9.539520602,12.9435271,9.428514973,16.09242983
23602,19.72027433,13.80560998,16.05947092,12.33588947,7.841125209,10.71330619,19.52432391
25561,10.07782787,14.59119293,12.88029888,10.6305249,11.62164997,19.05743596,21.14106948
16165,16.22550404,10.53497031,16.0482673,12.39224315,12.22132077,14.03238295,18.54531149
29785,18.0769788,13.64582868,16.04131829,15.43757908,11.99474753,11.15363404,13.64991358
24418,15.44575271,12.2902775,16.03988135,16.52861017,11.65581867,12.41543309,15.62422651
29095,15.31385969,11.44141057,12.36416238,17.53267399,10.57079666,13.49609382,19.28100288
36358,12.70550663,11.27406628,16.03350964,20.42419372,10.62003736,12.24083037,16.70185602
11823,18.52167982,10.547012,16.02979844,21.55465709,6.82946498,10.29808498,16.21930268
22763,19.28798987,17.81222067,16.02591026,12.77134793,13.24773329,9.879782102,10.97501587
23264,19.28798987,17.81222067,16.02591026,12.77134793,13.24773329,9.879782102,10.97501587
4471,16.61599374,12.00310728,12.71499728,18.10197358,12.74329605,13.77055958,14.0500725
12969,16.14956079,7.776464386,16.01232243,16.00030012,14.69986389,13.49407138,15.867417
4468,17.20896599,16.79365658,16.08407734,12.88024666,10.89661646,9.00823853,17.12819844
19086,18.0821106,19.49199797,16.01230937,13.12078864,12.74823256,9.066885425,11.47767544
33154,18.94196956,19.78683417,16.00715038,15.82927646,8.149227317,5.313597584,15.97194453
2552,16.76102741,21.15289858,16.00425831,11.8351198,7.885955723,7.607143814,18.75359636
16785,22.60990784,19.42874522,15.99970392,17.13446937,8.088090022,8.130963251,8.608120378
33278,15.51152419,17.25629479,15.9963551,28.48553949,8.166657057,6.032042961,8.551586414
13926,5.909712057,6.549383756,15.99500988,24.80940678,19.3954709,15.14933513,12.1916815
29089,13.58880904,15.82051488,20.78879434,5.798597339,12.95042718,14.74831081,16.30454642
11753,20.28685832,17.20429614,15.99315314,18.81251544,7.405879317,8.323954041,11.97334359
30497,19.91119781,14.13697519,20.40758541,6.956013434,10.40705732,16.80777287,11.37339797
5228,15.59483279,15.91943895,15.99158499,12.07408614,9.360974115,12.02762492,19.0314581
20307,18.26583201,24.20851823,15.99001513,10.16204735,11.09436557,8.728398846,11.55082286
27411,15.11713322,15.56014197,12.6054934,11.32342616,14.64550499,15.69613112,15.05216915
20736,18.26583201,24.20851823,15.99001513,10.16204735,11.09436557,8.728398846,11.55082286
8973,8.42169737,16.33991953,15.98982287,10.50427044,17.35308171,16.52901385,14.86219423
10269,20.33569164,19.18687164,15.98668057,11.8902555,7.309491286,11.05051619,14.24049317
32353,14.63388129,11.8077957,15.98548418,16.27114955,10.31716832,12.18102921,18.80349175
32818,14.63388129,11.8077957,15.98548418,16.27114955,10.31716832,12.18102921,18.80349175
17237,18.70465312,22.44954513,15.96753141,9.70315402,9.960354661,5.863503572,17.35125809
5816,15.24159443,16.6682342,15.96427441,25.41084271,7.940888513,8.029011133,10.7451546
19221,10.18531768,11.89926051,15.96221297,15.38570811,17.86227997,15.39736312,13.30785765
29631,17.67246965,15.62127125,15.96010502,17.18072197,8.400538554,9.340725899,15.82416766
30050,17.67246965,15.62127125,15.96010502,17.18072197,8.400538554,9.340725899,15.82416766
11431,18.66201998,20.91766104,15.95850913,15.07944805,10.42664463,13.03091398,5.924803192
1790,8.506367768,12.74631093,9.991680591,19.16580409,15.3865103,14.77753332,19.425793
1839,10.77769897,10.10803094,11.3138906,21.69436755,12.05823472,13.04300493,21.00477228
22521,18.19030681,15.98259789,15.952237,13.00507606,8.794569195,10.4008087,17.67440435
25656,15.21972187,12.02676015,16.9150912,16.03890304,10.97638187,15.33999867,13.4831432
2048,13.91676988,11.61068945,22.71885654,18.82283776,12.60624046,8.428801185,11.89580474
19899,14.16310838,12.61313544,15.93982439,13.38794626,15.34205706,12.59908668,15.95484178
4211,18.24381861,13.63570689,15.93682469,16.95922633,8.181076446,11.40086354,15.64248349
1652,16.44836942,16.50260125,15.93596009,20.01203939,9.734299438,9.74695182,11.61977859
30347,11.88944158,13.67160183,14.37215184,18.44958101,15.59768081,10.73296704,15.2865759
1749,17.95005502,18.73800431,16.39587306,13.35041592,9.446948693,9.367483778,14.75121922
16936,10.62198694,19.95367295,15.93470127,21.78145928,12.93229036,14.92655177,3.849337431
24078,20.45084215,17.61423345,31.25326967,10.07285397,6.987103464,2.14130702,11.48039028
28926,15.21188966,13.94090437,9.513021348,13.84072438,12.44050314,16.38150189,18.67145521
9933,18.50596686,12.73333823,23.11543268,9.351329132,9.160057721,10.87390722,16.25996816
9799,15.68589471,13.07323418,9.9983238,15.93200499,15.34347126,11.798332,18.16873906
17368,10.62198694,19.95367295,15.93470127,21.78145928,12.93229036,14.92655177,3.849337431
6358,13.46899134,12.50850832,15.93265258,20.90800953,11.24482571,12.58466281,13.35234971
19252,19.70641646,21.66410937,15.93231674,23.72907179,9.256784683,0.692375511,9.018925447
2892,17.9294443,11.33624891,15.9303862,15.28920276,11.23576988,13.15940421,15.11954373
19425,17.02279729,15.97931063,20.05735419,17.61599577,11.44196057,4.696785684,13.18579586
26028,13.55791888,12.86127433,15.91780209,11.0703442,21.23473401,6.136165113,19.22176138
27745,10.54397624,21.32157522,15.91613152,7.838659661,18.66718222,12.44307884,13.2693963
10982,19.40391654,16.78077512,15.91223827,17.32086758,6.346954444,7.973346503,16.26190155
27432,13.10173511,14.40296122,15.91019218,10.4387769,19.54800797,5.290711478,21.30761512
28860,11.04246989,8.753429126,8.614229044,22.25352481,18.75069958,16.01353853,14.57210902
19523,17.81412016,23.81092874,23.81474978,13.10856855,11.26623691,3.707482784,6.477913079
28417,13.7690791,18.96238078,15.9025334,7.667798959,15.13983833,15.71117647,12.84719297
28008,13.7690791,18.96238078,15.9025334,7.667798959,15.13983833,15.71117647,12.84719297
9459,14.68180543,11.59913379,15.89935641,20.09212751,14.11201378,9.594891769,14.02067132
12476,11.11401026,15.65913981,11.7701061,23.43026284,11.92438183,11.45001364,14.65208552
29371,20.31620548,10.2102647,15.89154793,20.63425936,15.2185703,10.42287741,7.306274816
2814,13.34145892,19.60242357,15.8892136,8.849509147,11.63203665,10.76673772,19.91862039
3212,13.34145892,19.60242357,15.8892136,8.849509147,11.63203665,10.76673772,19.91862039
752,21.53395948,20.07309197,15.86499422,14.09453853,12.12124113,5.421930417,10.89024425
11228,16.51111984,9.543388883,15.86417804,16.4588718,6.835276223,8.705012633,26.08215258
191,18.68473723,18.08568528,15.85638709,13.82751984,9.803293201,11.75673134,11.98564602
10223,17.77906352,13.22196945,15.85604941,9.648390732,10.91283238,15.8200419,16.76165262
21752,10.7646308,9.629491255,15.85256007,25.66915917,17.79914304,9.30494329,10.98007238
40737,16.22227848,12.89291231,15.84902283,15.22927652,10.06720739,15.84693985,13.89236263
9863,21.40885232,14.3459005,17.20911486,14.11430968,12.12264228,7.985327917,12.81385245
33235,17.62343335,14.86604963,15.84170269,10.75607762,11.81012444,13.50079308,15.60181919
6464,15.6086606,18.45975967,15.83604407,10.73611967,15.41782808,8.871488131,15.07009979
30465,13.6066021,12.15328689,15.77516703,20.48736384,10.87578378,11.4303235,15.67147286
6312,16.64163573,12.97656025,15.83536614,14.7965761,11.76451696,13.99924888,13.98609593
12696,13.21714246,15.97522225,12.95553266,24.34064428,7.177577779,8.115691453,18.21818912
28112,18.5481947,20.13380517,15.83190221,8.952125697,7.050400727,6.615562109,22.86800937
28532,18.5481947,20.13380517,15.83190221,8.952125697,7.050400727,6.615562109,22.86800937
7059,14.79663374,4.805225598,3.96903595,17.21571214,22.84743319,14.31698738,22.04897201
12540,19.55418427,14.39761604,16.04604639,14.72239867,8.396888987,12.23188586,14.65097978
12544,11.94904579,12.13678919,20.13462263,11.55523698,14.34274022,14.55518071,15.32638447
29156,17.82364481,12.94577364,17.48154802,10.84457664,15.45210418,11.32220174,14.13015097
17210,19.8774713,15.17288307,15.82855915,16.64947023,12.22159295,10.02443125,10.22559204
17608,19.8774713,15.17288307,15.82855915,16.64947023,12.22159295,10.02443125,10.22559204
34459,12.22917327,18.78851595,15.82577017,7.75593258,14.10933693,15.74203396,15.54923715
28653,12.5743988,19.6185851,15.8229397,8.696830438,14.95496867,16.3629608,11.96931649
24897,14.67938252,16.70837094,15.81745088,11.45330754,11.33137616,17.16425994,12.84585201
10214,18.82544451,12.78742893,15.80376476,8.583409091,11.99604214,15.96043224,16.04347833
30711,12.62760704,14.41057597,15.80235759,21.14697199,9.183379981,8.589413089,18.23969434
38378,16.49719126,14.41278143,15.79787756,20.43896148,12.66095149,8.19015084,12.00208593
39305,15.837421,17.46292892,15.79686067,10.18775271,10.77254593,14.76230949,15.18018127
10529,10.84084414,13.00886699,15.78886777,11.30347323,18.0556144,16.08106892,14.92126455
12759,15.99125691,9.087208006,17.19912749,15.47872046,12.6314983,13.68394016,15.92824867
27094,14.88590547,13.95154928,12.70563245,23.52258815,7.257575196,9.037521324,18.63922813
27285,17.43563615,24.28599845,17.50742752,14.98995544,11.03308599,9.096339013,5.651557431
16701,18.36189507,15.90461216,15.7832911,11.25373703,16.93806296,14.44540682,7.31299484
20001,16.10820034,11.89459764,15.78328729,17.11657177,11.74513316,15.58184595,11.77036385
1866,14.78695944,10.10698088,12.81096107,20.77907771,8.456515294,5.00132394,28.05818167
18194,15.05064601,10.2397622,15.78208771,17.41168179,13.03960243,12.98172615,15.49449371
3536,19.57749207,18.28947303,15.7818705,13.62974535,9.66268209,11.11821613,11.94052083
19500,4.444646569,8.211895832,7.673792394,13.3043448,23.62648377,27.44303934,15.29579729
3969,19.57749207,18.28947303,15.7818705,13.62974535,9.66268209,11.11821613,11.94052083
33663,13.05904627,13.47775832,15.78145829,10.44046025,13.14616869,17.85954957,16.23555861
38597,10.18497031,9.361891078,15.76534339,10.93636047,19.79645283,15.46765626,18.48732566
12784,19.42078562,13.50491383,13.86329858,15.14606017,11.71952376,13.84123592,12.50418212
12191,11.5150512,19.45349397,15.76363793,9.625075636,11.75889168,8.103271398,23.78057819
17038,16.76311866,13.96469772,15.75333774,13.62511872,12.98220647,11.76581473,15.14570594
25177,13.23716443,16.35836067,15.75129966,12.69946292,9.906519687,11.07411991,20.97307272
25753,10.68846275,10.07780849,15.74062949,19.21850047,14.54365376,16.73047994,13.0004651
29310,16.3826398,15.86675851,15.74023779,10.68475693,11.62651827,12.9370143,16.76207441
33017,13.170999,18.11986192,15.73725589,10.95431812,12.86542131,11.60065986,17.5514839
9551,15.45507324,16.64995834,15.73559996,7.573456346,9.221015367,8.46913501,26.89576174
38284,17.52432287,14.73956147,15.72830295,9.642664086,9.357778246,16.74198497,16.2653854
3521,20.6864776,16.11959009,15.72484208,20.84644752,8.062252004,5.856818616,12.70357209
28837,14.34998719,14.9972187,8.571764598,9.957026776,12.66526209,19.45361335,20.0051273
6596,21.93773622,15.9672932,15.72216028,15.82725068,7.62945121,10.63563042,12.28047798
7022,21.93773622,15.9672932,15.72216028,15.82725068,7.62945121,10.63563042,12.28047798
18848,12.06803746,12.28452419,15.72197948,20.80913502,11.78403549,13.16302583,14.16926253
28731,11.05678159,9.966073839,17.56711642,21.95054446,14.2039201,7.31800299,17.9375606
19200,12.06803746,12.28452419,15.72197948,20.80913502,11.78403549,13.16302583,14.16926253
12668,22.16253316,17.30713014,16.48984575,17.1456581,6.943130753,6.233121389,13.71858071
29263,17.24495358,11.42265098,15.71840802,14.04825841,16.3928767,11.08095939,14.09189292
22395,17.09899235,17.09332819,15.71562184,15.96872807,18.8471976,11.12994613,4.146185816
19436,14.04120574,18.88171153,17.90716566,7.897042087,13.66152429,8.852379874,18.75897082
35642,22.5627884,17.82228088,15.71424693,17.60416192,6.734253378,6.246637487,13.315631
40792,14.24907024,14.55442107,15.70298972,18.43690186,11.31607372,12.1233664,13.61717699
3935,17.60247794,17.41620619,15.70103436,15.79959358,7.207938557,8.143950242,18.12879912
27335,6.951662599,30.74138134,16.76292367,22.51485221,13.0797823,1.286004058,8.66339382
11491,21.32201322,15.31542714,15.701007,19.4053694,6.389123609,10.68796169,11.17909794
9807,18.865421,21.96272803,16.46329992,8.474523068,10.16731753,10.77707129,13.28963916
21162,18.31732276,17.01399403,15.69110405,14.15671061,16.2429273,11.66236507,6.915576185
2395,16.5859176,14.58162897,15.68318056,8.470991387,12.43207383,14.71027539,17.53593227
24844,11.38318943,16.10715209,15.68184686,10.07972183,14.38245833,15.68169217,16.68393929
19413,12.15168984,14.45572108,9.441508208,16.82668422,15.45827876,16.50286273,15.16325516
25205,11.38318943,16.10715209,15.68184686,10.07972183,14.38245833,15.68169217,16.68393929
5150,18.69248647,12.13798597,15.67860792,21.06233438,11.86116548,5.716471705,14.85094807
9774,18.15824521,11.70527503,18.26307059,16.02925008,7.597322423,8.469755389,19.77708128
36993,12.96310184,16.3732393,15.66930974,18.80982538,12.83701399,9.40364853,13.94386122
21800,19.90238496,31.27459727,15.65191557,6.162382933,11.0499534,0.816797492,15.14196838
25486,14.69244285,21.9214133,17.46724643,10.47027698,11.38815162,14.44535079,9.615118032
23738,11.74898856,11.13953127,10.79846252,12.9506117,19.81882423,16.32074756,17.22283416
1859,19.52795637,15.55652525,10.89061402,14.63417534,10.22845642,16.11852078,13.04375183
25676,11.53322277,15.07123284,18.58829851,15.4533323,17.2054012,14.67032704,7.47818536
23921,12.82486567,14.78428614,20.80287402,7.471682431,11.2828388,16.2923617,16.54109124
40550,13.91649324,13.35989372,15.64088843,20.8147632,10.38983786,8.768536391,17.10958715
25085,12.6109734,9.16730735,15.63965999,22.73987418,9.701866057,13.81643843,16.32388059
9944,12.47696201,8.874874624,20.90996147,12.73734382,13.32334107,11.52427465,20.15324235
4704,18.14523508,14.0536316,13.31780818,21.64496212,11.04753388,12.82575029,8.965078851
8966,21.032928,16.24144303,15.63585646,9.66826224,9.232538055,13.61009033,14.57888188
15874,15.24011893,13.65429035,15.63319699,16.45374955,10.65493637,12.80546521,15.5582426
4351,17.13375686,15.74399683,14.75117072,19.5550515,8.075507662,9.57921536,15.16130106
28815,13.41475746,8.335838393,8.856446293,17.64564495,15.71593039,16.50998294,19.52139957
9718,17.95654341,16.30983301,11.53607213,13.80748413,9.841774565,17.84252159,12.70577117
23097,14.42662876,8.436909212,15.62503301,17.10880741,10.15624673,13.98663702,20.25973785
38687,15.39730919,12.90613213,15.6247415,12.10590222,9.691749514,10.05462542,24.21954003
9875,16.77210059,15.39233393,9.483099441,12.8106347,16.12296382,15.96831032,13.45055719
7336,16.31661975,17.00864494,14.78905952,12.23590687,16.82100016,8.687890844,14.14087792
8142,23.38137892,23.04087271,15.62265715,14.14423993,6.058369077,6.239198273,11.51328394
41082,14.62479904,10.83618764,15.618752,17.53933585,11.87088559,9.651963118,19.85807677
34606,11.87613806,13.74064956,15.61754702,22.10395843,12.61047421,11.8971565,12.15407622
4402,17.88933852,15.46970737,13.21245911,20.20388671,8.059687614,7.622069451,17.54285123
9039,15.63854549,22.07840689,15.61398358,8.278006856,10.53373841,11.54010506,16.31721372
28372,13.58398627,13.62934124,15.60910676,18.54685828,9.585544956,11.44747036,17.59769214
27956,13.58398627,13.62934124,15.60910676,18.54685828,9.585544956,11.44747036,17.59769214
11847,23.14468697,20.18454976,15.60711637,17.16964328,7.562217082,3.970563887,12.36122264
5881,19.0507403,10.62068269,15.59541208,17.4842887,9.156191919,13.20270894,14.88997538
1875,14.44622329,15.55866314,13.51487512,20.89359304,9.199127997,13.07010755,13.31740987
33711,7.386469698,17.02205556,15.59531176,7.165722252,21.11649336,15.92369803,15.79024934
32976,17.81973805,10.28914289,15.59530699,11.70965287,13.84428774,15.16083397,15.5810375
33678,15.51776368,15.79736445,15.58999268,12.03372457,11.79046763,11.82588378,17.44480321
6006,7.143072382,8.470765208,15.58884871,28.69636316,12.43517827,6.422411533,21.24336074
3655,17.06915091,12.44612262,15.58690911,18.57057557,8.550728039,9.401104389,18.37540935
19762,15.14311074,8.026762869,15.58273022,14.06553271,16.37514155,16.60670803,14.20001388
9788,13.06349396,13.08891561,18.17368934,6.500303408,16.44202358,14.43476746,18.29680664
2117,15.50228643,11.77974536,9.936552985,19.39236156,11.92106296,16.16502737,15.30296332
8650,14.60326472,14.08798712,15.5792145,21.17425006,18.96015381,8.917194069,6.677935711
9303,21.19462162,11.67393681,15.57796021,25.12575432,8.486456028,6.903110032,11.03816099
2003,17.47941332,15.17781637,12.4703645,13.15736591,10.69252882,13.38809697,17.6344141
19731,16.09988338,18.44193272,15.5742713,13.70818816,12.41725072,14.16518206,9.593291672
19304,13.27271133,9.030864459,4.273018017,19.4650932,21.41331397,11.91220843,20.63279059
1776,11.87154865,13.50872858,14.68352676,18.08730478,19.06088697,9.002062731,13.78594153
7073,11.60994775,14.10803045,15.00621084,17.44880481,14.98431598,8.899970773,17.94271939
2209,11.46292748,12.5811535,15.5718826,21.25212412,14.56467114,11.63579778,12.93144338
5191,16.26007611,19.57527125,15.57079255,11.51767759,10.40741451,13.65186895,13.01689904
33460,18.30103617,10.44820415,15.56582091,13.29004618,15.51501085,12.50379285,14.37608889
4608,22.65920763,21.1747367,20.05250493,11.3636303,7.756647994,4.296801778,12.69647067
27575,16.25904275,14.7272855,15.56419424,9.251671078,11.73837606,16.1507868,16.30864356
3825,16.28936925,11.50330151,15.56361245,22.54087759,7.951045324,8.883545022,17.26824885
4232,16.28936925,11.50330151,15.56361245,22.54087759,7.951045324,8.883545022,17.26824885
32872,13.42814012,16.38965643,15.563467,22.58785521,7.645100127,8.935211755,15.45056937
32455,13.42814012,16.38965643,15.563467,22.58785521,7.645100127,8.935211755,15.45056937
26920,19.84035712,16.62975465,15.55297859,18.47073669,7.851480066,7.189125003,14.46556788
40433,22.31893735,15.64539376,15.54951108,16.15309962,8.774155519,9.639963231,11.91893945
38271,12.4949116,13.25286098,15.54674388,20.04044479,14.50162225,9.085054895,15.07836161
2475,14.5213063,12.89103163,15.54189382,17.03056273,11.90488293,11.47434567,16.63597693
28768,9.115899207,11.43099394,21.19261575,14.61004641,20.20206962,6.309527061,17.13884801
36665,15.6503392,12.5638083,15.5317386,13.29972005,14.99078696,10.72140227,17.24220462
20650,16.24135989,11.81626605,15.53162335,15.47124898,15.11098159,8.136173155,17.69234697
13099,13.88929782,12.71066974,15.53048388,23.74599691,19.71456416,5.343797853,9.065189629
2154,16.86328973,20.7649688,17.76083346,7.572566226,10.89828742,9.777144165,16.3629102
8526,19.91193763,12.86139662,15.52950653,18.00923334,8.147221074,11.07042908,14.47027572
5007,16.68933971,12.17847504,15.52936801,16.04808916,11.22697113,12.22947167,16.09828528
25997,0.001279823,0.013246299,15.52477628,6.521323707,68.50021605,4.965352739,4.473805102
26017,0.001279823,0.013246299,15.52477628,6.521323707,68.50021605,4.965352739,4.473805102
36916,0.001279823,0.013246299,15.52477628,6.521323707,68.50021605,4.965352739,4.473805102
906,13.40708781,9.416922205,15.52474135,17.69371104,11.07820158,14.30924078,18.57009525
17027,20.29580608,19.11981214,15.51969007,12.05365426,7.787144011,7.551304827,17.67258861
33216,14.85904207,18.86531956,15.51879321,15.63987407,10.59943683,13.2429061,11.27462816
27895,16.57465538,19.5887675,15.51526982,17.31499322,14.7903627,10.6537186,5.562232794
28322,16.57465538,19.5887675,15.51526982,17.31499322,14.7903627,10.6537186,5.562232794
9503,17.88714662,19.76413578,15.50404565,11.23203246,8.522432326,9.442373246,17.64783393
3777,18.99823109,21.89629206,15.50053587,13.70249072,9.751174437,9.699796117,10.45147971
34402,16.86028372,18.34950515,15.4937853,16.71035444,15.02989891,8.925053495,8.631118981
25395,17.74708176,16.48491113,14.68694252,9.811106055,9.638890123,16.10019951,15.53086891
5168,15.69707308,14.37920071,15.49322718,21.17488586,12.29962914,4.283736928,16.6722471
5840,17.84300212,13.50679372,15.48885278,15.34506849,11.8982497,15.70719896,10.21083423
2466,16.55541221,11.28529455,15.48373021,12.38860855,17.7373482,15.39130517,11.15830112
28817,17.15473668,15.26693893,13.55266824,9.314574253,19.28552387,11.94193816,13.48361986
9275,19.77493604,16.4014174,15.48203956,20.5146608,6.836157212,8.709095628,12.28169336
9672,19.77493604,16.4014174,15.48203956,20.5146608,6.836157212,8.709095628,12.28169336
23077,15.56927872,9.770012902,15.47616417,19.45729092,7.602323803,11.2658639,20.85906559
7566,15.5571033,15.18873981,15.47555532,14.04082573,12.00644609,14.08035091,13.65097883
39393,15.19860762,11.64816689,15.46853439,11.4948133,15.4770793,12.93426127,17.77853722
6480,19.47788611,13.78263518,15.46796802,14.61343341,9.763941143,17.42174604,9.472390088
8073,13.39874728,14.31267164,15.46405997,24.03997811,10.30889594,6.795274532,15.68037253
14250,15.27145377,12.10967044,15.44745701,14.50597923,7.780755444,12.71972222,22.16496189
35710,17.91704771,16.07688931,15.44556418,12.20239926,13.43686118,7.746214788,17.17502357
317,13.45736392,6.359355007,15.44163711,18.12818184,14.13278403,16.59036786,15.89031023
19856,18.4809684,13.5628101,15.43958146,13.73817274,12.38853667,9.80707613,16.5828545
25193,17.60427716,14.14819194,15.43338807,16.50314269,12.62565638,7.701331191,15.98401255
1241,15.97100182,12.13463673,15.43294421,10.07836069,11.59616812,16.07437656,18.71251187
36563,17.8712842,11.69827651,15.43192035,23.84811642,12.70875323,6.929209179,11.51244011
12274,17.3532709,11.23526455,15.43120442,23.74876965,8.205345158,8.911456423,15.1146889
18773,16.95606616,13.28520333,15.43091413,15.39851928,12.14344638,7.209706463,19.57614425
7253,17.47844644,10.14061641,8.258251967,16.36331443,9.12332955,12.55552094,26.08052026
19148,16.95606616,13.28520333,15.43091413,15.39851928,12.14344638,7.209706463,19.57614425
29477,13.55643672,12.95165793,15.43054702,11.82473625,13.29575849,15.78193984,17.15892375
5709,12.97889016,23.01390594,15.42768556,8.137750888,12.1332581,16.1407243,12.16778505
9958,15.06736961,17.12210603,23.06113826,5.550690205,14.63141813,16.35850763,8.20877014
6113,12.97889016,23.01390594,15.42768556,8.137750888,12.1332581,16.1407243,12.16778505
11981,17.07109343,16.32941081,15.41748422,12.03763891,12.15543169,19.9349594,7.053981543
2011,6.614787636,8.223996058,33.19600866,10.86576189,11.55780364,3.79553633,25.74610579
4510,19.64147223,12.8550836,14.19458684,12.77105521,9.956946213,11.11100489,19.46985103
5447,13.89769893,13.51214392,15.41517616,11.95940542,13.60275202,13.18340398,18.42941957
4654,15.30344184,13.59414922,10.16677793,12.89034951,23.19745726,11.59644412,13.25138013
8890,14.24485055,19.99486702,15.41076922,15.12949286,9.181850512,9.12004797,16.91812187
23395,14.35854534,20.8556918,15.39106652,6.145138527,13.832057,8.285223634,21.13227718
11624,14.32642573,14.96325995,15.39078343,21.52808932,7.560224253,8.821420835,17.40979648
1975,13.51583558,17.85759388,17.48485818,13.06680815,17.70191705,13.84965631,6.523330846
8576,22.33028206,24.48759687,15.39057696,11.04008549,5.297553072,8.591002231,12.86290331
29682,10.76154562,8.68502504,15.3836811,18.17764823,14.66962798,13.50600569,18.81646634
3317,13.57589995,9.690780151,15.38016523,25.02616201,7.696745243,10.68571728,17.94453014
38384,14.88240139,13.83538329,15.37411523,20.15397998,9.594733991,10.58970645,15.56967967
36573,16.99054841,15.87500299,15.37122814,21.03842713,8.473504483,12.05227121,10.19901764
27848,17.08626931,17.47173543,15.36763704,21.08010476,8.394434721,10.61418345,9.985635289
9899,16.0691433,10.43059091,14.32906399,14.51632878,13.8303907,17.38587485,13.43860747
7282,22.01238889,16.93614692,23.57347159,20.935419,4.787646033,3.07197278,8.682954777
28278,17.08626931,17.47173543,15.36763704,21.08010476,8.394434721,10.61418345,9.985635289
25428,11.43810344,13.7107814,10.24518986,13.79772085,12.74285645,16.31475572,21.75059228
8236,22.18656788,21.05094121,15.3657008,15.38869849,7.119758627,4.295669015,14.59266399
27700,17.03423938,12.26202002,15.36157494,10.31911714,12.57712593,17.39380485,15.05211774
29895,17.09553089,19.81240378,15.35595253,13.88224181,10.55103829,9.572237746,13.73059495
31496,20.9217729,18.93920285,15.33922536,14.60175113,8.645217798,11.24446069,10.30836927
31965,20.9217729,18.93920285,15.33922536,14.60175113,8.645217798,11.24446069,10.30836927
36719,16.00613454,10.22843524,15.33674387,16.10089178,12.52318091,11.40344052,18.40117314
28757,16.11609162,18.20208962,22.18840799,6.492325393,12.95155249,18.0986835,5.950849378
2424,9.967294175,10.5590916,15.32873178,20.04947029,13.15250449,14.47194245,16.47096522
7735,16.49258465,10.42430044,15.32616504,12.80225066,21.56696893,12.37012551,11.01760478
30235,5.167805069,10.6848806,15.325113,31.11571105,31.84063499,4.471547326,1.394307955
12113,16.55627002,14.61947758,15.31793832,23.80329398,7.404597171,1.453955622,20.8444673
18270,14.07631726,16.32450728,15.31711229,19.96515182,7.974882891,11.65919504,14.68283342
25470,5.981575714,10.14793164,20.32903666,12.8175683,19.76962054,18.37929204,12.57497511
35425,16.52189115,11.61551047,15.29846099,12.0991054,10.47140008,16.21233924,17.78129266
39621,16.91307386,12.05120933,15.29744611,14.25810152,13.53206306,11.35834574,16.58976038
13131,16.01126261,19.75877005,15.29383647,16.10103772,13.548053,10.43204931,8.854990841
7280,16.11842996,6.496930428,17.17056335,21.29316988,22.01554738,7.170122209,9.735236801
33181,14.13543583,16.50058929,15.2781265,12.75087548,14.01342459,14.47592809,12.84562023
34692,20.63398847,18.46040438,15.2753346,12.43897817,8.36759881,10.08939494,14.73430062
29567,5.879324791,19.8011007,15.26977843,4.490888885,17.91341217,11.00631963,25.63917539
27874,10.13261469,9.847670102,15.26109877,7.113805087,13.96539035,22.49535172,21.18406928
25674,12.94463204,19.63585145,18.95072488,4.529140637,13.63663581,12.64416215,17.65885305
28298,10.13261469,9.847670102,15.26109877,7.113805087,13.96539035,22.49535172,21.18406928
14247,10.76890493,9.634783548,15.25612055,25.45706219,17.38664068,8.944332441,12.55215565
30715,18.56870894,11.9505342,15.24888596,14.4640315,16.76903235,12.03099537,10.96781167
33024,16.24633846,19.52378111,15.24736515,12.20715966,12.39682715,10.66447302,13.71405547
4718,17.7339121,20.44966831,15.07387949,6.993046407,10.96861855,9.026526907,19.75434824
11424,12.24393844,27.00740361,15.24526803,7.539115902,23.88625192,7.820227074,6.257795016
11012,12.24393844,27.00740361,15.24526803,7.539115902,23.88625192,7.820227074,6.257795016
29580,19.61792445,12.05876019,15.24419205,29.92188664,9.877211655,5.87630623,7.403718787
17209,8.502022797,9.001735342,15.24030023,25.8932407,10.55593981,12.89948584,17.90727527
30005,11.11525157,14.06097948,15.23818609,10.29621775,15.03017935,16.13612931,18.12305645
17286,18.6569359,12.06588823,15.23343993,17.81645812,10.98654511,11.96345105,13.27728165
17653,18.6569359,12.06588823,15.23343993,17.81645812,10.98654511,11.96345105,13.27728165
25330,8.537204801,10.3509096,7.988851133,20.80603946,26.22140248,4.445659965,21.64993256
22744,16.09891298,16.35891585,15.22975753,15.70031731,18.04585872,8.50838795,10.05784966
10344,13.70993206,14.58011866,15.22038133,15.630193,15.48153035,9.514406572,15.86343803
4344,18.14081321,8.945713264,24.66009987,22.69997006,7.615762594,5.691924356,12.24571664
19394,14.24088411,11.6007386,12.22913823,16.90054544,11.20213541,14.97546958,18.85108864
29175,16.90524484,13.12680965,15.21254061,15.83135779,14.07555678,8.547615565,16.30087477
7231,14.10798979,16.93146963,13.12585289,15.57845965,14.73252776,11.92840114,13.59529913
11715,9.38598334,11.74766867,15.21080798,17.33424442,16.87293379,15.05957215,14.38878965
16291,14.15117003,13.72130405,15.20871294,21.26831623,7.118113877,8.410094636,20.12228824
16697,14.15117003,13.72130405,15.20871294,21.26831623,7.118113877,8.410094636,20.12228824
27918,9.919033626,11.69206387,15.1898493,9.683784803,21.86994226,18.86277327,12.78255287
1788,10.29967932,17.00639393,11.66357438,15.75612457,19.89357085,5.888496155,19.49216079
28340,9.919033626,11.69206387,15.1898493,9.683784803,21.86994226,18.86277327,12.78255287
7346,16.2901732,21.0579134,33.39058081,7.973719682,10.04237308,3.644875347,7.600364477
12008,17.78502622,10.31460985,15.18145398,17.40217195,8.825793171,12.3883607,18.10258413
11951,18.0917952,21.69942865,15.17517962,11.21675048,10.22981564,9.435542476,14.15148793
6063,18.49810988,15.80752469,15.17039921,15.95895322,16.41682612,6.685379456,11.46280741
25611,13.81050077,21.24416229,16.26022991,9.645074935,9.843887091,8.229976839,20.96616816
29381,13.19512006,23.44943846,15.15595066,7.372044415,11.7484066,12.38881044,16.69022937
36442,19.4237891,13.76016759,15.15458325,13.45284771,7.960612302,10.74372468,19.50427537
2006,16.64143714,18.87751247,19.57163018,10.26585702,10.58394626,13.37161093,10.688006
11290,14.48930581,12.46117097,15.15270598,16.87091611,14.60253531,12.75023964,13.67312618
27608,11.04662613,15.71176673,15.15258288,8.136916314,18.07326301,16.83238253,15.0464624
32449,14.00271324,10.20212437,15.15006181,19.79215185,13.86400513,11.72962411,15.25931948
9734,16.10152898,13.53540138,10.09327418,13.87206892,15.47016605,15.07433965,15.85322084
32902,14.00271324,10.20212437,15.15006181,19.79215185,13.86400513,11.72962411,15.25931948
16590,16.03389055,9.973763883,15.13239489,15.68096698,12.86012254,12.28615247,18.03270869
4714,18.84211839,15.9082211,18.63008542,16.63437843,8.001774778,10.72576666,11.25765523
11054,11.15042012,19.0707685,15.13227001,21.36409303,9.193583005,11.67049613,12.41836921
5109,15.60862525,9.377772887,15.12837683,15.64414879,15.35297348,12.7199764,16.16812636
3752,18.28930456,16.30380464,15.12681571,20.51920747,7.721615976,7.902668346,14.1365833
4156,18.28930456,16.30380464,15.12681571,20.51920747,7.721615976,7.902668346,14.1365833
32987,16.64732126,16.46147839,15.12597915,13.49184138,13.44265714,14.53479223,10.29593046
20167,18.72902155,13.90857062,15.11383247,24.16591674,9.865440341,9.077702442,9.139515835
2227,16.77420876,15.48575664,15.11040372,14.45433804,14.35046367,11.8854399,11.93938928
36464,21.91709783,19.9084491,15.11003187,14.63869531,7.563717141,8.487919767,12.37408899
25509,12.56843792,20.58725443,19.03370709,7.706627323,11.92434567,18.16813655,10.01149102
2910,7.97310428,12.43781216,15.10963323,20.72570644,13.41747364,13.35275117,16.98351908
10953,21.49257196,15.71669128,15.10572191,17.37405843,6.177698531,10.2505905,13.88266738
11372,21.49257196,15.71669128,15.10572191,17.37405843,6.177698531,10.2505905,13.88266738
6947,17.71787286,6.871012318,15.09783251,15.55925324,20.68645709,11.82094202,12.24662996
7125,18.48908616,17.37501941,23.59911778,13.33323457,10.04106039,5.20896334,11.95351835
38491,18.38547793,17.19986665,15.09525842,13.81237132,15.62120027,9.418476396,10.46734902
5341,16.70398796,10.34977893,15.09293701,21.55743813,10.32646191,13.45886607,12.51052999
9057,14.29525316,9.733380182,15.08874047,14.64829771,13.28897821,17.99624469,14.94910557
6415,18.34910108,16.8791426,15.0871004,17.04627406,10.88934089,7.918675903,13.83036506
6836,18.34910108,16.8791426,15.0871004,17.04627406,10.88934089,7.918675903,13.83036506
4519,15.63463486,20.39842062,24.64571847,6.695956071,6.950319187,3.620820996,22.0541298
7386,10.81045987,14.60897486,10.03804367,7.796787233,23.83764517,12.35389202,20.55419717
34638,15.85426688,11.6720215,15.08187472,17.23783281,12.48658842,16.21660692,11.45080876
7700,12.46704846,13.55637292,15.07359746,19.93888239,13.54036769,10.78808513,14.63564594
15662,18.5635619,12.33708525,15.06986478,17.93095775,10.71054575,11.29093834,14.09704622
2985,20.54283372,16.59102085,15.06816365,17.22446352,9.416344229,10.6282982,10.52887582
6671,17.21557357,14.50593443,15.06574306,15.96476459,12.42558446,11.31056043,13.51183947
9897,14.87134288,13.48597644,20.51184513,12.0128939,14.71161828,17.85584602,6.550477352
23044,16.52279132,13.57273848,15.06426732,15.1410653,10.36385821,12.36680862,16.96847076
13045,16.69988325,13.39584879,15.0637622,14.03727137,14.51615175,12.68741931,13.59966333
3597,20.83073557,19.67846027,15.06216204,14.12341489,5.48821517,6.977445955,17.83956611
25803,16.71586119,18.86937917,15.05620961,7.585034388,9.558047583,14.3119408,17.90352726
5783,14.85374271,11.12381216,15.05482322,20.23358479,12.3711386,13.09988367,13.26301485
1645,24.22080645,20.06779935,15.05458313,20.43509492,6.816637051,2.953344795,10.45173432
36427,17.67469157,12.34105157,15.05430587,12.47124477,16.03328714,15.74818779,10.6772313
31299,17.08053564,13.98947984,15.05065316,13.62377232,14.55931699,8.684775569,17.01146648
25539,17.82029654,13.41714074,10.41010934,19.18513777,19.17693492,4.343737839,15.64664285
33260,10.12940053,19.74170785,15.04508819,6.222511296,17.73859254,14.93223093,16.19046867
27496,15.30531828,13.85359609,15.0386964,18.27207746,19.02293344,3.923906463,14.58347187
28953,18.58654595,11.29173815,11.47885329,16.87563173,13.36601696,15.32346406,13.07774986
33124,16.42352833,12.29585431,15.03830633,14.94129376,11.24426968,14.97653322,15.08021437
16058,11.9249887,10.50263341,15.03811237,21.69764249,14.50727638,8.931627373,17.39771928
8453,19.451701,16.32901506,15.03704494,23.37192653,10.04342205,7.257008942,8.509881486
5147,14.48147286,10.95361956,15.02922214,21.42832269,13.52026549,7.108183999,17.47891326
19830,16.07815274,15.14564219,15.02733336,12.1921182,7.318031434,15.5015327,18.73718937
11979,14.43790381,14.48460658,15.02285151,17.81448653,11.52288138,12.02967013,14.68760007
15827,15.7587747,17.34172175,15.02104968,15.91761164,13.11092136,8.692031931,14.15788895
10910,21.13774475,17.46340816,15.02010864,16.73912797,9.01909597,11.51965966,9.100854843
11346,21.13774475,17.46340816,15.02010864,16.73912797,9.01909597,11.51965966,9.100854843
25688,15.12864482,20.21793846,19.69607122,10.34921025,10.02911459,10.17582435,14.40319631
38606,12.81602685,10.10909143,15.01906047,38.59684146,9.556379835,4.972735375,8.929864582
22938,15.91276906,15.62125049,15.0154946,12.27385852,11.20178582,14.74999749,15.22484401
27196,11.76584601,6.115401867,6.454486729,18.02260803,15.38814864,21.79649919,20.45700953
38480,13.76918378,18.63184942,15.01233836,7.650110555,10.6148326,16.21833955,18.10334574
36588,13.43623735,13.51172698,15.01191979,19.76815344,17.2488258,8.876449186,12.14668746
21147,19.51790556,20.37098007,15.01186156,14.81942402,7.274106372,12.45865811,10.5470643
19072,16.98108867,18.20329695,15.00797264,20.449538,7.636684115,12.20246024,9.51895937
10475,15.03068965,14.25454465,14.99997992,13.03167806,14.02656292,13.18406982,15.47247498
1786,12.35184994,12.83667932,11.16778747,19.66269501,10.194513,15.88741309,17.89906217
17494,14.70361697,13.67833383,14.99846822,15.59986088,16.92178894,11.03604789,13.06188328
10007,14.88613991,5.792042422,22.10496713,14.38139467,13.77459559,14.80437814,14.25648214
10048,16.10780744,21.46542062,16.33955133,7.927361194,9.680274056,11.96643604,16.51314933
34401,13.74735884,15.26395222,14.99407601,12.68865921,16.68128275,12.49302551,14.13164546
24832,16.37776754,20.84990663,14.98998823,9.586354202,9.345399512,11.44760827,17.40297561
4359,16.5807221,12.37438417,11.12172278,17.60281089,8.513874271,13.93359142,19.87289437
6739,18.10176766,15.74861128,14.98868747,15.55819258,9.451180958,12.16942701,13.98213304
33364,19.39298125,12.78331144,14.98840447,17.72535621,8.118360308,8.351149753,18.64043656
9956,16.03806132,10.61989262,27.6794805,8.326835643,11.9613624,13.97243699,11.40193053
5360,11.2462454,17.21462198,14.98572158,20.71917518,7.397769608,11.09966218,17.33680407
1598,18.99379487,13.54800237,14.98455953,23.78995186,6.710316627,6.704354472,15.26902026
7050,7.146602932,10.3853122,6.81856783,15.39460211,26.89609867,13.79298731,19.56582895
1881,15.64641291,6.593321138,17.20918718,19.6387674,10.04072908,11.9453543,18.926228
5614,15.14382185,14.26276317,14.98370247,13.69329007,10.06077905,10.61854579,21.23709759
6032,15.14382185,14.26276317,14.98370247,13.69329007,10.06077905,10.61854579,21.23709759
22839,21.64623668,21.09139106,14.9774934,15.35339003,9.990238744,8.208260601,8.732989475
41156,17.60113901,16.86410245,14.9685076,18.00078536,9.050747162,10.38711243,13.12760599
30111,15.68547495,10.52111861,14.96365436,8.817686647,11.74504445,17.14207643,21.12494456
10140,14.62335365,12.8063321,18.67995404,8.700914723,13.52675919,19.68162738,11.98105892
29720,15.68547495,10.52111861,14.96365436,8.817686647,11.74504445,17.14207643,21.12494456
11536,16.25800664,18.4016698,14.96359059,25.92777673,13.00217639,3.767937299,7.678842558
7307,19.80136601,14.15954685,19.77487052,14.05926584,6.792823234,7.677335519,17.73479203
12960,18.14139937,16.96112644,14.95871545,17.87177165,8.937660343,10.82473907,12.30458768
10028,12.48409853,15.79460739,14.22685083,20.42885395,10.32241325,6.441923851,20.3012522
22376,15.28924423,18.6114566,14.95566396,13.82464836,14.20642617,12.47851338,10.6340473
25463,10.16031871,13.73166159,24.00610117,15.08655668,9.659419826,6.537200211,20.8187418
5272,11.18739657,17.04548315,14.93909263,8.567910109,25.75657255,6.304009967,16.19953502
19399,15.70137937,15.37792177,17.05030058,21.75468355,9.55324384,7.310584367,13.25188653
12249,15.23880951,11.47006346,14.93077175,13.56259829,11.38371543,11.89368464,21.52035692
13195,14.50441052,17.1057433,14.92865695,13.17083255,13.9304997,14.21938698,12.14047
10351,13.21945463,9.464942123,14.92020126,16.98200833,13.90479693,12.89246275,18.61613398
20243,18.39572593,12.90087289,14.91115885,19.06470618,8.757670582,8.119774723,17.85009084
29558,17.82692859,18.65292918,14.91107922,15.09601628,18.74115978,10.35073163,4.421155316
1900,16.27609371,15.38692621,12.60814256,12.57696747,15.90852643,13.15360322,14.08974041
10477,15.99063808,11.21691876,14.90982182,13.31405175,10.99763862,13.08321336,20.48771761
1711,14.32013345,11.34154944,15.64480205,16.12309245,16.0678933,10.20627025,16.29625907
10030,10.80349623,9.607719374,10.71324872,15.98068177,11.93142011,10.40996761,30.5534662
37071,11.0224007,14.97379275,14.90676966,11.84912702,19.61170146,13.11951172,14.5166967
32217,18.51488008,20.17687457,14.90337324,11.10632059,10.05433984,10.6685697,14.57564197
32689,18.51488008,20.17687457,14.90337324,11.10632059,10.05433984,10.6685697,14.57564197
9470,15.63634064,14.08587351,14.9016561,15.41332248,9.25000871,13.09032984,17.62246873
22409,18.447453,15.8493879,14.89693974,21.54901838,6.168959083,4.503672539,18.58456935
5952,15.82290895,12.70730716,14.88881083,9.248513066,10.73858477,14.37806608,22.21580915
39592,14.74696133,8.788016265,14.86981234,14.62103848,16.24024327,15.01355618,15.72037213
21421,18.45843782,15.95449902,14.86732461,15.44857463,15.133416,15.7325967,4.405151215
38670,15.91781998,10.39175915,14.86672441,12.15863829,13.1432866,16.23354154,17.28823004
8825,10.32173819,14.62199916,14.8663317,32.38617548,13.67739643,5.741922848,8.384436204
7190,10.29568912,13.59534921,18.64270813,4.601257794,18.56959011,14.24991785,20.04548778
1954,15.61467302,11.99891985,10.0538887,13.81718341,14.06404344,13.44355289,21.00773869
27953,13.79797656,7.7884819,14.86620176,18.36739748,13.26732543,15.13232399,16.78029289
28369,13.79797656,7.7884819,14.86620176,18.36739748,13.26732543,15.13232399,16.78029289
7255,17.49314786,20.8143063,16.08173796,8.182514049,10.7208613,16.6471165,10.06031602
9937,16.06863014,12.83245176,12.79599144,13.12129646,13.56629384,16.57174043,15.04359592
38355,17.23031616,15.71422165,14.86583786,10.59750747,14.61405334,16.57164635,10.40641717
25560,18.20762444,14.33620108,13.90941994,10.30668407,10.59358672,19.26370204,13.38278171
9624,14.79919761,19.76386551,14.86103781,10.05729915,10.30862913,5.753035417,24.45693537
27926,20.81524569,19.26087124,14.85558683,11.01608436,12.14056983,11.40640738,10.50523467
28336,20.81524569,19.26087124,14.85558683,11.01608436,12.14056983,11.40640738,10.50523467
2018,18.13492639,15.74281492,16.32391794,13.05398028,7.900381462,13.17825118,15.66572783
4480,7.15780084,5.01685013,4.881336071,27.72437209,20.13354642,14.35336582,20.73272863
4535,16.56883244,16.3929497,19.82777517,22.45151221,5.63649059,3.653259269,15.46918062
10675,16.45794398,16.84829414,14.85443362,19.63944535,8.379765321,13.33042269,10.4896949
7156,12.19435944,7.845113922,9.165960958,23.07241317,18.63064154,14.2446149,14.84689606
8793,15.38530034,14.48481934,14.84667519,11.12912092,14.04021839,12.71660715,17.39725867
28753,17.35205696,11.06214715,14.61877627,24.6545495,8.452201597,7.082000007,16.7782685
8371,15.38530034,14.48481934,14.84667519,11.12912092,14.04021839,12.71660715,17.39725867
4739,22.90078761,19.02347077,18.72126539,20.90886937,7.614791829,0.919640293,9.911174733
6280,16.40188639,17.38071914,14.83967599,9.538886544,9.699505637,9.898863865,22.24046243
13667,16.85526776,16.29773553,14.82986968,12.92507651,14.05561876,15.0839735,9.952458268
28013,15.38063525,12.47579933,14.82942401,9.646111016,11.83859272,16.05670333,19.77273435
28420,15.38063525,12.47579933,14.82942401,9.646111016,11.83859272,16.05670333,19.77273435
8036,16.81870304,19.06971843,14.82579693,8.56073909,12.33467476,17.13790793,11.25245982
10173,15.20086854,12.36156382,14.82481407,12.81376648,17.77308572,15.44808783,11.57781353
4589,14.18405004,14.86630319,8.828545235,20.12520525,12.45823875,19.14176751,10.39589002
16735,17.85712093,19.19005283,14.82145243,17.45917385,12.90462318,7.885314923,9.882261857
4674,21.09161166,22.44889288,18.75501481,12.90163016,6.397797675,9.020460816,9.384592
21630,18.23822994,14.58077538,14.82067357,20.07395262,8.712375263,10.36170719,13.21228603
14621,12.88873322,13.433641,14.81939307,20.36562598,16.41403108,10.89397854,11.1845971
3158,18.18374191,19.62662794,14.8183443,17.08201603,6.086108215,8.868859507,15.33430209
25501,14.87802232,17.2327004,18.29617672,11.77164951,9.878847081,11.07380913,16.86879484
11644,19.46804389,15.51201509,14.81727856,11.44300033,8.171636034,12.94003415,17.64799194
25494,14.83792421,5.921664588,5.327761037,19.91637673,14.29615767,18.60326664,21.09684913
1869,16.79220379,15.17164719,18.78267821,21.38227049,6.626234273,7.255715747,13.98925031
33098,7.212620475,14.99207629,14.81395506,8.653212188,13.78418529,17.16528074,23.37866995
36773,16.00797655,8.72915033,14.80705772,12.41657313,15.57874495,15.27133471,17.18916261
17601,18.96207659,11.69265978,14.80577745,13.70492719,14.15615771,13.85383511,12.82456616
8457,18.52152623,17.95779745,14.79951585,20.10949909,8.989391361,12.45723178,7.16503824
4597,17.39308943,10.70379869,20.11574886,24.63874919,8.837605102,6.157742182,12.15326655
25498,14.66153323,23.86932723,22.16462329,10.24278106,7.726818084,5.413982065,15.92093503
25571,15.06355159,15.6540924,24.55979157,9.000325115,5.664302758,5.652855706,24.40508086
2068,16.46129478,16.69361502,19.32588056,8.721783535,7.827387942,8.313006544,22.65703162
4318,16.32580327,7.896530624,14.79089169,20.19153475,13.48857469,12.50337009,14.80329489
19119,16.80740603,7.875038563,14.78461033,15.17929638,12.26443142,17.18163284,15.90758444
5248,18.68458134,15.10047954,14.78404018,16.62703289,7.942644964,12.8775344,13.98368669
25466,17.58385926,16.87430475,15.91916331,10.55051485,13.89135154,16.87970964,8.301096654
10710,18.194988,20.1125391,14.77247366,12.00227538,9.429485652,9.877281749,15.61095645
23610,15.38351554,16.28053012,14.76829808,11.96678141,11.70576335,12.70907622,17.18603529
21146,13.36125306,15.04730868,14.76782117,13.50661082,16.42891144,14.61049663,12.27759821
21542,13.36125306,15.04730868,14.76782117,13.50661082,16.42891144,14.61049663,12.27759821
25464,16.47264578,17.97377777,27.96278,10.04910388,9.6552474,3.784389097,14.10205607
7235,17.00424849,10.17324089,23.51073402,18.36217127,9.753362814,9.822078563,11.37416395
9000,16.36789273,15.93119634,14.76701339,10.76389656,8.947406991,13.71330824,19.50928574
12365,16.54854259,13.54774765,14.76362755,17.73152445,8.38011487,11.21770604,17.81073684
15949,12.8033343,17.44224545,14.75366639,9.431031112,19.83135913,10.57116734,15.16719627
33114,9.989913989,21.80429514,14.75321464,6.15666644,16.93408167,16.92949953,13.4323286
16342,12.18330009,11.26915757,14.7519125,19.71800972,15.44884015,15.17234424,11.45643574
4614,16.45513842,19.95191148,27.04799782,9.552633523,7.77837906,1.82873972,17.38519996
17422,24.09320774,17.9582791,14.74644933,17.61472416,8.909714937,6.071506262,10.60611847
25424,17.2233326,17.35151065,15.56585279,11.11318073,10.76084109,14.50583638,13.47944575
8314,16.41170775,13.27528909,14.74509292,17.81478612,14.91089515,8.468389958,14.37383901
17311,14.29246483,8.177439632,14.74494455,23.24449327,7.969791131,9.911670488,21.6591961
512,17.37111821,14.46821673,14.74185592,16.2430459,10.13341101,12.0162398,15.02611243
8200,15.2866445,17.37617198,14.74063593,13.29713884,12.15436489,13.73556424,13.40947962
13165,14.49927841,7.668830791,14.73961743,15.77543539,9.921100865,17.35227755,20.04345957
598,13.48226021,17.98065225,14.73349548,11.82510324,17.08246651,15.52897308,9.367049236
24690,16.42512387,15.82526213,14.73306159,8.489200954,10.22015638,13.85745417,20.44974091
12005,17.70283196,17.20088193,14.72821099,12.09443823,10.37782296,13.827166,14.06864792
29733,15.75632465,12.1659828,14.723784,20.95271372,8.003251619,7.257964886,21.13997832
11998,15.79403132,21.70883561,14.72180596,10.78013976,9.740783961,12.92167578,14.33272761
12432,15.79403132,21.70883561,14.72180596,10.78013976,9.740783961,12.92167578,14.33272761
7069,13.35323319,11.85436594,24.58399391,9.136024972,12.51199169,19.23376422,9.326626073
20326,18.67852432,12.08810379,14.71918205,24.03223295,5.881894695,7.669696786,16.9303654
4325,14.77563242,11.21485279,8.908486815,17.22135902,11.7249276,16.88470443,19.27003691
13274,13.02019146,19.54123856,14.71885401,21.59410332,15.01043829,11.41068564,4.704488719
4746,15.89886238,10.8035368,22.1496902,23.26066043,9.369907232,4.200888379,14.31645458
13950,15.21169569,14.72387624,14.71611959,13.55206539,16.58977242,9.19951416,16.00695651
21062,17.65448569,13.88038941,14.71587367,15.78158016,8.785564189,9.132290334,20.04981654
30253,16.45357466,17.9873076,14.7110214,14.42515892,10.31451531,11.1604814,14.94794071
29935,16.45357466,17.9873076,14.7110214,14.42515892,10.31451531,11.1604814,14.94794071
27705,16.72215326,14.26832943,14.70953159,13.15982681,12.51674067,17.04683063,11.57658761
36423,10.84274057,13.8136377,14.70687412,25.47077671,11.64124551,9.415918176,14.10880722
4433,11.97125217,18.57151708,11.05415233,11.72364973,14.69584253,13.01363817,18.96994798
12665,22.4157144,19.35062325,17.1437915,17.01807897,7.943936583,8.323815755,7.804039537
40749,15.10918963,13.18710148,14.70507929,17.54364109,13.81303551,10.88671616,14.75523684
36829,19.30303421,17.37141639,14.70411689,11.78909893,14.9814257,13.7433493,8.107558585
6124,18.6693237,12.69697742,14.70314168,16.07712611,10.14037087,12.10538314,15.60767708
6175,11.7472003,11.41640683,14.70218184,18.13252239,16.27820826,8.897291739,18.82618863
25475,11.77633772,10.84245996,11.06928096,14.94500795,17.96553713,16.98435725,16.41701903
7349,16.44997372,18.09164088,16.21289992,13.99065558,15.39939041,10.4499408,9.4054987
28163,12.4860595,9.529590938,14.69987525,20.79795497,14.43698359,8.314428558,19.73510719
28565,12.4860595,9.529590938,14.69987525,20.79795497,14.43698359,8.314428558,19.73510719
10114,13.24497361,11.4984865,16.3182875,14.40449213,13.2824765,15.43910758,15.81217618
15782,19.51896956,14.11020892,14.69789177,16.0505433,13.75186315,11.47440974,10.39611355
442,16.39136364,13.39886089,14.6963614,16.40806398,17.42218503,8.262774729,13.42039034
9980,18.92539703,11.08423608,9.46187068,14.20594483,11.69581373,16.23662219,18.39011547
5704,14.13100457,14.00223699,14.6932074,18.42430698,12.5567556,10.93896203,15.25352644
6106,14.13100457,14.00223699,14.6932074,18.42430698,12.5567556,10.93896203,15.25352644
12077,19.47481743,17.95112589,14.68938594,12.39218267,9.309572942,12.46466427,13.71825087
24670,17.41428724,16.63549555,14.67725389,11.20685201,12.41829936,13.75162767,13.89618428
40740,17.32233732,13.01370367,14.66396081,19.63264893,11.41551757,11.54886676,12.40296494
8689,18.9414336,16.61420715,14.66031901,12.44724487,8.299750454,17.18482344,11.85222149
29743,15.73355682,12.75407624,14.65809785,20.72681979,13.07119911,11.68780545,11.36844474
28943,13.07853994,17.69250534,11.09233235,9.462851925,15.51055264,22.04688228,11.11633552
18660,16.20619479,15.82928071,14.65336047,21.51892694,7.368994755,13.32776979,11.09547256
19065,16.20619479,15.82928071,14.65336047,21.51892694,7.368994755,13.32776979,11.09547256
16289,15.41790303,11.65900108,14.64879115,15.82161632,7.42138422,10.33335973,24.69794446
21123,20.29513067,19.07145431,14.64787487,13.79857699,8.375753776,6.334511246,17.47669813
21515,20.29513067,19.07145431,14.64787487,13.79857699,8.375753776,6.334511246,17.47669813
7969,19.49697364,21.18606707,14.6431745,11.34230704,8.211064032,7.969770125,17.15064359
8422,19.49697364,21.18606707,14.6431745,11.34230704,8.211064032,7.969770125,17.15064359
37205,15.45465058,14.30183043,14.64115121,17.32010213,18.35086249,9.856439516,10.07496364
3919,19.97577012,10.67092414,14.64049768,19.88535995,7.965188384,7.317725333,19.54453439
15030,11.39198661,23.08819466,14.63910658,7.976216952,11.3384632,15.3715107,16.1945213
27675,19.67447616,14.18006382,14.63820317,16.6939161,15.1174267,10.28828795,9.407626114
13313,19.59080946,7.156908392,14.63753593,15.06655853,14.33435407,12.67568404,16.53814958
30311,11.11087873,14.17790236,14.63425025,5.877603082,17.33380575,18.3740373,18.49152252
16824,14.83881275,15.50936999,14.63119655,10.11194934,11.99874294,10.96927525,21.94065317
2891,15.29508588,17.61911914,14.63114219,15.37802286,12.43956615,9.901033093,14.73603068
25334,8.285621867,11.91575715,11.8795279,21.20582972,20.71901351,7.201863699,18.79238615
10225,15.50449595,15.69561945,14.63008575,15.09207636,11.798645,6.919469653,20.35960784
23011,21.8402201,17.22869182,14.62712396,9.567010364,16.46630317,8.382926734,11.88772384
6457,15.74140251,12.27157372,14.62653369,12.6724938,14.03768795,13.16773709,17.48257124
6870,15.74140251,12.27157372,14.62653369,12.6724938,14.03768795,13.16773709,17.48257124
38635,18.77931492,19.38645161,14.62025292,19.03200602,8.710775538,4.993044181,14.47815481
12398,22.19540104,22.65367759,14.61998351,14.83109565,6.34558776,5.985522042,13.36873242
25418,11.48933947,9.781451322,8.006845408,27.47746415,14.73817399,14.21905225,14.28767341
34930,15.93973403,14.28997749,14.83455245,16.94236523,18.40135595,14.59954234,4.99247252
39708,16.05442606,13.18371214,14.61530676,14.06568674,18.91805603,8.579435262,14.58337701
21629,15.03778955,21.65760042,14.61328933,11.38839496,14.20531261,10.51847002,12.5791431
9430,19.47823926,12.07359572,14.61135915,13.63363679,9.624639625,10.4144706,20.16405886
5531,15.89381148,17.23154211,14.60634833,7.957608782,12.51959054,14.5414241,17.24967467
9010,20.77734141,16.65113741,14.60081032,11.83899604,6.901670289,9.58409292,19.64595161
22090,12.66007697,11.52135239,16.94872291,11.10730424,13.04356997,16.83839452,17.88057899
15955,17.7809412,10.49040601,14.59720232,16.59160885,8.73033398,8.072769339,23.73673829
34540,11.27603505,9.483555334,14.59702681,16.74153168,16.38548168,13.28409993,18.23226952
25404,17.02193821,19.26467271,15.74891897,10.14985464,10.35829474,10.84354858,16.61277215
37437,14.80703128,14.06210348,10.0587777,12.94245092,10.94741967,17.68634774,19.4958692
41105,16.266117,8.818658471,14.59683613,13.57196807,10.78986513,19.91750994,16.03904526
41187,17.04049078,14.30349855,14.59556362,7.432222931,25.29473141,9.111994533,12.22149818
40313,19.24684993,15.68905097,14.59251851,15.74737129,11.95374678,9.929548501,12.84091401
40088,19.49156161,14.18458629,16.09735961,11.73308592,12.37909132,14.41245905,11.70185621
33926,11.92610995,6.673724811,11.59441454,18.11535103,13.4312788,17.19426956,21.06485131
16775,1.846338405,25.7997832,14.58667347,15.11367733,36.19675265,4.092735436,2.364039503
15077,19.05069828,20.67374632,14.58518444,10.37660443,9.51444107,14.3285821,11.47074336
20253,16.80819741,9.212497437,14.58407562,13.92029915,12.93730308,16.09331378,16.44431352
22878,16.16285274,12.67549007,14.5825148,20.42951425,11.13734058,10.54140597,14.47088158
10785,18.72146886,15.40915619,14.57837277,18.51449957,10.97720538,9.239767079,12.55953016
5100,16.84287512,12.84614501,14.57799009,17.48392501,8.277975693,11.92257225,18.04851682
9567,14.93852127,10.13680326,14.5641142,22.25208348,10.12137946,10.31298659,17.67411174
8383,13.46944426,14.94128217,14.56260324,22.8301307,12.08751048,15.08839726,7.020631884
9942,14.49476508,11.67862604,14.56186943,23.28082663,9.875713235,14.18164761,11.92655198
8817,13.46944426,14.94128217,14.56260324,22.8301307,12.08751048,15.08839726,7.020631884
24636,0.001294429,0.013397471,14.56071341,6.595747493,69.28196615,5.022019202,4.52486184
7199,17.69987099,14.19670626,20.54260491,9.505618989,8.925827059,11.05457852,18.07479327
22274,16.11113225,22.14029092,14.56064078,23.67051808,10.30576487,8.737617426,4.474035664
21978,14.43398871,14.41687671,18.75864711,10.5784566,13.35472968,14.48401687,13.97328431
41035,12.8452945,13.86471639,14.55978025,17.24530996,13.24896069,12.71792631,15.5180119
34052,16.42352833,12.29585431,15.03830633,14.94129376,11.24426968,14.97653322,15.08021437
10227,16.30969751,17.57620334,14.55719046,10.07852174,10.65846252,14.2226104,16.59731403
40940,16.86120292,12.2784862,14.55711784,12.97704999,12.11499694,9.440523478,21.77062263
39658,11.47520168,17.92514785,14.54871032,17.10990239,10.01421416,3.785984685,25.14083892
11184,17.87380026,15.5205809,14.54648189,25.97839537,8.797926172,9.760489022,7.522326381
165,18.30144518,12.6750371,14.54047125,13.03981022,12.34176735,12.43418815,16.66728074
8278,15.48254221,14.81551418,14.53862556,17.82787087,10.54418424,16.23987282,10.55139013
10792,13.10062033,15.8587387,14.53749226,23.99191618,9.604480798,11.47286298,11.43388875
11245,13.10062033,15.8587387,14.53749226,23.99191618,9.604480798,11.47286298,11.43388875
38008,13.8028738,21.03882614,19.9494545,7.957638733,12.21623183,13.18948186,11.84549313
35828,14.50180856,10.76213963,12.36292008,17.63561194,14.47470423,13.26181749,17.00099806
1412,16.89472869,11.83829753,14.53044507,14.67419868,10.1660954,13.60591641,18.29031822
16554,17.07124703,11.30589449,14.52455615,12.20790075,14.00481457,18.04452568,12.84106134
32429,19.60271156,21.30920753,14.52416489,18.13868568,8.74277511,6.92871297,10.75374226
32877,19.60271156,21.30920753,14.52416489,18.13868568,8.74277511,6.92871297,10.75374226
18355,12.20562848,19.78170602,14.51983415,6.02777701,26.15322582,12.00550992,9.306318605
21880,16.20703193,14.99022077,12.10549017,12.73719425,13.31369963,12.94603413,17.70032912
29807,14.33184965,20.83069031,14.51919165,10.45420168,16.65770594,13.21502987,9.991330898
31153,21.33420269,18.73145353,14.51819734,14.07016086,9.147068842,9.788822452,12.41009428
31631,21.33420269,18.73145353,14.51819734,14.07016086,9.147068842,9.788822452,12.41009428
23351,8.351779129,10.66558622,14.51682748,22.10533915,32.25657827,4.249556135,7.854333616
17208,13.47529735,16.95882278,14.50223383,19.40535738,12.98100815,12.38203238,10.29524814
5696,19.8807816,18.83896854,14.50159965,13.3220753,7.921356868,8.751964789,16.78325326
10197,15.82934767,25.39512311,14.49323128,8.950685871,12.74352961,7.631786323,14.95629614
12222,16.01058252,11.16461406,14.49019559,19.94880972,14.1085405,14.46919403,9.808063577
35814,17.1736515,15.68277281,19.03877902,20.0115739,6.314215585,7.238857793,14.54014939
10015,17.63006978,19.67617959,16.0991127,6.915973241,16.72686497,10.23808269,12.71371702
34005,19.70954013,19.51623829,16.25988022,17.19215491,8.165497037,7.422606237,11.73408318
6572,17.18557565,15.51957007,14.48970384,13.44039972,8.919758233,12.69422668,17.75076582
27670,13.27779218,14.9175481,14.48923669,20.56396905,11.48721139,14.53920837,10.72503422
26496,13.6944858,8.952850519,14.48674579,16.05041093,16.79061933,12.86408551,17.16080212
4554,17.67935091,20.03461746,24.90945843,18.68368503,6.647803935,1.731443994,10.31364024
15443,16.29739402,13.2115969,18.07643324,10.80132191,10.69675329,14.51104146,16.40545919
1910,11.56584269,15.5861678,12.38042183,11.98681219,13.36956903,17.18522987,17.92595659
26877,13.6944858,8.952850519,14.48674579,16.05041093,16.79061933,12.86408551,17.16080212
22022,16.99822369,13.89264089,16.19258602,15.32452322,11.14990446,13.89873736,12.54338437
3537,16.81711942,10.16639464,14.48650797,19.37219586,8.949501979,11.96125481,18.24702532
3968,16.81711942,10.16639464,14.48650797,19.37219586,8.949501979,11.96125481,18.24702532
10839,15.4390868,13.82860083,14.48295056,14.25195564,11.70109425,14.73788087,15.55843105
33427,10.52961002,11.33459003,14.48083099,23.55570729,14.08639458,8.210034716,17.80283236
482,13.66887274,16.61459984,14.47785714,19.42860843,9.163808952,10.91033985,15.73591305
37221,16.18238454,15.27919374,14.47287245,10.84867008,10.91164311,14.28676581,18.01847026
7146,18.23297447,12.74103918,20.43925189,17.23654729,7.546253029,9.424381706,14.37955243
21087,18.51617618,19.51099229,14.46862608,18.86973989,8.533294524,9.509858527,10.59131251
6707,19.22040941,14.03755807,14.46792051,11.43464464,8.194025924,11.26166113,21.38378031
22610,17.97201199,17.7861241,14.46597541,11.96186924,8.030909497,8.620535119,21.16257464
30797,17.23626606,12.07008165,14.46455775,12.38788806,10.15869073,15.91926464,17.76325111
36219,8.853901924,8.036287077,28.58518272,10.32632032,11.0895706,14.53382828,18.57490907
7330,16.92241806,29.07527487,26.43089307,7.236075928,9.766521943,2.34180055,8.22701558
4479,16.95744669,15.09551932,21.74347801,10.18607929,9.229532573,8.383388721,18.4045554
34523,13.60254461,19.62037586,14.45438472,10.65251403,11.90238331,15.97189005,13.79590742
13120,15.36646582,13.22550635,14.45293296,18.88297389,14.87579147,9.552321749,13.64400775
33800,20.17174204,12.83223726,14.45048691,14.53960744,7.404181044,7.12897719,23.47276812
10012,11.41036266,9.626282358,19.81410012,19.56345056,10.33509084,12.22751734,17.02319612
25570,10.54952252,8.0949673,31.47383789,16.84146367,11.06286816,4.991817447,16.98552301
33880,10.62292991,12.48389834,8.653476129,9.801977909,28.84893308,10.43463651,19.15414812
386,9.55475544,12.11640756,14.45016974,11.76847637,14.42457572,15.95552338,21.73009178
12966,17.15047539,13.20074091,14.44946944,14.91164928,12.81587285,11.64327127,15.82852086
10916,15.5001771,14.47751121,14.44501839,17.921761,9.176821056,13.01422952,15.46448174
12839,12.70828644,14.64713683,15.59001952,21.76952731,9.733505104,8.505927372,17.04559742
7626,20.77502464,11.84283307,14.44397959,12.12864679,9.103811538,15.79718758,15.90851679
34058,13.35030516,11.6272361,10.72775188,22.86868053,12.57857912,15.81453855,13.03290865
24806,16.38702,13.35320494,14.44173226,13.98145677,10.27681771,11.56243323,19.99733509
26409,13.43809381,13.60201863,14.43993861,17.74098903,15.29006175,9.834467145,15.65443103
26822,13.43809381,13.60201863,14.43993861,17.74098903,15.29006175,9.834467145,15.65443103
16292,18.92581417,16.6663981,14.43745435,9.823832127,13.13838543,10.25310255,16.75501328
15456,16.35290948,11.9426778,18.69661546,11.33901545,13.62375726,15.53038413,12.51464043
14705,15.56052743,13.1965881,14.43717751,11.31966637,8.996230053,16.31655379,20.17325675
37490,14.37716063,17.91093065,16.15994789,13.84771632,12.0830061,11.35354215,14.26769626
37602,20.58060036,19.77169883,20.05150435,17.71776487,6.140863328,5.991338174,9.746230076
15000,15.56052743,13.1965881,14.43717751,11.31966637,8.996230053,16.31655379,20.17325675
3480,17.62921922,15.03842103,14.43606204,14.23866227,9.486893111,16.0161909,13.15455143
25248,14.45416488,17.76437105,14.43073987,10.35868743,12.62145746,18.60707842,11.76350089
21936,16.72255558,14.7135152,22.33953285,18.8634437,6.552644715,7.974906609,12.83340134
18068,15.30122181,14.86676381,15.07841877,12.47053437,10.90901374,13.80426862,17.56977888
35225,15.64551806,14.40038432,13.71190956,7.139891492,14.47482648,15.64761843,18.97985166
36448,8.469349241,8.607385381,14.42988754,24.45490514,18.88381965,12.42972561,12.72492744
33792,14.49209553,11.92358437,14.42621831,13.95265111,15.28942023,11.85077139,18.06525906
18807,13.42954674,18.7237541,14.42034112,12.46674511,13.37452433,14.3380263,13.2470623
32000,18.93362156,15.00011727,14.41458981,17.74602336,11.38670991,8.381355237,14.13758286
17906,16.18173558,15.61474653,18.26278197,13.13791195,11.70688417,10.97118116,14.12475865
32488,18.93362156,15.00011727,14.41458981,17.74602336,11.38670991,8.381355237,14.13758286
27803,16.03781932,17.76171041,14.4142567,12.33962277,12.86181436,18.01330734,8.571469093
37139,14.70393626,17.05099919,14.41361808,11.81072167,17.9425194,13.03262271,11.0455827
27527,17.70824469,12.41284697,14.40673956,14.66151131,10.63876518,11.23340359,18.9384887
10716,17.27207977,15.20272343,14.38975417,21.5559987,8.183588098,12.87761474,10.5182411
18462,0.001297039,0.013424483,14.38844872,6.609045995,69.42165408,5.032144715,4.533984973
22045,10.0780826,6.978971482,25.08304559,14.20482482,13.49964008,13.35085806,16.80457737
38022,15.97055497,19.18019546,16.54505943,16.98266396,13.29024569,13.31568323,4.715597247
23548,0.001297039,0.013424483,14.38844872,6.609045995,69.42165408,5.032144715,4.533984973
29872,0.001297039,0.013424483,14.38844872,6.609045995,69.42165408,5.032144715,4.533984973
26231,19.90022866,11.2601598,14.38374638,16.53894504,10.32790839,12.18647899,15.40253275
26656,19.90022866,11.2601598,14.38374638,16.53894504,10.32790839,12.18647899,15.40253275
190,19.57022907,13.73298089,14.38177379,20.29639334,10.11854574,13.39196115,8.508116016
23276,0.001297192,0.013426066,14.37835182,6.609825455,69.42984156,5.032738199,4.534519704
25019,0.001297192,0.013426066,14.37835182,6.609825455,69.42984156,5.032738199,4.534519704
25321,0.001297192,0.013426066,14.37835182,6.609825455,69.42984156,5.032738199,4.534519704
25065,0.001297192,0.013426066,14.3783518,6.609825457,69.42984158,5.0327382,4.534519705
26003,0.001297192,0.013426066,14.3783518,6.609825457,69.42984158,5.0327382,4.534519705
26005,0.001297192,0.013426066,14.3783518,6.609825457,69.42984158,5.0327382,4.534519705
29513,0.001297192,0.013426066,14.3783518,6.609825457,69.42984158,5.0327382,4.534519705
30982,0.001297192,0.013426066,14.3783518,6.609825457,69.42984158,5.0327382,4.534519705
29177,17.29242642,15.26369438,14.36833842,14.38037296,18.07622286,4.57962995,16.03931502
14106,15.05149922,16.06518424,14.36749538,23.73689148,17.84965428,1.757005967,11.17226944
16169,15.64215527,15.90851064,14.36720529,14.76082013,15.30311896,15.00304512,9.015144598
11020,20.22050438,10.257756,14.36704019,17.47693796,12.36923258,11.48221157,13.82631733
11434,20.22050438,10.257756,14.36704019,17.47693796,12.36923258,11.48221157,13.82631733
26180,16.7760622,18.90928278,14.3668046,10.54240062,15.88723323,13.58817731,9.930039257
26628,16.7760622,18.90928278,14.3668046,10.54240062,15.88723323,13.58817731,9.930039257
41571,11.46305263,14.20303484,30.14820149,6.351163193,13.00420258,9.628469498,15.20187576
9532,19.50442938,15.5223611,14.36535928,10.92124081,8.445917056,11.91071195,19.32998043
38249,16.53919428,17.51288695,15.37899602,8.837512128,9.175662291,9.630663248,22.92508508
7604,13.02999062,13.19817934,14.36519173,22.98468533,9.899086164,9.526003202,16.99686361
5830,18.87499913,14.58083497,14.35670534,18.99544601,9.82821391,15.30479389,8.059006751
34360,15.57426879,13.70695629,14.35507019,12.89086293,9.969130276,13.31214575,20.19156577
239,20.33131045,15.4405922,14.35435074,20.49564649,8.995404926,10.40734631,9.975348886
15891,21.43200893,12.92073507,14.35011964,14.50402973,11.91073029,14.12069058,10.76168575
3986,15.65534828,14.35997633,14.34905252,23.57973079,11.44708765,9.44482222,11.1639822
39500,16.52501596,13.40548207,14.3474702,12.90793708,12.2632947,11.79311114,18.75768885
1518,15.25005452,21.27634084,14.3343353,10.39577947,14.61669347,10.97465674,13.15213965
26069,13.32238732,12.2444613,14.3323623,19.7930568,15.0120696,10.86035041,14.43531226
25375,16.32234882,21.20010428,14.66288989,20.94899233,14.05766945,8.216953205,4.591042023
26516,13.32238732,12.2444613,14.3323623,19.7930568,15.0120696,10.86035041,14.43531226
26302,20.79088385,19.51671427,14.32653923,13.93015062,7.524067965,11.8532127,12.05843136
26736,20.79088385,19.51671427,14.32653923,13.93015062,7.524067965,11.8532127,12.05843136
14539,14.94729616,17.69048596,14.32198422,12.10776458,12.95707125,15.74288761,12.23251021
38078,15.28092956,19.45529703,19.88578647,7.434969853,11.29460684,10.56641322,16.08199703
32679,18.61377669,18.04093511,14.31733656,14.76059351,8.142268583,7.879361083,18.24572846
32202,18.61377669,18.04093511,14.31733656,14.76059351,8.142268583,7.879361083,18.24572846
35285,20.36613955,18.48841434,26.63556401,6.924665701,8.056874701,6.748734034,12.77960766
4848,14.6053959,12.95094395,14.31416338,26.91799705,6.774420106,10.30655252,14.1305271
37186,22.30218063,13.87049529,14.31341164,24.89549002,9.695767541,6.022016656,8.900638232
41549,12.97750237,7.141782982,9.650892012,26.14931217,14.15156365,14.82444845,15.10449836
7718,12.18852617,18.29948828,14.31155288,10.898864,12.58772209,12.61215607,19.10169051
6625,18.15948442,12.58898369,14.31108568,16.97178495,8.725425645,15.76818414,13.47505148
22474,15.41516818,12.76746509,14.30344442,18.62184923,14.13617492,9.595232479,15.16066569
10882,13.7597277,10.93213701,14.28994054,19.29821717,17.27896769,11.70088596,12.74012393
24366,13.93200851,18.6740177,14.28457973,8.551355409,22.24079418,12.20548496,10.11175952
19679,16.52799399,15.96850248,14.27584779,11.19145969,14.76315313,14.32326664,12.94977628
18251,13.11098516,10.81303495,14.27105655,15.25894665,19.83300338,13.8790435,12.83392981
17918,17.63439944,12.5275495,19.17928219,17.42886557,12.36008222,10.17398156,10.69583951
6499,13.53699291,10.31433525,14.27094106,20.98122196,10.59157283,9.964990469,20.33994552
37028,14.0393505,11.92213055,14.26667413,19.01801584,9.514937613,15.34331947,15.89557189
603,17.33419867,12.19881573,14.26459387,18.34758155,12.49379643,13.87559103,11.48542273
38009,18.0816339,9.654924074,8.415193636,18.36448336,11.71179894,13.11366529,20.6583008
40913,14.57367165,14.17890471,14.26382536,16.82649102,10.53266628,11.64255633,17.98188464
33504,14.80563412,19.07627728,14.26367815,10.01840243,12.48534368,9.428123483,19.92254086
9511,18.22362988,14.36963355,14.26193619,17.78434724,11.49548045,12.63161012,11.23336257
9227,11.84376321,18.06030954,14.26090574,7.528887107,16.16455538,18.50518876,13.63639026
39270,13.83105989,12.97147861,14.25216458,13.70480265,14.7087617,11.81873807,18.7129945
20083,20.00614445,17.03348099,14.24355267,14.07192409,8.930688277,14.16271786,11.55149165
25053,13.39976946,18.02698769,14.24111576,17.74908798,13.03831518,7.023929859,16.52079408
39462,11.41383423,10.40322932,14.24111571,19.98669073,12.77171068,14.62208413,16.56133521
9404,17.20709224,14.39708894,14.23068149,12.2150162,12.34867023,16.85677924,12.74467165
9004,17.20709224,14.39708894,14.23068149,12.2150162,12.34867023,16.85677924,12.74467165
35206,16.75605629,14.69311108,12.16398484,17.85607639,11.61126828,13.21659612,13.70290699
34821,15.90672396,12.19886877,10.46983819,10.72302393,16.66955744,15.90474296,18.12724475
14758,16.82859891,16.12981375,14.22829477,8.658320731,12.17586731,17.67245504,14.30664948
9178,11.07406865,18.50063223,14.22692933,6.236490658,15.17032137,17.95872989,16.83282786
26829,13.98755747,15.08340595,14.21964742,21.23079755,11.73394866,4.94925774,18.79538522
33912,13.25312534,16.77251967,12.21580612,15.04787664,17.79264963,12.30031314,12.61770946
21918,19.02100569,16.75181833,11.8795321,18.14995025,8.644143929,8.466978992,17.08657072
2196,14.52843006,8.356205954,14.21888425,16.52162403,15.8087305,14.25047998,16.31564522
25233,11.77087799,16.70202208,14.21581694,8.493668441,15.46256715,19.15236973,14.20267766
16323,17.56196319,12.63146462,14.20740904,22.8700743,6.520337435,10.34868998,15.86006143
16721,17.56196319,12.63146462,14.20740904,22.8700743,6.520337435,10.34868998,15.86006143
30271,17.60066947,22.5550458,14.20491307,9.616300767,10.52764248,11.96516194,13.53026647
29991,17.60066947,22.5550458,14.20491307,9.616300767,10.52764248,11.96516194,13.53026647
39892,17.67465879,17.66268247,13.76723844,18.00272594,14.84837997,9.74008939,8.304225007
31376,14.78862671,13.95508946,14.19814573,21.06321751,7.302631167,10.72179296,17.97049646
31848,14.78862671,13.95508946,14.19814573,21.06321751,7.302631167,10.72179296,17.97049646
8431,13.71599969,14.0370459,14.19484907,32.28533828,11.35207031,4.92673084,9.487965915
20335,17.14206104,19.13675857,14.19420069,12.66926855,10.21995291,6.624805152,20.01295308
3995,14.77096567,9.277990406,14.19349287,19.40105731,13.59445373,11.23100555,17.53103447
6302,15.14330273,9.871891691,14.18901777,16.36877395,10.64760264,16.28383083,17.49558039
11074,12.27679804,18.22652589,14.18684624,8.93849466,12.49936009,12.59433752,21.27763755
17776,15.8078571,10.53709979,18.38339947,15.05720994,7.782089556,11.67377141,20.75857273
11524,12.27679804,18.22652589,14.18684624,8.93849466,12.49936009,12.59433752,21.27763755
2443,14.32117815,12.86818961,14.18266354,19.25583617,10.94108574,12.58319364,15.84785314
18692,18.23144013,13.88145959,14.18214454,16.55369935,8.304117565,11.01774274,17.82939608
18335,16.99804439,14.34072027,14.17913578,13.32140141,8.855780559,10.55964576,21.74527183
18072,15.80314696,7.560015008,20.41360678,11.11179241,16.36567787,16.39709122,12.34866975
19207,17.6716754,16.9500231,14.17652009,12.70340885,14.47243835,8.584792865,15.44114135
21984,16.62664436,19.27311659,13.24043495,16.61445861,8.678508572,12.44769273,13.11914418
35466,17.45279852,12.41138339,14.17039268,15.75504564,11.73294864,11.39826713,17.07916399
13068,20.35786884,13.03340743,14.16768364,20.08198883,14.39593852,5.195019459,12.76809328
9295,17.76729207,16.38419742,14.16678704,13.33810616,11.0022134,14.03625688,13.30514704
2889,18.51288118,13.677282,14.16594228,12.77420755,10.98807533,17.92673343,11.95487823
33860,13.11226706,6.811539388,7.588538737,21.48138929,17.46672682,15.96653901,17.5729997
34558,8.821185196,23.10294033,14.16302417,6.870147202,13.12203449,11.46376936,22.45689925
22788,19.67721477,18.53011005,14.16104925,20.04391935,9.10099225,7.890658789,10.59605554
15455,16.79586346,11.50176008,17.93634048,17.04139036,10.05068441,9.533024964,17.14093625
6316,11.99327166,11.96899778,14.16010609,21.66641562,11.84473182,11.9247574,16.44171963
38235,17.38587342,14.36945832,14.96790737,11.38814206,12.89877428,12.47236325,16.51748129
4278,13.56116613,21.34512249,14.15818839,11.81484537,10.49954015,9.525311072,19.0958264
21817,16.47763115,6.228497391,14.15178698,16.18848064,15.92087594,16.89408907,14.13863883
10630,17.7374987,13.30074047,14.15164839,18.47635612,8.221952253,11.80835627,16.30344779
25010,12.40934303,16.0882998,14.15072269,13.30939437,15.96053381,17.31854039,10.76316592
3211,14.08757343,11.81120697,14.14709041,13.72244958,13.94183345,15.59970755,16.6901386
2810,14.08757343,11.81120697,14.14709041,13.72244958,13.94183345,15.59970755,16.6901386
10818,16.82662174,14.8730528,14.14504545,12.92619179,11.95533248,11.51210984,17.76164591
5721,18.50036565,13.41339223,14.14102677,21.95121235,9.280510158,10.23621893,12.4772739
34123,15.57929875,19.63872549,12.52026714,14.12482324,10.57383013,14.1757807,13.38727456
6130,18.50036565,13.41339223,14.14102677,21.95121235,9.280510158,10.23621893,12.4772739
9656,9.852500188,9.305164318,14.13966036,22.43755707,13.54243844,16.93156132,13.79111829
9254,9.852500188,9.305164318,14.13966036,22.43755707,13.54243844,16.93156132,13.79111829
41085,17.31135095,16.29552973,14.13786102,10.22828798,12.82585886,11.57112035,17.62999112
11714,18.13996983,15.71851134,14.13230115,21.33763825,10.76804857,8.835120022,11.06841083
28129,17.65152214,16.19227226,14.12299746,15.75886985,14.57406176,9.205459322,12.49481722
28537,17.65152214,16.19227226,14.12299746,15.75886985,14.57406176,9.205459322,12.49481722
20419,21.75513735,17.55723244,14.11361459,14.01138191,7.456416313,8.490143648,16.61607375
4785,15.84052399,11.68083664,14.11115521,17.05548564,10.11964619,14.33553289,16.85681945
9259,14.14566029,12.45490702,14.10894104,18.11077543,15.2591679,10.45564972,15.46489859
39452,19.55995919,17.40316221,14.10596046,16.42635978,13.00698872,9.975739269,9.521830378
10432,18.99598086,14.00467032,14.10526206,12.20552035,14.3277688,11.83191614,14.52888148
38715,15.07244448,11.12839288,14.10311027,14.27095223,12.46995469,14.99596246,17.95918299
9093,15.86223774,12.01393807,14.09651282,13.18323464,13.81671053,15.35936242,15.66800377
19099,12.57535878,12.65051632,14.09437395,14.25777559,12.97823822,13.47599654,19.9677406
32994,13.06707422,10.67701422,14.08851361,19.04343429,12.6346109,12.43665164,18.05270112
10390,10.22709914,4.44487956,14.08731366,18.63324891,13.85618718,18.41877166,20.33249989
3497,20.41315338,18.6387878,14.07310143,15.95658128,9.773402545,7.042412296,14.10256127
3943,20.41315338,18.6387878,14.07310143,15.95658128,9.773402545,7.042412296,14.10256127
30168,16.67508223,17.66340446,14.06690038,10.58456164,13.7216102,13.72744456,13.56099654
29318,14.34765133,14.64360713,14.06582786,19.90596491,9.715583386,12.90820782,14.41315757
18107,12.35783501,9.511860285,17.99037207,12.94644235,14.67930494,16.50902048,16.00516486
27833,13.97377026,11.75878736,14.05957219,19.50293244,11.85025954,13.6408534,15.21382481
32941,12.09476053,9.774113883,14.05557552,22.66994772,9.107692528,11.62223208,20.67567774
5522,19.87531678,13.81004465,14.04442042,13.69169646,9.109256667,11.57706716,17.89219787
8504,8.256166908,18.36902916,14.04285015,4.984625387,13.88933898,15.49833934,24.95965007
20381,18.66528983,21.95499671,14.04199,10.97783744,11.57907745,7.371466462,15.40934209
15115,12.70889861,9.526304709,9.772300178,18.16792012,12.34943483,19.04120171,18.43393984
15232,15.71744519,14.09930755,13.41871707,13.99085108,13.76222821,15.39661401,13.61483689
20793,18.66528983,21.95499671,14.04199,10.97783744,11.57907745,7.371466462,15.40934209
6300,8.414592382,13.14316564,14.03775595,9.228826515,15.05795369,21.48979374,18.62791208
22047,12.53784808,14.90735003,22.85156688,13.71911848,11.39339139,9.993303468,14.59742167
5423,16.86460659,15.80400758,14.0355452,11.64200973,9.951612441,13.56346131,18.13875715
6461,16.04374361,12.29761848,14.03085106,17.54870352,12.55048359,10.55368793,16.97491181
15489,5.471688343,1.892181144,16.72482181,12.89004604,22.09958966,26.13128808,14.79038492
8550,19.06279964,17.96757857,14.02517873,14.24936419,11.01469125,13.5651819,10.11520572
22136,18.40147105,13.52479733,15.41604647,18.88904682,7.289104597,9.586037369,16.89349637
8107,16.41891885,17.48026118,14.02093513,7.954394206,11.87121809,17.1533838,15.10088874
33859,19.45377857,22.57068516,19.39479328,13.50433814,11.04666008,9.164806925,4.864937848
35981,15.80776849,14.3989983,13.22193135,18.19354859,21.91559413,6.068500384,10.39365877
27858,15.52981104,13.25518669,14.0178174,15.1057073,19.1111466,6.445768221,16.53456275
28282,15.52981104,13.25518669,14.0178174,15.1057073,19.1111466,6.445768221,16.53456275
37053,16.62717572,14.25947921,14.01426707,15.05564667,14.18008679,11.2625947,14.60074983
26564,14.68334435,16.81750163,14.01067569,15.72178454,12.9105836,11.50615018,14.34996001
26123,14.68334435,16.81750163,14.01067569,15.72178454,12.9105836,11.50615018,14.34996001
40819,15.67618077,13.71979501,14.00705856,21.509611,14.29755828,10.14993924,10.63985713
35782,18.64786478,14.8152722,14.00490234,9.084962264,17.0625828,12.35084367,14.03357194
38733,15.53334547,17.40968365,14.0031924,13.57106212,9.081849378,11.31993955,19.08092743
35490,12.75751826,12.58364672,14.00059857,21.35350736,11.16019292,11.48290101,16.66163516
10495,15.41168739,13.91946972,13.99750402,10.95961634,13.71727861,11.9073813,20.08706262
3702,18.83573397,15.16908169,13.99051167,17.13490762,9.015195181,11.43058297,14.4239869
10276,18.09895509,16.85898346,13.98557822,11.09313359,10.765711,12.08857047,17.10906817
16686,14.75226265,11.92633646,13.98451596,14.12867349,12.95208243,13.38328306,18.87284595
36905,12.17795039,13.1877401,13.98373399,9.806694066,12.59694232,18.18959009,20.05734904
24661,16.74778778,16.68292758,13.98095716,10.20882602,10.6952057,15.73146991,15.95282586
18671,19.11098678,19.12423588,13.96917083,17.31142437,8.13687771,11.32788975,11.01941469
10282,16.02966171,13.63067909,13.96738546,16.38012815,16.71833027,9.596770995,13.67704431
18037,17.76833815,13.53064453,15.81881796,15.64900722,9.332046218,8.921360439,18.97978548
20189,14.00972107,17.93723325,13.96539212,21.48644489,12.67889546,7.292286048,12.63002716
33570,20.39201963,14.25005034,13.96435213,19.55483866,7.499558947,9.510986444,14.82819384
17955,16.13190526,11.45736419,9.008974901,13.07831084,24.36992698,14.09207156,11.86144627
21583,15.35751901,9.978703217,13.96403196,14.22299337,14.5144974,15.49450402,16.46775102
2868,18.59256493,17.18280242,13.96272965,14.2215759,9.954820849,6.31660257,19.76890368
39730,12.5716071,8.72815596,13.95954347,16.04903575,16.95496599,16.19400793,15.54268379
17920,13.47409892,9.314846856,15.75854522,13.25371809,13.93720017,16.48896024,17.77263051
30164,17.17896458,10.21556135,13.95221303,17.65202133,21.61130884,12.45839392,6.931536951
18438,9.294306718,5.095163964,13.9520485,21.05713254,23.0971352,15.39513282,12.10908026
38045,18.84476378,19.53951918,19.76778099,7.359008849,8.823538858,6.283839314,19.38154903
41641,11.47776258,5.227332995,32.14189673,11.9599686,23.31783316,8.775895941,7.099309998
41545,18.59773962,15.22485324,12.75386892,12.34474752,10.37470687,12.63250684,18.071577
17771,22.16551307,11.16179975,27.64882343,20.41289765,8.278580758,4.204872722,6.127512625
34461,17.4466408,16.88131042,13.95007349,17.08924342,10.33922176,12.37678599,11.91672413
38402,9.968688078,16.59791732,13.94849969,24.38643345,15.85011851,9.013800379,10.23454256
3454,17.30123439,14.27688183,13.93558784,17.26800502,11.00351897,10.78866121,15.42611074
10870,15.91891993,14.23506086,13.93419285,17.26686187,10.83732094,14.04047178,13.76717177
12056,11.90698477,18.49748841,13.93249265,23.4863091,9.224445312,8.306940233,14.64533953
29678,15.09309757,8.608899216,13.929899,18.15026509,12.60877846,16.34192367,15.267137
4879,18.10675318,15.91856141,13.92949661,16.54112294,8.119107135,9.231552479,18.15340624
16738,18.82154017,17.21037673,13.92852159,22.364462,21.40010065,5.646071515,0.628927348
29253,16.24755248,13.32743576,13.92668192,8.364214235,21.97687972,16.44196322,9.71527266
13156,17.68409619,14.72904137,13.92244964,17.43563947,14.89820702,11.44187235,9.888693964
22410,17.45550628,10.71068777,13.9217337,13.50026331,9.775840728,15.07478541,19.5611828
38561,20.10420993,16.5638201,13.91472333,13.48462579,9.156561405,12.68100032,14.09505913
18596,14.638423,12.4898931,13.91257216,9.912568179,20.3404265,13.51388379,15.19223328
22488,19.23375124,13.44070221,13.90739383,15.18430912,10.55647208,15.85030971,11.82706181
15143,16.82563833,12.19433359,20.46146454,13.85746669,14.01652333,16.0981694,6.54640412
10473,16.9882752,17.74642196,13.90660575,13.45642062,9.874814516,12.0317872,15.99567475
994,15.20551732,14.76512258,13.90621532,19.60046858,9.335630085,13.60933518,13.57771093
3808,19.19224632,21.6340892,13.89649323,8.328893935,9.87990226,8.937419553,18.1309555
10228,14.64126397,13.96390018,13.89619639,13.9176957,17.24584316,9.428678634,16.90642196
8104,20.03112283,18.71936646,13.89557015,13.62603549,9.091679896,11.76038228,12.8758429
21552,13.96077904,16.97949343,13.88765909,7.170883645,22.7678983,5.1177231,20.1155634
35713,17.53524003,16.57346789,13.88716132,10.49421392,9.898038,14.20676889,17.40510996
14642,13.69470786,19.03569772,13.87583712,8.34331645,14.84489309,16.93556714,13.26998063
16120,16.91316164,13.21393137,13.86520247,10.05104611,16.90075317,14.30983811,14.74606713
25186,17.30954331,11.23051418,13.86102912,11.61927764,11.27556472,12.64726481,22.05680623
12840,15.54809714,20.67513377,19.92706065,15.12135649,12.75063094,9.285862954,6.691858066
30533,12.41405962,14.47486835,21.54821178,9.07342818,23.87213328,1.372497208,17.24480158
24479,13.66267944,12.40419196,13.85227968,17.33654774,12.12534486,15.91413088,14.70482544
39386,18.34547233,10.54315661,13.85083737,17.50813176,11.36705671,13.75908337,14.62626184
36844,15.24060728,12.70700769,13.84780351,15.11788467,14.73361047,11.27771195,17.07537443
38159,14.70446613,17.61093597,11.37430164,12.52651755,22.43488293,9.182842656,12.16605312
25697,9.558070221,13.97360898,13.84580822,19.20317384,20.50067793,6.420038851,16.49862196
5695,18.24962081,14.99641579,13.84392223,7.821297656,10.39288104,12.83961709,21.85624539
32408,10.06537121,14.63670728,13.84005248,22.48323913,11.1532422,12.05365348,15.76773422
32892,10.06537121,14.63670728,13.84005248,22.48323913,11.1532422,12.05365348,15.76773422
28063,12.19009667,13.75397369,13.83982169,15.77697111,16.19197973,12.07858824,16.16856888
28459,12.19009667,13.75397369,13.83982169,15.77697111,16.19197973,12.07858824,16.16856888
37444,9.626699362,5.052040076,12.24537358,15.17703176,16.6884593,21.91021819,19.30017773
3033,11.24650147,11.81140951,13.83206353,27.87884625,10.73473383,13.64633206,10.85011334
40888,15.47455267,16.28199694,13.82722074,10.72435978,13.09170148,13.6139848,16.98618358
34404,12.19104893,11.67374464,13.82478245,10.520978,13.26362611,20.84713425,17.67868563
17175,18.22764087,17.59869531,13.82475425,11.13478203,14.73625837,17.83077275,6.647096418
22307,17.35743119,14.20965536,13.82386118,17.17912024,21.37874818,11.43596989,4.615213956
11342,16.40014705,15.91567974,13.81796686,13.928367,14.3611613,12.77612483,12.80055323
21013,16.20131591,14.63395625,13.81586786,8.70558441,11.08977999,13.65359259,21.89990299
32396,15.97936521,11.36635182,13.81375775,14.3241979,14.88175918,16.07094864,13.5636195
37529,12.97207471,12.9887855,13.50175948,9.875534766,10.87662405,15.28298682,24.50223466
38253,20.24987489,20.53448407,23.17149081,9.710887262,8.11656083,3.775422017,14.44128012
32854,15.97936521,11.36635182,13.81375775,14.3241979,14.88175918,16.07094864,13.5636195
21934,17.04536185,7.137106812,28.34511725,17.10544627,8.163177715,6.964114573,15.23967552
22029,13.2693287,11.4759552,9.438481102,20.22863802,20.73075514,9.047206518,15.80963532
39477,17.04847311,10.78489804,13.8096005,13.31533441,14.92358481,14.20219345,15.91591569
9236,16.61743177,14.79123206,13.80943376,21.11238715,12.78430436,9.626098143,11.25911276
11751,15.69961496,13.3360644,13.80198062,15.96602745,10.57094777,12.30862935,18.31673545
19683,15.64736008,14.66486813,13.80134652,14.5765778,14.92401065,10.24888592,16.13695091
28060,17.97515393,13.12174185,13.79487283,18.25875156,9.259197502,12.3091004,15.28118193
28458,17.97515393,13.12174185,13.79487283,18.25875156,9.259197502,12.3091004,15.28118193
2792,16.96897552,15.24936582,13.79219881,16.44520899,12.88846292,11.42340792,13.23238001
22051,16.55192841,16.5584307,19.39674703,9.061859037,15.73646038,12.51749951,10.17707493
38476,16.85565467,14.0111294,13.79119908,8.278776262,17.01256522,14.05132432,15.99935104
15559,11.30589996,6.342344763,13.78431683,15.67013444,26.8607352,8.611468292,17.42510051
10543,11.44341354,14.00925341,13.78288096,10.90742363,18.69237489,13.5109111,17.65374246
13881,15.0038962,12.63035629,13.77680402,16.13532272,19.06302669,9.836567519,13.55402656
875,12.11235806,12.33712976,13.77512836,17.14015621,12.87221265,14.02802377,17.73499118
713,17.90161887,12.85182487,13.75412318,25.292224,11.0212816,8.636984406,10.54194307
12934,13.17330449,18.78493061,13.75013074,19.00647702,16.08221903,8.768891383,10.43404672
3298,13.30806446,16.5910657,13.74511351,17.59054429,12.18285433,7.515771374,19.06658635
11852,15.28540965,14.0513314,13.74421275,20.03570365,13.05261427,9.450193877,14.3805344
27542,17.20234864,14.99258015,13.74281624,18.27159669,15.67969759,11.98358856,8.12737212
21384,13.358577,15.1610781,13.74159944,9.399184082,15.87105917,17.99856086,14.46994136
5305,13.86024209,13.21468531,13.74151263,20.07551915,10.05011549,13.76124593,15.29667939
33476,19.68053522,13.5870444,13.7400658,12.42055526,8.305124615,10.49038343,21.77629128
39937,16.15863266,12.25033191,24.91985362,10.80548561,8.437297664,8.026024716,19.40237382
5545,15.79836289,11.4431311,13.73691478,19.79366477,12.97402676,17.550555,8.703344693
5977,15.79836289,11.4431311,13.73691478,19.79366477,12.97402676,17.550555,8.703344693
13673,16.13509744,11.73228551,13.73589992,13.95554546,12.95191934,13.71373806,17.77551427
6636,9.709828899,11.52155199,13.7346194,7.967208821,19.62417215,14.76845875,22.67415999
39529,20.15688053,19.03422638,13.73165694,9.215428554,10.27860426,10.12933206,17.45387127
36502,12.59171934,13.43863416,13.73030966,17.96254046,15.40481766,9.643556988,17.22842174
34098,7.074031012,10.97083977,32.19131943,11.64958363,15.70243063,10.4410836,11.97071193
9138,15.16036312,12.21677177,13.72395069,9.665727026,13.80201854,14.57862629,20.85254256
31772,16.48617349,14.64559348,13.7232275,13.86754406,15.05101452,8.687906298,17.53854066
18541,22.42153331,15.6198009,13.70965654,21.64085833,13.05752317,6.377004169,7.173623572
36792,13.30198094,11.37578762,13.70796783,21.96753605,11.68040427,10.16779448,17.79852881
11191,14.18972502,14.58158314,13.7058415,21.09021038,10.08077202,15.50535684,10.8465111
37631,19.20128467,14.29932884,28.0497102,8.59201926,13.18185105,5.31635775,11.35944823
34355,15.00140789,14.69846985,13.7015231,13.54505847,15.25199422,11.61970058,16.18184588
79,18.21252012,14.94191811,13.69956305,12.20629712,12.65717564,15.6014364,12.68108955
40861,13.10980438,14.75543493,13.6945058,7.204163523,17.76336668,16.07854288,17.39418181
24622,15.03149755,20.13986167,13.69286962,12.63869385,14.3975661,9.171003254,14.92850796
30270,16.33841481,13.1951146,13.69239735,12.1663552,20.57020423,7.546696234,16.49081758
22216,19.10411776,13.79915678,12.87065304,17.56851401,8.687250563,11.14338307,16.82692478
29990,16.33841481,13.1951146,13.69239735,12.1663552,20.57020423,7.546696234,16.49081758
40165,19.6314887,17.11533884,19.12070647,19.78121235,18.74290577,3.885495079,1.722852788
27537,15.82048388,13.0799731,13.69137762,13.4392216,11.21185231,16.31527821,16.44181329
1526,14.91007108,15.05057661,13.68993076,16.46479594,16.63405701,8.908060779,14.34250782
14419,15.3240102,15.30371419,13.68959603,13.37692714,12.51793824,16.38982138,13.39799281
33468,11.45981601,17.95716918,13.68890484,8.313361229,22.59127914,13.67955572,12.30991389
971,18.48109811,12.20592134,13.68827853,13.25690469,10.98065994,15.31238671,16.07475068
6745,12.41156431,14.61387014,13.67317752,22.42494086,11.84439679,11.06316365,13.96888673
7555,18.41733544,13.15144775,13.6729639,17.48483086,8.713850569,9.123992194,19.43557928
9020,20.6714819,12.19229221,13.66663241,17.06916315,8.156201716,8.618073962,19.62615465
21963,19.91554814,18.93072322,21.04468638,13.79474614,7.535609482,11.34315784,7.4355288
15965,16.47397529,14.94102491,13.66078479,12.53532081,13.71108955,13.28880082,15.38900383
36192,20.91447127,18.34988423,17.11497456,13.29564609,11.24226417,9.562197269,9.520562415
24863,14.01071625,20.48511029,13.65905383,8.764230086,12.80801484,17.67268361,12.6001911
41424,17.17516849,8.940322495,14.4181278,17.09864339,15.22032665,14.27710045,12.87031073
20217,15.80308553,21.24742561,13.65281137,11.70591074,14.21027508,14.48475232,8.89573935
20672,15.80308553,21.24742561,13.65281137,11.70591074,14.21027508,14.48475232,8.89573935
36856,11.35975617,14.91847561,13.64567269,9.136683874,17.25987765,14.55196857,19.12756545
38107,16.99907532,16.21126595,15.31885349,21.30113487,12.51074203,5.686118458,11.97280989
8387,16.53373294,15.74836208,13.64381174,15.72456359,12.22179613,10.67818294,15.44955058
10388,14.2528702,15.6169002,13.64333981,14.17135241,13.1815946,15.61150472,13.52243805
39399,14.73914725,12.46808222,13.64286087,21.48162654,7.111837138,10.35279879,20.20364719
25926,14.01150555,14.54398243,13.6382685,11.6499035,17.7842028,16.86652112,11.50561609
8596,14.65900576,14.65887155,13.63707718,26.35132165,12.86503921,8.165124266,9.663560384
6879,19.86143278,12.37588874,13.63325266,15.55375442,14.32071547,16.09795248,8.157003443
38152,17.68486959,23.51403732,19.52066602,7.389234879,8.85271569,7.148800149,15.88967634
2919,19.0048346,11.15670607,13.63235461,15.95685463,10.03494701,11.43868221,18.77562088
1533,10.17384311,12.34927499,13.6287847,32.08164543,10.12758203,1.986348312,19.65252142
16030,12.45113155,14.34205851,13.6276824,17.79680728,11.27533889,12.86037328,17.6466081
34001,14.50250625,12.82641025,21.04390917,16.01213674,9.1525068,8.603356675,17.85917412
37411,13.32478837,16.97392589,13.61533834,8.034984035,17.00663577,19.14632156,11.89800603
6744,16.77623044,12.90326853,13.62702008,19.46207828,6.92851628,13.9705837,16.33230269
14339,15.7914903,15.63947199,13.62684777,18.17701859,14.10459159,11.39720762,11.26337214
19979,14.46305022,16.76085996,13.62573421,20.18934073,8.249385772,11.05228992,15.6593392
34141,17.76126329,13.40658402,16.35212888,16.71989092,7.343140753,11.74375677,16.67323537
7789,16.09478377,12.96206385,13.62469469,14.16042539,10.88541098,18.5902178,13.68240352
29165,13.5054299,12.7947478,13.62200922,16.09641884,16.31109308,12.23893475,15.43136643
29204,9.386392369,11.48683256,13.62104774,19.74890263,20.90881943,4.287594416,20.56041086
37108,18.07676024,15.32952399,13.61733039,13.2521689,18.35879004,10.00004526,11.36538118
33666,12.10477212,16.31804191,13.61454913,20.83086729,16.57766431,8.240432634,12.31367261
37663,15.07009298,21.99986319,19.40594248,9.181218874,14.95791705,13.77668888,5.608276536
18225,15.92404366,9.844081123,13.61248354,17.02938043,10.92508137,15.52980751,17.13512238
35047,10.72521699,14.20933063,12.5931615,7.311687978,21.36911312,16.10511713,17.68637265
17727,10.02890254,4.250774604,13.6042369,24.50356692,14.72523269,14.7127919,18.17449445
10352,16.5205953,12.68325496,13.59688186,12.12660865,11.20452431,17.7846903,16.08344462
37070,11.6779487,13.449799,13.58868279,10.80685985,14.71451747,19.96834297,15.79384923
25138,7.801593118,16.93407324,13.5865411,11.34652673,11.22642483,9.088938864,30.01590212
8446,18.83634554,15.71702542,13.5854098,25.99506626,12.13815838,6.169896499,7.558098104
8394,21.92263529,18.92437965,13.57950812,14.78470861,10.7023996,10.85485016,9.231518571
15320,18.12506549,12.8732894,14.40274572,14.55871755,13.39866155,9.404139413,17.23738087
20689,16.73162285,14.14423894,13.57667517,21.0611486,11.95363813,12.43337397,10.09930234
34113,14.68900981,18.6970305,16.56009053,13.40010218,12.88944186,10.41926993,13.34505521
41124,15.90799469,14.42446844,13.57352932,16.26123769,10.16085931,10.9294213,18.74248925
37713,17.36000649,16.90015805,22.84619286,6.954063087,8.167813409,6.492232635,21.27953347
15441,17.22919105,14.99824215,11.6415086,10.61587278,11.79872156,14.4996004,19.21686345
5428,8.264300424,6.290952763,13.57266317,16.66300496,20.76232004,14.31253831,20.13422033
13748,17.42681694,16.53682294,13.57208,11.99810173,14.88252473,14.7595328,10.82412087
36300,17.24795272,14.27881654,13.56452934,17.04242608,12.72870723,11.11161557,14.02595252
22860,22.52612564,16.20506089,13.56005637,13.84370399,8.730954864,9.264826939,15.86927131
3985,16.81678311,10.43671495,13.55659651,17.25792564,13.78783277,14.95237046,13.19177656
15513,13.32852389,19.51181476,13.70570316,9.025222865,13.40940059,18.18659107,12.83274367
19624,6.652847631,15.41526826,40.19605541,13.12509556,12.61682812,9.525577632,2.468327388
34632,15.66217695,14.11751714,13.55487192,12.99822911,12.02776265,16.78973551,14.84970671
36286,10.49475312,13.80027085,13.55373026,17.19119123,15.66489534,14.52873857,14.76642063
3804,17.75136505,15.41708295,13.55297199,21.93675785,11.17196979,13.03168502,7.138167355
7637,14.45400063,11.55379513,13.54460574,15.54933127,19.98735175,6.650672112,18.26024336
9358,15.46972923,13.65179796,13.53444308,12.64529741,14.69044464,15.29033773,14.71794996
535,13.15808048,10.24541967,13.53182002,16.95217321,18.62074707,9.532798573,17.95896098
21409,15.66196477,16.74222096,13.53173399,32.16104103,8.9357171,3.334644519,9.632677634
29997,15.04700642,7.842913166,13.52415989,16.05513483,19.23027591,15.09523533,13.20527446
8827,17.70620132,16.74759027,13.52194449,14.19195353,11.57982031,11.65183356,14.60065652
5503,10.44922618,13.43043083,13.50840519,14.9981894,10.34882748,19.20771048,18.05721044
3396,13.08659647,11.35903949,13.50834616,31.96352931,11.00045166,11.58690978,7.495127132
19120,22.57612301,17.98661831,13.50111541,12.12950691,12.54357099,10.69271161,10.57035377
34216,17.18101332,18.78024782,14.98957793,15.55676878,7.958463691,7.742454488,17.79147398
39255,8.113302139,13.04114198,13.49632213,16.51995997,23.58105757,8.654378478,16.59383775
1436,17.53432094,13.20755499,13.49363336,13.77311184,15.06446029,11.30877497,15.61814362
9031,12.98435789,17.85401896,13.49353752,9.53301488,15.5748567,16.40207193,14.15814212
40673,17.98696404,27.83901196,13.48670909,6.101187746,15.35572206,0.977390867,18.25301425
41557,10.27265173,11.69484994,10.89285715,26.60738281,20.55836504,9.844786889,10.12910645
20768,19.5696095,17.69801891,13.48082814,13.62607972,9.414711535,10.4361702,15.77458199
4957,17.07190992,16.11531454,13.48060506,10.86736088,16.55850244,13.25604304,12.65026411
36641,12.52065385,12.61182445,13.47903981,19.67614721,9.495883359,14.56178941,17.65466191
34433,8.786507668,17.97065185,13.47714519,10.83124861,16.13316977,17.82824419,14.97303274
27309,20.37180748,20.21605142,22.11459328,18.50043236,9.954695819,2.248926836,6.593492788
27341,20.37180748,20.21605142,22.11459328,18.50043236,9.954695819,2.248926836,6.593492788
39974,18.2510335,13.8757423,10.86862197,11.92866381,9.706848463,14.47075087,20.89833909
29420,13.52815012,8.456346512,13.47439223,15.28715565,17.50744003,12.78975104,18.95676442
36867,10.33082282,15.72204285,13.474124,7.311405498,20.65790166,14.5482371,17.95546606
19206,16.22817776,17.74382936,13.46956423,11.25327525,13.26088049,13.13314155,14.91113136
7790,12.34021691,21.12541248,13.46782554,6.352940312,14.1283197,13.05485669,19.53042836
7765,16.83312105,16.90432337,13.46604577,8.34803496,16.68032056,14.04492573,13.72322856
4073,15.46222457,15.29913589,13.46243936,16.24430966,14.88062881,6.552224857,18.09903685
40485,15.36982647,10.07384767,13.45758365,11.95548008,18.57967441,23.00409652,7.559491194
29619,12.26958359,12.84680966,13.44695686,21.19169504,17.67121862,9.805492828,12.7682434
5648,20.61874006,13.47545426,13.44314444,17.43315759,7.890352988,12.16506911,14.97408155
6059,20.61874006,13.47545426,13.44314444,17.43315759,7.890352988,12.16506911,14.97408155
22251,14.26042946,7.097855893,13.44079198,21.36344812,10.29036189,11.69597704,21.85113562
20738,19.23068269,13.97600013,13.43886187,21.27105906,5.421666727,7.994377962,18.66735157
21966,18.87447921,16.78824101,13.3013709,14.22583331,11.97201135,12.69695795,12.14110628
10316,15.19917908,10.15800119,13.43150017,15.79309902,17.25770144,13.24525477,14.91526433
12932,13.98768814,15.06637977,13.42869554,14.80981463,14.8104928,11.07145931,16.8254698
21067,18.17845681,16.887415,13.42765236,15.77164543,12.41315732,11.06768689,12.25398619
17817,21.46818988,14.76942992,21.00110628,15.88934189,7.899848594,6.757242357,12.21484108
26662,13.49039475,15.82010742,13.42731563,21.89812755,8.275312972,12.0438053,15.04493637
26226,13.49039475,15.82010742,13.42731563,21.89812755,8.275312972,12.0438053,15.04493637
37823,12.37405403,12.75909993,8.227332708,10.76609518,16.6550594,14.67440925,24.54394949
10505,14.21879712,9.433716237,13.42392498,19.64423736,12.09109129,12.92365215,18.26458087
10788,19.44929203,15.76032638,13.41772893,14.84364441,8.321870072,10.97952017,17.22761799
9501,13.7149978,17.75682149,13.41427281,20.4265542,13.12688586,10.63341574,10.9270521
36812,15.4475737,14.34955005,13.41228255,9.273801599,15.12308469,12.34980501,20.0439024
16010,16.20482506,13.7314947,13.41036031,14.6174477,20.61754786,7.721070459,13.69725391
11583,18.21180746,8.770548077,13.40736322,13.07988749,12.15038569,16.79327894,17.58672912
30182,15.75855204,13.45416879,13.39008359,19.81608512,10.33681971,10.52232951,16.72196123
29825,15.75855204,13.45416879,13.39008359,19.81608512,10.33681971,10.52232951,16.72196123
39279,18.5643398,15.22864452,13.38931282,13.08135489,19.37078803,10.39342861,9.972131324
13209,17.61387428,18.31938334,13.38677958,17.70395873,12.24400712,7.834035139,12.89796181
13915,14.45102928,7.923154336,13.38509249,16.8592365,22.08770054,14.05996073,11.23382612
6913,15.12571963,18.327844,13.38233338,12.94354428,9.709968235,13.58245817,16.92813231
40224,18.0823414,12.56206409,22.93671541,17.66541341,16.71953858,4.875607453,7.158319672
2633,18.80875248,21.21461429,13.38101995,15.89649012,7.808973688,8.607423963,14.28272551
3077,18.80875248,21.21461429,13.38101995,15.89649012,7.808973688,8.607423963,14.28272551
28070,18.59858593,16.49474153,13.37976911,7.450639412,9.528355012,12.63119094,21.91671807
39068,11.0095142,15.42303261,10.96792427,14.87381272,17.09238282,19.83425194,10.79908143
28465,18.59858593,16.49474153,13.37976911,7.450639412,9.528355012,12.63119094,21.91671807
17863,20.24273276,15.70001709,16.69762184,11.62091939,8.050509957,9.433040898,18.25515806
29979,15.54554534,19.25510043,13.37812619,9.233320553,11.14692648,14.99807074,16.44291026
12964,13.42540801,13.17573875,13.36709719,21.29323795,13.9210548,10.69800349,14.11945981
127,17.62046629,22.00086906,13.36405441,9.746079324,14.01728154,15.69719646,7.554052917
16127,18.10294745,15.28995857,13.36357234,12.93725236,13.41538537,15.46128669,11.42959723
21239,12.81569192,14.20165425,13.35804467,9.63456407,11.3329127,12.62113955,26.03599285
39596,16.83107424,15.7133712,13.34925963,14.07386511,9.711878092,13.27629397,17.04425775
35312,19.25773111,13.07016113,13.34841227,15.76959816,9.665295093,16.27860522,12.61019701
37924,13.77674433,14.85066111,12.19910181,7.473391784,15.95116246,14.34638944,21.40254907
10638,14.72094429,12.20541272,13.34738201,16.98138037,12.53894746,14.37931784,15.82661532
36955,13.86800557,11.95301714,13.34068261,25.02041669,19.10531508,7.153626543,9.55893637
5524,7.968070561,12.70193401,13.33855409,8.188876042,23.57777723,17.35413887,16.87064919
13540,13.0789133,11.61186289,13.33690675,17.44749602,12.02194974,14.1229724,18.37989891
41017,15.45951394,9.944297586,13.33409399,18.22444493,13.56920339,13.07210311,16.39634306
11072,22.65699156,20.89010944,13.332961,12.2192332,9.670098797,8.540538633,12.69006736
3799,15.15613242,15.40297962,13.33172276,10.23384025,15.01546036,14.95793225,15.90193234
4209,15.15613242,15.40297962,13.33172276,10.23384025,15.01546036,14.95793225,15.90193234
29630,18.48419182,10.58328686,13.3282758,18.45460672,13.55033206,7.680832964,17.91847376
21856,15.46383592,11.00253123,10.34617378,12.87841295,17.9804951,15.48034137,16.84820966
24187,11.55332021,15.87089815,13.32452061,12.15843503,22.60790993,12.16818144,12.31673463
9171,14.23279212,5.948514432,13.32393847,29.97184778,10.23924637,10.81656187,15.46709896
26214,11.7014456,12.2617304,13.3151317,22.41872514,9.575396729,14.00218108,16.72538935
26635,11.7014456,12.2617304,13.3151317,22.41872514,9.575396729,14.00218108,16.72538935
40567,15.12476716,14.92962689,13.31059131,16.93810843,17.491692,4.970181854,17.23503236
11128,22.82648174,15.94421817,13.30451055,24.86887859,8.60101069,7.841995657,6.612904607
6922,15.28599456,17.79270423,13.30210051,9.591669789,17.54613368,15.28897493,11.1924223
21489,18.80687441,15.14524512,13.30102276,21.74483922,8.762858619,6.401503708,15.83765617
2380,14.63728515,16.22971643,13.29140693,10.17361424,11.69408818,17.53410602,16.43978305
28266,15.85076665,18.36791116,13.28855902,9.635631705,17.40918852,13.12738596,12.32055699
28710,15.85076665,18.36791116,13.28855902,9.635631705,17.40918852,13.12738596,12.32055699
24989,17.08758787,13.99928335,13.2870634,12.58663001,11.21597163,19.55025188,12.27321187
21917,12.88012409,12.4587444,18.36712926,11.29922556,9.118263149,12.83235655,23.044157
14505,17.80956458,16.45801699,13.28448909,10.02504472,14.20060973,18.40597589,9.816299002
14869,17.80956458,16.45801699,13.28448909,10.02504472,14.20060973,18.40597589,9.816299002
41605,17.58387886,13.53281345,23.13655315,10.93804351,22.7488706,7.200033086,4.859807333
41612,11.04307386,20.09324861,18.59861167,7.330540923,14.52537628,18.26607077,10.14307789
8258,19.24218536,17.60463178,13.28312583,13.6527601,8.230258804,16.61326669,11.37377142
16898,11.95928744,16.72568255,13.26844995,18.81351347,11.91508069,13.46054673,13.85743917
36460,17.07787453,9.186161873,13.26017004,14.30708888,13.32236597,16.30243507,16.54390363
17245,7.942451267,10.86504939,13.249999,9.141278764,28.84152568,11.87525683,18.08443906
17597,7.942451267,10.86504939,13.249999,9.141278764,28.84152568,11.87525683,18.08443906
30072,19.86661529,19.28683985,13.2424028,15.35209391,16.71782078,9.671580906,5.862646457
3599,11.82494984,9.413751415,13.23871799,18.84751031,12.67211312,15.29278834,18.71016898
19889,15.89521001,16.81845158,13.23583873,20.07409798,11.30436275,15.01889543,7.653143518
9063,12.2348113,18.04559919,13.22765624,12.70959983,14.73689832,13.87719064,15.16824449
9132,19.09531853,15.67829711,13.22695047,10.89223579,8.992308497,13.33898548,18.77590413
26663,18.36042188,17.91656656,13.222087,29.68861217,8.539148605,5.961638702,6.311525075
35246,13.63594178,27.79836628,20.49115352,5.960285472,13.23372402,10.40294164,8.4775873
1254,12.85161326,7.221436088,13.21684523,17.20804011,16.14314639,14.55541339,18.80350553
17428,19.94102965,11.04717884,13.20696013,25.65362259,10.56292037,9.324833127,10.26345529
40822,18.57008087,16.9851032,13.20469866,17.12877398,9.73990737,13.79310006,10.57833585
32047,15.46631035,15.51010508,13.20366899,19.98039651,9.600498828,12.57094188,13.66807835
32535,15.46631035,15.51010508,13.20366899,19.98039651,9.600498828,12.57094188,13.66807835
1406,12.99757993,15.88166951,13.20220854,13.19070772,14.07981308,15.83675115,14.81127007
965,20.70429015,15.89130782,13.20051381,17.80874677,7.28831064,7.618928486,17.48790232
15261,22.76673344,20.36237318,17.60981973,16.021561,7.612511773,5.183971666,10.44302921
22182,14.76727053,8.148996465,20.40143652,10.21777861,25.57005067,13.81657918,7.077888018
18123,14.63557768,19.37080037,21.56680757,12.48279507,13.26880411,12.97269383,5.702521367
22050,14.99611951,21.07309879,22.04118141,17.20566949,10.5029752,6.816644481,7.364311117
6993,17.24711726,17.99426489,13.19778626,13.4408127,8.93152884,10.93396439,18.25452566
34302,17.44904645,17.02608338,21.28754339,12.43524902,11.17041811,10.02251236,10.6091473
5321,7.840026617,11.03102334,13.19688461,14.3888069,16.66092059,17.43585014,19.4464878
39806,17.02900642,14.94336981,16.6401647,8.201048859,10.00864846,15.4432081,17.73455366
21968,6.671787638,10.08296435,10.98532914,10.89890518,19.26618109,19.73395389,22.3608787
6722,21.58957067,13.78321057,13.19442712,17.2370532,12.25438649,12.9047994,9.03655255
13198,17.84394435,15.96739012,13.19287387,14.87355832,11.10685685,14.73314552,12.28223098
29831,17.90237409,15.98862904,13.18623191,12.87842135,12.0400485,12.98997939,15.01431571
30018,8.730290272,11.93318323,13.18591985,30.2487435,10.08483601,12.42420526,13.39282188
41157,12.12438529,11.61829102,13.1829584,26.642428,18.28324482,11.13486085,7.013831619
18105,15.41455894,19.0108686,15.2283229,16.39168267,11.81704459,9.541151646,12.59637065
14025,18.40962107,16.87953062,13.18243672,16.04512962,12.94774848,5.926488341,16.60904514
32950,14.81388833,17.33245598,13.17460786,12.24045197,10.73437348,14.18734341,17.51687897
33438,14.81388833,17.33245598,13.17460786,12.24045197,10.73437348,14.18734341,17.51687897
6529,12.23835795,15.05368293,13.17017707,9.783815445,21.16613815,17.05209183,11.53573663
34236,17.20889358,16.65199917,16.20316351,20.02254927,14.10762676,9.345116496,6.460651217
29658,13.58911203,16.91364106,13.16552665,17.48488871,13.19006746,11.11581908,14.54094502
1313,11.60864504,11.88901242,13.16407883,25.91137387,14.51036712,6.188325398,16.72819732
28775,18.47228084,10.59969295,14.02369766,13.96153101,17.61058175,13.81047722,11.52173857
15301,13.58493643,11.21212991,20.77859901,14.18113115,12.43028869,15.67709999,12.13581482
33876,17.84010336,14.44590088,14.7496997,13.53405982,7.147750695,10.46500379,21.81748176
11762,15.99448098,10.97803374,13.16307723,16.55746706,11.44013938,15.02889842,16.83790318
11801,15.5779159,12.52071074,13.15488953,23.51449812,9.989348,7.177699673,18.06493803
2429,16.98045638,14.80180375,13.14727492,11.7049611,14.46118468,11.86105795,17.04326124
4909,19.57009372,19.30305961,13.14571246,14.35604876,11.07502757,7.118392861,15.43166503
18767,15.20506305,14.23855452,13.14202805,14.34224732,13.89502501,14.76030493,14.41677713
18108,17.5105426,17.28671769,18.95442256,12.54683318,10.81037377,9.783781104,13.10732908
8837,21.36126724,18.53919719,13.13468144,15.34148755,11.14309829,11.47629479,9.003973507
25600,15.97525744,8.165568386,13.80906901,17.61688438,15.48495217,1.269890244,27.67837836
16976,14.12218246,10.60170767,13.13187191,16.96369595,16.79164618,13.14548497,15.24341087
34274,14.16812516,16.47944167,10.21721631,18.23867682,15.70466444,15.07671671,10.11515889
9383,20.57015639,14.48477547,13.13032787,11.61185565,11.7627029,15.09956173,13.34061999
12116,14.3666338,17.3379518,13.12157922,20.23925539,14.7982941,11.66487853,8.47140716
11040,15.29016757,14.74241898,13.12116697,10.15394457,14.9388134,17.92205019,13.83143831
26348,18.99196555,14.66839776,13.12081267,11.12842471,8.312340917,11.17113342,22.60692497
26778,18.99196555,14.66839776,13.12081267,11.12842471,8.312340917,11.17113342,22.60692497
38409,19.62841793,16.2245938,13.11455803,11.31089397,8.735501422,13.66752564,17.31850922
17200,16.99623698,12.25734642,13.11156927,18.69441503,12.67473481,10.46053425,15.80516325
38065,12.9477107,11.58637789,8.789577037,8.728716328,13.41897805,19.88538546,24.64325453
29574,15.8479839,16.35253194,13.10878917,18.71669016,11.34115907,11.92528407,12.7075617
36620,18.69839104,16.33622904,13.10628492,12.42521183,11.66795819,12.91322206,14.85270292
31021,15.72281942,10.77777135,13.1060988,17.29827656,16.51160163,9.599481088,16.98395116
4868,17.66161356,19.5318024,13.10300722,14.38427258,9.771882757,11.99155893,13.55586255
33122,13.70051379,12.3889664,13.09646944,17.06527343,12.87734962,15.81831831,15.05310903
33590,13.70051379,12.3889664,13.09646944,17.06527343,12.87734962,15.81831831,15.05310903
17735,13.3633379,14.02432952,18.71678671,15.44595967,16.56764176,8.32061244,13.56133202
18584,16.38889647,19.93505356,13.09395291,13.68117027,16.47650162,12.89696609,7.527459102
2690,15.54682156,18.6462456,13.09255646,13.79893585,12.29958187,10.75256667,15.86329199
15816,15.02351024,14.89336194,13.08889506,12.13959647,12.43968008,16.77618582,15.6387704
41537,15.43167271,6.346209586,5.442861776,25.87700534,16.92793347,15.17203585,14.80228126
12127,11.97836127,15.45068316,13.07844979,23.76411957,11.25440655,6.44141294,18.03256672
11886,17.96025664,12.10450017,13.0752791,14.34937797,12.01915813,14.23311711,16.25831089
11705,19.83695171,10.42902647,13.07509552,20.3797259,7.180348198,10.7785885,18.3202637
40225,2.015516069,31.93783673,15.68047118,11.32552279,21.87464041,3.101599358,14.06441346
21530,14.15931307,15.08096123,13.0730692,14.77497897,13.63718907,5.758339111,23.51614935
33931,15.40766457,20.5699456,16.46962272,12.21650526,13.01102804,11.00500999,11.32022381
39237,17.58400448,18.37301513,18.04413832,9.390100343,12.49615368,5.79667915,18.3159089
26223,19.6438339,15.31929744,13.07289627,20.55382144,10.48142971,6.724146337,14.20457491
26659,19.6438339,15.31929744,13.07289627,20.55382144,10.48142971,6.724146337,14.20457491
3598,15.97230482,14.02670274,13.07036569,14.7062068,11.84969816,10.65058798,19.72413381
4973,16.99933447,12.02670322,13.06968263,11.24128055,9.474933284,14.61176614,22.57629971
15789,17.89146066,14.3796348,13.06831446,12.08418471,14.67617661,14.46488254,13.43534621
4940,17.29468827,12.59478612,13.06323807,18.6434654,10.21691144,13.07175832,15.11515239
12438,18.4176709,18.12704984,13.06306429,14.82037132,12.64361713,9.808874265,13.11935226
6368,13.02251773,14.69019909,13.06247483,24.6845506,9.477645217,8.668333917,16.39427862
6790,13.02251773,14.69019909,13.06247483,24.6845506,9.477645217,8.668333917,16.39427862
4971,16.56139098,13.87227255,13.060124,15.60855128,12.6445337,8.799013582,19.45411391
22103,16.15212599,13.56241164,22.16181929,9.457269169,10.67486702,7.350383542,20.64112335
18250,10.2854006,6.313729682,13.05680526,17.33497246,19.87645738,17.98494625,15.14768837
22070,20.26613967,13.74814415,14.78312581,14.28510304,7.053238389,14.00237995,15.86186899
36487,21.51873055,17.23310072,13.05087546,11.91910975,13.77665384,13.37646674,9.125062948
3483,11.67189551,14.38115358,13.05016297,24.66437202,9.443722845,10.67986299,16.10883008
29422,18.27455463,14.36740707,13.04318335,10.82101702,15.3937188,15.76217503,12.3379441
19717,15.88484336,15.67780377,13.03964676,14.0863352,11.81073542,13.19383525,16.30680024
166,16.51511391,12.01183962,13.03690385,11.94835343,11.0062375,16.40986173,19.07168996
34204,17.80493516,18.80556144,15.08074995,11.58396601,8.71051305,10.93072168,17.0835527
38440,13.66891889,11.01488857,13.03204585,24.72304332,12.22651356,13.47630677,11.85828305
16091,15.72310392,15.11467796,13.03134734,19.20608383,11.25138138,13.44498143,12.22842413
6231,16.10594318,13.29356151,13.02635814,16.97307935,12.98527377,14.77407684,12.84170721
30832,16.5941649,12.39514798,13.02505395,11.52362598,13.44103722,16.26104261,16.75992735
35581,14.9899401,18.72028944,13.02485528,9.902890036,13.89663434,14.33632493,15.12906587
22235,18.53673925,9.738213893,7.880594925,19.6220613,15.8146178,16.77036709,11.63740573
27472,17.84639196,14.3528995,13.02085099,13.93806404,12.19710183,17.30760021,11.33709147
41689,21.8276041,19.66044854,29.55442728,8.799248668,9.246942475,1.327988823,9.583340111
3189,14.70993051,15.63249483,13.01528315,10.27790102,15.00083285,12.15070821,19.21284943
22725,9.203318007,10.43644689,13.00902703,7.089301286,19.85784988,22.22626319,18.17779371
23223,9.203318007,10.43644689,13.00902703,7.089301286,19.85784988,22.22626319,18.17779371
5213,14.81312345,14.51525368,12.99940673,13.35822807,12.77911588,10.75209387,20.78277832
30592,11.19058461,8.190815786,17.27572092,31.34022226,15.63523794,10.5460112,5.821407285
11782,13.06858968,17.02908974,12.99533152,20.86487596,9.894497641,10.71685366,15.43076179
36981,15.0392981,17.63583055,12.99271419,12.59369972,12.50438661,15.93981873,13.2942521
22008,13.8317872,7.696836751,5.930555277,17.37557412,20.43950446,14.31801152,20.40773068
24793,15.8447402,13.88870776,12.98831666,6.960965067,14.07188231,18.55696592,17.68842207
38297,12.87901532,17.69639127,12.98793809,19.36909123,9.814516654,12.6200531,14.63299435
29325,14.37239848,14.63428956,12.9829901,14.24789055,17.87658282,10.66837397,15.21747451
32940,12.88316795,12.62650511,12.97868507,22.53900795,10.89011841,16.71667149,11.36584402
33426,12.88316795,12.62650511,12.97868507,22.53900795,10.89011841,16.71667149,11.36584402
37466,12.35557199,10.87168277,11.55081461,10.8685934,12.24789919,10.81567267,31.28976537
21248,18.63644687,14.48802051,12.97315043,16.55238106,8.647229196,11.25548905,17.44728289
16663,16.869234,9.26169756,12.97194246,21.75114905,9.050375488,12.61352776,17.48207367
17633,16.36833358,21.5177378,12.96804519,8.038269114,9.465833377,8.741267497,22.90051345
29379,18.35609195,15.18165517,12.96562984,11.59929919,9.991763497,12.24188621,19.66367413
21611,12.49283739,17.9146528,12.95978241,12.24869802,15.25752491,12.88175813,16.24474633
38337,16.96928944,15.0160301,12.95783257,14.57755859,14.60083688,10.73819806,15.14025435
23167,16.36743329,16.0538053,12.95222627,11.32434144,9.919678772,11.94557208,21.43694285
37051,15.88201611,20.87379541,12.94620912,8.045850847,11.11214918,16.69645025,14.44352907
34573,16.00985397,16.93803218,12.93992845,14.97150932,11.70850839,14.81382162,12.61834607
23367,10.99478011,17.6104164,12.93897134,12.78052369,14.94508302,13.49779397,17.23243148
27026,21.00034141,14.11671423,6.715655991,20.43200857,15.06111063,11.19031617,11.483853
34021,16.07272016,12.20498884,8.396953413,14.65576446,18.03521704,14.12802977,16.50632633
27801,14.28733172,3.897424084,12.91925775,23.14686721,11.73676282,9.47620919,24.53614723
15344,16.80093518,12.17921736,20.99070452,11.3550665,9.247676994,14.18029779,15.24610167
30057,13.54699028,16.75561252,12.90527883,18.46024054,11.44992767,10.50931321,16.37263695
16921,12.96916034,14.12503253,12.89565663,24.38356753,12.57560512,12.08751176,10.9634661
8309,13.68715107,11.10602775,12.89548447,16.17848861,17.44326214,6.950633236,21.73895273
9351,12.42686414,12.07473114,12.89251804,15.52188691,18.85539829,18.42980718,9.798794296
10694,8.212487512,12.0393945,12.8917064,36.77686554,12.64549433,2.716244861,14.71780685
11170,8.212487512,12.0393945,12.8917064,36.77686554,12.64549433,2.716244861,14.71780685
30525,13.28178451,14.56333727,27.86363305,7.085438975,14.31672861,10.82335633,12.06572125
5587,14.02772015,11.44890364,12.89033282,17.80619729,13.5121683,13.68877234,16.62590546
30838,16.70705499,14.36894712,12.88866562,13.95996654,12.59290028,13.22225341,16.26021204
18185,16.13645093,8.580372962,8.41705614,16.18996784,18.07743436,13.77761815,18.82109961
311,14.75379064,17.73037415,12.88859791,26.77132986,10.51041363,5.289087135,12.05640668
38325,17.39556426,14.97044965,12.88800974,10.39572256,14.15333696,15.23739156,14.95952526
22125,15.47246643,14.75144807,17.61682899,11.58694891,12.22412649,12.36260636,15.98557476
11654,19.4952103,17.48415499,12.88524572,12.76610015,11.55161943,12.77204471,13.04562471
31345,12.42647707,7.717546916,12.88515484,12.49049261,12.61645969,17.89338068,23.97048819
8881,14.04841731,13.90308805,12.87778959,18.67181029,11.07303559,12.67621794,16.74964123
7993,9.816207717,17.16694399,12.87248801,20.82505232,13.66134457,10.38709821,15.27086519
36399,17.42875003,15.99089443,12.87173863,17.27351115,11.34849847,10.21658499,14.8700223
31127,23.4367945,16.33144494,12.86790017,15.08108151,7.231933272,7.605937597,17.444908
31598,23.4367945,16.33144494,12.86790017,15.08108151,7.231933272,7.605937597,17.444908
17230,11.3946652,17.59002613,12.86472656,9.152048663,20.8523602,14.5722156,13.57395764
38100,12.12844302,12.43179438,9.604392291,8.804392041,18.27121098,16.29244278,22.46732452
17620,11.3946652,17.59002613,12.86472656,9.152048663,20.8523602,14.5722156,13.57395764
5963,10.05237291,9.363509863,12.86379147,10.15126832,17.7500723,23.60373808,16.21524705
21240,19.82791044,14.82839768,12.85823803,16.22541747,9.827405468,9.315961516,17.11666939
15392,16.18626512,17.6636816,22.79384716,12.57362777,10.20600023,11.17685133,9.399726786
2682,15.95051846,14.94824986,12.85768081,16.03398108,10.65478857,13.70694728,15.84783394
32084,14.72604883,11.937434,12.85736855,23.35950419,9.91550331,9.367673005,17.83646812
15478,18.25689493,17.23883968,21.14652209,10.45311717,6.33197317,7.490678442,19.08197452
32577,14.72604883,11.937434,12.85736855,23.35950419,9.91550331,9.367673005,17.83646812
11853,16.90084385,15.94435264,12.85672864,17.37152646,10.07559741,14.75740085,12.09355015
30931,16.9406729,13.54122011,12.85657702,15.07102801,12.42798251,16.07590767,13.08661178
21450,18.05919897,10.11377397,12.84534956,27.64676159,13.52451153,10.18455856,7.625845818
38923,16.41152552,13.01116035,22.66951904,9.280611564,8.229107624,7.824946604,22.5731293
30216,11.29717943,13.19494068,12.83685178,20.00732061,15.66112118,16.91449071,10.08809561
6288,15.46530311,16.07399178,12.83485456,13.95489099,15.66579322,13.49469937,12.51046696
4825,15.32705515,20.48820333,12.83103974,15.32352612,8.784073001,6.144848827,21.10125384
157,16.59198613,11.5484558,12.82858985,12.38268326,11.70648848,18.37579048,16.566006
36088,20.86312486,24.87362151,22.09743216,6.124309171,8.050314473,2.135594414,15.85560341
19512,9.279807761,20.72196156,16.22430917,8.524343769,26.35005141,17.94618436,0.953341972
34621,16.30763744,15.08760006,12.8266765,16.26847744,12.63744583,16.80495497,10.06720776
30817,17.37902026,16.44932136,12.82278646,12.55683646,21.25978414,10.3281709,9.204080432
4929,17.55615876,19.00062961,12.81634028,13.22755865,10.61455314,13.2914331,13.49332646
10651,15.05464543,13.55924743,12.81584474,20.07234028,13.95564434,12.34514859,12.19712919
32270,12.9763806,10.72880366,12.81477063,28.57193701,10.12562033,8.071972609,16.71051516
32743,12.9763806,10.72880366,12.81477063,28.57193701,10.12562033,8.071972609,16.71051516
20197,15.68447254,15.49717069,12.8121253,13.08564364,13.60967612,11.25349629,18.05741542
492,18.44931102,12.20675032,12.80733445,12.66104206,13.14575615,17.02056869,13.70923731
6610,16.60495445,15.71965542,12.80699199,19.84676566,8.812963311,9.193547943,17.01512122
34580,12.94897257,14.78004273,12.80417041,10.9303741,12.94492547,17.32182095,18.26969377
34264,13.91519105,14.95269476,12.29331387,11.18012331,15.59710908,15.53118676,16.53038118
41614,14.87711315,15.94590365,17.0364334,9.035639801,13.37807072,10.01458111,19.71225817
8661,12.96874661,9.054678806,12.79356543,22.20335772,17.63462436,15.28421953,10.06080754
22226,19.43585527,17.13852465,15.03111454,13.22743466,10.48403497,10.87005427,13.81298164
27788,17.9063908,10.42470337,12.79090962,13.70835644,13.88813438,12.76300045,18.51850494
26407,14.55450064,10.59180505,12.78778224,18.43758857,18.84692233,14.88386485,9.897536311
41622,18.33515448,14.25942594,21.03789704,7.164913436,11.14873107,12.64333401,15.41054402
26825,14.55450064,10.59180505,12.78778224,18.43758857,18.84692233,14.88386485,9.897536311
15343,15.04395274,19.08211103,17.68457362,11.65904643,9.768001973,9.481965303,17.2803489
36389,12.96063135,13.19165122,12.78483847,21.02804728,15.85076337,9.400184144,14.78388417
5026,11.11992839,13.40118643,12.78452682,9.45407847,14.01700179,19.86441636,19.35886174
40733,14.23552967,11.03776963,12.78217005,21.04914885,19.79631535,11.95890898,9.140157472
15585,11.31886857,13.90859426,12.77968268,21.96879624,17.30916818,8.898623882,13.81626619
37783,13.48342068,17.14665439,12.06066575,8.684343759,16.61236408,15.34273114,16.66982021
16909,15.35563857,10.60534186,12.77267191,19.13840208,16.05015574,9.421479136,16.65631071
18675,15.19376388,12.50084083,12.73867646,14.95796402,11.65399665,13.63382931,19.32092886
20376,13.93453974,12.03394953,12.73834975,20.27440179,16.76796402,9.853594709,14.39720046
8628,20.95865485,13.00161943,12.72930165,16.41103104,10.53905906,12.49033471,13.86999926
2911,10.8757393,17.2709764,12.71853486,18.33519769,11.08806989,9.742352405,19.96912946
21903,16.44518677,12.25932029,6.60061062,16.86032958,15.08456818,18.98108995,13.76889461
34174,17.8262847,16.06351862,17.62381388,11.8270938,7.032516724,8.673174111,20.95359816
37159,15.79430837,13.77819451,12.71800729,12.44644962,21.65855891,16.3839967,7.2204846
10422,14.93253453,15.09330277,12.71683964,12.73011977,14.51755754,15.31283916,14.69680659
34298,21.24647399,11.95146573,14.09846027,15.61246206,6.589211065,11.48341051,19.01851637
37671,15.77027171,25.57934774,24.98314826,15.71048509,10.29743557,0.746426841,6.912884789
18488,17.6894273,12.09504684,12.71405622,22.32488201,10.33478779,13.88293418,10.95886565
20445,15.60376474,16.59181823,12.71269529,13.44848704,9.704727842,13.24223972,18.69626714
20890,15.60376474,16.59181823,12.71269529,13.44848704,9.704727842,13.24223972,18.69626714
17501,16.0209263,11.19497527,12.7020187,24.46356838,15.85774574,7.234355548,12.52641006
17131,17.32276963,14.53133939,12.70140931,11.55642401,12.20951614,15.33196352,16.346578
38353,14.81961239,15.64260513,12.69977229,19.45080229,11.63927439,12.00671691,13.7412166
7319,17.17746275,16.13127022,8.792923179,19.72792458,14.8160213,13.47510382,9.879294155
22650,13.93996097,18.2256475,12.69043302,11.55354178,14.62146883,12.76768283,16.20126508
37528,8.704775955,13.99983706,14.54100379,8.040855772,24.2643481,14.81057508,15.63860425
24799,19.53527951,17.68527595,12.68762123,8.253363574,9.711630044,11.00620258,21.12062712
38673,14.81796044,15.16420541,12.68705685,15.84323629,12.21014744,12.88028429,16.39710928
21878,17.59080998,13.75696209,20.793459,9.034787157,9.876704463,14.0072497,14.94002762
41062,15.68029345,11.59268663,12.68611483,17.47462001,18.89378174,5.910528337,17.761975
7674,13.86098662,15.4407118,12.67625849,16.34353801,11.31785012,13.65201669,16.70863826
5798,10.91371223,12.54223198,12.67518805,25.16666023,9.222353848,10.64473851,18.83511515
318,14.4897933,11.66442619,12.67209049,12.47600704,19.0634349,11.70642764,17.92782045
21854,18.51648754,12.31265134,11.62629017,15.82691547,9.855607839,12.78809856,19.07394909
27859,20.09823904,17.58448692,12.6699341,10.68299622,8.771187487,12.95122239,17.24193385
28286,20.09823904,17.58448692,12.6699341,10.68299622,8.771187487,12.95122239,17.24193385
40029,10.34614804,14.7035412,6.910675482,8.209906154,25.11428646,10.77366075,23.94178192
33212,15.07686303,20.84412124,12.66980843,13.3508854,10.18298406,15.02840573,12.84693211
15209,16.5153432,12.83226007,14.69921976,11.9974501,16.08208346,16.17186751,11.7017759
21674,14.62937455,16.33789953,12.6670762,14.24403372,20.46086546,6.107549296,15.55320125
26706,16.68420434,14.31806682,12.66366258,22.6779257,10.20342325,6.403115823,17.04960149
26270,16.68420434,14.31806682,12.66366258,22.6779257,10.20342325,6.403115823,17.04960149
33988,10.54845235,11.95310987,29.44823058,11.85307963,13.36458553,8.319559814,14.51298222
27761,11.39585512,5.836094843,12.66066679,38.18159771,14.76528888,3.482357286,13.67813937
24256,16.13835901,13.34159273,12.6589721,13.57785443,13.15461084,19.47867175,11.64993915
10822,9.168330013,9.600588435,12.65587717,26.88544506,13.44057285,15.09040392,13.15878254
3262,18.59165813,14.26966039,12.65556144,20.64285777,12.4826344,11.21897738,10.13865049
3635,13.97159863,14.81427663,12.65486579,15.85841355,10.80937513,12.43897709,19.45249318
5011,12.11450726,17.44287925,12.65253833,20.93111367,11.11384264,9.045284554,16.69983429
25035,5.610937906,7.942778965,12.6483486,25.84267361,21.12308245,9.314409677,17.51776878
13921,9.778958411,14.88655443,12.64726729,36.39457184,16.92962951,0.562143742,8.800874777
22098,14.00472713,18.3502793,22.41940175,10.90587817,12.08944179,6.348846004,15.88142586
4833,15.40578632,14.17477566,12.64086707,17.37268315,13.36392325,10.28545198,16.75651256
34087,18.07931286,18.36928145,13.67862036,13.58646297,8.320312067,8.753558252,19.21245205
6470,15.01562553,12.38098963,12.64049559,13.21578058,15.25596306,17.06976268,14.42138292
34286,10.8599147,9.266411248,11.98434009,18.53038295,20.10635848,14.34015664,14.91243589
3259,16.46271497,15.65388721,12.63612641,13.61105968,13.24438261,5.392089745,22.99973938
29489,11.70360489,20.51262904,12.63559278,7.994913025,19.66100319,10.1957556,17.29650148
22256,21.18317488,18.17541901,12.63190654,20.03702688,9.484635276,10.93142989,7.556407523
22076,19.41511849,15.71957431,14.64397113,12.08720451,7.436193411,9.959873604,20.73806455
34454,16.06352068,17.10008954,12.62524629,15.76557282,11.16169359,13.56590631,13.71797076
20472,13.92838961,13.72116546,12.62336038,20.19087183,12.58822078,12.90166962,14.04632232
27535,13.15187413,14.32422001,12.62033572,11.67773033,15.95347103,17.19091348,15.0814553
21077,20.26445949,13.02888416,12.6175077,16.87126578,9.298967944,10.58036943,17.33854549
21481,20.26445949,13.02888416,12.6175077,16.87126578,9.298967944,10.58036943,17.33854549
15746,14.10973041,11.51225632,12.61660799,11.03069411,15.18744128,17.44846302,18.09480686
5623,16.00587213,17.12748112,12.60886709,12.75038709,17.34375565,10.31405061,13.84958631
6040,16.00587213,17.12748112,12.60886709,12.75038709,17.34375565,10.31405061,13.84958631
8947,13.99008442,13.020352,12.60130737,13.39540969,15.31764509,15.241059,16.43414242
24447,13.85014619,17.81148237,12.60075741,10.96981921,15.03412764,15.18587782,14.54778935
11195,14.90506401,15.94302872,12.59373819,25.4145643,13.63622542,10.28601531,7.22136405
29717,17.06835555,15.65825015,12.58913814,14.07075713,9.173220171,11.14783767,20.29244119
1089,14.13348307,18.7880577,12.58826654,13.88840833,12.50878795,10.23553848,17.85745793
1502,14.13348307,18.7880577,12.58826654,13.88840833,12.50878795,10.23553848,17.85745793
36904,17.25635273,13.27243299,12.58345434,19.72287733,10.19490161,10.89152907,16.07845194
15108,12.81118076,12.66057747,8.210994074,17.26037068,27.35331399,4.779287577,16.92427546
37690,11.96265148,13.74615285,10.82453108,10.81680474,14.11950216,12.53866968,25.99168801
20590,12.54079538,17.55539434,12.58235279,14.62489203,11.60428017,12.95257179,18.13971349
20939,17.09765063,12.05328948,12.57958016,15.58608382,10.59565446,13.46360059,18.62414086
18098,15.74400461,15.05170647,13.58604648,9.364939086,15.51143437,18.37000049,12.3718685
37865,13.44734139,12.36689269,13.76368716,7.066734662,13.39289154,20.70437779,19.25807477
16838,17.97381717,18.50717234,12.57454249,11.03786191,7.706131895,12.91851284,19.28196136
8623,14.12217786,15.97853636,12.57195185,11.34042143,14.87949941,10.60966328,20.49774981
22246,15.5120787,13.89208599,12.56805809,19.81046969,12.10167708,11.43022847,14.68540197
6711,15.82174186,14.44754515,12.56324229,9.671048866,19.41279466,13.68115649,14.40247069
2933,12.31514791,9.263832614,12.56214829,22.4442296,10.0139038,16.59376208,16.80697571
340,13.14851618,12.4934929,12.5568858,17.25680391,14.14793138,15.07438035,15.32198949
9318,19.11484118,23.33635211,12.55577762,12.6546008,7.253554335,5.507349288,19.57752468
33559,11.63328827,19.08633585,12.55479108,5.474456347,11.46622018,12.859413,26.92549527
16069,11.27748993,11.39190181,12.55443663,20.95640976,11.04402855,11.39175275,21.38398055
16506,15.35584582,12.36893238,12.55021452,20.74877817,10.10573556,10.50783313,18.3626604
2669,6.737086565,12.39504563,12.53765627,21.29494425,15.20583402,13.7855186,18.04391466
7550,15.035217,13.02587144,12.53696983,15.89330922,14.43452922,13.70399502,15.37010828
10202,16.6247088,17.00334018,12.52036279,8.692841387,12.02567798,18.24759174,14.88547712
15537,15.0069719,17.62692366,14.01412693,9.669506306,11.13344749,15.40005316,17.14897055
38636,13.79202139,15.83142287,12.52001529,13.37153977,16.77460931,12.61471672,15.09567466
29650,22.10992085,15.40311954,12.51634578,15.21360632,8.93188341,13.81245908,12.01266502
9391,12.76841333,11.17648121,12.51480132,13.56795366,15.52991295,18.44033826,16.00209927
12085,16.16527063,13.84222353,12.50617876,18.16893133,11.66513827,15.0658243,12.58643317
3474,18.86552064,13.04384596,12.50601551,18.17858719,9.896541546,12.64041544,14.86907371
3931,18.86552064,13.04384596,12.50601551,18.17858719,9.896541546,12.64041544,14.86907371
40334,16.00841877,11.65030887,12.50543667,17.77382443,12.99836819,11.231977,17.83166607
29884,11.04626087,12.14819342,12.50240048,19.97278534,19.23757654,14.63199733,10.46078603
3856,15.83111375,14.43937474,12.49983003,14.66200318,9.248076267,12.79661581,20.52298623
7958,14.04472672,16.29715385,12.49752382,17.98895075,10.04991462,10.65138978,18.47034045
16927,15.60523983,11.92017429,12.49159351,19.30576136,9.817962082,15.563734,15.29553493
31461,13.49484621,9.607042086,12.4845087,18.96860116,11.74420406,17.72421052,15.97658726
19701,14.98050269,14.81124105,12.47874032,18.78079103,17.54510159,9.312301087,12.09132224
20941,20.12920652,17.95470425,12.47727128,15.2264628,8.922138652,10.13539949,15.15481701
21360,20.12920652,17.95470425,12.47727128,15.2264628,8.922138652,10.13539949,15.15481701
16574,9.324473318,6.686017367,12.47323582,22.34688674,12.65467477,14.88701453,21.62769745
13218,19.49110415,16.4505955,12.47200218,16.70690295,7.160412768,10.01747479,17.70150766
38442,16.01897955,13.24361905,12.47053923,17.35495789,12.41518451,11.2242706,17.27244916
5396,13.98295221,15.16103466,12.46651188,8.337251778,14.6987359,20.79244394,14.56106963
35243,6.823997891,13.80720598,14.82036394,10.06872879,19.27176367,16.27252429,18.93541543
22937,15.16437011,21.41516132,12.46615845,10.19833514,9.843675732,12.08104958,18.83124966
38309,14.44896685,13.47841138,12.46466833,20.12490735,8.053940723,12.09443748,19.33466788
3171,18.25259858,16.02692625,12.46269292,22.38594411,9.864817384,10.42309126,10.58392949
40263,8.820873773,12.3748022,12.45568216,21.42254485,17.22821192,9.384681317,18.31320378
15152,12.84744277,13.40552972,10.60040303,7.89700351,15.9951862,21.85667233,17.39776245
38550,14.73022832,19.18628066,12.45427523,9.572189481,9.49804939,10.52248846,24.03648846
17670,13.72338951,10.66523592,12.44047338,16.83574004,17.02058561,12.34680071,16.96777484
4884,17.25488658,15.83773903,12.43997881,20.05711213,15.95722907,10.52355832,7.92949606
9099,14.75358339,10.37133071,12.43972779,22.73755294,10.45370815,13.48057094,15.76352607
33914,14.94580558,15.32578223,15.30303965,8.646543304,13.20339155,16.58492671,15.99051098
21899,16.60903659,21.04602901,19.43318258,11.48087437,7.347236612,8.160636392,15.92300444
23231,15.68423945,8.277453821,12.43913581,22.91003952,10.8457424,10.62755195,19.21583705
33428,13.1547772,12.86114587,12.43622021,22.07266235,7.702420344,10.762848,21.00992603
15488,17.24535553,17.6459477,16.22323601,7.776927956,10.4068949,14.64986928,16.05176862
30849,12.67932253,16.80741407,12.42493626,21.71312211,17.41772352,5.996919504,12.96056201
1577,17.64144048,10.0019969,12.42382107,29.63969338,8.018428372,6.76250397,15.51211582
14099,21.65979406,15.74048186,12.41707686,18.09874731,14.78997943,8.561109194,8.732811288
16195,11.26167363,13.62648198,12.40898683,18.76959337,15.65456085,12.88476642,15.39393692
23574,17.58431995,8.558409677,12.40187957,20.59314832,9.025998438,10.53286333,21.30338072
10744,19.30592179,14.73150844,12.40116893,29.20337933,7.820743257,5.413985604,11.12329265
17858,14.65428283,18.5439866,13.5856804,12.4588335,16.1648663,17.56629334,7.02605702
18689,16.84715174,11.62465968,12.39802472,14.18070177,11.98964098,17.5537063,15.40611482
3297,19.00113743,9.000848405,12.38463567,17.99169538,9.170067291,11.0122204,21.43939542
22053,16.12556976,15.31316621,14.46126773,15.26294714,18.01826336,13.49304978,7.325736023
29842,11.88086867,7.171773122,12.38113741,32.09734197,11.01836796,8.143554439,17.30695643
40715,12.29131689,13.62753465,12.37564931,25.76221418,22.8544567,6.515814013,6.573014258
5962,18.49834522,17.67110127,12.37495494,12.29582291,12.64997947,10.97481825,15.53497793
21694,6.391038742,23.23741253,12.37188393,1.968996866,20.44678585,26.23397266,9.349909409
21088,16.13225591,15.10795532,12.36327962,17.2536269,8.926191008,14.68937073,15.5273205
31812,12.42002169,7.840926249,12.36133676,12.77126998,12.51509566,17.88795419,24.20339547
24306,14.26301484,14.13441056,12.35676008,16.87386076,19.9333216,10.00127613,12.43735604
34213,12.13001638,17.95579884,26.05838141,7.905241659,10.05240306,13.13221692,12.76594174
3920,19.11522841,14.56906274,12.3555429,16.52666963,10.23542794,11.82327751,15.37479088
37653,5.550047236,14.10120945,8.701938478,6.278778924,20.97439464,28.09762709,16.29600418
27442,16.85312253,16.42318419,12.34886493,19.45658432,16.20862063,3.330371948,15.37925144
11558,12.46446499,14.67347899,12.34884297,17.56396862,16.43191533,13.70710033,12.81022878
34292,11.96847834,19.91353384,14.8371631,12.21951601,11.10501741,8.976223536,20.98006775
35273,15.88637359,18.37627159,25.0449843,6.267576079,9.667281913,11.15840336,13.59910917
12030,12.46446499,14.67347899,12.34884297,17.56396862,16.43191533,13.70710033,12.81022878
21999,16.52443988,6.664936067,10.18165985,29.70298361,9.35848333,9.024057406,18.54343986
24195,11.11770561,17.19302593,12.34848414,9.355024521,18.39430129,15.35585871,16.2355998
35891,12.54176521,24.52411341,17.92796219,5.298497554,11.39436056,12.08727381,16.22602728
38085,10.53176727,16.23407805,21.69202076,6.29709914,14.07040851,16.4163174,14.75830887
16350,18.07537501,16.14568928,12.3482896,16.76935777,12.08162178,8.213640478,16.36602608
7985,14.71143351,9.209984591,12.34496695,11.95989767,14.21259724,17.54794577,20.01317427
32605,16.11683773,17.50230418,12.34445336,16.38164065,13.87745139,11.03147943,12.74583326
32155,16.11683773,17.50230418,12.34445336,16.38164065,13.87745139,11.03147943,12.74583326
31020,11.25351339,11.6354754,12.339657,21.10913278,16.60555087,8.724132373,18.33253819
5183,17.14489234,11.78997631,12.33866064,20.38463176,11.58015899,9.843633435,16.91804652
13026,13.43357561,16.05874503,12.33785457,21.33745995,13.85514337,8.155113828,14.82210765
32246,9.43171292,9.847732603,12.32850515,19.10500694,20.03011543,11.69679883,17.56012813
32717,9.43171292,9.847732603,12.32850515,19.10500694,20.03011543,11.69679883,17.56012813
27914,13.05764986,15.51224602,12.32247903,18.58010908,21.31389259,11.48732482,7.72629859
28328,13.05764986,15.51224602,12.32247903,18.58010908,21.31389259,11.48732482,7.72629859
11263,12.39103692,12.56371398,12.32058863,19.07027471,17.61807158,10.49736147,15.53895271
20642,13.28154953,13.64202989,12.32010081,21.44369164,13.42860997,11.64219188,14.24182627
21923,15.79144602,16.66856859,13.30365351,8.880326413,11.56303894,14.40773454,19.38523199
40449,12.86102976,8.374710278,12.31737839,15.1121701,15.42795968,17.52122897,18.38552282
23021,18.59865488,11.97807045,12.31677752,18.33358046,10.84172001,13.26507056,14.66612613
20361,20.97391337,17.14850094,12.31443809,17.07322832,9.526656581,9.272195924,13.69106676
16467,8.736123572,12.03771974,12.31407743,27.06421514,23.52935725,6.610071201,9.708435673
305,12.6893139,11.709956,12.29834448,20.16503361,11.10387727,18.18785464,13.84562009
34146,19.12648998,19.13861356,18.4818781,12.10293696,8.641479181,8.2669385,14.24166373
21538,17.19292402,15.53056853,12.29528527,18.263914,10.46381032,10.34624459,15.90725328
39650,15.08002426,8.754066715,12.29144826,12.28879995,16.56566718,16.98185142,18.03814221
22561,11.83340347,17.25203853,12.28309771,18.44394844,15.25149944,9.31100875,15.62500365
29080,19.27336353,12.07815935,12.87543719,14.03972694,18.48157293,13.49224839,9.759491676
24438,11.42990972,8.08321814,12.2750936,17.39807541,22.00562056,10.57936542,18.22871715
34501,12.54954817,14.44781666,12.27405277,17.03442337,16.81230484,13.66609122,13.21576296
16404,16.36881345,12.5429864,12.27143462,17.03050332,13.24252592,14.28921477,14.25452152
6611,9.905879264,9.806540846,12.26693174,13.20401579,22.25675321,20.58538619,11.97449297
2757,16.01321256,14.09808429,12.26171149,19.82436864,10.08111971,10.96601511,16.75548819
240,10.39666237,13.97587983,12.26016409,6.780076965,20.55867056,18.76876197,17.25978421
36865,18.30029331,12.86840242,12.25226364,13.80339807,13.49779833,14.90338101,14.37446322
34026,16.52834291,21.94356719,17.1867371,10.87282105,7.824937585,5.287155696,20.35643847
34258,10.97727011,9.356346145,6.753463246,11.61050536,13.41545709,22.43103315,25.45592489
35263,16.94676616,14.53784209,19.32938354,9.288370679,22.64612497,8.801281134,8.450231424
22078,17.27666776,18.47247621,24.56330437,11.87506946,6.874914937,4.102540452,16.83502681
30935,14.03307143,13.58476053,12.24444196,12.73629967,24.33838768,10.34550803,12.7175307
34180,17.17509496,23.71685428,14.1650721,10.17958077,8.984542047,9.744121793,16.03473405
28012,15.75037541,14.48955962,12.24408539,10.25211732,11.97581941,17.02343049,18.26461236
33976,21.31860956,23.91640943,17.70055795,9.093471957,7.480112165,7.735690804,12.75514814
15463,14.43405675,15.11836717,32.30079228,8.664962051,9.812795075,6.643029972,13.02599671
28418,15.75037541,14.48955962,12.24408539,10.25211732,11.97581941,17.02343049,18.26461236
30698,12.27902969,14.84321101,12.23426372,19.15584023,20.97908453,11.0122778,9.496293011
30811,17.39759896,14.82130524,12.23405318,12.35300863,12.26589963,13.06306131,17.86507305
12321,9.835235506,18.14426999,12.22899361,42.61925161,9.91077171,0.718382351,6.543095215
10817,11.61736123,15.24405095,12.2217059,19.02536101,14.25041336,9.724586675,17.91652088
3948,17.02495676,11.0213321,12.21508006,21.49175227,10.43788851,13.04208058,14.76690972
30810,12.21588459,16.88877073,12.20739564,15.36676801,13.89317755,13.34058515,16.08741833
40451,16.79366246,17.60394023,12.20415919,9.879821756,14.15523446,14.37240474,14.99077717
20708,16.91740057,12.80299484,12.19647003,12.14654685,20.59913724,20.9127793,4.424671173
8050,10.79918893,18.13065768,12.19546364,6.206911612,12.66138703,20.20307269,19.80331842
3427,11.70248139,15.64541898,12.19530707,20.92646672,11.56347223,15.59091978,12.37593382
19666,14.92138063,9.579475018,12.18732431,10.91638079,21.09373117,14.73097774,16.57073034
4214,19.98409723,19.49673139,12.18367822,14.5874337,9.145629136,8.758911694,15.84351864
5322,5.136295026,9.416209126,12.1736792,5.456713463,29.11288635,16.44933744,22.25487941
16192,15.42541729,13.50862917,12.16976948,13.75848328,13.18330938,20.05289965,11.90149175
2782,18.73887153,14.17062013,12.16860594,13.30722386,11.22483435,15.2655649,15.12427929
40227,17.55471557,26.15904503,19.75297079,6.602474891,11.09373343,6.779600755,12.05745953
39289,13.75663273,17.82723668,12.16591167,7.00585037,16.03829112,12.03463161,21.17144582
11781,13.4335642,16.59664997,12.16523773,23.20199565,7.183604928,8.722331011,18.69661651
35275,11.57348575,9.059390553,30.92316504,12.34533292,21.40512819,0.836687358,13.85681018
34346,13.22568369,17.5885143,12.15925876,15.37897645,11.67092424,14.24368331,15.73295925
6378,17.88310574,17.09715998,12.15821621,13.1523344,10.67543046,17.24464903,11.78910418
6802,17.88310574,17.09715998,12.15821621,13.1523344,10.67543046,17.24464903,11.78910418
25929,13.47416501,21.99062951,12.15787494,12.34730188,16.86259189,18.46458976,4.702847014
41072,10.71219029,11.43693755,12.15621419,10.18686112,29.3240616,8.326323273,17.85741198
8000,14.43040573,14.22736452,12.15588112,18.56564925,10.98842813,14.23006666,15.4022046
18113,9.74321449,15.20502378,24.63556137,4.638108799,19.25294586,17.62709355,8.898052154
17853,19.81995115,16.16554489,25.15756186,8.688943787,9.483721833,4.962017475,15.722259
34581,16.32999412,13.59724201,12.14669598,8.912649588,13.1640631,17.55835532,18.29099989
34102,19.11213072,24.95658427,22.60869274,10.98622202,11.04534495,6.927155243,4.363870048
32990,12.17220645,15.34966651,12.14186325,16.12397708,18.22528718,11.33503331,14.65196621
5374,17.72117506,10.24424171,12.13991635,22.60452007,9.571476837,13.95223083,13.76643915
15593,10.75602042,8.405617973,12.10916559,20.02338586,13.06886398,17.98671063,17.65023555
34066,15.61863486,17.51875704,20.24551346,6.966937641,10.88335211,13.12391001,15.64289488
41448,14.27769957,14.4287756,12.57725362,11.79159608,18.90280759,13.66327281,14.35859472
12297,16.92348132,10.90814138,12.09452887,29.32388876,12.87570615,9.507146499,8.367107016
34376,11.77087563,7.889024473,12.09420109,16.61376788,15.67163373,15.15154271,20.80895449
5960,9.920372646,10.82971381,12.09203906,20.93208744,16.1937826,14.04627357,15.98573087
4083,16.27998416,12.67106356,12.08799096,17.01052513,12.61651721,17.26628748,12.0676315
34035,10.12654279,21.36584573,13.89999631,6.619864619,14.95022858,17.27335487,15.7641671
40178,24.55610916,26.33816626,20.34579595,5.668771294,8.804639772,7.1739767,7.112540871
23297,18.66482886,12.7516828,12.08722021,13.54506202,14.24584089,13.03290165,15.67246357
16537,6.010202837,15.86088915,12.07792893,7.896220392,21.13245297,8.085347219,28.9369585
16107,6.010202837,15.86088915,12.07792893,7.896220392,21.13245297,8.085347219,28.9369585
13562,17.59543413,7.50315532,12.06027196,23.22857449,14.23997029,11.36309704,14.00949677
14005,17.59543413,7.50315532,12.06027196,23.22857449,14.23997029,11.36309704,14.00949677
32434,13.67642281,18.90877408,12.05315217,19.42334565,10.22149833,9.347864177,16.36894279
32896,13.67642281,18.90877408,12.05315217,19.42334565,10.22149833,9.347864177,16.36894279
34125,14.83157435,24.19997678,16.57919299,11.96309878,11.41442984,4.808619545,16.20310772
29573,8.591106844,7.240411207,12.04811423,33.56213683,14.6106277,3.412836951,20.53476624
6171,19.27547436,16.4421261,12.04804881,14.9491588,9.903463267,8.788767313,18.59296136
8599,18.13193011,19.92895208,12.04312955,15.75586156,15.32569584,8.987738369,9.826692504
27503,15.04216146,13.2968843,12.03873198,20.2914352,10.82735064,13.05061619,15.45282024
24873,9.302701338,13.65566782,12.03585598,9.263368534,13.91321763,22.69148273,19.13770597
34230,17.08607652,19.60498765,26.11935116,6.211325634,8.047548068,8.358265727,14.57244524
17551,13.46250505,11.9905696,12.0340367,21.61504568,13.06594991,11.84927679,15.98261626
11068,13.12728972,17.33856187,12.03037998,10.69970818,19.76254974,16.90455719,10.13695332
38664,16.40478059,17.03240553,12.02989546,13.48457662,13.60637524,13.26074196,14.18122459
33608,18.41420287,17.72257538,12.02809292,13.54580353,11.75758074,8.498342591,18.03340198
5715,19.88571925,11.06626989,12.02500272,17.14880865,7.469709889,10.94903083,21.45545878
25461,17.15992651,8.650701579,7.987326486,17.06430892,20.52470262,16.04431302,12.56872086
22150,18.10596576,7.165529848,13.18504202,14.86411547,16.96962606,8.332678602,21.37704224
20310,16.09514947,15.23756723,12.01400885,17.63547711,16.37744917,13.31196322,9.328384957
33952,6.437743977,12.14321614,10.8277168,12.81417982,22.14541585,21.6730857,13.9586417
33210,15.88753988,10.01916894,11.99795415,17.80741729,13.83134247,10.61257141,19.84400586
17951,15.18474607,18.65227425,19.18733902,7.387218504,15.27353596,17.84279242,6.472093777
36474,12.19618501,14.95124612,11.98932428,11.48577509,17.83151844,13.77910502,17.76684604
9603,10.75850421,9.94021578,11.98109863,27.81377194,12.49328736,11.1181271,15.89499498
10850,14.70342612,12.05063467,11.97696318,14.23686676,14.28526943,9.325238701,23.42160114
20574,15.59059187,14.51011984,11.9689212,17.40057774,12.49128079,12.71380343,15.32470514
36443,13.78852228,8.977817383,11.96282925,28.17389425,13.60318342,9.6690237,13.82472971
8485,13.84705748,10.3329844,11.96080528,29.88783966,8.777474258,5.583046113,19.61079281
34103,16.88348107,22.74225366,23.78357517,9.350556637,10.68102953,5.625052336,10.93405161
3543,13.00480275,10.86403284,11.95198059,15.46112103,17.68613939,14.76587226,16.26605114
7884,13.24218462,16.68086967,11.94770449,14.70019737,18.09141529,11.98548181,13.35214676
6416,11.97895506,13.49397177,11.94163532,6.702658356,13.00269418,16.6578366,26.22224871
6838,11.97895506,13.49397177,11.94163532,6.702658356,13.00269418,16.6578366,26.22224871
16332,18.13477706,18.03154929,11.94153219,10.80683623,10.15295968,14.12741885,16.80492669
13092,16.57583531,11.48293452,11.93193386,17.70838411,18.27669184,10.38852768,13.63569268
18141,16.78231684,25.06543712,22.65732775,6.649812014,7.795178282,8.059095712,12.99083229
5877,14.48719636,8.362831901,11.92822298,39.17028921,9.934271922,0.717674362,15.39951327
33640,10.75693553,9.67577269,11.92615075,11.34150748,17.00229749,20.37904659,18.91828947
34332,15.08334027,12.48227927,11.92546058,13.03149779,10.72628753,14.29067226,22.4604623
16958,17.35274631,14.07247717,11.91896466,12.67237768,11.1184536,12.20907878,20.6559018
41033,13.46438434,9.775092024,11.91892964,26.80324042,8.389275014,13.01978415,16.62929441
32204,11.80673514,12.31166966,11.91580505,23.27543028,11.9401965,10.75261015,17.99755321
32688,11.80673514,12.31166966,11.91580505,23.27543028,11.9401965,10.75261015,17.99755321
19621,14.25545992,10.28801883,18.97226265,13.54262734,19.46872729,6.540155944,16.93274803
28453,12.68068379,15.68796817,11.91406828,11.15641498,13.66835936,12.04965483,22.84285059
38138,15.69689857,14.43784922,19.03277144,12.73458017,17.03063994,8.97466243,12.09259823
36625,13.60166258,10.82841671,11.91389583,20.30387551,15.77997678,13.02864976,14.54352282
24764,11.50850684,12.45060165,11.91153405,16.36873774,16.69922544,13.20826485,17.85312943
22104,20.90770266,18.0239466,18.31852552,12.52733242,7.098974358,6.905558171,16.21796027
1170,12.70640933,13.71559202,11.91086068,21.77237078,12.24399837,10.24458115,17.40618768
24717,14.14106503,14.94149345,11.90984278,5.836284778,13.91508488,16.50295968,22.75326939
9322,18.16692475,13.41126517,11.90759118,16.80373954,8.853811512,6.171704404,24.68496344
14704,13.09044569,14.04011743,11.90355101,9.753379502,10.99902976,14.54687042,25.66660617
17832,15.24142772,13.05975236,11.21931408,11.60881934,12.35846061,15.33304941,21.17917648
14999,13.09044569,14.04011743,11.90355101,9.753379502,10.99902976,14.54687042,25.66660617
10620,14.76255017,13.39538931,11.90339966,17.4821987,17.85849701,10.80941607,13.78854907
5014,16.86423573,16.59583325,11.89760995,19.14603598,11.3541231,11.14165674,13.00050524
27599,17.15429877,16.58895342,11.89746141,12.87620009,11.07034853,12.00130816,18.41142962
20178,20.59066504,16.6512909,11.89442765,18.81285394,12.06351484,9.905105412,10.08214222
20623,20.59066504,16.6512909,11.89442765,18.81285394,12.06351484,9.905105412,10.08214222
19022,12.14191975,16.03484553,11.89154387,22.34018818,19.91447013,6.860557568,10.81647498
6579,18.75610593,12.87584708,11.8900018,17.64360312,17.84059088,12.52481802,8.469033167
15861,17.29298912,13.49717244,11.88858916,15.28360493,15.59838895,11.87194358,14.56731183
33980,15.99072004,19.66233947,20.018162,5.854483152,9.708784143,9.500345808,19.26516538
30187,17.10369707,13.74237367,11.88182111,16.60926852,13.7137472,13.03992417,13.90916825
20128,16.44982225,14.74464477,11.85315285,12.10375111,13.4458589,16.17822866,15.22454145
21824,11.04218376,13.87255764,9.032785571,10.75942312,16.20449173,16.02703472,23.06152345
24374,14.01195109,12.64310867,11.84384171,17.25109008,14.4277912,13.39331713,16.42890012
5874,14.70557632,8.705808818,11.84186557,15.16098,14.20333105,16.11335471,19.26908353
8285,16.38652473,13.55344125,11.83710636,17.66123275,9.582023732,10.48034638,20.49932481
26481,15.98007848,13.0179004,11.8356371,7.973960915,15.46985296,19.47044487,16.25212528
26954,15.98007848,13.0179004,11.8356371,7.973960915,15.46985296,19.47044487,16.25212528
2469,15.10592501,11.42852335,11.83186481,17.32973474,14.07428135,17.07288402,13.15678671
15153,7.495958672,11.58358418,7.397729932,11.02378481,22.89714408,19.27490853,20.32688979
10356,16.29953239,17.90270774,11.82582879,16.61636715,10.46037758,13.70881313,13.18637322
25122,14.09128556,15.42640067,11.82506753,5.759066649,14.06575188,17.52676444,21.30566326
3973,17.12360213,15.54099755,11.82305723,17.19009499,8.574954343,12.04615261,17.70114114
27731,16.11342379,14.89853496,11.82200545,10.24015626,21.73256488,10.96526385,14.22805079
5527,11.33015708,13.30434964,11.82125999,10.28125784,13.56005101,18.72355797,20.97936647
6584,16.22790213,16.70546508,11.82025546,12.70775183,11.13874881,15.48009544,15.91978125
6990,16.22790213,16.70546508,11.82025546,12.70775183,11.13874881,15.48009544,15.91978125
33604,11.59964112,13.26701689,11.81034268,22.44755611,13.05612104,10.27125742,17.54806474
8850,15.94247851,13.00378208,11.80811005,13.89216665,14.12847784,12.79962514,18.42535973
3554,16.55793541,13.52891615,11.80601054,16.64803225,14.88953753,11.01848882,15.55107928
36324,16.45268762,13.7870816,11.80204362,17.64167151,16.59433031,9.462458616,14.25972672
8004,15.55136083,19.46009505,11.79920461,21.46236141,10.01936758,14.49828981,7.209320707
7625,7.801779922,15.74048332,11.78982013,4.608006598,21.31826297,18.6511711,20.09047596
16732,13.37229423,20.22171594,11.78745819,12.48708626,18.64693901,9.460210077,14.02429629
16060,15.07538515,12.28243047,11.78741879,9.854539327,18.97703023,17.29401334,14.7291827
2531,15.89854533,21.15765026,11.78568867,11.88184708,11.3850376,10.08620301,17.80502806
2388,14.3304355,17.65608353,11.78545101,12.62485841,19.87961167,9.951669011,13.77189086
9319,17.57355794,14.38897451,11.78277909,11.40478461,15.56656368,13.80722619,15.47611399
4294,11.68223558,25.51160384,11.7759393,8.257034277,17.39248028,9.098641396,16.28206532
22142,14.85594556,10.00374945,11.29351703,23.56246075,12.52228912,4.508394037,23.25364405
34094,8.491320034,8.459920475,8.624248683,12.22806244,16.4712488,20.13233699,25.59286258
9018,17.86699713,14.87539655,11.77553756,13.7755982,9.469412005,13.48650004,18.75055853
15931,18.48982988,15.7320497,11.77279981,14.4651155,11.64493356,14.920431,12.97484055
5134,17.65404546,16.64805295,11.76400586,14.21682509,8.422893139,11.37867203,19.91550546
987,12.97530363,18.94848747,11.75358135,14.02315482,15.47444337,14.43121957,12.3938098
16258,14.40313485,9.323734722,11.75276706,18.7429811,10.53643143,15.68149208,19.55945878
10740,15.2948746,17.19690639,11.75124091,9.941408551,14.68010149,12.72596956,18.40949849
20216,18.97651084,12.1360325,11.74812567,15.25551238,8.689923072,14.37066234,18.8232332
20671,18.97651084,12.1360325,11.74812567,15.25551238,8.689923072,14.37066234,18.8232332
15649,12.23254832,12.4136627,11.74803267,18.29835902,13.12018968,10.77392633,21.41328128
20451,14.69572022,13.7920524,11.74570425,20.76129069,10.65689407,12.94613775,15.40220062
15541,6.667636877,8.657632704,2.969920839,12.58884415,23.0405144,25.20819951,20.86725152
13066,17.05272071,13.57354091,11.74081614,13.6784668,16.41151133,17.39709375,10.14585034
30861,13.30702524,12.27001962,11.73706683,18.78920542,11.39019113,14.29688094,18.20961082
25657,17.45682886,18.69919891,11.99683259,14.14400379,17.36137863,19.66983647,0.671920741
34257,4.312874097,8.32535485,8.089712197,11.17166173,23.27437399,27.25064172,17.57538142
29180,11.18533796,14.90233694,11.7267616,16.15335315,17.13328835,9.804594235,19.09432777
10357,15.0578139,14.11171752,11.71981586,12.5277336,13.89443947,18.95977931,13.72870034
1225,18.52274161,17.92342051,11.71771012,15.10759116,10.01093048,14.23554192,12.48206419
1635,18.52274161,17.92342051,11.71771012,15.10759116,10.01093048,14.23554192,12.48206419
16897,13.16036794,6.254928045,11.71571057,19.53283496,19.75137726,13.87953123,15.70524998
35388,11.64263472,13.85874327,11.71509425,18.56183911,14.84660732,13.69921979,15.67586155
23298,6.84629557,5.482376627,11.70876061,7.532281185,26.27138731,17.32285715,24.83604154
28121,11.38692907,10.50412585,11.70683404,9.222258507,12.66378535,15.84636543,28.66970174
28526,11.38692907,10.50412585,11.70683404,9.222258507,12.66378535,15.84636543,28.66970174
7546,10.91072726,8.433484868,11.70563513,12.2041952,21.86777833,13.08926354,21.78891567
20540,17.00113433,14.90036824,11.70436114,18.51974157,11.60245003,17.78296515,8.488979537
7581,15.05670567,17.50822292,11.70038851,9.241094886,18.16674744,13.52656349,14.80027709
13587,16.03716426,15.76098168,11.69705355,16.56546514,15.37659094,8.69485765,15.86788678
13167,14.66217265,10.35279628,11.6826802,18.21994067,10.16568742,14.08878672,20.82793606
31118,19.32353888,13.67432341,11.68087808,18.54210504,5.919609753,8.583623655,22.27592118
31596,19.32353888,13.67432341,11.68087808,18.54210504,5.919609753,8.583623655,22.27592118
25179,12.89774873,9.990751371,11.67966557,15.70032917,15.840126,15.46031571,18.43106345
33159,12.81115819,18.26960511,11.67648038,12.29442809,12.80914089,14.16903705,17.97015029
34722,10.71033105,14.90464916,11.66799716,10.38736564,17.25746579,20.11303246,14.95915874
38450,15.41581775,13.84755482,11.66736188,20.01869744,12.82229818,11.71007348,14.51819646
11636,15.59509363,13.88902499,11.66609732,17.14566384,10.08101878,14.71463794,16.9084635
37335,7.23248178,11.87753402,15.53634746,3.009600043,29.21252281,9.743970301,23.38754358
36187,8.347835599,5.650205998,19.48177259,35.16880349,15.51886978,0.571967279,15.26054526
12063,15.59509363,13.88902499,11.66609732,17.14566384,10.08101878,14.71463794,16.9084635
38744,21.77294132,12.44860805,11.64744777,20.91159074,22.64549203,9.065826523,1.508093558
38935,7.050610033,8.645982099,10.10276832,21.34943739,28.21072267,4.717243113,19.92323638
4003,15.77408739,15.05290503,11.64337884,22.99512131,8.69054154,13.65299011,12.19097578
10183,13.61649669,17.2419225,11.63411097,10.24014018,12.07824056,16.31081671,18.87827239
5340,12.49280058,11.08866248,11.63204453,20.26107747,11.81015851,16.92394814,15.7913083
33172,16.89626761,15.83679423,11.63144255,13.83024621,9.598186194,17.20719816,14.99986505
33622,16.89626761,15.83679423,11.63144255,13.83024621,9.598186194,17.20719816,14.99986505
35775,17.4328783,14.46853922,11.62635953,12.44025732,13.43596276,10.2065711,20.38943176
24291,20.81317861,14.72276774,11.624726,19.20513028,8.617420999,10.88880768,14.12796869
37348,11.14126688,8.752686102,10.38757604,18.79408011,14.06530094,21.32496114,15.53412879
39208,11.77017678,15.05429913,16.75986996,26.70047212,13.10973161,5.92571276,10.67973763
35985,9.308149352,8.872043343,15.05027275,25.71045068,11.57046173,13.80325915,15.68536299
38509,9.374280946,7.88185937,11.62230688,15.11014902,24.73914713,11.16150582,20.11075083
8869,18.72806695,14.36871775,11.62190384,17.24025267,8.91353045,14.89446416,14.23306417
33156,11.84748637,13.16719978,11.61574417,22.03023777,12.70812717,11.37539685,17.25580789
37759,7.455133175,8.509529917,6.846112189,22.1908117,23.13248433,9.159979605,22.70594908
2621,6.993435284,10.89889008,11.61477731,23.65617244,12.98344779,19.6603801,14.19289699
37452,6.963224329,10.88631205,7.599961955,24.06720295,21.44951281,7.775027959,21.25875794
38784,10.72688195,13.9882476,10.44546396,20.74750179,15.39851257,10.10454597,18.58884615
22404,15.71792021,16.28288485,11.61334083,14.73654873,13.57045186,15.02819733,13.05065619
39022,11.73710905,10.65313581,14.15275515,19.97875998,13.71289702,15.05659987,14.70874312
7589,15.54441049,13.04733889,11.60940677,17.86061208,12.323138,16.42047115,13.19462261
34336,12.06107191,9.629786082,11.60569914,21.41594215,16.47843286,13.44474551,15.36432234
19172,13.89470335,13.98653903,11.60159222,14.33883285,12.95736978,16.63544429,16.58551847
34811,13.01492332,14.43305687,10.94140511,17.96093413,18.36605179,10.214849,15.06877977
35872,14.49713622,9.807321707,13.50511146,19.80377942,12.66492358,14.56441261,15.157315
32267,17.57452086,13.81152236,11.60028161,16.24661637,12.299902,12.65160668,15.81555012
32745,17.57452086,13.81152236,11.60028161,16.24661637,12.299902,12.65160668,15.81555012
36249,9.955771474,21.01545167,13.61160296,21.5107372,11.28158091,13.07307691,9.55177887
16406,18.15177195,11.09215029,11.59806633,18.07590596,10.18324602,10.86795708,20.03090237
37369,9.414379811,12.14926752,17.50086875,22.11155023,8.793205216,13.5232101,16.50751838
41269,10.55146536,4.617519869,16.0026715,22.8405907,11.94829124,16.38672475,17.65273657
34881,12.89135533,13.17153942,11.82803014,20.38754283,12.07925087,10.30781446,19.33446695
8698,16.49906814,13.69768916,11.59023702,17.64043889,9.584592032,10.48315546,20.50481931
34882,14.87705492,13.2542361,16.09633618,18.60876931,10.72906704,13.72274616,12.71179028
37885,12.35631397,18.66699263,14.10734117,24.10900919,8.850267139,7.304092589,14.60598332
3540,14.55961743,15.90152867,11.58871049,18.96669564,10.22681806,10.51390689,18.24272283
32947,16.71785143,16.62959992,11.58003325,18.6136224,12.48085568,11.76893293,12.20910439
34767,13.56218803,11.86832566,11.5754508,18.30071984,15.1672519,14.51079633,15.01526745
41422,14.06923444,11.39418133,18.87304373,22.45532909,9.654594156,10.39042249,13.16319476
34901,7.462243598,9.190552118,7.842389838,21.86312283,24.79670596,3.58262925,25.26235641
38753,5.665393479,6.875925632,12.80013584,24.05154297,18.13802224,15.94845238,16.52052746
35283,14.55987177,15.98689252,22.55176988,24.60632989,7.972265245,3.869812403,10.4530583
37794,10.13336506,15.1765983,10.62838182,20.59046355,12.13122896,16.38513876,14.95482355
22767,17.65218607,11.90931701,11.57214433,15.63444728,21.7169484,10.13627049,11.37868643
35402,17.49715672,11.36352488,11.57083886,18.21993692,12.27115254,13.336646,15.74074408
8293,13.80305431,16.01950174,11.57041669,10.85487013,18.78717434,8.345969468,20.61901332
35140,9.928222567,11.09313313,9.120597356,16.29401398,20.74771117,8.641397222,24.17492457
38972,16.63266667,5.217548838,9.83826024,19.96185434,13.16096402,16.77809425,18.41061163
34598,12.40981962,4.949685246,11.56683526,21.68953439,19.9343823,10.79484709,18.65489608
21051,10.87970276,17.95032247,11.55071422,9.925698151,22.70671908,10.25998502,16.7268583
459,15.49948796,14.06309443,11.54696652,7.900660095,23.38384601,8.768327372,18.83761761
22807,16.38705065,16.11056765,11.54231729,12.41676824,14.65091242,12.6755229,16.21686085
36274,15.71822046,6.22754407,20.30742169,24.80764951,9.275374093,11.27419941,12.38959077
37815,13.62654871,13.63476775,11.36585849,17.97301406,11.23188353,15.37299315,16.79493431
20971,13.90715495,15.80460296,11.54133035,12.71153519,14.16491498,14.35013511,17.52032646
35128,12.80642164,10.00232824,14.20549453,19.95313517,10.42402992,15.11489801,17.4936925
37285,10.32403041,11.35786921,22.56587213,8.225396404,21.69527989,9.886434215,15.94511775
20276,15.49664882,15.5246844,11.53722191,15.65865189,15.48896015,14.80497164,11.48886119
20718,15.49664882,15.5246844,11.53722191,15.65865189,15.48896015,14.80497164,11.48886119
35807,14.03809376,12.763528,12.07815055,18.11436654,17.12968168,12.82841789,13.04776158
35867,8.585196057,14.47682064,9.403024092,24.77074444,16.63232611,12.34451152,13.78737715
19832,12.27343239,12.39022952,11.52653144,12.0265577,19.11627569,17.12762233,15.53935093
38802,13.2458867,6.636950563,16.50451819,19.79721391,11.53946836,9.62944977,22.64651251
16999,15.95399031,15.78666511,11.52645901,12.21551318,20.45654468,11.0296605,13.03116721
34914,12.01379863,6.20147047,18.58484177,14.64389623,12.5725128,14.17838037,21.80509973
38105,15.21073,14.39538051,16.12981813,20.36118218,9.621297945,13.63675805,10.64483318
2195,15.40628258,10.98144688,11.52050444,16.23030972,11.69038048,19.31984513,14.85123077
41212,14.47980893,14.25839573,18.50891262,19.72367352,8.778397413,9.74738339,14.5034284
41357,15.67985484,11.44724106,20.66478341,23.52317518,9.226339975,8.275882052,11.18272348
37886,6.781531973,9.666152637,6.807437459,25.16553782,25.7942535,5.455816363,20.32927025
1689,9.883797098,9.720279975,11.52039242,21.84900773,14.7859322,14.77756219,17.46302839
20008,15.20002091,11.67880275,11.51282962,19.31900258,19.69012206,7.191164403,15.40805768
35837,8.86080878,8.897225977,7.518454462,22.21167914,23.55645956,9.872208442,19.08316364
36248,12.85553903,12.77713689,12.31574722,14.93832242,19.66948646,9.470457939,17.97331005
20029,16.60783961,12.89165017,11.49966857,20.40749509,8.943234602,11.74778362,17.90232834
23517,17.824943,15.60051871,11.49158165,11.93822059,18.27249631,9.678544241,15.1936955
4058,13.28547576,11.91685659,11.48753862,13.37020355,13.79473386,17.42949263,18.71569899
36046,14.76851354,12.33113712,14.37819652,18.79996106,10.05854514,13.26976557,16.39388106
36157,17.56892016,13.89033009,19.82247136,24.98078348,8.56322386,5.558169675,9.616101382
37332,10.33505776,13.51863074,15.46945547,16.24952091,15.12079628,15.74735561,13.55918323
902,10.02583417,16.0319586,11.47870167,16.32286238,18.68083692,6.54593741,20.91386884
39278,11.42980898,15.04146802,11.47588517,20.04772198,17.39768393,6.270679572,18.33675235
8546,15.21007814,9.910068224,11.45590024,21.26750778,17.30207662,13.47436437,11.38000462
23288,6.462285823,14.84251201,11.45209774,8.892096722,14.82545855,16.04971759,27.47583157
35838,13.8220008,12.86982377,12.34096264,19.41728678,15.08848137,13.37387,13.08757464
35947,12.75081561,10.19998278,13.74859498,21.35637276,10.55869007,12.05463184,19.33091196
19921,18.00327355,8.316939906,11.45180684,34.78076276,9.496944439,8.885429949,9.064842548
20591,16.10439422,14.57461975,11.43590026,18.48176636,15.39450878,10.52772378,13.48108685
39047,9.525084807,14.04920592,12.39702805,24.64108988,11.99578305,10.24145272,17.15035558
32075,16.2973795,15.95645367,11.4345955,14.54725647,11.30432814,12.70589857,17.75408815
32555,16.2973795,15.95645367,11.4345955,14.54725647,11.30432814,12.70589857,17.75408815
11720,14.66077341,8.670427691,11.42813873,20.16772684,15.89314687,15.72990989,13.44987657
39619,12.47768278,18.31321028,11.42731621,10.01005074,9.528355377,12.60634424,25.63704037
39597,15.83774093,15.18851861,11.40982425,14.02495714,18.69840507,13.25635238,11.58420161
715,6.225848565,4.051714,11.40714695,27.2189456,16.7073264,17.50482594,16.88419255
38080,15.45844533,13.12066668,16.61355684,22.72964685,8.841262954,10.28521116,12.95121019
23513,20.01832036,16.41074126,11.40679848,16.74414701,8.116198162,11.20670178,16.09709295
38801,8.197359082,10.49507222,12.1359027,20.00611415,14.04033398,15.06389205,20.06132582
39790,13.14319087,12.57918148,10.5294176,16.35875287,18.46280183,9.519066692,19.40758867
34804,8.393333659,12.21664547,7.710313009,25.14592424,18.5475748,4.163963681,23.82224515
13451,14.05865987,10.35398696,11.40566081,17.10498426,23.93866458,11.62158602,11.5164575
38035,18.11761756,13.83140919,18.80459175,17.8116908,11.84093216,11.30725885,8.286499688
18410,19.15979342,12.69264766,11.40458788,17.24741888,21.79469996,12.14250114,5.558351058
41425,24.76722912,6.990890299,18.21597464,28.55962336,6.835292506,4.355175507,10.27581457
1450,14.16082237,14.17341766,11.39499161,6.713098068,12.40945405,20.98035057,20.16786567
9205,10.87088349,11.87510275,11.39377437,25.79463486,10.44231801,11.76148817,17.86179835
25269,13.8674969,13.40125002,11.39163682,13.35876715,13.40210301,11.73449913,22.84424698
9594,13.36231635,8.6588156,11.38987256,17.39582814,11.44233758,14.74481597,23.0060138
35191,19.53579427,17.20348503,18.43687733,25.06325279,7.400505193,6.823961345,5.536124045
35279,10.98760284,10.87532285,21.43094274,31.42747735,11.70740735,0.764295622,12.80695124
9191,13.36231635,8.6588156,11.38987256,17.39582814,11.44233758,14.74481597,23.0060138
21012,19.3540848,17.26664026,11.38858721,18.29290677,8.321206266,7.853119062,17.52345564
9168,17.70945396,15.51038285,11.38816461,11.03513236,10.52247674,17.16088871,16.67350077
35944,16.06717023,15.85390688,11.04949518,20.71706561,15.07537517,6.597165338,14.63982159
18483,16.7735694,17.42775272,11.38744331,9.614057241,20.20410038,12.43433019,12.15874676
29159,17.16111699,16.52765791,11.38386103,10.80268215,20.95866235,9.41675751,13.74926206
37383,13.73537981,9.430065342,11.17654805,24.04484791,11.60329452,15.06558384,14.94428053
38160,13.89343687,13.50659805,15.44414604,21.13928827,10.10718013,8.850172659,17.05917797
8672,19.19455311,12.82727361,11.38353745,16.64045234,14.42297078,9.017295808,16.5139169
38755,6.380078235,6.105695027,18.89163754,26.57334446,13.14368784,14.75016109,14.15539581
11975,16.42464092,13.32996461,11.37750583,15.39290237,15.68762303,10.15662314,17.63074011
12356,16.42464092,13.32996461,11.37750583,15.39290237,15.68762303,10.15662314,17.63074011
28527,18.28916456,19.05464136,11.37619473,13.04022816,13.56361141,12.21904898,12.45711079
28128,18.28916456,19.05464136,11.37619473,13.04022816,13.56361141,12.21904898,12.45711079
37401,14.81182294,12.61902807,15.35085023,16.53654019,12.12280402,17.19638768,11.36256687
39221,12.09961883,14.35769566,14.34186794,23.35150004,12.09290967,15.88897508,7.867432789
39229,17.36848213,16.17672759,25.20292496,20.02516196,8.304780169,4.835348612,8.086574574
38549,12.85349314,17.04640168,11.36311976,21.12330078,14.58460413,10.885226,12.14385452
13281,14.03087528,13.44003549,11.35317492,14.72300843,21.26511378,11.53707234,13.65071976
41435,10.18353312,9.202406353,18.1839898,19.08858753,14.10811155,13.58508908,15.64828257
17787,13.74409126,14.68047199,18.26417767,19.32600911,11.17674689,12.63978085,10.16872223
23459,12.56604896,6.654551411,11.35149509,16.92209858,36.43397523,15.28850426,0.783326466
7997,18.54882455,9.293217414,11.34243744,19.774003,8.946855491,11.96637097,20.12829113
36166,10.13886773,8.842870624,15.70364216,20.62548378,13.18306454,14.10954907,17.39652209
4181,12.86579703,13.46558866,11.33514876,13.79524064,13.93391708,15.86081863,18.7434892
20944,14.56097366,13.91371617,11.33135915,15.32986156,15.99731925,16.30457101,12.56219919
33480,12.18144707,14.79608891,11.32877986,17.84627449,12.1560303,12.31109294,19.38028641
3451,19.46045286,13.67242363,11.31984568,17.34387523,10.0808782,10.19366935,17.92885505
37522,13.99774298,5.033146571,9.696896426,18.8356436,21.49088529,13.8778728,17.06781233
3917,19.46045286,13.67242363,11.31984568,17.34387523,10.0808782,10.19366935,17.92885505
17409,9.695418662,13.86488508,11.29936979,15.90145883,18.13523411,8.193916349,22.90971718
36934,10.94213191,14.01321337,11.28749268,13.79360517,19.90028208,15.08060584,14.98266896
41634,12.4467706,12.12777314,15.64737873,19.60409582,11.22478102,12.02661369,16.92258699
41642,10.15355771,9.778165576,13.16406966,42.92595851,8.526143897,0.619538146,14.8325665
26625,20.20574755,12.91323973,11.28714451,18.71974113,9.597492973,10.24442076,17.03221335
34954,18.08651398,16.07608998,11.44354357,17.29013247,16.16525243,9.553930225,11.38453734
26184,20.20574755,12.91323973,11.28714451,18.71974113,9.597492973,10.24442076,17.03221335
5467,12.20476347,10.72012753,11.28699977,10.42422042,13.19098495,12.75238668,29.42051718
27247,15.14883617,12.05563686,15.72397914,20.56372147,13.17171121,10.09023283,13.24588232
38660,14.65745516,8.737898555,11.2820626,16.64462694,14.04151636,18.41349663,16.22294376
38810,16.64490779,12.82084229,15.87482995,15.42441466,10.06751008,11.77383992,17.39365531
39146,17.92920424,16.44692913,12.7455932,17.17829213,9.796965588,11.23360156,14.66941416
16344,10.10149417,13.27801212,11.2771652,20.06796886,17.35669983,10.97076048,16.94789935
5462,11.84209717,16.77938537,11.27115839,16.98036426,16.21166319,15.07224562,11.84308601
3151,13.9688288,11.98325192,11.26310339,21.05812298,10.50381808,13.66970756,17.55316728
35996,14.80211917,14.69121752,18.79325374,16.52226939,9.230294786,13.74442401,12.21642138
36044,15.43173466,12.03881737,14.03278208,20.39841599,8.628964898,10.32248935,19.14679566
6698,11.65631499,9.86308365,11.26179115,26.64958185,16.85425994,18.4564148,5.258553625
16511,12.38368954,12.35803017,11.26060579,22.10297645,13.48400482,10.62863207,17.78206115
22715,10.42789518,7.220146811,11.25998158,21.89781832,19.29738502,11.17396919,18.72280388
37334,15.74009584,9.232065792,16.38049117,17.5727071,12.26418698,14.53244374,14.27800937
38937,6.30995964,10.66340407,7.151059771,22.16414888,19.13211488,18.93362427,15.64568849
41447,17.1282946,11.21599069,22.93445987,23.18550676,12.92501462,5.345111479,7.265621976
14896,13.95954619,18.43708554,11.24911128,11.1693319,13.74604811,17.81524148,13.62363549
18170,9.143893765,12.59709086,11.24078913,34.01129881,13.21388626,7.805320527,11.98772066
6394,12.75211064,14.82258394,11.23980576,14.73962787,16.166976,13.46188582,16.81700998
34902,8.753982079,15.38139589,9.241861422,22.15112129,17.42837935,12.04186486,15.0013951
35004,18.68694522,15.01761389,13.85888265,18.11640551,9.771553663,13.66019269,10.88840638
35122,14.50345796,14.04621077,12.63576142,26.88238007,10.56713937,6.269322728,15.09572768
35208,21.25819877,13.56268298,22.12522538,13.31749824,7.289099675,10.41726093,12.03003403
35925,15.79138631,13.09334415,10.5012932,27.28506569,8.849292293,9.353843606,15.12577475
35940,12.47079065,16.92379005,11.28246176,17.31299192,13.17930388,12.03593993,16.79472182
3719,14.81592388,14.90378331,11.23390914,12.59202007,13.92168212,17.98217372,14.55050777
37755,10.12020157,7.086684755,10.50867818,33.93782547,15.98708666,8.47111542,13.88840794
8705,13.13445749,19.23468354,11.2331389,10.17471057,21.55600108,6.910361577,17.75664683
11030,13.38639133,7.063069366,11.22470066,14.91974484,19.59341263,13.93914001,19.87354116
38929,20.41328071,16.56523675,18.58647268,16.31137689,8.509713259,10.83564448,8.778275232
31053,17.00708074,11.48090952,11.22454507,16.44565628,11.8018714,15.24661063,16.79332636
31534,17.00708074,11.48090952,11.22454507,16.44565628,11.8018714,15.24661063,16.79332636
809,12.92198919,14.37408861,11.21893669,12.72515926,9.380665666,13.45241965,25.92674094
24422,19.48792951,15.90069777,11.20441539,17.18290679,11.17878782,13.12631838,11.91894433
31205,14.02687869,8.706560893,11.20165511,23.03883047,17.84996122,9.639287977,15.53682564
31681,14.02687869,8.706560893,11.20165511,23.03883047,17.84996122,9.639287977,15.53682564
3883,14.36232494,15.11064839,11.1947168,10.95194781,14.53163785,13.44972041,20.3990038
35792,9.956060205,14.71865768,11.43883478,17.84630075,18.53484334,15.74607696,11.75922627
37317,13.46782968,13.1934924,13.49897516,20.19373935,10.78716746,13.68090466,15.17789129
37773,16.15765871,18.1102509,15.44157176,16.59833408,9.134327291,6.812767791,17.74508948
11665,13.76131488,9.563640329,11.17931844,19.9947031,15.85919769,15.90843408,13.73339148
35611,8.702830447,16.1444887,11.17864745,19.23464606,20.49267039,9.446703463,14.80001349
40586,12.22862867,19.34732578,11.17601214,9.017372579,15.01150913,14.59478959,18.62436211
11486,13.30054348,16.94212203,11.16958466,10.69950757,19.4629531,18.79677381,9.628515339
41330,15.67572525,10.43924685,11.91312912,16.82974533,14.61392793,12.9463563,17.58186921
41610,18.98332907,12.02957482,17.70754603,17.74228655,7.599345466,10.43132265,15.50659542
36710,16.54620684,15.07750041,11.16784751,18.08405966,11.54289314,11.29743914,16.28405329
1566,13.03734775,13.38321668,11.16676472,13.6211713,15.70413982,16.50229743,16.58506231
2493,11.52238502,12.757398,11.1635751,10.84447972,16.86253427,14.19881149,22.65081642
35052,20.70151424,15.22566585,13.33518019,19.57070591,8.355927938,10.12017324,12.69083263
22526,17.25133627,12.70693033,11.16131017,15.15245463,11.89827945,10.99043419,20.83925496
20238,16.97110199,17.91565346,11.15368159,15.17160073,15.01339344,10.85749712,12.91707168
20686,16.97110199,17.91565346,11.15368159,15.17160073,15.01339344,10.85749712,12.91707168
35843,10.60416205,10.77933908,18.11475969,18.65141913,14.63963612,9.979908149,17.23077579
36137,19.40694146,18.69188043,16.93280927,18.43693303,6.702168992,6.464081293,13.36518552
4939,12.75729103,12.84000269,11.14951246,20.65075172,12.91162863,13.4062503,16.28456316
39533,13.15627384,5.478072209,11.14757067,17.94348648,13.58985836,16.31414321,22.37059523
12108,21.09292762,15.91541093,11.1437411,18.18970026,7.549618194,9.864376087,16.24422581
37808,11.37353047,18.93916384,12.36466489,18.15442352,10.9500229,11.93254984,16.28564453
38914,19.04332175,12.32983364,12.56607819,16.68353651,10.52360047,15.05143183,13.80219761
38920,18.57935969,16.17315561,16.29105113,19.05404289,8.094133035,8.25659634,13.5516613
38985,15.68625173,14.93127257,17.62013205,17.77908629,10.0761785,9.743545299,14.16353355
24592,5.836831106,8.233134544,11.13799196,23.98212004,20.89136174,12.91358503,17.00497559
28641,9.923076335,7.567366368,11.13015394,26.09910393,12.65717957,12.97618379,19.64693606
35166,9.946107282,12.98445272,9.571581928,27.54454542,16.43882229,9.511081702,14.00340865
36051,18.95037881,18.67162301,15.59497681,18.65365759,5.460077767,6.649121506,16.02016451
34337,16.45793972,13.23889612,11.1266759,12.11684275,12.36352627,12.69170635,22.0044129
5890,13.39968476,13.33271383,11.12534236,18.36124524,17.10495032,12.18840175,14.48766174
25771,15.88329795,11.68578402,11.11564958,16.48733696,15.70278621,13.93498214,15.19016313
14487,12.97425386,13.27633841,11.11334911,17.48897666,18.29423305,14.5268096,12.32603931
29483,13.50832336,14.06333661,11.10572328,18.84704237,17.78444572,9.526867068,15.1642616
29332,15.20408416,7.626867067,11.10213436,16.48903912,13.49155046,17.96509124,18.12123358
36453,14.60785083,18.02150031,11.08240258,19.59391978,12.85708524,10.40689601,13.43034526
24392,17.28167438,12.94809594,11.07736098,16.35780135,16.00395291,14.43246922,11.89864522
13318,16.42206059,14.81388485,11.07529497,13.78587958,19.90303089,12.40198547,11.59786365
13065,13.39942388,13.32693474,11.07242694,12.79241093,12.27885149,18.2577604,18.87219161
35113,15.41793286,11.56249379,15.25786008,11.01733663,17.85048929,11.597567,17.29632035
6235,17.86509029,14.00969073,11.06585876,11.39876076,19.15576762,11.17658056,15.32825128
39323,15.95826378,12.57069521,11.06279415,14.30511718,11.36816008,17.29636705,17.43860256
28154,13.27029211,11.6440579,11.06107936,17.30754138,14.22755378,18.83728448,13.65219099
28560,13.27029211,11.6440579,11.06107936,17.30754138,14.22755378,18.83728448,13.65219099
8943,13.70345736,11.61698125,11.05662244,12.97513495,14.63322237,17.74554107,18.26904055
39109,17.79550711,11.9419323,16.43680526,13.65338978,9.50572158,15.0893808,15.57726317
16307,15.85014902,17.97475308,11.05348094,12.47776828,12.69510276,12.23056332,17.71818259
16705,15.85014902,17.97475308,11.05348094,12.47776828,12.69510276,12.23056332,17.71818259
41598,11.6696119,9.293397886,16.00720146,20.80233929,13.78092976,14.85981323,13.58670648
41692,12.3003224,10.23294755,8.166473526,22.13975167,13.42006419,14.74909164,18.99134902
8432,14.88961302,11.59833268,11.05295748,27.32050295,10.2364295,10.92442141,13.97774296
34926,13.62410217,8.682051545,20.29416763,12.71048508,12.14049099,13.84865302,18.70004957
10769,16.06717023,15.85390688,11.04949518,20.71706561,15.07537517,6.597165338,14.63982159
32158,17.02417369,14.06432077,11.04891962,15.99874878,9.789119849,13.50571065,18.56900664
33135,8.004803436,10.54979346,11.03616342,21.68048634,15.63864731,13.20973183,19.88037421
32637,16.91130394,13.58844907,11.03594667,16.47500527,9.826567728,13.33653773,18.8261896
40835,17.43375836,13.73019482,11.03470481,15.06113966,10.46540521,11.96723048,20.30756665
11708,10.85348419,13.77327801,11.02896116,26.07783725,8.025816906,6.349731856,23.89089062
31490,14.47747366,14.3520623,11.0287748,9.806667086,18.52814443,15.41023844,16.39663928
31938,14.47747366,14.3520623,11.0287748,9.806667086,18.52814443,15.41023844,16.39663928
7936,17.3767787,10.72264933,11.02588642,15.12623762,10.80119237,17.64502463,17.30223093
10773,10.11966107,13.68941098,11.02103429,20.33280115,14.98204303,11.34089272,18.51415677
41081,7.450825952,10.84238469,11.01816792,10.96277082,14.53883042,17.65236736,27.53465284
37436,14.16610729,7.481011398,8.8517384,17.15106482,14.78033087,16.15775999,21.41198723
37831,10.42646142,11.68217064,17.4681346,19.11387361,13.49980016,12.91614895,14.89341061
38945,17.76563552,13.3950082,25.16895588,15.50379402,10.53515943,5.930551665,11.70089528
38996,16.47031221,14.22716906,14.87224915,15.99150616,8.77742649,8.955625032,20.70571191
39031,12.92750821,15.29647826,11.82530789,15.04555896,13.03134893,13.55581303,18.31798471
39222,9.791203909,4.529377217,18.81692513,25.87811279,12.83418266,16.39228228,11.75791602
7905,15.14445279,18.04030633,11.01593528,13.41691045,14.59551234,15.28920874,12.49767408
16726,7.55163588,16.13751512,11.0097253,30.92217834,30.78855839,2.423898082,1.166488892
30114,14.1749237,15.63908287,11.00184235,14.19103376,10.35869311,12.57871793,22.05570629
16802,2.795000995,10.76002829,10.99003421,22.87456415,28.31934722,13.56707952,10.69394561
11686,15.106877,14.80704563,10.98979276,12.27889378,14.36854588,15.42498116,17.02386379
36757,14.2457423,12.14673725,10.98688516,23.86563326,10.00051195,10.98644643,17.76804365
37617,17.92410138,16.88227713,15.18401585,22.01781514,12.00432832,5.133822214,10.85363998
3881,11.29706264,10.17224655,10.97950693,12.55291318,25.31870891,6.896689294,22.7828725
4286,11.29706264,10.17224655,10.97950693,12.55291318,25.31870891,6.896689294,22.7828725
11572,12.89716723,20.09626348,10.97737277,20.12865774,12.53356872,11.28189285,12.0850772
35121,20.30172454,13.1270713,18.76846247,14.16649114,8.600564687,8.194404441,16.84128142
4984,16.11753836,12.25249632,10.97556606,25.14417964,10.44161022,14.82826437,10.24034503
35826,12.33973865,16.49746103,19.24264454,23.43668565,10.57417411,12.07865921,5.830636813
15572,12.15278094,10.85203362,10.97421694,19.06638422,19.92153964,8.547369318,18.48567532
16142,8.243417707,6.186674851,10.97045977,21.91998572,16.78699136,15.91574114,19.97672945
14071,17.3261387,11.8255834,10.96874138,27.45046036,8.928079586,10.54070869,12.96028787
39576,17.9137917,13.32892982,10.96244928,14.52679128,12.30421652,21.85272423,9.111097177
37461,9.196344883,16.13181931,10.42024656,17.30188677,19.1023313,11.50536116,16.34201002
37949,10.69763593,12.84041748,11.24424653,21.37049534,15.00502091,7.857901996,20.98428181
39297,15.43702394,10.37732032,10.96224453,15.12788537,17.7356294,17.52156309,12.83833333
38773,14.85474304,13.8644765,11.46124547,13.55137603,14.50025857,15.75532113,16.01257927
39615,11.33584398,14.27308214,10.96170466,20.89352119,13.93865497,13.57987511,15.01731794
39889,6.661790261,7.590435758,10.75449237,16.32577576,20.34858193,19.30806704,19.01085688
2882,16.58089083,13.95502842,10.95792492,14.83011181,10.62244765,12.37740417,20.6761922
34946,13.60459737,10.91955724,11.93848102,11.62071525,15.9641946,18.77195239,17.18050213
11173,18.71238376,13.64827331,10.95186457,22.80654268,9.119432465,8.601812325,16.15969088
11204,19.01558911,16.86881766,10.9459685,13.90754911,14.40421836,14.73474182,10.12311544
36090,17.54447548,11.41471968,21.48362747,14.60968978,7.034114555,9.867031107,18.04634192
36264,18.14902195,15.59014878,12.41433054,14.45566556,8.171528238,12.46021601,18.75908892
30075,8.12408338,10.7547107,10.9417959,20.81121519,18.36026335,12.96565245,18.04227904
40058,17.6860856,9.30153333,21.01705609,25.85968889,14.33834231,0.582453571,11.21484021
38281,16.14053947,17.80068618,10.93913885,8.928299627,11.60610642,13.96900394,20.61622552
25117,13.62391046,16.51563196,10.93751138,19.29253082,18.80101423,2.782473977,18.04692718
27561,13.2667965,14.54791085,10.91582266,17.06833474,16.59460946,9.30574905,18.30077675
10320,17.34222318,16.29693675,10.9140457,15.11979191,9.15909162,10.40770022,20.76021061
17785,12.96916034,14.12503253,12.89565663,24.38356753,12.57560512,12.08751176,10.9634661
10378,13.9785936,15.16458178,10.91315889,13.12299769,20.20140041,12.60529479,14.01397284
9080,11.36288625,11.82114118,10.91112189,21.3079318,11.83188777,14.71247622,18.05255489
34822,14.45322841,10.09270028,9.021438792,19.07995272,13.84012152,18.20491099,15.3076473
3592,17.64705219,11.33785202,10.91031762,20.27692298,10.22377881,12.49430334,17.10977303
35914,15.39595801,14.33938764,11.17324371,17.51807969,12.54650798,12.53377223,16.49305074
35979,16.84630319,15.70328814,15.37836221,17.77302444,14.12979263,8.463905951,11.70532344
36267,21.0999683,13.80878286,14.97532025,19.96247893,6.728777668,5.406968363,18.01770363
14582,14.23111545,14.67786811,10.9036776,14.54122475,17.12073024,13.42325151,15.10213234
29171,12.01415028,17.02909308,10.90100423,21.42746174,15.51786468,13.80351522,9.306910775
37351,19.7904079,8.7591097,16.62217434,17.88869303,11.2299129,12.93585128,12.77385085
37628,16.15594979,8.213742383,16.674835,21.17796971,9.286261244,12.13642862,16.35481325
22494,16.41441961,13.49245246,10.89386156,15.77304677,12.34548571,12.58226748,18.49846641
39016,16.79240564,15.09788232,11.38134696,13.31504966,9.476070851,13.30569074,20.63155384
39137,14.99084591,8.581248857,16.26941398,16.64817342,9.63835329,12.33613221,21.53583233
23404,20.05468152,13.74669407,10.87978597,18.38895642,13.99554826,10.38519388,12.54913987
27844,17.43433413,14.6679669,10.87883514,11.73865173,11.54122041,16.33669919,17.40229251
28274,17.43433413,14.6679669,10.87883514,11.73865173,11.54122041,16.33669919,17.40229251
40547,14.4982037,10.99642093,10.87312055,21.21452813,18.15934832,11.29416302,12.96421536
2219,7.550356037,10.04886652,10.87174506,8.528916588,20.25472806,17.32427422,25.42111351
13152,18.25871336,14.62249248,10.87095795,12.07449329,12.71201087,13.80054945,17.66078259
41384,12.36269712,13.05123644,15.08052293,22.81998628,9.904744189,12.0026545,14.77815855
41706,14.62292362,13.06721375,12.33618853,16.82234529,11.54107287,14.84376546,16.76649049
10623,16.08646227,14.40551867,10.86591879,15.70545933,17.9947869,8.935058195,16.00679584
25907,12.77427979,18.79351216,10.86529761,8.65077472,17.62568388,19.71530006,11.57515177
15680,13.34701154,9.906066205,10.86307262,13.33848963,18.25240133,16.95473977,17.33821892
2550,16.39172664,13.99509253,10.86196405,14.57715056,12.41442211,14.94250651,16.81713759
37585,13.97586549,11.97777786,13.52894187,14.37746491,14.67177723,14.99752731,16.47064534
37835,20.65479377,13.80221297,18.28922274,11.85710675,9.347755648,12.60995615,13.43895198
9534,10.30715953,8.076076595,10.86195464,25.85683933,16.39289674,14.6293338,13.87573937
20271,11.2254802,20.00868046,10.85075122,11.75690075,19.38536667,15.26183756,11.51098315
20709,11.2254802,20.00868046,10.85075122,11.75690075,19.38536667,15.26183756,11.51098315
41375,16.63363405,15.3852354,15.56995301,12.24734968,13.3909022,12.09662425,14.67630142
41521,18.37754431,10.73029076,20.25296733,17.43852228,8.75276702,13.98971262,10.45819568
30074,11.2470677,8.926982222,10.84167764,35.02743245,10.75212262,3.08251497,20.12220241
38598,9.348197993,15.61578835,10.83751595,7.856585882,19.16957629,17.287865,19.88447053
6213,14.52893738,9.712012702,10.83572141,13.73044089,17.83926616,18.07195364,15.28166782
35580,17.48275413,15.34944742,10.83214852,7.96248812,12.10205749,18.46621311,17.80489121
22275,16.75064616,13.89164938,10.8192474,17.13714492,12.76271199,14.28476868,14.35383147
34969,18.49460293,13.42418364,14.8965177,13.03281788,11.4544111,12.52479683,16.17266993
8882,16.78865095,13.37426291,10.81554419,15.08943815,11.71896963,10.23614756,21.97698661
4820,16.44580994,12.59838152,10.81252266,17.89390762,12.35998952,9.312559049,20.57682969
35978,11.81115598,13.82027341,11.84870951,20.10751451,13.62132342,10.51903615,18.27198702
7960,19.79448576,13.72188662,10.81135069,17.94599015,11.54308952,10.15151075,16.03168652
16564,16.22418157,18.66579401,10.81049065,12.66506129,14.98564014,15.28788449,11.36094785
15864,17.4009169,14.11430263,10.8045079,14.30157419,17.00022161,18.22654803,8.151928733
37812,7.828090328,5.05029763,4.897054772,24.90445591,23.14087846,9.312429242,24.86679365
24332,12.5866151,12.79790949,10.80372921,12.84398597,12.19283521,15.53766907,23.23725595
25832,11.64504397,13.6298967,10.79732744,14.04098063,11.74350547,17.55210316,20.59114262
38883,18.47248182,15.74777502,12.82922714,15.46461181,8.198359755,13.29922772,15.98831673
38904,12.03730251,5.008733969,16.81037989,16.72497445,15.63272693,14.32830033,19.45758192
39787,11.04389447,17.53802182,11.13007541,25.64350466,20.51219668,4.3446734,9.787633547
356,14.5026587,16.84325228,10.78804004,20.51825229,11.0683454,10.75437949,15.52507179
753,14.5026587,16.84325228,10.78804004,20.51825229,11.0683454,10.75437949,15.52507179
20208,16.03226876,13.42044633,10.77973905,14.74177426,14.99410888,13.41326145,16.61840127
21138,15.56598621,14.32628455,10.77757541,17.35304588,7.822254791,12.88354673,21.27130643
21533,15.56598621,14.32628455,10.77757541,17.35304588,7.822254791,12.88354673,21.27130643
35993,15.21350466,15.16188087,13.45458766,14.20121421,9.895501621,15.1085595,16.96475148
37809,16.76157255,11.13058439,11.75310369,18.555627,9.621866988,13.07670131,19.10054407
37820,9.812947428,19.67176582,14.27771426,18.59041847,16.55960016,11.44979794,9.637755921
37916,19.27300257,19.81308451,13.40200373,14.85426086,10.9842535,12.72986328,8.943531541
38942,13.8527393,7.471895244,22.82973612,17.71175207,8.22492842,3.0814107,26.82753815
28559,16.38462883,15.4692333,10.77406135,13.42765385,17.68701242,11.06106085,15.1963494
28152,16.38462883,15.4692333,10.77406135,13.42765385,17.68701242,11.06106085,15.1963494
41318,13.10045875,8.971011445,16.67103196,12.65910616,10.11362896,17.52467273,20.96009
41490,14.10044358,13.6706044,10.65605359,16.42662354,12.6944144,13.86398907,18.58787142
41602,18.34276757,4.7150588,24.82411468,19.81485115,10.66362333,14.66992901,6.969655459
36345,17.89944497,11.96492884,10.77310794,13.09473316,17.80027649,10.35670254,18.11080606
29670,11.91791486,10.07315913,10.77040363,27.2446935,9.433359152,8.091465222,22.4690045
36207,17.28825167,16.98945279,15.87521681,13.37565584,10.96297404,12.77902085,12.729428
1226,9.895527758,18.42107255,10.76753855,8.955984746,15.07373219,23.53476163,13.35138257
39042,7.291514402,11.65611442,15.30964677,24.64255291,12.11599709,12.4890276,16.49514681
1636,9.895527758,18.42107255,10.76753855,8.955984746,15.07373219,23.53476163,13.35138257
6519,15.93533773,14.96096517,10.76663594,11.46870963,19.56171539,14.46996971,12.83666642
41322,21.22876647,13.83409925,13.79348159,20.44576132,9.164382853,11.1904476,10.34306091
41336,16.79357425,6.899501925,20.37940065,14.01649538,10.16922919,13.4483407,18.2934579
41592,20.05845573,19.32135976,13.51777704,23.21414263,10.48310837,6.462164551,6.942991925
20284,16.99244614,11.98034638,10.7643259,15.59320697,12.61367851,16.90187463,15.15412146
26952,16.0709479,10.51234418,10.75857425,15.53064225,11.96011701,17.17111994,17.99625446
17948,11.11273879,11.61287276,10.02901937,20.57745206,20.67429098,7.832906345,18.16071969
26488,16.0709479,10.51234418,10.75857425,15.53064225,11.96011701,17.17111994,17.99625446
8946,16.00301281,10.96133462,10.74849431,14.48493942,13.8139567,14.19728349,19.79097866
9360,16.00301281,10.96133462,10.74849431,14.48493942,13.8139567,14.19728349,19.79097866
37828,12.47323277,6.972523651,8.141623552,23.08007914,14.55158575,16.96616767,17.81478748
38002,8.727775657,12.56554384,18.96352399,10.7179382,13.21013936,17.60304941,18.21202954
35492,8.636679917,8.381708255,10.73020646,24.30307116,17.76674028,10.75056557,19.43102836
32102,16.88705715,14.1130178,10.72578948,15.02436271,13.88571882,13.06271184,16.30134219
29260,17.74557392,11.10120831,10.72355988,12.66189849,17.94815754,15.99947189,13.82012997
25787,12.56165802,17.37851589,10.7121561,5.862876217,18.20715957,16.04852402,19.22911018
38967,12.63542004,9.087869267,24.7796965,18.47322419,9.622619686,4.90016219,20.50100813
39089,21.78223017,13.49360868,13.49611641,22.20740214,7.808147894,10.68627144,10.52622327
35411,13.19070635,12.46668114,10.69542617,12.79698942,17.30274948,18.1868741,15.36057333
13474,15.39907505,11.37015452,10.68406911,13.22192622,16.91316561,15.75585209,16.6557574
13937,15.39907505,11.37015452,10.68406911,13.22192622,16.91316561,15.75585209,16.6557574
7769,17.2724589,14.67440091,10.68378692,11.30849333,12.76195312,12.71196322,20.5869436
36922,15.65754879,13.80590812,10.67572961,13.86395587,10.43245055,15.27817052,20.28623652
41246,14.24619689,11.61573013,15.21431325,16.18185476,11.06489543,14.85489346,16.82211607
40853,11.96655609,10.69038637,10.67545996,13.37264643,18.49719698,20.10093967,14.69681451
9075,15.07772593,12.88883191,10.67211947,13.28294196,17.96882038,15.06656048,15.04299986
31123,14.88297594,13.34312319,10.659072,13.87707036,10.17137106,17.37443208,19.69195539
31604,14.88297594,13.34312319,10.659072,13.87707036,10.17137106,17.37443208,19.69195539
29187,16.34827137,13.44265379,10.65589061,13.30002896,15.97495502,13.86532308,16.41287717
9554,15.24502049,9.81400091,10.63360455,23.16163521,10.31108522,13.60221131,17.23244231
9142,15.24502049,9.81400091,10.63360455,23.16163521,10.31108522,13.60221131,17.23244231
8933,9.860016605,13.57961173,10.6308529,11.74811728,17.02640226,17.77439427,19.38060496
5429,15.16203825,15.96300782,10.62602038,12.58639237,9.676489931,15.02406152,20.96198974
24375,13.94502097,15.79362974,10.62075657,13.04990584,14.81548085,12.98267568,18.79253035
34041,8.202892306,11.94722323,11.44319198,21.12383987,18.78094994,11.26382592,17.23807676
35176,11.23486561,8.355804713,25.46469142,17.31300445,25.19134481,5.982488188,6.457800807
35851,12.8825949,10.78124685,7.966724554,18.0476085,21.46229915,10.12914005,18.730386
36060,13.90343594,11.12145071,16.02681666,21.63068541,9.227271827,9.589523539,18.50081592
38536,11.95546225,11.13754099,10.62029267,19.33277142,10.80795343,15.77252662,20.37345263
20943,15.0043539,10.71541089,10.61545079,13.36717647,17.83317561,14.89649159,17.56794076
33514,13.93687206,10.87797265,10.6147998,14.88978517,13.99633737,17.23014505,18.45408789
36297,12.16633208,11.55464679,10.61338602,19.88421653,17.01466617,13.27805149,15.48870092
37544,20.63178335,17.89845516,20.00269586,12.56191406,6.868656267,9.271011399,12.76548391
37623,26.29938911,16.84109023,16.34549307,15.55829813,6.448027579,6.070125775,12.4375761
37821,9.751772031,6.818433125,6.025947633,20.2215498,25.20858025,8.59254697,23.38117019
27805,15.39538721,14.81285553,10.60529401,15.8762889,21.21896624,10.38584414,11.70536397
20421,13.18444924,15.29647291,10.60050471,16.82807287,11.61643344,16.54749734,15.92656949
39027,18.2005887,11.47344895,13.21994228,18.6724885,11.59351137,13.4475153,13.3925049
39039,20.04382032,14.28731835,14.77581127,17.39905199,7.549512941,10.43712917,15.50735596
25716,6.29939448,17.21315687,10.5822552,18.23411899,23.03976984,4.610428546,20.02087608
34572,17.89943143,10.8568076,10.57911172,20.61781943,11.8227058,9.073714709,19.1504093
24431,13.37332614,8.217928774,10.5714037,24.89999823,17.54300746,9.244230665,16.15010504
41351,16.43451106,15.16078567,17.02415096,17.41293123,12.74755237,13.80236901,7.417699701
41352,17.83542283,12.31406288,17.30940785,13.42055604,13.84790186,14.95705444,10.3155941
25032,6.430321262,8.280704356,10.56325985,28.37625494,26.23616148,4.926706532,15.18659158
435,8.201573462,8.725630177,10.54589658,21.04336401,22.3137326,8.581619244,20.58818394
1045,14.96872781,10.81479858,10.54585205,17.48657529,11.71948051,16.28197333,18.18259244
18111,16.84256026,6.579851632,8.574806711,26.11722782,13.79859743,16.42212759,11.66482856
17098,19.67649176,12.79054373,10.54494627,13.60106058,20.64088563,8.957875361,13.78819667
8732,12.48677283,12.3598099,10.54418187,11.99814925,15.54313529,17.53011602,19.53783485
11766,20.45636515,11.50954196,10.54322794,21.84654768,8.518184881,8.365254266,18.76087812
34965,8.737750693,9.389454818,6.873985193,28.70044952,28.84333767,11.92823986,5.526782245
35125,19.82536774,14.10341343,16.34777412,12.46677085,11.51322223,11.66994946,14.07350216
35853,11.85565782,6.350743897,6.200618198,20.8263173,18.66395656,15.93222432,20.17048191
35932,17.13604236,10.28254877,13.55883009,16.82545462,14.40976235,12.83561157,14.95175024
35958,18.31607343,18.54749244,14.98114434,14.5050351,8.684907647,11.55673411,13.40861294
12152,20.45636515,11.50954196,10.54322794,21.84654768,8.518184881,8.365254266,18.76087812
8310,13.31945603,13.39839049,10.53251706,12.10691303,12.30836839,18.03379295,20.30056204
16503,16.97222808,12.79652226,10.53196032,11.1163314,20.38780025,14.88193545,13.31322224
37479,15.51434622,7.577981709,7.030199087,19.68275868,19.16837929,9.881990921,21.14434409
38036,15.08415459,14.60669949,18.18724752,12.66098131,11.88184373,13.26686084,14.31221252
38936,18.6443833,15.47301097,12.25636631,15.53863603,12.1297616,11.34560368,14.61223811
27839,13.91991868,12.07388032,10.52653189,9.994056402,16.5638307,21.07307918,15.84870283
32568,16.29358451,13.79685399,10.51086221,15.60781799,14.40466727,12.97311893,16.41309509
29265,16.54307273,16.25184745,10.50254167,8.776312302,15.4313912,17.07048673,15.42434791
8450,19.60962199,8.286439353,10.49678592,23.30248132,8.468802758,13.78562387,16.05024478
24194,12.20198745,15.12182692,10.48807355,12.87166389,13.01579293,15.8299395,20.47071575
36941,16.14503736,17.02473232,10.48792341,17.67160861,15.35359537,12.03590768,11.28119525
26037,9.481380792,10.58707288,10.48193167,20.02553501,14.85453962,14.02284586,20.54669416
26491,17.50111047,16.68217433,10.4778016,15.12210854,12.16742501,13.99744554,14.05193452
26872,17.50111047,16.68217433,10.4778016,15.12210854,12.16742501,13.99744554,14.05193452
41431,16.64688279,15.56609622,15.08598951,13.10843797,13.94603466,9.861092064,15.78546679
40507,17.64107189,11.28754595,10.47581004,12.675746,14.59955932,15.82710978,17.49315702
3065,8.836530381,8.687170861,10.4656125,26.07710401,13.11650562,19.31115132,13.50592531
29334,15.75445398,14.79792623,10.46388528,10.43119621,14.94333684,16.45697078,17.15223068
12100,13.9283747,12.36764226,10.46081179,12.18030168,17.88842738,16.2011093,16.9733329
2528,16.15862132,10.27014989,10.45871596,15.69019992,13.34802011,17.9555487,16.1187441
7719,15.76583898,12.19662836,10.45138644,14.85562789,16.76172087,13.78857773,16.18021973
34855,20.03043421,12.9556721,18.63810416,13.73623256,8.450660302,11.32137939,14.86751728
34974,17.76766414,10.06948855,20.88536459,9.978682283,10.43225949,15.06450148,15.80203946
18482,11.23695145,17.21322055,10.44956512,9.004637417,16.18923808,12.21147334,23.69491406
6326,12.35149151,11.06279871,10.44267004,17.69097755,13.40002907,14.40123968,20.65079344
35957,19.11796743,15.7363496,13.00339705,14.3297974,8.796126928,10.67431387,18.34204772
36273,15.44550049,16.14159483,16.34723629,18.40820356,29.17607403,3.60479414,0.876596669
40298,7.819228933,5.889421896,10.43541905,26.323412,20.88308208,4.615288839,24.0341472
37438,14.32659112,9.828547362,11.68455426,15.71244424,11.76626489,18.8181508,17.86344733
37580,14.19025571,18.91180101,10.85568595,14.88671284,16.27837548,15.63533351,9.2418355
38051,21.77123428,20.62459715,15.14855733,14.41021288,6.285416882,4.74361934,17.01636214
5439,15.895805,9.96119761,10.43406997,16.49697119,12.09174626,16.01318755,19.10702241
38764,16.32077549,8.419862232,15.89030708,14.95754852,11.24577854,14.26674119,18.89898694
38998,16.08990984,9.59950912,8.50597435,28.01903827,12.20133944,11.67834768,13.9058813
39138,18.05910182,15.05320475,23.17549432,11.64904888,8.164398613,7.759059279,16.13969234
8092,9.434609951,8.696538366,10.4110253,15.2148633,16.05874851,19.97653409,20.20768049
23001,13.37950808,14.56355931,10.40678446,13.1800511,15.09870525,14.1713306,19.20006119
24228,12.92019344,6.190421391,10.39762793,16.57304137,17.62072834,17.81685546,18.48113208
41454,14.91009746,5.997308657,5.319137611,19.75668001,12.98996029,17.27547916,23.75133681
41477,15.85638546,13.63177773,21.09381023,12.74585564,12.05708608,12.49936036,12.11572451
11401,10.61935035,8.054868663,10.3931395,37.71589507,22.22346977,1.243758214,9.749518442
3590,15.09695347,12.73502126,10.38843722,18.61530715,15.07735281,14.92941671,13.15751138
9272,14.80279022,9.861461377,10.38451442,13.99177044,15.87249236,14.6527413,20.43422987
9690,14.80279022,9.861461377,10.38451442,13.99177044,15.87249236,14.6527413,20.43422987
36340,13.55625433,11.7918979,10.36887775,19.81992492,10.54321373,16.76156653,17.15826484
39290,8.483968436,7.705482888,10.35531483,25.70826747,14.07562491,11.94656991,21.72477155
27353,14.92754962,14.27580083,26.25292188,19.60880584,17.61410204,1.905999442,5.414820343
27497,13.02988907,12.38134194,10.353238,11.91162928,16.60816991,22.30274989,13.41298192
35135,14.92134835,11.11943174,22.66298753,11.61731537,8.385676176,13.36079322,17.93244761
36016,15.05202569,13.09544744,11.96237478,13.93898977,13.60743207,9.149495407,23.19423484
22447,16.46071524,14.43572837,10.34188595,18.09035706,15.10050932,9.723371656,15.8474324
8767,17.62195994,13.56168355,10.34118791,21.65539937,11.80316577,16.03635097,8.980252485
1453,10.19387258,14.57868973,10.33538677,22.48375608,13.9115386,8.94581916,19.55093707
37797,16.85634641,12.59238446,14.57691197,12.29669798,16.59265198,13.22647106,13.85853614
37869,10.4539282,8.239853717,10.10400824,21.91108382,16.58017291,15.67945607,17.03149704
38053,17.4401386,19.53689392,14.81169321,17.72376921,8.456708287,3.730984039,18.29981273
34392,14.8668985,11.7321144,10.33153689,10.39192501,14.26387466,19.38254662,19.03110393
9049,17.9376914,17.24162704,10.32922688,12.61698087,16.92309314,14.36587002,10.58551065
18583,10.94335807,7.479501865,10.31368515,24.11213829,18.04057565,8.727644506,20.38309647
20980,10.44110072,13.62995915,10.31204245,19.54589829,19.2556974,9.734570314,17.08073168
16334,11.88445773,11.2602722,10.28808252,12.55523617,16.60801543,21.87828309,15.52565286
16731,11.88445773,11.2602722,10.28808252,12.55523617,16.60801543,21.87828309,15.52565286
2905,16.46780556,13.3063468,10.28582475,14.77523561,10.31572362,14.82647501,20.02258865
22300,15.93817418,14.22038535,10.27807464,12.81272091,13.61168449,15.67368107,17.46527936
3567,14.622684,16.74313531,10.27517648,14.65910227,17.0965441,12.46811099,14.13524686
41231,16.20210247,11.43268709,15.7227043,15.49741864,10.23134508,16.78674319,14.12699924
38430,15.37001895,12.07879816,10.2668033,14.98860136,10.36652415,16.54457576,20.38467832
13104,13.72186445,13.38541492,10.26531456,23.71103198,13.34376383,9.81027814,15.76233212
38267,15.41688372,11.8904489,10.26206054,15.02934874,16.45394186,15.19734609,15.74997015
31078,17.38216519,15.39893177,10.25515343,14.08960729,10.93826199,17.3790077,14.55687264
31562,17.38216519,15.39893177,10.25515343,14.08960729,10.93826199,17.3790077,14.55687264
14324,12.07285501,11.9391097,10.24643509,18.04962957,14.73857574,15.02916604,17.92422884
25647,12.88243237,10.60605969,26.00980918,25.62457939,16.73258865,3.478685812,4.665844903
13369,14.03037539,12.42650061,10.2435117,26.16277051,17.96176049,8.624562649,10.55051865
13406,17.02200492,13.54483061,10.24268081,10.43509604,19.41731703,11.72773975,17.61033084
33875,12.37904291,9.576864338,15.09236756,21.18280162,10.20070229,12.23626792,19.33195337
1153,7.850099531,7.726882078,10.24195028,24.01860401,14.18188024,14.67086697,21.3097169
10167,16.11658284,15.90977393,10.23823448,8.65265751,17.18644226,13.19425355,18.70205543
35907,18.79873875,18.23268486,13.42698977,14.14327183,12.53641513,9.109979831,13.75191983
36169,11.49564234,13.53892112,18.82829096,20.98873745,18.93658682,7.524041388,8.687779926
36227,15.32338789,15.14895219,21.12749837,11.20309787,12.29810128,10.40052934,14.49843305
33585,7.781307113,9.004547348,10.23164269,27.06913599,13.32497697,11.94311801,20.64527187
37363,18.05402463,17.0940464,21.64074449,18.4757505,7.884620357,2.501996149,14.34881748
37850,17.0014485,18.62968963,15.51590235,16.10625816,14.20443958,10.5288431,8.013418693
37952,9.881065776,10.47675593,11.22081851,22.98302855,18.27914404,13.28832066,13.87086653
38216,14.30437004,19.38995745,14.66862764,21.25847396,25.93900774,0.567788458,3.871774713
39064,10.74946475,12.20411164,9.60688863,23.00881237,12.00495679,17.02864064,15.39712517
17329,24.58524335,9.962024566,10.23111166,24.80927571,12.27801641,7.375120269,10.75920802
5570,13.11679797,16.09701514,10.22863965,16.32071991,16.40192141,17.19267523,10.64223069
7980,11.0328637,11.75687808,10.22274312,22.60124778,12.04695519,17.47585975,14.86345238
41457,19.00298575,10.81461374,16.43806006,18.02679566,7.423574151,11.22967377,17.06429688
41526,16.41347058,13.87979024,18.85114418,12.19818171,11.87120538,14.47833218,12.30787573
41527,21.34255226,12.23534295,24.37003437,15.52553886,8.495806981,8.107321107,9.923403471
41621,18.6717169,13.44675385,14.67548386,24.43668972,19.04304404,0.961433179,8.764878455
5038,8.231742758,13.74202515,10.21173538,23.1681719,15.29735408,15.16053015,14.18844059
1670,12.6660794,8.108178358,10.20943216,17.2008737,16.84368093,17.17778183,17.79397363
18837,14.65000542,7.620599993,10.20860079,17.09249893,12.24270232,15.56253658,22.62305597
31350,16.22442746,11.7152886,10.20398757,21.63166442,8.406218683,13.05924271,18.75917056
31818,16.22442746,11.7152886,10.20398757,21.63166442,8.406218683,13.05924271,18.75917056
2191,12.95833248,12.74763672,10.20238073,10.01805846,21.55681024,15.15658052,17.36020085
35171,17.08516439,12.30126544,15.17429347,15.56043093,6.396216488,8.372564625,25.11006466
36610,14.51956441,9.416606777,10.19753771,18.12921921,15.24487412,16.07634897,16.4158488
8413,10.17712027,12.02126756,10.1971166,24.29472878,15.19352788,11.77219006,16.34404885
35885,14.59108401,13.96004348,18.60325021,25.7805293,8.108353466,5.805558252,13.15118128
36215,11.57487546,11.1525408,14.8197051,34.33124557,17.81791874,3.990659572,6.313054757
3475,13.10629553,12.99802002,10.18887796,20.04582326,10.63643886,17.83724476,15.18729961
16163,15.20725214,14.43238817,10.17820745,15.05449281,18.56244866,15.35685162,11.20835914
37688,18.64666683,11.71246089,27.68453487,18.94890508,10.95294578,6.696873389,5.357613153
37801,14.95084089,6.830506552,7.796777091,18.94437893,16.62179944,18.09411768,16.76157941
38222,17.02368527,11.39089107,11.403564,16.50102613,12.75546032,15.96577214,14.95960108
8059,9.074122407,8.132446573,10.17804458,24.12103699,15.91023553,15.85385595,16.73025797
33431,14.41340438,13.25364634,10.17127248,17.7747125,13.09084852,14.13420083,17.16191495
329,11.4341071,12.247063,10.16931479,16.2373054,20.14702849,6.925897963,22.83928325
35396,14.22880902,14.44125015,10.16378751,9.15638864,16.26312389,16.54378283,19.20285797
29556,19.27923741,15.79853077,10.15841951,14.10015784,18.12413703,12.91410225,9.6254152
8861,12.75580424,13.69194543,10.15253721,13.18289165,19.76250073,12.92133047,17.53299026
41504,18.12375836,14.49793335,20.75577746,12.07031385,8.651074383,13.69558318,12.20555941
41523,19.76796797,11.03606929,12.7791572,24.87068408,7.331708853,10.40309444,13.81131817
29849,16.58929132,12.61291782,10.14483202,9.407540088,11.44576187,17.35128075,22.44837614
20022,14.71946967,13.18623184,10.13326474,20.84572971,12.38222953,14.49025506,14.24281945
47,17.49984627,12.28854486,10.11930562,10.29021061,20.3611036,12.0497586,17.39123044
30910,14.11296652,12.68058829,10.11584294,15.35094165,22.75663278,13.12420922,11.85881861
30540,13.62818553,15.72989846,20.314826,22.63483282,13.89796006,11.96719383,1.827103289
30557,16.78623675,14.65099183,14.57727012,20.78989872,18.16909103,7.127936804,7.89857474
5779,6.083568558,6.60526391,10.10948019,23.11205727,18.26526342,15.0840239,20.74034276
33456,15.29440746,8.997603927,10.10286453,12.25658155,15.24644959,18.71392549,19.38816746
8529,19.18786113,16.75188267,10.08676568,12.00444556,13.30437051,11.92371526,16.74095918
35963,15.79766324,18.17250767,17.71963738,17.21339676,6.897729162,8.776490443,15.42257535
37396,15.61137506,12.2569509,8.612558901,13.73402761,18.86669208,14.15293769,16.76545776
37505,12.43985239,15.0182402,14.84372549,13.70962023,9.28091351,17.60463235,17.10301584
37851,16.34916593,15.44793921,14.7086059,10.85023181,15.29871572,12.08518408,15.26015736
37959,11.67062498,15.26733589,20.81254295,8.905472912,16.65432673,16.61479848,10.07489806
3112,15.81068214,13.20278357,10.08317508,22.8147819,13.31235375,9.969399327,14.80682424
16581,11.50551233,14.05005333,10.08251132,30.46379381,14.95634662,10.58406558,8.357717007
3972,15.09288545,16.6396289,10.07281174,14.08053451,12.24584714,15.6463903,16.22190197
39143,21.13662258,13.62091007,14.92065332,15.52423069,9.955306259,10.29485285,14.54742422
16940,13.26399415,12.28254518,10.07232262,13.41459592,20.21311673,14.90988691,15.84353849
10261,17.44939668,13.8170913,10.06453386,17.10667352,20.79824672,8.68056564,12.08349227
6471,12.21536982,12.89025573,10.05363278,10.80540344,18.36886907,16.51715303,19.14931613
41306,14.00893091,8.533197563,7.859141511,16.82207228,20.38945014,13.80838716,18.57882044
833,14.42811202,10.90213134,10.05332858,12.9592001,13.04414399,16.99615158,21.61693238
18305,15.93048478,10.28161945,10.05317083,13.99095405,12.71578547,17.83118768,19.19679774
13215,17.21162145,13.52948668,10.04907937,20.96718389,12.47009744,13.26681222,12.50571895
9429,12.96984189,12.97901813,10.0362945,19.50873364,15.77114091,16.94349022,11.7914807
11738,9.294656326,8.344761089,10.02495177,19.27443828,16.28456995,15.81351456,20.96310803
903,9.074454426,9.238618056,10.02481942,20.69373712,15.91219835,16.56564594,18.49052668
18202,17.69461663,13.73797696,10.02278945,14.03028084,13.20182589,14.16133212,17.15117812
30714,13.62544879,14.55963194,10.02230957,17.84138898,15.23256174,12.50536047,16.21329851
24529,18.90182724,13.76294999,10.01595741,20.10634654,25.78850128,7.686726584,3.737690945
9245,11.72821315,14.25152638,10.01287458,11.58742023,15.29631535,18.5497714,18.57387892
33309,11.07715776,14.68100532,10.00814152,10.83922461,16.371173,20.62747594,16.39582185
5787,15.39745262,8.07587021,9.994025836,26.322291,15.12466723,11.77672734,13.30896577
24139,11.02104404,15.99134802,9.993350692,19.91437455,18.89066626,6.264330102,17.92488632
29639,15.56652081,13.43253837,9.987744647,11.36015057,16.155722,22.75912194,10.73820167
3453,13.33421289,10.60290052,9.980832197,14.74853036,12.02123308,14.65467368,24.65761727
33028,5.418528414,10.52806666,9.963035488,11.78588945,21.80705559,24.83696515,15.66045924
38400,12.32797621,10.73052394,9.952329707,9.777196167,16.31575045,19.18385624,21.71236729
139,14.7714092,11.47910716,9.948314548,11.92639518,16.08795321,17.11323184,18.67358887
33973,12.78614141,8.94807483,20.28813161,17.3854136,13.98179926,17.33458431,9.275854972
34044,8.26072428,10.56569221,9.9099373,21.34672037,15.14364103,14.47374011,20.2995447
36328,13.06370064,12.14575398,9.938934899,18.97727374,20.78099571,5.418887557,19.67445346
2645,12.31871119,12.6407277,9.934298626,15.70657461,13.14954596,17.16688623,19.08325568
9137,19.01612341,11.18871,9.925215371,15.94581133,12.08335084,16.08589791,15.75489115
13385,15.55958463,12.2201776,9.918048726,11.9645494,24.27922784,12.0334843,14.02492752
37709,20.55383089,16.96555442,15.78546534,13.7506978,8.226801983,8.875493996,15.84215558
6158,15.49050987,13.34832089,9.911884957,13.23657973,18.87891835,11.57057053,17.56321567
38785,17.46075095,11.69236339,9.129141299,15.70668968,14.8510288,17.71519144,13.44483444
6615,15.49050987,13.34832089,9.911884957,13.23657973,18.87891835,11.57057053,17.56321567
27603,15.05953429,12.83240917,9.906861116,18.78588281,16.74495733,12.05894552,14.61140977
27455,9.582550692,13.34590517,9.901938129,21.11259273,21.44060307,4.691052931,19.92535729
37003,12.96982744,12.20490119,9.898038075,10.38574567,12.68031584,19.14324319,22.7179286
24185,13.93203882,13.74273633,9.890124312,21.21956987,13.69269986,12.83703444,14.68579637
41638,17.89830003,12.95588565,12.76633022,23.02710197,8.764356583,7.088990993,17.49903456
22295,13.88548652,12.753294,9.875652873,18.91629844,15.25556783,13.11052956,16.20317077
33469,8.954379947,14.10056809,9.868710799,18.29815066,15.03096708,14.58261735,19.16460607
12124,8.833480756,8.892416145,9.864535398,20.64834169,18.27400023,12.33116379,21.15606199
8366,16.6704785,9.212497044,9.834164889,19.1478811,12.63897929,14.51869746,17.97730172
23271,18.47899433,12.9970688,9.830010272,14.03871952,21.66740095,10.79005265,12.19775347
35449,7.262720238,11.08502535,9.825614584,18.73480946,29.85823073,8.885209762,14.34838988
3624,16.31406599,10.1835,9.822264804,17.5551052,13.76725534,18.26943505,14.08837362
27504,12.38284652,13.63027477,9.821084547,19.98305766,18.92892483,8.184205486,17.0696062
10729,19.20213536,15.11823391,9.819635385,15.52574462,15.63712977,13.33884324,11.35827772
19013,10.25545727,6.873074621,9.819264103,30.87403159,24.11100278,5.407587277,12.65958237
24334,13.72102253,11.72230135,9.801709896,9.971483626,16.81879832,17.36992314,20.59476114
22085,13.99521978,8.634623468,15.72880199,18.44254902,11.20283396,12.96273743,19.03323434
4,12.85271881,10.60854349,9.79979457,21.73152808,14.18681192,12.26299198,18.55761114
14316,12.30943899,10.02106284,9.79702437,18.08244677,12.3831774,18.89587557,18.51097406
22443,17.20246072,10.0661837,9.785546818,22.31259146,11.62923536,14.06002027,14.94396168
2453,10.2264674,11.80386728,9.780998714,19.91395199,13.52419907,16.18692587,18.56358967
30477,21.82495495,14.06487166,26.58009591,19.10506292,7.400908098,6.564401462,4.459704987
35805,13.70369788,14.78002801,11.01100018,18.40553036,14.36904786,10.80855232,16.9221434
35858,17.91688565,7.935492104,20.20486733,11.43731405,23.21740138,7.792824117,11.49521536
36130,18.34655319,18.99490202,14.89195911,11.77556477,11.20415096,9.205384884,15.58148507
36143,19.50704569,15.99861679,27.75693558,17.31366547,7.148953324,7.904358659,4.370424485
5425,14.32028868,8.771557734,9.779697662,19.56082608,12.70842248,17.47087514,17.38833222
13872,17.65575031,15.00680148,9.778650497,12.44365197,14.82733756,16.53936764,13.74844054
37545,15.30894717,14.34761681,14.591001,28.27732442,13.328655,10.91673667,3.229718927
37814,17.49763626,17.17231061,10.11391604,14.41954507,10.92336869,11.97639061,17.89683271
37859,10.78261434,9.000055592,10.39946864,27.55265648,10.67910844,12.73600033,18.85009618
37938,14.77136207,12.84556428,17.53624226,18.9969069,8.397478542,10.91430833,16.53813762
38244,16.55194324,8.369385674,11.72576554,16.75085953,19.01264778,14.02091251,13.56848574
22418,14.41975098,13.31516093,9.772972359,20.77207967,9.956609164,11.76713254,19.99629436
26490,10.28252646,14.36932734,9.763521985,19.71705695,14.86763304,11.36199215,19.63794209
26871,10.28252646,14.36932734,9.763521985,19.71705695,14.86763304,11.36199215,19.63794209
1122,17.4918502,11.8764125,9.715578994,22.73705532,8.226555245,8.894962891,21.05758485
20663,16.01711393,15.51945489,9.699048106,13.1733099,19.08205154,15.65215816,10.85686347
34491,15.55932106,12.48328383,9.688086928,16.24521834,15.02568536,19.19242399,11.80598049
26027,7.993088268,12.0377583,9.676551019,21.44552871,25.24962345,0.804252132,22.79319812
30213,13.52877264,12.43073322,9.675991201,11.4336333,13.74013959,16.07005102,23.12067902
12629,15.25842537,5.102348192,23.78259132,16.55490975,15.99163222,7.652602322,15.65749083
39329,15.42575523,14.75375784,9.667328659,12.63732704,15.91581413,15.00869477,16.59132232
22908,15.55566982,10.62739372,9.666709949,18.36672207,9.950917286,13.57356989,22.25901726
36635,16.06990852,11.52785236,9.661949447,13.87300403,11.20871595,15.77120009,21.8873696
15379,13.85953218,13.73372733,10.25876369,15.17698938,16.89837355,14.44136157,15.63125229
27471,10.38378338,9.257627823,9.661917798,20.33731913,14.33960741,18.9461902,17.07355426
17783,11.07173303,9.75997715,11.4999686,24.65753338,12.0670291,14.9343107,16.00944803
2804,7.680252841,13.21439505,9.654433106,23.01189143,17.1142496,12.72674457,16.5980334
16149,15.35322655,11.07804438,9.653250306,21.48283102,15.95267649,13.51500807,12.96496318
6283,10.8745563,9.14409241,9.652009279,23.85245341,16.31521757,12.45341648,17.70825455
24706,15.17363998,13.58114207,9.648529748,13.35591604,17.89317021,13.00230556,17.34529639
19639,17.34696908,12.13654705,9.646534699,12.47153489,15.87877656,14.12796833,18.3916694
6720,11.59085148,8.870840962,9.645693354,23.42762384,14.67548115,15.60575471,16.1837545
4149,18.49196633,13.0380218,9.63588172,16.08900425,12.13755946,17.45429281,13.15327363
19904,13.8587915,9.694621549,9.634473322,12.38087657,17.26895682,15.4645524,21.69772783
20493,11.8933353,12.07629194,9.634347034,21.5428628,12.38105043,15.22517469,17.2469378
32977,14.35069856,16.35968726,9.632022226,12.13044206,12.84888318,21.80239906,12.87586765
33457,14.35069856,16.35968726,9.632022226,12.13044206,12.84888318,21.80239906,12.87586765
35137,14.34615802,13.4406813,24.47328391,7.583604439,11.02031714,12.9208193,16.21513589
33409,12.03392892,7.898342227,9.629356875,19.84030708,17.77846036,13.4943704,19.32523414
24593,9.458700069,10.74140127,9.614928265,25.4220956,23.74933279,9.807582694,11.20595932
25036,9.458700069,10.74140127,9.614928265,25.4220956,23.74933279,9.807582694,11.20595932
22245,17.69858306,14.9573596,9.612319239,18.5188893,12.40336989,10.66659678,16.14288213
35900,12.13110982,9.367262413,6.597547614,21.70557597,17.32792058,17.85545068,15.01513292
36077,17.72486402,12.24587126,19.32725736,13.71358904,8.378808844,11.51990302,17.08970646
11374,9.967528274,19.68716392,9.609171664,18.66052657,23.84663315,10.34875835,7.880218064
30912,15.48979756,13.47859431,9.605460905,9.238604826,10.6303683,19.04309319,22.51408091
22545,17.02858815,13.15970772,9.604039597,12.71883371,24.84878336,5.67773191,16.96231555
37480,10.35360857,8.120036494,4.426531693,17.40308795,21.52325246,13.83031529,24.34316754
37530,10.2056136,8.390480946,9.811150195,23.27588678,10.89399505,15.38639809,22.03647532
37533,16.21261503,19.52710564,16.36291643,12.04281994,8.41272901,8.502448697,18.93936525
37892,16.46342059,18.51704095,10.75141544,15.71639936,10.24575748,9.328227211,18.97773898
37900,17.81412426,9.724531934,17.65274649,13.11972016,10.88462924,11.5518123,19.25243562
38206,21.86387292,19.33695972,25.83948635,11.88237482,6.991473639,6.137475259,7.94835729
7739,12.61135321,5.162626787,9.591965706,18.31366307,16.09816956,18.00945946,20.2127622
38838,18.53113248,12.90952553,10.62002551,13.8233367,11.88766752,15.61287363,16.61543862
38933,7.952760549,9.659679537,8.424139501,13.19974923,21.97116208,17.08729983,21.70520927
39057,15.94684052,12.79912583,18.62750871,8.46744087,10.32461359,16.87381253,16.96065795
32932,11.01971896,10.54492688,9.581283774,19.28071954,18.80363424,17.882483,12.88723361
41255,17.26607581,15.30871724,11.26710576,16.68477655,11.42889202,13.7583523,14.28608032
41416,16.28210961,14.12054039,15.91544457,11.02949267,11.34782812,14.51550272,16.78908192
29676,10.80318082,12.75824711,9.5741421,18.44057224,19.94463755,10.43967226,18.03954792
7818,13.32819541,13.7081929,9.572440457,11.37873211,16.09053523,18.70747788,17.214426
34362,17.22130847,13.37738493,9.568579645,14.16277407,10.68979921,16.7805384,18.19961528
8731,12.14468622,11.27586033,9.562533125,18.77959805,17.90090962,7.244625651,23.091787
35387,11.15744662,11.89014354,9.546214082,17.3230232,21.45163729,11.01938375,17.61215152
15430,9.948751709,7.667907268,26.48658499,27.27686653,9.41189753,9.452853671,9.755138294
17768,13.98476058,8.29259108,12.38972912,17.54612929,20.09276668,12.81949641,14.87452685
17824,15.74411568,10.30890843,19.55856739,15.68034847,14.55230613,13.9082252,10.2475287
16801,17.37359819,11.7266633,9.535492458,13.14501373,14.77077248,15.44509546,18.0033644
27524,13.97047651,14.85900265,9.531834445,22.10153736,14.82359688,10.17629818,14.53725398
4850,19.03858202,11.12218663,9.529787908,19.53292671,11.3825719,14.99781715,14.39612769
7977,12.73422178,11.09187101,9.519408763,12.64315446,16.4050359,18.57477745,19.03153064
21893,11.16389494,12.24730698,8.528513648,18.71919829,19.9776811,11.52965953,17.83374552
7822,9.164866275,15.04254925,9.506518843,10.70131817,16.48189637,15.09151523,24.01133586
3436,15.79564473,12.5906607,9.503257653,16.8967568,10.81782207,15.13864664,19.25721141
3930,14.29239195,11.57200195,9.501849988,19.61825429,13.00310478,18.44824386,13.56415318
18298,13.95502509,7.92499779,9.490760672,20.4070331,10.77380698,10.55581628,26.89256009
34874,19.28825626,15.40795132,14.9149897,12.4437585,10.91769719,14.9078281,12.11951894
34972,11.16782702,6.889292633,4.957179953,17.22380887,23.89757426,11.32784509,24.53647217
35056,18.35209999,12.65480453,18.47733577,12.1301349,10.60550338,15.50080369,12.27931774
35288,17.25349648,13.56314658,15.48881475,9.581426238,13.43793673,14.54274542,16.13243381
35857,17.59880494,17.07545108,13.58940968,24.67959724,9.429248679,10.30575741,7.321730961
12983,15.14761489,13.88709074,9.486870067,18.8907001,19.64024486,7.376117331,15.57136201
17095,11.26475798,10.73877959,9.478234035,21.83585521,22.94749827,4.961149926,18.773725
28281,11.51470471,15.14840138,9.476493166,16.54236794,15.67601545,14.85601215,16.78600522
27852,11.51470471,15.14840138,9.476493166,16.54236794,15.67601545,14.85601215,16.78600522
38136,17.26571619,14.24854812,13.95574273,15.18852936,9.065905499,13.74615891,16.52939919
1094,14.23515423,10.0448793,9.469185175,14.36354229,13.8579879,14.59991098,23.42934013
7882,12.65024201,9.320866644,9.466990814,12.56054798,17.97616209,17.39509446,20.630096
38892,14.9155121,11.20361143,15.14648283,20.60688966,12.32388791,8.273192417,17.53042365
39055,18.79159712,13.36020642,11.33631661,14.21789818,10.55862298,13.09679666,18.63856203
39128,21.79626704,13.28514034,17.70899743,16.27300988,6.650146835,9.651146393,14.63529208
39940,10.94836998,8.528505207,25.5388554,12.33533427,12.18854589,15.72050049,14.73988876
30185,12.5685498,8.07875501,9.465809999,25.53608717,14.50624325,17.08394456,12.76061021
6876,7.237128936,21.73229353,9.464344092,22.70912359,18.5756707,12.92772622,7.353712936
41267,18.88542937,15.08681605,13.85903061,15.40548959,9.116550244,13.00324803,14.64343611
41506,8.50858428,8.543748216,16.80596625,11.22102457,25.96784522,13.18469689,15.76813458
41535,14.87610677,13.37405696,11.53570364,19.32518711,17.73017576,15.76413518,7.394634563
41631,15.38020771,11.40031758,13.83685918,18.16905202,14.60642466,11.4352222,15.17191665
7318,13.69037931,13.82883114,12.82747919,32.65429063,14.77934696,6.137542601,6.082130169
11562,10.15784224,10.9251705,9.46128448,22.20600667,18.84601773,11.91012944,16.49354894
28094,10.27677922,8.586306267,9.457282324,10.63689787,27.46980395,15.14573453,18.42719584
28478,10.27677922,8.586306267,9.457282324,10.63689787,27.46980395,15.14573453,18.42719584
15122,12.62942493,11.50147748,10.22083445,18.84060297,16.37945625,11.44072405,18.98747988
11613,15.00924175,14.78297121,9.455281376,21.32715229,12.26140532,11.84275288,15.32119518
17767,11.46946816,15.35647755,13.36347226,20.84632603,11.96276109,15.19526018,11.80623473
39678,13.4740195,8.279938641,9.453370366,13.26942595,20.10120507,13.55108377,21.8709567
18703,12.15168984,14.45572108,9.441508208,16.82668422,15.45827876,16.50286273,15.16325516
35675,12.56069003,15.22051572,9.441255152,11.63189348,19.76736244,14.48357873,16.89470444
25650,3.19354344,9.47631358,32.57898352,27.01991619,15.46769222,2.318518146,9.945032909
34525,16.44637442,13.713153,9.42907297,14.66313404,14.522309,15.09882295,16.12713362
20074,13.50166925,9.138837966,9.428481097,19.65905081,14.87116731,15.13537073,18.26542283
2452,10.30408956,17.76187381,9.419547417,8.046435216,18.47143058,15.62149462,20.37512879
9364,13.06184931,15.24913649,9.418754901,17.0252575,22.33273972,14.46337629,8.448885783
32946,8.668631584,13.66014605,9.416483471,8.899935649,30.6548691,10.11293701,18.58699715
18385,10.04236282,12.66962563,9.407196795,18.92799637,14.56922092,17.735409,16.64818847
37296,8.963683099,6.082239008,3.672643181,24.97926661,20.70734817,10.83138253,24.76343741
37386,17.27071488,16.56875058,15.43079277,14.16118904,10.20082584,11.35468768,15.01303921
37708,16.80977638,14.71886794,10.71185147,7.919385631,11.55924998,13.68908107,24.59178753
37749,17.58631596,6.587616202,17.60109627,17.66117528,15.39401767,18.38452486,6.785253745
1192,17.92602974,11.48815455,9.397384701,22.24737599,11.00025762,8.456058206,19.4847392
34703,14.29787073,13.97755432,9.393654316,17.47904237,13.74594926,13.3798503,17.72607871
5039,9.375286159,12.98648999,9.392791214,18.2817667,21.15336729,10.76317915,18.0471195
39401,9.896788744,13.08246639,9.389967385,14.03312247,23.38938562,10.78019848,19.42807091
101,8.044477197,14.72649016,9.373173909,20.88605937,16.7905544,16.65617927,13.5230657
35716,16.2334923,12.52834026,9.370862804,20.33755544,24.83708658,6.397277457,10.29538515
41339,19.29339293,8.73029746,14.71113916,18.36186838,10.66714583,13.0199571,15.21619914
41349,15.89501898,8.059333887,8.475275621,24.78137466,10.86030611,13.51553256,18.41315818
41355,12.01118774,6.346221789,11.3149762,16.21908123,17.11886707,17.00459519,19.98507078
41686,19.47196206,20.70062914,16.95308839,10.58633438,6.974257017,7.901923622,17.41180539
5529,9.637153699,7.861864573,9.367065673,24.7245075,13.06135344,15.88413281,19.4639223
2717,14.77406463,9.030749036,9.36022022,17.17609582,16.94564382,18.24737647,14.46585
3136,14.77406463,9.030749036,9.36022022,17.17609582,16.94564382,18.24737647,14.46585
19059,15.01376135,12.47728928,9.352991989,21.19103799,16.53912971,9.098696921,16.32709275
22153,16.74251152,17.28353823,13.18920722,16.13440569,14.48985227,11.3174037,10.84308137
22167,12.67152574,17.48185759,11.47304632,22.85077584,12.19324928,15.50037195,7.829173281
29173,14.29524434,12.65135804,9.336986077,16.02283976,14.26369275,14.08865932,19.34121972
33116,7.886403018,6.771124187,9.322019333,22.13666218,18.24933137,15.36365193,20.27080799
28228,13.79618852,11.42617299,9.317819629,16.50257832,17.61769163,16.72469726,14.61485164
30532,9.345467782,9.20160342,21.60553547,12.19535444,19.51588546,13.50222978,14.63392364
34152,16.39122519,19.0049104,18.3558435,9.787158625,13.22341204,10.48488558,12.75256467
34995,18.90332122,17.98994184,15.23104772,13.68561465,8.656161337,13.18899599,12.34491725
28699,13.79618852,11.42617299,9.317819629,16.50257832,17.61769163,16.72469726,14.61485164
2275,7.314158474,9.245420522,9.312035994,24.20109209,16.55923698,13.72776239,19.64029355
35928,14.34098578,17.59729425,12.05141616,10.89989587,16.17364329,12.56197351,16.37479114
36133,2.494509657,8.029952051,28.09184405,10.91070332,17.88725834,22.36001739,10.22571519
29446,11.49967522,11.2480326,9.269928731,9.300199293,17.71708729,19.9146256,21.05045128
38188,14.13132732,16.57860554,19.17069179,12.01656356,14.23207078,8.984497079,14.88624393
5437,13.42773236,9.141274641,9.261824918,18.33836567,15.78707855,14.87827558,19.16544827
29337,14.41346957,11.72546843,9.260236445,13.77403247,18.77420272,15.52382264,16.52876772
5927,19.02687541,11.12810881,9.233863102,19.35459974,12.65794956,11.0186695,17.57993388
19973,15.79713094,10.17344454,9.227593309,14.21702312,20.84407974,18.8741517,10.86657664
10311,11.00914221,8.84594418,9.222246937,27.50098537,10.63238077,10.48866459,22.30063593
13382,15.72213427,12.35901851,9.195403144,17.85345415,14.60223689,14.83794757,15.42980547
10760,15.98834591,15.23786364,9.180816236,12.7602729,10.98893512,17.53685359,18.3069126
11227,15.98834591,15.23786364,9.180816236,12.7602729,10.98893512,17.53685359,18.3069126
41492,15.50912483,13.95798233,18.79858208,11.66324185,17.95392293,1.927077596,20.19006839
16020,16.33986255,12.70836217,9.163026233,15.9987524,13.88200987,13.51820743,18.38977934
15922,14.34815504,9.963642288,9.151759332,17.5784899,20.68812862,7.981228459,20.28859636
9388,13.9176468,12.68241498,9.128988148,18.39485192,18.01597055,8.759054133,19.10107347
21442,14.09077209,11.93668052,9.124202409,13.03367137,17.25252548,16.72936043,17.83278769
7012,13.04411311,19.12751055,9.107021829,38.81950529,8.399490373,5.938956394,5.563402459
13417,12.70309929,10.74046125,9.093735927,18.96296041,19.38343535,12.27529427,16.84101351
39497,13.11933465,14.5192499,9.086334878,10.83590747,13.38497521,15.68243386,23.37176404
10615,12.29740827,9.603995155,9.085438392,20.40835019,15.63821348,14.06279076,18.90380375
18124,15.93898275,10.62151683,11.85930731,18.42417867,12.7173856,14.3943983,16.04423054
18180,8.90921849,11.30554356,15.67825713,25.49496932,9.140777684,11.85168657,17.61954725
10396,19.00829322,9.715462484,9.063206122,19.55092445,12.6027774,11.81269285,18.24664349
13878,12.57912216,13.62187756,9.052509294,20.13081538,22.25996143,5.873664765,16.48204941
22243,16.1853903,13.26121152,9.05052394,14.62975191,11.19740866,14.50538641,21.17032725
14631,16.51340611,15.07519522,9.049298332,12.90506099,13.76832429,12.31462137,20.37409368
25109,10.25451984,8.554548829,9.034122789,14.38850764,15.09306654,17.91868788,24.75654648
21985,18.58366219,13.6138922,18.90195626,24.45704917,6.950077285,4.896106014,12.59725688
30695,15.27366676,14.08686872,9.013950913,14.05535177,17.24951772,13.40166507,16.91897905
20905,11.2171362,13.39339315,9.013685794,11.89047155,17.6845071,16.53006737,20.27073884
18800,13.9297354,11.75573828,9.013420034,13.80667774,14.60463209,18.71519822,18.17459825
27223,13.39060271,8.038555619,8.289006851,24.88588549,13.51552781,13.75387999,18.12654153
27982,12.88789668,10.80499723,9.012611284,17.51913259,15.15901211,14.60683393,20.00951618
28379,12.88789668,10.80499723,9.012611284,17.51913259,15.15901211,14.60683393,20.00951618
33515,8.340392714,12.28702653,9.009710349,13.71964915,20.11555335,22.36575845,14.16190945
34903,19.79816951,16.08661043,13.18070812,12.39394342,15.43764499,11.05649505,12.04642848
35182,18.33211294,14.65511394,25.49362284,8.092739641,7.389106246,6.03244526,20.00485914
35917,19.43159014,14.23475433,17.40625534,13.28048039,8.970506129,14.56347689,12.11293678
37836,12.9073158,13.63095478,8.073437984,23.13085415,18.33966419,7.285281658,16.63249144
34366,12.84900219,7.707953835,9.006346908,20.42121459,17.35202867,16.37683032,16.28662349
24576,12.57021909,9.209926303,9.001557059,20.78182684,16.34408062,16.4586307,15.63375939
26129,17.32371989,14.88957754,8.999979154,14.75017481,13.88190441,15.86716801,14.28747617
26563,17.32371989,14.88957754,8.999979154,14.75017481,13.88190441,15.86716801,14.28747617
38317,16.50588423,14.00158759,8.995686479,12.58090251,14.50742453,14.17247817,19.23603648
39902,16.92961743,11.71629288,14.32687028,16.378382,11.79602866,12.18363334,16.6691754
39931,19.7527863,16.58357426,13.66496417,12.41351538,14.58760402,12.84365555,10.15390031
14330,16.35641024,12.14940514,8.990324395,18.82271228,10.12301865,16.05297608,17.50515321
14789,16.35641024,12.14940514,8.990324395,18.82271228,10.12301865,16.05297608,17.50515321
21424,10.79097069,9.818201715,8.985472014,22.42419828,14.75996014,13.29279194,19.92840522
8644,13.08052514,13.11453516,8.972692999,18.28701812,15.05237713,14.80717548,16.68567597
41441,20.34351147,15.22935991,12.34554806,15.78169404,9.809149203,9.959918026,16.53081929
41695,16.81981653,19.97949899,15.53480684,15.66851202,9.758537766,7.943251757,14.29557609
32231,12.72055412,9.051315613,8.972610353,23.02914307,11.52335179,11.80552916,22.89749589
32708,12.72055412,9.051315613,8.972610353,23.02914307,11.52335179,11.80552916,22.89749589
40608,12.99218886,10.26067566,8.97048553,13.65933955,20.5461432,14.74933754,18.82182967
9290,11.32114855,13.39971942,8.968792184,12.47381837,15.61867283,14.57651935,23.6413293
15117,16.34306136,15.06478165,16.69807617,20.07218236,12.90535671,10.87927788,8.037263874
11152,12.67478647,12.37299809,8.962852573,22.48597992,13.95444015,14.13601167,15.41293113
26210,10.62912546,14.74244303,8.957928449,10.54159262,21.07806032,17.13772685,16.91312327
26646,10.62912546,14.74244303,8.957928449,10.54159262,21.07806032,17.13772685,16.91312327
17942,12.20765044,10.16569126,25.12240337,17.93208936,10.44582707,12.31477317,11.81156534
8143,7.401705223,6.84404775,8.957540619,26.77577116,18.94669617,18.38469033,12.68954875
39248,4.281867467,8.832255373,8.955673733,24.57011091,23.19020873,12.62695907,17.54292472
10420,14.58403403,10.50045819,8.95310388,16.44987822,17.29490301,16.06886439,16.14875828
14385,10.57032709,16.31497442,8.951939987,8.990147205,14.79557388,24.87737982,15.4996576
29230,12.89920087,10.79335832,8.949797928,12.99352131,20.90191954,13.21683026,20.24537178
957,18.35493575,10.47531545,8.938922124,18.0142348,10.13279435,8.278879715,25.80491781
6166,10.62049891,11.9208927,8.930514229,24.71829555,11.06130368,13.06950285,19.67899209
6620,10.62049891,11.9208927,8.930514229,24.71829555,11.06130368,13.06950285,19.67899209
25707,5.918823518,13.01902022,8.917073511,25.16140407,24.59165959,2.508645442,19.88337365
6601,14.88160201,15.43854033,8.909325459,12.81798594,16.25474758,17.16975757,14.52804112
20666,17.11270189,9.400406349,8.884182456,25.91576085,18.74449558,4.294769549,15.64768332
24249,15.55090906,11.03279733,8.861032322,16.48136964,8.659643101,12.42236422,26.99188433
34185,14.29501225,10.44127473,18.5462152,16.1132069,14.23815946,13.32782162,13.03830983
34279,19.61223942,15.48793751,21.24637893,20.82860289,7.129680828,6.934238124,8.760922289
20105,12.77240711,8.371330267,8.838018904,26.8808947,11.00091838,10.98961779,21.14681285
2535,4.98111654,8.748623296,8.8289968,12.67307909,16.07477584,17.77599751,30.91741093
34955,13.99269219,12.48030609,10.26472938,12.9460442,12.76468824,18.6518649,18.899675
35148,14.11528835,10.88739768,12.46937538,15.96960388,13.87242215,19.16180561,13.52410696
35258,13.26260043,13.4470489,19.15199738,8.527920396,15.34995092,17.11882933,13.14165264
4307,12.17840913,14.03360579,8.825220996,18.59653285,16.5312956,14.29395973,15.5409759
25869,16.07999555,10.67982824,8.805754283,13.42251557,12.66095369,16.09581559,22.25513707
37553,13.00303971,15.36791786,16.00886521,8.752397651,23.64326559,17.99697367,5.227540315
37852,17.08194103,11.72706727,19.10764641,12.52352797,8.541777605,14.61951073,16.39852897
37995,8.880567469,11.25215374,22.50346862,8.590286041,11.08194484,15.06250894,22.62907035
39077,21.92877459,15.00299024,13.88191216,12.43580226,7.199752565,11.37729882,18.17346936
16026,14.08005374,14.98682676,8.805335968,15.56638836,15.31543104,12.07551024,19.17045388
8606,16.54585996,8.988463841,8.797068187,17.94334387,14.36440349,15.46612375,17.89473689
40319,13.45779907,10.62256923,8.793686771,14.12985783,16.79576393,18.57882213,17.62150104
27976,13.7467661,15.51450945,8.786974639,10.18575851,20.05616068,15.9321946,15.77763602
41415,15.70253857,12.24586595,12.06297711,11.35657763,16.62245828,12.43467243,19.57491003
41629,11.45589686,10.99995047,27.27295609,19.94553273,7.932614445,9.383642974,13.00940643
28391,13.7467661,15.51450945,8.786974639,10.18575851,20.05616068,15.9321946,15.77763602
35687,8.088212875,7.877863979,8.777704674,22.31864242,21.44560255,9.972005106,21.51996839
3117,11.51823936,12.37404881,8.77693785,16.29029572,13.46956204,16.11194372,21.4589725
7996,17.0323356,12.3090944,8.766766269,18.50573885,11.26962554,13.96899469,18.14744466
33642,11.54309469,10.57316432,8.765268512,13.35088203,13.69169147,16.02845018,26.04744879
20186,16.07976312,9.376945962,8.759450038,20.05507403,20.06513966,12.09483276,13.56879443
20639,16.07976312,9.376945962,8.759450038,20.05507403,20.06513966,12.09483276,13.56879443
5785,4.788240942,7.146862088,8.747407505,11.33037283,28.51873073,17.34076961,22.1276163
17839,15.67251934,10.73269863,15.68982507,19.20162071,14.8332394,12.63821004,11.23188682
31237,18.05406093,14.81320825,8.746658736,14.4878369,16.55677408,12.56073643,14.78072467
31699,18.05406093,14.81320825,8.746658736,14.4878369,16.55677408,12.56073643,14.78072467
32560,13.74303045,9.746011823,8.741205452,24.42107276,12.33603489,13.30788499,17.70475964
32052,13.74303045,9.746011823,8.741205452,24.42107276,12.33603489,13.30788499,17.70475964
20685,16.86463168,8.785898913,8.738329239,21.47554918,13.74614784,13.14314567,17.24629749
977,18.02886549,13.95009245,8.722610165,14.07156083,10.42206079,15.38228603,19.42252424
26149,14.9447686,12.5975745,8.722269476,18.37987735,15.69052257,12.00898614,17.65600137
26589,14.9447686,12.5975745,8.722269476,18.37987735,15.69052257,12.00898614,17.65600137
33869,11.18731729,9.180630506,11.79829734,20.74856693,17.3032844,15.76965089,14.01225264
34145,10.64358854,5.806317757,8.521498193,22.61936074,22.90025961,11.95358883,17.55538633
34149,11.01867705,8.05039022,9.079313316,20.11476631,20.79877936,14.55998763,16.37808612
8030,10.13505983,7.180794341,8.710220405,28.32293825,9.913332007,10.45687635,25.28077882
18600,16.95164113,13.18315771,8.674298579,14.29515144,18.71208079,11.09951464,17.08415571
40406,12.52664934,15.07902565,8.650427059,15.45219102,20.17250531,9.530174235,18.58902738
21786,17.56667898,2.907501138,8.59942445,32.98695241,15.37149321,15.70157109,6.866378733
36052,21.60363314,16.8117247,15.41026495,13.34651951,7.565617988,7.913849406,17.34839031
10196,15.82973599,10.44061227,8.574095219,13.88736119,16.41722357,18.51834346,16.3326283
3704,14.11327087,10.49010894,8.56800741,16.73813383,16.32367477,16.0392852,17.72751897
39594,16.49156313,7.71060056,8.558182211,20.04784443,15.93596563,13.78866844,17.46717559
18,15.29822313,9.551338323,8.550390165,18.22131246,13.93379354,18.99989201,15.44505037
5329,10.24536813,6.892766012,8.54847326,23.14203467,15.60941549,16.17620847,19.38573396
33245,12.30843814,7.465244637,8.526106993,19.37506802,18.97950411,16.57514136,16.77049675
31204,11.09063688,11.96181137,8.520397241,19.71306969,18.26307337,10.77128857,19.67972287
15286,14.43346866,9.020487906,18.88235039,18.69907039,10.52554816,10.43143257,18.00764192
31680,11.09063688,11.96181137,8.520397241,19.71306969,18.26307337,10.77128857,19.67972287
25228,12.51612561,14.8140732,8.513350201,16.69357719,15.16810796,16.43033934,15.8644265
9654,17.75126401,10.46287193,8.51010856,17.81302,12.23335329,13.4759297,19.7534525
30757,10.43804696,13.37874799,8.499573326,18.10901807,17.15381183,11.71604954,20.70475228
8509,9.621799468,8.135421244,8.488254871,22.0463904,13.98725997,22.14309548,15.57777857
20214,15.62556348,9.880710768,8.477599424,16.47965121,10.9189974,12.70800901,25.90946871
38554,14.9405655,12.93776006,8.474274365,15.08111258,17.60584575,13.5749077,17.38553403
29828,15.08734768,7.7760256,8.457027693,24.75272453,12.2445722,17.5717356,14.11056669
2711,17.41776307,13.89833106,8.4497722,12.24953657,13.38920487,16.26457471,18.33081753
36899,13.95336478,13.0540795,8.449749421,16.63525597,18.60507817,13.31709268,15.98537948
36356,9.683891857,10.28064349,8.437097447,28.11032294,24.61453333,7.843971791,11.02953915
25694,6.237791719,11.58328407,8.413914762,24.78396626,23.54399562,8.090404264,17.34664331
30298,17.43197516,14.64051764,8.392869303,16.15864661,19.60880766,12.35825893,11.40892469
29189,12.59960506,15.62645698,8.375676256,16.80593408,23.98409761,14.9749433,7.63328672
6381,13.79244954,9.797411639,8.369652597,11.06526611,12.31936726,11.93911315,32.7167397
1126,19.97404613,9.267803322,8.367778023,20.6388577,11.23611125,13.37875241,17.13665116
1531,19.97404613,9.267803322,8.367778023,20.6388577,11.23611125,13.37875241,17.13665116
35146,20.04245638,15.77933982,17.2752988,13.95612572,8.269902501,11.90246006,12.77441672
3921,9.520230991,9.259119049,8.367320543,23.06449378,11.83728831,16.2422832,21.70926412
3455,9.022135084,9.950711367,8.337102678,20.57900396,16.60036011,14.03859845,21.47208835
37455,16.82216855,15.61852172,13.02406169,11.31196723,13.87512169,12.69030401,16.65785511
37965,20.56370462,18.98747631,14.91574679,15.53970293,6.477451869,7.255157241,16.26076024
38037,11.39927257,11.40267712,20.83480976,6.803080448,18.65378711,16.54333328,14.36303971
36570,6.570867072,8.305600419,8.33295342,25.27747386,22.48092995,11.6455158,17.38665948
25860,13.54662488,11.3404441,8.327758944,14.83912534,16.23564553,16.48576988,19.22463131
25920,15.90589961,11.04567002,8.32697222,17.22922683,13.61271064,15.42974806,18.44977262
6760,8.012250463,5.660155365,8.32558633,14.2371745,24.24179164,16.36126122,23.16178048
41570,14.0970204,17.68152098,25.88616438,19.68072177,9.057442041,7.597933686,5.999196747
40585,11.55871942,12.26852611,8.322808939,16.53913604,23.65522073,12.52657006,15.1290187
11816,19.70896246,9.310453739,8.308996823,27.26949711,9.988509732,6.339903556,19.07367658
12187,19.70896246,9.310453739,8.308996823,27.26949711,9.988509732,6.339903556,19.07367658
21534,11.72316307,13.64276989,8.308427454,20.89238374,16.5568009,10.75977501,18.11667993
39504,13.71657004,9.517620655,8.284591188,22.8989523,12.32918132,17.95520826,15.29787623
8999,15.58474407,12.46675377,8.283997274,16.20217819,12.49298963,16.66633625,18.3030008
15457,17.20566086,14.56404032,15.23056856,15.98804175,11.66940999,11.68237026,13.65990826
9417,15.58474407,12.46675377,8.283997274,16.20217819,12.49298963,16.66633625,18.3030008
13110,12.79352706,10.99281515,8.270889999,18.34545078,17.37494484,14.7061584,17.51621377
39252,6.727666725,9.774764387,8.27011852,26.52886097,23.55097817,9.724176794,15.42343444
31494,8.705304,10.77786,8.25330194,17.71601688,16.59193635,22.83932824,15.11625259
31959,8.705304,10.77786,8.25330194,17.71601688,16.59193635,22.83932824,15.11625259
13072,11.44244734,7.935475841,8.241873252,20.48172303,19.93875953,11.15398282,20.80573819
17750,16.51010164,10.65400419,17.19072888,15.53810407,11.87486386,16.33826906,11.8939283
17777,15.90525058,11.92139586,10.6734956,17.83663091,15.57746951,10.70702996,17.37872759
9172,8.379467163,7.75540615,8.23435764,25.95451226,12.3670992,15.9171094,21.39204818
29217,7.239878232,13.20756871,8.23304833,22.02311375,16.95944624,15.1150767,17.22186804
8674,16.67300203,8.323902323,8.232310184,25.04820956,10.77231909,12.33566376,18.61459305
11741,10.4171553,10.17542175,8.226979832,21.01655223,19.18244786,14.47943587,16.50200715
21858,13.31876145,12.69002727,10.9182801,15.97691332,15.7669937,17.12290954,14.20611461
32648,15.73356927,10.71346107,8.22158856,16.35021093,17.59501745,12.76213998,18.62401275
32179,15.73356927,10.71346107,8.22158856,16.35021093,17.59501745,12.76213998,18.62401275
2708,5.973345894,9.378100549,8.210454039,28.21733469,11.62216483,16.92252272,19.67607728
14357,7.93839636,10.51175319,8.179719184,11.85828102,24.96008905,17.47608695,19.07567425
39271,17.09227112,9.368936327,8.178497261,14.70619338,19.69955444,14.23698086,16.71756661
7706,14.24770665,11.83218953,8.175573587,11.73904735,12.2515343,19.4430297,22.31091888
5902,8.452975576,8.191583648,8.174494723,28.7691521,22.91524715,15.50720991,7.98933689
25952,10.09726891,12.73246713,8.161420673,11.55258162,15.78864935,22.85517567,18.81243664
21190,17.62439873,9.515242794,8.158617353,17.23733278,12.89352186,17.34663769,17.2242488
21587,17.62439873,9.515242794,8.158617353,17.23733278,12.89352186,17.34663769,17.2242488
27618,11.62587984,11.31288867,8.148339655,20.42771746,20.0841198,7.423663535,20.97739104
36158,9.23124463,6.117474425,24.35204599,16.33772662,18.40136284,11.10370708,14.45643841
36173,7.418754857,12.3247539,10.24640501,40.65464985,19.69468565,1.238489137,8.422261593
17169,12.7361963,8.910845198,8.143026026,19.80370271,19.69498361,12.66454212,18.04670404
40886,13.00092976,11.5660643,8.134207238,25.08238466,12.19497674,11.30532529,18.71611201
14682,10.18719055,14.32177988,8.106625857,5.590601394,21.03760284,17.89609173,22.86010776
37340,21.30446357,15.61557328,17.10377177,13.52528402,9.121566532,9.933895286,13.39544555
37518,23.5495085,13.46189422,20.64041037,16.25123472,7.104130648,6.351311981,12.64150956
38192,19.17441367,15.3257898,12.08511667,15.23767816,11.18207371,14.44665619,12.5482718
15011,10.18719055,14.32177988,8.106625857,5.590601394,21.03760284,17.89609173,22.86010776
35395,11.59586869,10.33572902,8.098851431,22.68189793,18.26887065,11.85842293,17.16035934
38915,19.14739989,15.76716614,14.29234726,13.91525017,9.909380616,10.87460709,16.09384884
39753,16.94328055,14.92921026,10.81385389,15.08402597,17.74968213,6.088432775,18.39151442
40074,11.45568774,8.153389416,6.593064439,18.21194565,16.74710946,16.28776129,22.55104201
10670,13.25775951,12.28408867,8.079326576,17.24558911,21.06072847,11.23149276,16.8410149
20800,15.34278153,8.943098479,8.060796051,29.48438132,23.36662967,1.015158694,13.78715426
8398,6.690353557,9.672469225,8.05327976,24.86478512,22.12046673,14.18282729,14.41581832
24136,12.46099729,11.36706856,8.051349953,19.15756282,19.59590647,13.21140993,16.15570498
8196,18.00083553,9.097321144,8.047013497,17.57878921,10.71724255,14.39217148,22.16662659
27590,8.561867026,9.894029561,8.040088812,24.3394319,21.62051556,2.754927674,24.78913947
38326,12.02873721,5.744736113,8.026509952,21.07378752,12.57876967,20.81281898,19.73464056
27465,16.67750881,13.11887685,8.019249218,13.59403693,19.65262068,15.37836378,13.55934373
18178,13.15939936,16.19093074,14.646599,20.50261167,12.14088451,14.3498276,9.00974712
19196,20.05515603,7.999870986,8.015748323,21.09155393,11.11403347,11.33061635,20.39302091
2872,14.91455973,9.487551013,8.011352594,21.78387923,11.54328787,14.30030136,19.9590682
38646,14.21868043,10.32308817,7.99317958,17.58713135,15.66849234,15.46019979,18.74922834
11693,14.76342634,10.80800839,7.988776787,16.68504697,13.08632804,17.02417499,19.64423848
21302,6.570142917,8.781756388,7.985366222,31.1209591,17.83037216,10.32433816,17.38706505
21714,6.570142917,8.781756388,7.985366222,31.1209591,17.83037216,10.32433816,17.38706505
30097,12.90250052,15.17324457,7.975433015,15.4843574,18.28281773,15.5291165,14.65253025
24699,9.588635047,8.488016112,7.969843101,14.0276123,14.2688906,18.19901843,27.45798442
33097,15.41606735,12.24051468,7.960001704,15.03197926,19.61667818,12.61412018,17.12063865
3288,16.49621934,9.539908529,7.955997251,16.71834624,16.64034332,13.52955542,19.1196299
27580,7.216148829,6.120199281,7.908879401,28.6580871,25.37284739,14.61759127,10.10624674
421,13.31349977,10.35570694,7.90664672,19.47921553,15.39712464,16.02485872,17.52294768
6770,14.71365074,14.17240235,7.904255724,15.62951707,13.07316993,16.30688127,18.20012292
27632,12.13403738,8.676322261,7.896265415,19.34651656,20.20340877,15.15435999,16.58908962
21107,7.156446679,5.153516021,7.888779019,25.41585544,14.53411827,16.66827597,23.1830086
36229,15.59571666,15.35870157,13.17692523,10.11282636,14.04091013,17.77092713,13.94399291
36261,16.28572444,13.65045595,13.23533987,15.34257604,12.1125761,14.27532068,15.09800692
28407,13.54789204,8.984360973,7.871583766,13.69333698,17.37135238,18.90804071,19.62343316
28015,13.54789204,8.984360973,7.871583766,13.69333698,17.37135238,18.90804071,19.62343316
5450,8.307173442,8.783349579,7.864153014,26.95913584,22.51823131,13.25377764,12.31417917
37346,16.9960832,23.58151203,20.23235954,8.11269326,7.533256638,7.093698508,16.45039682
38095,17.3804919,13.87820028,18.69080029,14.15788725,8.809615456,8.527345352,18.55565947
38176,14.4071198,13.75181863,12.06465707,12.37837271,12.79225932,18.59609981,16.00967266
29471,14.19211449,9.904196989,7.848083093,16.0906001,18.90758367,13.89670249,19.16071917
10290,13.7877709,14.14521608,7.845901763,18.30456777,14.96841261,13.96126361,16.98686727
7642,12.73380947,9.285580729,7.833880269,14.40467705,15.25139952,14.65219632,25.83845665
40480,12.76682938,8.908177829,7.821315591,13.37484059,12.7989236,18.04747407,26.28243894
39011,13.84751486,16.94156015,15.83782421,9.896180437,15.76238608,20.12458864,7.589945614
39167,18.53049267,16.19234738,13.40001579,12.3811286,14.64016353,12.62237947,12.23347256
39757,12.45382284,10.887773,9.070461358,17.2588578,16.89550425,14.69468492,18.73889583
40020,15.48047877,14.27307212,14.64690481,12.08307307,13.45500645,14.59424642,15.46721835
12392,11.11940579,13.8714288,7.808832619,30.99419766,23.86463956,0.80641461,11.53508097
29704,15.30040218,5.388379971,7.800698289,19.80076546,11.28925914,17.36566032,23.05483464
2652,9.33888414,8.740359366,7.775370025,23.1638295,19.0458189,8.920374851,23.01536322
41458,21.85607686,14.30929294,14.63810659,15.16761273,7.110024083,11.61951531,15.29937149
38259,10.3079753,11.86762137,7.767345405,21.73672779,22.00900611,8.498073096,17.81325093
10641,9.649828541,9.240994194,7.762635997,24.78967191,24.81971666,6.151243728,17.58590897
6289,14.46777645,12.69428046,7.758390526,11.42920938,14.88215831,22.60519796,16.16298692
4121,9.466059768,10.88624301,7.715259733,14.17409399,20.40324939,23.99836526,13.35672884
5487,16.27709425,7.953004414,7.71431686,19.03946837,16.77063799,10.55796539,21.68751273
3956,11.86746779,7.955153571,7.706003365,21.59100433,14.4981093,18.37277997,18.00948168
15269,15.14448235,14.14522289,14.2141357,16.00205344,14.58975105,12.6449498,13.25940477
31161,17.59080274,14.32225491,7.705293282,16.96419665,10.52974169,11.06011111,21.82759961
31638,17.59080274,14.32225491,7.705293282,16.96419665,10.52974169,11.06011111,21.82759961
1372,10.09089885,8.346217677,7.687874843,26.11594427,17.04004961,10.78432197,19.93469278
17968,17.8826594,21.90148102,23.82028382,16.28911369,15.1969779,2.230327638,2.679156532
13219,15.64948737,9.016772631,7.684515319,22.7185391,12.16854203,16.68704099,16.07510256
439,10.19461612,13.14253791,7.683599091,23.19626888,22.86184562,5.089067681,17.8320647
21979,18.0853637,19.64423109,15.4595563,18.91408211,9.550770698,7.756162321,10.58983378
21986,17.18560297,10.86982765,17.71217764,16.40496096,8.279032506,10.97236811,18.57603015
27881,4.311413831,8.489197926,7.674553733,30.05492613,19.75358813,13.31027906,16.40604119
28307,4.311413831,8.489197926,7.674553733,30.05492613,19.75358813,13.31027906,16.40604119
29561,16.24977827,10.42688386,7.672909074,17.97617242,20.67413902,9.899438832,17.10067853
24801,12.72771801,6.569017032,7.66910884,18.41801044,15.51781878,19.01843638,20.07989052
16066,13.83185431,10.41869397,7.668018202,12.7658399,19.26503538,16.84270154,19.20785669
16730,15.46652306,13.9011895,7.648559779,11.56665847,16.86622322,15.36007517,19.19077079
2226,7.638895091,13.11525662,7.625422728,5.562139631,16.72195587,23.47466053,25.86166953
30799,11.89575652,13.44827986,7.613644645,9.330967152,16.16260527,20.59308189,20.95566466
861,15.11225667,13.71486861,7.583003472,15.95939083,12.21696085,17.71042055,17.70309901
27900,13.17221861,12.88512195,7.560458596,15.66980954,17.31860684,13.5023226,19.89146186
35280,21.37434471,23.34741291,19.31673257,13.11402804,8.2569141,9.121600602,5.468967065
28318,13.17221861,12.88512195,7.560458596,15.66980954,17.31860684,13.5023226,19.89146186
36093,22.59351445,19.44182485,20.65560483,17.30413125,5.958451709,4.893166759,9.153306164
20968,17.25441405,11.04024934,7.558589448,15.63885221,13.01843974,14.09503157,21.39442365
37746,16.77368017,11.14138934,12.13660803,19.94402184,7.875083597,7.546966442,24.58225058
37792,15.15437875,12.58290552,14.202828,11.07945948,14.05983878,18.00238375,14.91820572
38097,17.13390059,14.68225122,11.6362037,9.759146799,15.57534933,15.07629956,16.1368488
21373,17.25441405,11.04024934,7.558589448,15.63885221,13.01843974,14.09503157,21.39442365
7941,7.666801397,9.421929856,7.544247566,22.49063388,22.53974862,11.49968865,18.83695003
39007,20.36686077,17.06175436,13.18933816,11.47504321,9.063733788,15.94078106,12.90248865
4182,12.23654905,9.888532003,7.53286521,12.7505364,14.84643336,18.65553867,24.0895453
39913,15.43250664,12.67230118,15.47550826,12.70989893,9.512927012,14.7661825,19.43067548
39994,17.01349575,14.4651405,15.37400338,10.73465014,9.038029803,15.69687468,17.67780575
40781,10.5539497,8.448808244,7.526509265,21.56325855,20.58301535,11.03742621,20.28703268
4036,13.88343061,7.803174188,7.518019159,18.61280264,14.11490483,21.25092669,16.81674188
41406,18.30178305,17.02037364,16.86139978,20.0517248,8.583692037,8.8924571,10.28856959
41453,17.02984195,18.09440137,21.72136844,10.64674127,8.134625903,8.38177217,15.9912489
41696,8.921652956,17.38140523,16.40656421,10.11354091,12.6137305,12.11653346,22.44657273
24523,12.9109717,10.8236117,7.51286219,21.56726616,16.90565136,14.38618491,15.89345196
5950,16.81328958,7.25536045,7.511068878,21.55907811,14.721847,20.33730839,11.8020476
32646,3.56016294,9.954554994,7.503444022,54.07352154,13.14632745,3.867160181,7.89482887
6705,12.24303885,5.504176446,7.503438529,21.67913028,16.2376092,17.90252239,18.9300843
6797,13.67255812,13.76821797,7.484861765,8.425916873,18.32219378,17.07646175,21.24978973
15134,16.91035666,13.23395528,12.34683548,17.94808703,10.87792683,13.46434362,15.2184951
15297,17.46395279,12.85278996,18.48126355,20.43820639,5.696104753,7.927439199,17.14024336
32218,13.07583264,7.579353805,7.474574682,30.92414981,9.947721915,12.61611694,18.3822502
32729,13.07583264,7.579353805,7.474574682,30.92414981,9.947721915,12.61611694,18.3822502
16480,9.663146872,9.035256694,7.452176363,19.15879601,17.29275688,15.62996838,21.7678988
6274,13.16405837,6.542154952,7.447146853,21.53090092,17.31375447,15.35369554,18.6482889
19698,13.32757676,7.673316828,7.443970261,8.901265518,25.95304412,14.46607195,22.23475456
22296,13.46413245,9.627370174,7.427812494,18.77907025,13.93307834,18.12010141,18.64843488
21873,12.78791056,10.36003862,7.096080697,20.25225083,14.51060481,15.5313601,19.46175437
554,14.72695063,9.560192049,7.427308574,15.60599017,21.52938203,11.62710176,19.52307478
40621,4.202153289,2.746480933,7.423686266,13.22728154,35.2616583,18.48534342,18.65339625
21000,16.6984102,10.34113815,7.401158696,20.13608548,15.97806829,20.53661004,8.908529147
32732,7.686667223,9.349743696,7.396627583,23.92310956,18.22381484,12.8083811,20.61165601
32237,7.686667223,9.349743696,7.396627583,23.92310956,18.22381484,12.8083811,20.61165601
7631,14.33884353,11.23504388,7.392904552,15.78288793,17.99160175,16.39316564,16.86555272
4933,5.371305413,9.054272745,7.383374149,26.90825184,24.19655557,9.785197706,17.30104258
35309,13.00266751,10.92156069,7.382748853,20.418543,15.62945682,13.56980061,19.07522252
40892,15.79867322,9.912232318,7.361310079,18.71755929,11.74702952,15.34394447,21.1192511
8010,14.11908712,12.80867626,7.343786106,12.80393258,19.50794093,16.64153682,16.77504018
38396,14.05840519,10.3725137,7.340738003,17.59433162,13.86355286,23.30890888,13.46154975
1499,10.29168863,9.109109719,7.330108239,17.722628,21.76574263,23.82708765,9.953635124
34126,13.4335245,6.215457501,11.93824773,19.33207457,15.46834181,9.512545752,24.09980813
29164,14.22421596,9.751015479,7.327488531,13.74842965,24.93509036,9.389302247,20.62445777
20961,13.07097848,11.55050607,7.3236164,22.67795206,14.8712409,12.73511113,17.77059495
3083,12.21963318,12.08232584,7.317076435,18.3162812,13.91404377,17.88133366,18.26930591
37427,16.70250222,14.39618275,16.70125733,10.47558766,9.35494251,12.48332424,19.88620329
37484,18.34371682,11.65317384,18.6584374,10.02574855,11.61772593,18.76490568,10.93629177
22599,13.08800512,7.446997445,7.313406341,21.33392093,20.31343293,15.63942596,14.86481127
38815,15.61831974,20.64306048,13.58648397,11.65614813,12.82998879,12.28973472,13.37626418
1398,13.66655966,14.97761618,7.307913424,17.18907672,12.2202256,12.28385191,22.3547565
27930,14.5197633,11.22557621,7.275312957,9.843492317,19.15040997,18.17872513,19.80672012
28348,14.5197633,11.22557621,7.275312957,9.843492317,19.15040997,18.17872513,19.80672012
7988,11.98523216,5.942575356,7.271188981,21.53442673,13.1433483,20.21027137,19.9129571
41473,16.80819741,9.212497437,14.58407562,13.92029915,12.93730308,16.09331378,16.44431352
41541,18.09179119,14.13525766,21.29840821,14.75105512,13.12038553,6.556513942,12.04658836
41608,16.95431458,12.43037308,10.45210465,31.03563125,17.13795649,4.029680577,7.959939367
8586,6.59755597,7.197750778,7.249488789,28.39142414,20.32529687,17.5529527,12.68553075
16158,12.12771204,9.52373703,7.235302268,22.30124874,18.52609087,12.88530371,17.40060534
6152,9.366038535,10.7830515,7.232402081,17.90174547,25.70388038,13.35343178,15.65945024
3929,11.32936849,9.723610498,7.22031794,18.65067678,22.51314446,10.3544807,20.20840113
11585,12.14634968,7.838792337,7.220190661,20.63838632,20.67807004,9.073816611,22.40439434
5386,14.09072574,12.0290228,7.219142667,15.52804554,20.14656458,13.84626613,17.14023254
2467,10.37618184,12.07012301,7.217855409,9.360479924,15.13697332,19.57957492,26.25881158
38379,9.150864404,9.541603078,7.215944275,25.15926555,27.06873286,4.785368877,17.07822095
34438,14.35866516,11.04297436,7.21018716,17.0712125,14.0211785,17.07039035,19.22539198
32173,3.723029791,9.71584702,7.205358219,53.71853266,13.34402301,4.450594462,7.842614841
34978,15.8352824,13.83415049,12.14997262,10.82746807,10.5166039,16.24027474,20.59624778
35845,18.65520623,15.65943613,10.58840231,12.05404721,9.949618854,15.22388771,17.86940155
35462,9.975618041,6.491627882,7.201905985,21.40714269,19.97987985,17.59277581,17.35104974
37778,16.63124395,16.32137397,10.66103155,12.61214445,9.81673931,14.3541493,19.60331748
6347,14.27654276,10.37377043,7.197024328,17.00560808,14.51978977,16.61117907,20.01608557
13903,6.467672737,11.36281028,7.195661876,18.24450663,17.65759581,15.64031855,23.43143412
39988,7.821543551,4.698895244,5.778421178,31.10486219,21.54899479,12.94782843,16.09945461
40191,13.26646131,11.1531917,21.87905964,9.616099128,14.41482943,20.33787978,9.332479014
100,5.885257948,7.355674883,7.190116146,23.5881533,25.69557461,4.624758576,25.66046453
29664,9.257859752,9.065280754,7.189945366,22.84989631,17.30322105,17.66342301,16.67037376
24588,8.41296638,9.615791365,7.17850804,22.85637142,26.2134936,4.921350053,20.80151914
3757,19.22521998,9.703000945,7.172467958,18.33596257,10.34035024,17.51986575,17.70313256
12939,11.08910962,14.09579359,7.159957997,18.97537579,25.7231578,3.465866841,19.49073837
29702,12.91385325,13.74385157,7.150580834,14.45030608,15.6740091,16.43753825,19.62986091
27741,13.30971637,9.391489886,7.125586527,15.66891053,14.15272933,16.75268815,23.5988792
13323,17.59955396,9.999765596,7.119461167,19.71395338,8.824548961,12.32033405,24.42238288
136,10.2892697,12.10963185,7.081885082,9.966146459,16.69609238,18.90350147,24.95347306
30732,9.107123578,7.20007455,7.077649981,30.29493745,18.49333788,11.54915234,16.27772421
7514,0.001155674,0.011961343,23.71928641,5.888723391,61.85535985,4.483689222,4.039824112
7527,0.001155674,0.011961343,23.71928641,5.888723391,61.85535985,4.483689222,4.039824112
24708,12.1018591,10.54176744,7.07570097,16.09736879,14.64082939,18.95834711,20.58412719
2169,14.47812453,12.30248386,7.033583934,14.12814464,14.52658346,19.96716443,17.56391514
29324,8.204392786,9.577554947,7.026270745,11.59087403,30.09893116,21.69828923,11.8036871
27942,14.02131724,9.841331854,7.024599622,10.3419968,16.11685073,21.00833565,21.64556811
28347,14.02131724,9.841331854,7.024599622,10.3419968,16.11685073,21.00833565,21.64556811
33688,6.81552006,6.419811544,7.005295548,20.11417457,26.58154241,13.44279904,19.62085683
8735,10.95717047,14.92959537,6.986927724,24.10070555,13.05133444,12.73715985,17.2371066
30094,18.23633473,4.823909032,6.983504638,26.00409575,10.31183664,12.67025184,20.97006737
9482,11.19490438,12.51941825,6.975700999,11.97161116,20.60784626,20.44275113,16.28776783
1549,13.5670687,10.32585055,6.972865896,18.15908084,23.04595978,10.76738942,17.16178482
33327,8.484282864,10.09638157,6.971476587,10.07631777,14.71663861,21.01671656,28.63818604
22942,15.80846749,7.757020196,6.965352059,17.6484116,18.09709204,13.26247,20.46118661
18540,11.27430246,4.774965377,6.864873826,13.4371659,24.45885365,16.44219682,22.74764197
41161,8.316536283,9.086598107,6.848106541,42.01201838,21.19896223,2.944378311,9.593400153
3129,13.77154735,13.43139004,6.815072545,10.58483224,16.97892174,18.07373652,20.34449956
28389,11.26907272,9.514588875,6.784579826,11.82672712,16.51043418,24.06269877,20.03189851
27969,11.26907272,9.514588875,6.784579826,11.82672712,16.51043418,24.06269877,20.03189851
22780,13.98106007,9.705075147,6.774205931,16.35760552,24.47654624,10.87877821,17.82672888
1386,17.07445645,8.686991789,6.76408267,13.34366499,12.62567849,15.6418597,25.86326591
22806,13.22771146,14.01597033,6.762069938,9.977829698,12.75320735,21.371216,21.89199522
21495,7.120457617,5.200552301,6.761465028,27.49403297,20.23340182,10.55173475,22.63835551
39409,4.72301219,7.837992485,6.760346226,23.12162027,23.86830717,12.3375024,21.35121926
40918,18.63286057,9.901767362,6.750599675,20.56020337,20.13112492,7.245291153,16.77815295
35298,9.766654138,9.801477697,6.747353525,22.17013081,22.68856806,8.135191884,20.69062389
7551,13.1751241,6.655485744,6.738301226,19.67342973,21.3033107,13.04281503,19.41153347
9489,13.77153395,11.22879113,6.72489452,14.56684263,20.7306406,13.68677604,19.29052114
29219,12.7857392,11.27376941,6.70712177,14.91878175,22.75573426,17.06832749,14.49052612
26167,7.206699363,9.011988978,6.694309405,25.29824792,21.73821449,7.164113047,22.8864268
26596,7.206699363,9.011988978,6.694309405,25.29824792,21.73821449,7.164113047,22.8864268
2733,8.640669229,8.199394503,6.691569864,22.52565995,18.7293338,12.88715946,22.32621319
24682,12.63410172,9.782697903,6.669627142,24.27629742,14.59681455,16.46666147,15.57379979
18003,0.001155674,0.011961343,23.71928641,5.888723391,61.85535985,4.483689222,4.039824112
18015,0.001155674,0.011961343,23.71928641,5.888723391,61.85535985,4.483689222,4.039824112
18018,0.001155674,0.011961343,23.71928641,5.888723391,61.85535985,4.483689222,4.039824112
18021,0.001155674,0.011961343,23.71928641,5.888723391,61.85535985,4.483689222,4.039824112
18027,0.001155674,0.011961343,23.71928641,5.888723391,61.85535985,4.483689222,4.039824112
18077,0.001155674,0.011961343,23.71928641,5.888723391,61.85535985,4.483689222,4.039824112
18115,0.001155674,0.011961343,23.71928641,5.888723391,61.85535985,4.483689222,4.039824112
9298,11.74699174,8.816873278,6.662107514,22.77338417,18.87163332,8.354342482,22.7746675
19719,14.1538688,7.852223328,6.641282785,14.03071464,19.78928051,20.07137706,17.46125287
13639,13.4896795,6.478515517,6.616579803,28.38114747,11.46311491,12.80002848,20.77093433
8951,15.36703799,12.69309591,6.603761867,14.76427649,17.41006377,12.1263089,21.03545507
34710,7.648458756,12.67314736,6.600857588,8.229556012,20.95819253,19.56310724,24.32668051
13725,11.45568774,8.153389416,6.593064439,18.21194565,16.74710946,16.28776129,22.55104201
17457,0.24749838,23.91880931,6.591222328,7.42657187,37.15801188,17.96965943,6.68822681
26692,10.61180398,7.989004644,6.588025456,26.47775376,18.9319082,11.31470398,18.08679997
26248,10.61180398,7.989004644,6.588025456,26.47775376,18.9319082,11.31470398,18.08679997
3675,12.42388045,6.093710084,6.577191922,22.07498623,11.28104454,17.6389779,23.91020887
23232,8.235187107,7.135033902,6.574487818,11.50879443,16.76695854,11.80163767,37.97790053
10433,14.93836828,5.087674901,6.566247393,21.3866005,13.21894868,15.27003119,23.53212906
12020,19.16073525,13.14516988,6.544932892,19.81415957,14.64832676,11.42727274,15.25940291
25115,11.77480775,7.146882344,6.534830633,19.4613517,20.30164398,15.21359609,19.5668875
13887,9.499614258,7.676894151,6.534781085,15.93483778,23.08567605,14.06433998,23.2038567
23376,16.79139762,6.54464829,6.530334955,23.47441849,11.96852224,15.37443612,19.31624229
10617,7.089137769,8.241139623,6.513158462,22.01023245,19.37364428,18.60271932,18.16996809
9581,10.88251095,5.185507773,6.508575252,27.67359509,17.581469,13.4322634,18.73607853
3457,8.974757012,8.431116728,6.499741965,24.21272014,17.83177894,15.80557761,18.2443076
2347,12.1937946,8.843355504,6.476807363,10.77915241,14.15702938,20.11692815,27.43293259
29722,11.99855647,9.26246921,6.466699308,17.57966564,15.20696393,19.88120638,19.60443906
27935,12.30701322,5.657381774,6.418280627,15.54406921,18.05112094,19.4263914,22.59574284
28351,12.30701322,5.657381774,6.418280627,15.54406921,18.05112094,19.4263914,22.59574284
39610,15.72902262,8.320223576,6.414944376,33.25402098,15.26492793,5.544516499,15.47234402
5308,6.300892647,6.306238394,6.393119219,20.95230446,21.53346526,14.09868665,24.41529338
19575,0.001155674,0.011961343,23.71928641,5.888723391,61.85535985,4.483689222,4.039824112
19578,0.001155674,0.011961343,23.71928641,5.888723391,61.85535985,4.483689222,4.039824112
19619,0.001155674,0.011961343,23.71928641,5.888723391,61.85535985,4.483689222,4.039824112
19627,0.001155674,0.011961343,23.71928641,5.888723391,61.85535985,4.483689222,4.039824112
5770,6.300892647,6.306238394,6.393119219,20.95230446,21.53346526,14.09868665,24.41529338
5743,2.806886276,8.600740702,6.39228993,11.14134382,25.1373926,12.09600285,33.82534382
28158,15.21938085,11.63802076,6.385223558,12.11324943,14.44910603,17.74202233,22.45299705
28556,15.21938085,11.63802076,6.385223558,12.11324943,14.44910603,17.74202233,22.45299705
36426,15.78196819,12.06081467,6.384631946,16.804626,13.85597808,15.5308219,19.58115921
21620,13.67254283,9.458836215,6.374597986,18.24409878,28.86228553,10.2930273,13.09461136
3843,12.55341671,6.693331421,6.371563065,24.03073261,14.54131642,18.6717719,17.13786787
4262,12.55341671,6.693331421,6.371563065,24.03073261,14.54131642,18.6717719,17.13786787
39360,7.796214082,11.23863985,6.368035221,21.41799707,21.06966041,12.54732087,19.5621325
15619,14.10038087,8.612967792,6.315008113,19.68271355,19.6765024,15.20870788,16.4037194
14743,14.83596588,7.438312749,6.292248459,21.00572488,14.50525287,22.32733152,13.59516364
5,8.490477467,9.211982079,6.283504942,28.1256548,18.95227537,4.793260036,24.14284531
32514,11.6355431,11.38978934,6.277425779,11.25861458,22.02529479,16.98626654,20.42706587
32035,11.6355431,11.38978934,6.277425779,11.25861458,22.02529479,16.98626654,20.42706587
11108,6.681697208,8.199514546,6.273002879,19.86264574,25.07965731,13.10869515,20.79478717
21235,13.81218329,9.6063001,6.248588972,17.33189233,27.31611234,11.70185953,13.98306345
12399,12.14466962,13.41086344,6.239258673,35.5125512,15.0967671,5.525079171,12.0708108
38488,6.769662017,11.15624623,6.230645767,10.27517228,20.52863689,11.59816108,33.44147574
33190,10.07726142,6.670117237,6.229834041,13.19024943,14.59364228,20.58259478,28.65630081
21291,14.13984419,13.80788169,6.222283834,16.35899182,14.50258255,11.08489932,23.8835166
30909,15.30658242,3.454465366,6.218325302,16.58894383,19.26267354,20.65479254,18.514217
2860,11.70324923,11.91416083,6.204382342,18.43480804,21.0200311,10.77441093,19.94895753
11151,10.58552377,15.99575226,6.180127753,15.07703474,17.74263303,24.92758131,9.491347135
39338,14.16592185,11.7918028,6.13802156,14.34012902,13.02054348,17.02517524,23.51840606
40522,11.4350164,7.710822174,6.137391032,12.06528814,14.36636063,20.18373687,28.10138475
20420,8.770832075,7.291907882,6.07247227,27.30594779,15.28187712,15.03147448,20.24548838
8072,3.414556015,8.33249556,6.060428893,27.98578395,28.38220039,5.659622381,20.16491282
15576,11.05546691,7.853923628,6.029486481,16.64833494,22.78119526,12.57557141,23.05602137
29690,12.44263015,8.182368238,6.023544923,14.24604864,26.03364354,17.8291346,15.24262992
2485,11.01446187,7.79934179,5.997960562,15.82871427,21.56914842,18.92840836,18.86196474
10414,14.9128962,8.118158266,5.993421519,12.93494722,16.38731451,19.74976198,21.90350031
21306,17.73017451,6.93893467,5.989546071,20.34632539,16.34022096,19.9712301,12.68356829
15561,12.99724453,7.192292635,5.968246844,19.17208962,29.14955551,5.125447725,20.39512314
35582,13.29938378,9.871133904,5.960339105,14.18426036,16.74713035,19.69541398,20.24233851
26181,8.510247698,9.626030357,5.898654503,21.96455783,19.74141105,11.71909217,22.54000639
26629,8.510247698,9.626030357,5.898654503,21.96455783,19.74141105,11.71909217,22.54000639
25124,8.619071059,6.905573992,5.877874515,25.39988525,12.01459516,9.181969862,32.00103016
20546,10.12347972,7.175252169,5.870158224,9.116623891,19.95004182,23.39699238,24.36745179
20229,15.44525331,7.07698211,5.862877155,18.39910076,13.39647676,17.30634742,22.51296248
24271,8.37883417,7.279102818,5.834866407,27.96444218,13.96336829,15.11844392,21.46094221
2282,12.78114625,6.656079649,5.832338166,16.24865765,13.51824502,18.75918908,26.20434419
7800,16.80470225,5.214641052,5.826825863,22.86325057,20.85610119,14.94606652,13.48841255
30831,6.762776792,8.493629913,5.797705738,24.35796573,21.1107003,12.50602402,20.9711975
25358,0.001155674,0.011961343,23.71928641,5.888723391,61.85535985,4.483689222,4.039824112
25462,0.001155674,0.011961343,23.71928641,5.888723391,61.85535985,4.483689222,4.039824112
25521,0.001155674,0.011961343,23.71928641,5.888723391,61.85535985,4.483689222,4.039824112
25633,0.001279823,0.013246299,15.52477628,6.521323707,68.50021605,4.965352739,4.473805102
25677,0.001155674,0.011961343,23.71928641,5.888723391,61.85535985,4.483689222,4.039824112
6498,11.12481767,5.570216633,5.741591202,24.65445586,16.47866871,20.38367395,16.04657598
33329,2.217323924,9.422858612,5.729843929,10.64760201,30.12331898,28.8958521,12.96320045
10676,12.02846535,7.237795553,5.718798151,21.09786116,16.39170527,18.2565404,19.26883411
29593,12.11341144,8.852895699,5.69287259,14.63900082,25.84700986,12.92783511,19.92697448
31240,16.08122193,5.835587619,5.664627615,25.53263302,13.45748499,12.61568344,20.8127614
31717,16.08122193,5.835587619,5.664627615,25.53263302,13.45748499,12.61568344,20.8127614
18805,5.125037085,7.708876192,5.639013453,14.12733128,20.38277632,27.54995047,19.4670152
14367,13.52231145,5.857532994,5.638758477,17.80900448,15.75414252,21.44449442,19.97375567
29261,14.72057771,6.768943539,5.624193093,15.62141403,23.29996017,13.9690822,19.99582925
28073,11.14166026,6.161329956,5.554488124,13.66788562,22.48794385,29.22227968,11.76441251
28444,11.14166026,6.161329956,5.554488124,13.66788562,22.48794385,29.22227968,11.76441251
18372,12.77135654,8.113990368,5.541683416,25.93233245,20.24953529,9.228378017,18.16272392
21612,10.55170417,11.19463341,5.459559518,16.39429411,21.88210756,17.39951307,17.11818817
7995,4.884271749,6.472430666,5.45358108,31.82898465,19.36705708,14.26118741,17.73248737
21704,12.58828845,13.33648835,5.446622635,15.12100502,15.63190015,14.30351529,23.57218011
21119,14.0446799,7.452282453,5.441280992,19.63139347,22.82311855,10.51042416,20.09682047
3976,16.43901395,7.373619822,5.423135699,21.84248923,16.03300813,14.29596712,18.59276604
1063,6.540878173,7.06939897,5.420836042,29.56086445,22.96424374,4.091338786,24.35243983
21731,17.40151696,6.121215106,5.416956211,17.69640597,13.38998475,18.01526751,21.95865351
23387,9.609071016,0.658185572,5.356071478,11.07305404,23.89907883,23.96186021,25.44267885
8012,12.18145262,6.655097345,5.30937478,22.96878642,14.888321,18.02055067,19.97641716
32027,13.15281071,7.553474461,5.245997469,23.04607853,19.03183374,18.3956044,13.5742007
11829,13.64378763,7.072841272,5.24567609,15.00437923,19.00628234,17.83427208,22.19276136
12201,13.64378763,7.072841272,5.24567609,15.00437923,19.00628234,17.83427208,22.19276136
2523,12.11120427,5.108852907,5.233764456,21.70523211,18.80922978,15.17880301,21.85291347
11862,10.94879888,5.613033325,5.17904719,13.76336303,18.81508139,22.84584472,22.83483147
27265,0.001155674,0.011961343,23.71928641,5.888723391,61.85535985,4.483689222,4.039824112
27304,0.001155674,0.011961343,23.71928641,5.888723391,61.85535985,4.483689222,4.039824112
27307,0.001155674,0.011961343,23.71928641,5.888723391,61.85535985,4.483689222,4.039824112
27332,0.001155674,0.011961343,23.71928641,5.888723391,61.85535985,4.483689222,4.039824112
38311,6.118637866,5.767207022,5.114512725,25.62408042,23.57538659,7.468450384,26.33172499
27601,8.092509526,5.651342048,5.112503021,29.523846,22.78497819,8.655772179,20.17904903
22738,17.6661136,5.950210928,5.091770255,18.34898388,11.13249977,15.02090975,26.78951182
32920,10.35669974,6.622438186,5.090305884,17.24224608,16.60550361,24.96489194,19.11791457
33391,10.35669974,6.622438186,5.090305884,17.24224608,16.60550361,24.96489194,19.11791457
6577,10.07433257,5.614078732,5.046203519,21.62429435,24.21441868,11.8221451,21.60452704
6976,10.07433257,5.614078732,5.046203519,21.62429435,24.21441868,11.8221451,21.60452704
35530,5.655381036,5.101568668,5.04449853,25.35273268,22.21412599,14.8544329,21.77726021
39693,11.83063578,5.931235567,4.991758856,22.03863253,26.34125659,13.0882487,15.77823198
7965,12.37845413,7.103756623,4.95005394,11.28012654,18.71967651,23.86190765,21.70602461
21471,9.613713937,6.188604929,4.935549322,25.05432218,19.86785757,13.09738572,21.24256635
32518,6.98558561,5.981442666,4.905706265,23.78306092,14.85403218,19.19046949,24.29970287
246,2.847751713,5.367822555,4.899483621,26.27476794,25.12325883,15.98434312,19.50257222
654,2.847751713,5.367822555,4.899483621,26.27476794,25.12325883,15.98434312,19.50257222
39702,14.55176095,8.513596834,4.89362446,21.6073848,23.7007944,19.15690472,7.575933845
28480,16.38229343,5.798829767,4.886603217,21.42463192,24.43078774,9.060071402,18.01678253
28100,16.38229343,5.798829767,4.886603217,21.42463192,24.43078774,9.060071402,18.01678253
422,11.16356067,9.410146211,4.818960179,27.26237808,25.50575373,12.49058087,9.348620272
29072,0.001297192,0.013426066,14.3783518,6.609825457,69.42984158,5.0327382,4.534519705
29073,0.001155674,0.011961343,23.71928641,5.888723391,61.85535985,4.483689222,4.039824112
29078,0.001155674,0.011961343,23.71928641,5.888723391,61.85535985,4.483689222,4.039824112
29081,0.001155674,0.011961343,23.71928641,5.888723391,61.85535985,4.483689222,4.039824112
29082,0.001155674,0.011961343,23.71928641,5.888723391,61.85535985,4.483689222,4.039824112
29109,0.001155674,0.011961343,23.71928641,5.888723391,61.85535985,4.483689222,4.039824112
29117,0.001155674,0.011961343,23.71928641,5.888723391,61.85535985,4.483689222,4.039824112
29141,0.001155674,0.011961343,23.71928641,5.888723391,61.85535985,4.483689222,4.039824112
12076,8.297194301,7.163888579,4.76108058,21.66997854,24.30279611,11.01388209,22.79117979
22424,15.56871616,7.924150306,4.750130894,17.24682283,21.91260052,14.99290935,17.60466994
4970,9.42933849,3.713437138,4.708427661,22.61991001,17.2349391,20.18692338,22.10702422
12411,12.24435974,8.140792278,4.702168082,29.40738497,37.3153576,0.628359293,7.561578049
4962,6.796420936,9.797997475,4.695084821,19.17685215,21.34480839,10.05111766,28.13771857
35450,11.82948558,7.610414065,4.533467522,24.98000882,28.30020271,8.425684523,14.32073679
30895,10.84318058,8.772788618,4.524171539,16.52439437,24.53117772,16.67968624,18.12460093
3601,10.31659418,4.457477876,4.50488062,26.47079464,18.44999963,14.44986381,21.35038924
27488,7.732862101,5.262647867,4.49989182,23.60491075,29.82226916,3.182954567,25.89446374
12228,13.51180295,6.125601716,4.49172501,14.0873889,18.11104929,20.54554885,23.12688329
13327,16.50632243,6.676643551,4.382920102,19.10057189,13.76536309,19.97655503,19.59162391
21225,11.53962487,10.98005107,4.381178689,12.87413104,22.06780963,15.53188562,22.62531909
35342,14.41103703,5.917492619,4.310905244,31.81949723,7.8736174,8.767240283,26.90021019
31972,7.710745249,12.3596602,4.302618573,10.10365055,32.95375139,9.632692336,22.93688171
32464,7.710745249,12.3596602,4.302618573,10.10365055,32.95375139,9.632692336,22.93688171
25888,13.26904172,6.014806514,4.283464237,27.92660871,29.24960485,10.56482373,8.691650239
32071,13.03827266,5.82756033,4.149164841,22.97057661,21.50358271,12.14492724,20.36591561
32038,7.154535607,4.63077817,4.132555824,25.09654212,24.39569641,10.7943231,23.79556877
32517,7.154535607,4.63077817,4.132555824,25.09654212,24.39569641,10.7943231,23.79556877
28120,13.62039376,6.051902021,4.121597427,15.88618093,17.61272491,20.33589324,22.37130772
28520,13.62039376,6.051902021,4.121597427,15.88618093,17.61272491,20.33589324,22.37130772
32552,13.03809502,5.85846857,4.111110795,22.82366388,21.54752591,12.10171751,20.51941832
18582,13.16230853,9.049865904,4.064792282,21.31948587,18.81567313,13.92908179,19.6587925
3092,6.276860462,5.398381658,4.049335276,25.10390738,27.62014251,6.712886592,24.83848612
8468,12.85426721,6.567413087,4.020343349,24.44346645,15.76538555,17.68773206,18.66139229
26806,8.086329056,4.682003422,3.982084766,30.74032258,20.413657,18.58575015,13.50985303
6162,14.72721069,5.019158834,3.812701842,16.48007925,23.80122098,13.33012858,22.82949982
30109,10.62103977,6.020940496,3.774901346,18.12419064,20.11892329,15.79475219,25.54525226
18211,8.413743141,6.529341807,3.770547542,23.09234053,23.48668282,9.371177056,25.3361671
30013,5.258688584,5.72489452,3.693797636,12.59295078,32.01413055,17.53886797,23.17666996
30475,0.001155674,0.011961343,23.71928641,5.888723391,61.85535985,4.483689222,4.039824112
30607,0.001155674,0.011961343,23.71928641,5.888723391,61.85535985,4.483689222,4.039824112
30629,0.001155674,0.011961343,23.71928641,5.888723391,61.85535985,4.483689222,4.039824112
30637,0.001155674,0.011961343,23.71928641,5.888723391,61.85535985,4.483689222,4.039824112
15067,14.84739269,4.908467527,3.60137711,23.65514795,15.75440501,22.42837572,14.80483399
23228,11.97942835,5.240924564,3.521548596,20.89218677,19.14694854,14.67986597,24.53909721
24150,9.708027522,8.651540419,3.470462135,13.82470722,16.74872148,27.54353262,20.05300861
36188,0.001155674,0.011961343,23.71928641,5.888723391,61.85535985,4.483689222,4.039824112
36189,0.001155674,0.011961343,23.71928641,5.888723391,61.85535985,4.483689222,4.039824112
36206,0.001155674,0.011961343,23.71928641,5.888723391,61.85535985,4.483689222,4.039824112
6912,6.818306524,4.994884077,3.449214518,15.92368279,25.16163706,23.60691718,20.04535784
36336,5.315582662,5.84424722,3.430424331,23.4436085,17.10282289,18.59492942,26.26838498
19289,14.99936542,8.968338143,3.393009834,18.4115636,24.10986317,18.64745066,11.47040916
23208,10.93769431,6.884632734,3.369160873,20.02077009,19.22331708,18.50173374,21.06269117
8417,12.88031796,6.409555432,3.353284165,12.86199528,18.42347516,23.17724345,22.89412855
23502,13.14667163,5.637420633,3.308866639,18.91767848,22.39178106,19.2695805,17.32800106
22704,12.31649375,9.666799906,3.268313841,17.7819182,24.97992481,12.80649337,19.18005612
22678,12.78779791,5.165127674,3.226879954,22.8169743,21.09493026,11.41615703,23.49213287
23176,12.78779791,5.165127674,3.226879954,22.8169743,21.09493026,11.41615703,23.49213287
16566,8.835505686,5.068523099,3.045511246,22.31117463,23.07888796,17.62775309,20.03264429
29642,12.23127701,5.353560853,2.962113525,27.5283627,17.99629901,14.3133735,19.6150134
13077,9.797655611,8.787465748,2.788172943,26.71464906,25.26061229,9.118613464,17.53283089
23066,12.46438506,4.84649981,2.73088193,17.60145733,21.40788984,20.43678196,20.51210406
9007,10.33310851,4.979779556,2.717715932,26.75702769,17.4675751,19.35525029,18.38954292
9423,10.33310851,4.979779556,2.717715932,26.75702769,17.4675751,19.35525029,18.38954292
37467,0.001155674,0.011961343,23.71928641,5.888723391,61.85535985,4.483689222,4.039824112
37532,0.001155674,0.011961343,23.71928641,5.888723391,61.85535985,4.483689222,4.039824112
37574,0.001155674,0.011961343,23.71928641,5.888723391,61.85535985,4.483689222,4.039824112
37618,0.001155674,0.011961343,23.71928641,5.888723391,61.85535985,4.483689222,4.039824112
37632,0.001279823,0.013246299,15.52477628,6.521323707,68.50021605,4.965352739,4.473805102
37686,0.001155674,0.011961343,23.71928641,5.888723391,61.85535985,4.483689222,4.039824112
37710,0.001155674,0.011961343,23.71928641,5.888723391,61.85535985,4.483689222,4.039824112
37716,0.001155674,0.011961343,23.71928641,5.888723391,61.85535985,4.483689222,4.039824112
37718,0.001155674,0.011961343,23.71928641,5.888723391,61.85535985,4.483689222,4.039824112
37722,0.001297192,0.013426066,14.3783518,6.609825457,69.42984158,5.0327382,4.534519705
37730,0.001155674,0.011961343,23.71928641,5.888723391,61.85535985,4.483689222,4.039824112
37731,0.001155674,0.011961343,23.71928641,5.888723391,61.85535985,4.483689222,4.039824112
40135,0.001155674,0.011961343,23.71928641,5.888723391,61.85535985,4.483689222,4.039824112
40145,0.001279823,0.013246299,15.52477628,6.521323707,68.50021605,4.965352739,4.473805102
40161,0.001155674,0.011961343,23.71928641,5.888723391,61.85535985,4.483689222,4.039824112
40203,0.001294429,0.013397471,14.56071341,6.595747493,69.28196615,5.022019202,4.52486184
16139,6.171291748,4.292788166,2.716088968,22.71944411,20.31051912,18.36264242,25.42722547
19269,5.651372255,11.96897747,2.633333446,31.31794292,17.49771139,12.42039913,18.51026339
419,10.58303687,4.925512845,2.484878475,21.70589765,30.55780094,6.770332076,22.97254114
,,,,,,,
,,,,,,,
