UniqueID,Regista,Deep_Lying_Playmaker,Half_Back,Anchor,Segundo_Volante,Ball_Winning_Midfielder,Roaming_Playmaker
29206,13.47135683,14.77568715,17.37516208,14.41886815,16.63418144,10.56912774,12.75561661
17370,13.52886826,16.81936456,15.09966673,12.98415936,15.16024603,11.88115144,14.52654363
17725,13.35187098,14.13367705,15.71154216,15.88355012,16.0805786,12.68003552,12.15874558
17814,13.16798426,16.86168393,18.92488751,10.14873805,20.54807648,14.31008886,6.038540906
41055,11.91198892,12.23519336,12.19556246,17.19185496,14.04091293,14.72151627,17.7029711
13292,18.21228846,21.91477458,14.6534785,7.918551531,22.95303696,8.513142028,5.834727931
5208,9.34645356,8.395321423,19.541757,20.44232354,7.472834382,15.92672794,18.87458216
22429,13.73036033,16.08792119,12.30375965,10.4035872,18.00778481,13.59772897,15.86885786
15946,15.52490599,12.96172698,14.3773416,12.8762659,18.10846634,13.07003693,13.08125626
33877,18.3302195,17.37311482,15.72151727,12.93379085,21.42735524,6.967577967,7.24642436
32952,15.30607318,15.57735454,21.82868537,12.11299144,17.524296,8.120629366,9.529970096
33440,13.99079479,15.54044976,22.33740556,11.91128336,17.1553998,8.730271579,10.33439515
33715,15.54077042,14.77753478,18.57625147,10.2856204,14.14499554,12.68944342,13.98538397
34557,15.02343068,13.47989218,18.92206824,10.88056843,10.72980006,18.35079905,12.61344136
33520,14.88296821,14.22345623,15.29531941,19.20834094,13.50019267,11.54715376,11.34256877
33074,11.0643417,11.31793677,19.62862336,18.16507732,8.604769838,11.95356192,19.2656891
33982,11.19601969,11.51960022,20.68406788,17.9429158,8.587412393,11.83406413,18.23591989
19458,12.37525275,12.02603276,14.20304621,15.691683,16.62859225,15.2459874,13.82940563
19141,13.80414981,17.52367526,14.0351187,12.18068046,22.23451749,9.732444483,10.4894138
18758,13.42050804,15.75120386,13.90748712,12.53321989,21.03617387,11.20872984,12.14267739
19946,14.66200953,12.30610136,12.51078867,17.88920562,15.3074635,15.04200301,12.28242833
19771,12.53660236,11.72480922,17.95498329,15.1889874,14.52939686,14.40806009,13.65716078
19593,11.94015913,9.700605259,17.36244651,19.18801752,8.413794397,21.50536132,11.88961586
19539,7.996752291,10.40784933,13.53009672,21.17414331,12.97393947,16.012539,17.90467988
18868,8.101144364,10.30053031,13.13690804,22.65928815,12.2385572,13.25421863,20.30935331
34424,15.4388911,14.82953083,16.68049165,9.872890356,19.29129742,18.57152721,5.315371446
33956,16.34476885,15.08267396,12.19526333,13.24631826,14.68330661,18.92725255,9.520416441
33020,13.70562954,12.0932191,16.54190841,15.13051014,13.51447295,18.65055296,10.36370691
2083,15.37182087,16.09588488,11.88582332,11.741797,23.84283072,9.904993713,11.1568495
33475,11.30074245,12.47498858,18.01932882,18.50500541,15.76483932,13.21716201,10.71793341
33498,11.40840576,10.98084795,16.50007555,17.12079946,12.61358629,19.46816452,11.90812047
2505,12.24323749,12.06262559,16.59897078,15.22607296,14.92227187,11.99548699,16.95133432
575,16.49659721,18.09512499,12.79538214,13.90071063,16.0261507,11.81679756,10.86923678
31025,12.40134654,20.44382841,11.86489287,15.84630312,16.49036856,12.32026119,10.63299931
12931,13.37861218,12.60858328,16.33184564,16.82728868,12.40127403,15.76864571,12.68375049
31507,12.66427527,16.56382073,10.2737731,15.90910164,19.86502214,12.97752206,11.74648506
35427,16.90428618,14.80981618,12.66525747,14.49252876,15.3291529,13.95797728,11.84098123
38371,16.17027453,11.85480779,13.99634971,12.67029751,15.41497485,18.17214693,11.72114868
37399,13.03454054,13.3111568,11.5541599,13.57637723,16.82185726,15.01514683,16.68676144
37500,12.88993209,12.7057386,10.6437131,15.48648286,16.48908785,13.70679298,18.07825252
36894,14.25674628,14.70222348,9.60526564,11.11557801,19.06511996,16.81998526,14.43508138
37364,13.57670565,12.16840004,15.06647823,17.06517098,14.06150045,13.92080451,14.14094014
5388,12.53311842,13.40447749,12.93134518,13.24702996,18.04750244,12.8444776,16.99204891
5888,11.82836103,13.52916712,18.86187904,17.37293255,16.86413258,11.1021567,10.44137097
37428,13.99760261,14.07642484,17.82298727,15.16093574,17.5767348,9.624927879,11.74038687
36931,12.62807653,12.77357887,18.37743181,14.07134875,16.96688904,11.08334934,14.09932566
19009,11.75395331,13.5461715,20.12759597,15.57118093,13.59072192,12.88448944,12.52588693
19290,12.17743686,12.71251925,19.14882618,15.8957699,12.06588225,13.53560398,14.46396158
19107,14.69600591,10.88742827,12.91317434,16.73131142,10.36386223,15.80059794,18.60761988
13599,14.36012737,15.63099921,12.4671692,11.89342414,17.52878705,16.80842205,11.31107099
14041,14.36012737,15.63099921,12.4671692,11.89342414,17.52878705,16.80842205,11.31107099
24414,11.63586835,12.80227727,16.97090011,16.0966434,15.13232535,13.95098952,13.410996
13831,18.45074949,18.17822829,6.783977819,8.25517664,24.57332397,19.17692434,4.581619453
14257,18.45074949,18.17822829,6.783977819,8.25517664,24.57332397,19.17692434,4.581619453
33151,16.29635155,18.07689934,12.57245644,13.2346061,20.01354385,11.40236473,8.40377798
33607,13.9957671,15.76217209,14.91742167,14.45501798,18.5556356,11.36440276,10.94958281
37262,25.97057806,20.2951991,11.30966639,11.58122581,12.31381555,13.72967779,4.799837301
24298,14.27549702,11.76834276,12.01046066,15.98940393,16.47245171,14.08868076,15.39516317
16168,13.92729638,14.41271574,16.31936487,14.77046612,17.90848515,9.68718439,12.97448734
16647,10.96235328,12.3057413,17.17480581,15.14585441,10.35054627,18.73379283,15.3269061
16225,11.06601415,11.79365921,16.51317874,16.31406188,11.47462687,16.53223638,16.30622279
16452,10.28268255,11.47038822,13.84471721,21.62894076,9.469191802,15.002832,18.30124745
16862,11.77341534,9.083556499,10.94583746,21.3984867,4.279918761,20.14397488,22.37481035
16716,38.51360397,18.01078539,4.206922102,0.048097422,1.576343252,23.58946499,14.05478287
18498,38.51360397,18.01078539,4.206922102,0.048097422,1.576343252,23.58946499,14.05478287
40239,13.93659446,20.71940935,13.91364944,12.11679903,8.415181184,18.54191513,12.3564514
161,18.89125191,17.17700694,11.76625812,12.94033679,18.66348963,11.04313787,9.518518748
2686,12.02570752,14.89597632,12.96746176,15.44185756,18.48035408,15.85393195,10.33471081
34896,12.78264659,17.90673079,12.60108037,14.42057458,11.69673589,15.95117272,14.64105905
112,13.72215979,17.13655357,12.17280435,15.28422464,15.26112107,15.12598258,11.297154
35376,15.07891408,16.90476342,12.91306744,16.14234172,18.66484555,11.32799572,8.968072056
38819,12.56707026,13.62874447,14.30243488,14.03523141,16.42186612,18.77586746,10.26878539
524,14.43010574,14.68527437,12.51432884,16.59766386,16.11185429,16.17680306,9.483969824
236,12.55438855,11.38275838,11.36936554,16.18251133,14.9956853,21.6778517,11.8374392
645,12.55438855,11.38275838,11.36936554,16.18251133,14.9956853,21.6778517,11.8374392
35506,12.73797456,13.9567423,10.22002367,16.86721699,18.31441139,18.64540697,9.258224119
2293,13.4672999,13.32019178,9.983266623,17.23430855,18.34422806,13.34471656,14.30598852
958,14.72916252,18.80835349,14.80620079,11.10328549,17.36582294,8.989787695,14.19738707
1452,11.58695368,11.99402395,15.53003472,18.00857213,16.62115519,12.97974423,13.27951608
8282,14.87962546,15.68500844,18.99674279,11.7283651,18.15416984,12.77174438,7.784343995
1414,12.3055614,12.99487663,11.18913696,16.50132115,17.48905853,14.46937461,15.05067072
38111,13.20547493,13.73703301,17.11205054,14.46277321,17.02034223,11.84325686,12.61906922
990,12.52314672,13.26983543,9.737996191,16.30694647,18.03142385,13.02830572,17.10234561
19739,16.03665542,13.42556204,10.4492982,14.35714938,15.37039339,19.05997893,11.30096263
1387,15.57805456,21.0423994,15.50360489,10.11415152,14.55460028,10.60281864,12.60437072
19408,13.29877504,12.89421814,15.33765725,12.7058425,15.11136185,15.84475493,14.80739028
18707,13.59238575,13.3757375,16.40219905,15.08053652,13.98181723,15.90187965,11.6654443
37740,14.98220757,13.8186081,15.60378839,13.90503952,17.92978817,15.7861777,7.974390551
5432,14.14170359,13.8585648,10.65050289,12.15700359,18.39834561,18.22327159,12.57060794
37440,15.53827797,14.60807226,9.56763161,12.09146267,18.72752499,20.52852272,8.938507787
13377,12.50496519,10.83365425,9.776177988,18.89753958,14.09792599,20.24030473,13.64943227
5717,20.40516376,9.542421052,2.228899027,23.42432734,0.83517352,36.1175518,7.446463496
30621,14.97693163,15.90126401,17.48001993,13.71875374,16.45262195,11.70332771,9.767081046
29928,35.59429582,16.64557863,3.888039922,7.624391854,1.456857377,21.80139766,12.98943874
7465,13.53854065,18.32623477,16.48034177,12.23325086,19.2479774,11.70917644,8.46447811
6431,10.39255695,9.993217013,14.7625903,18.46452837,10.30958845,18.98149262,17.09602629
2291,13.56204491,14.06981326,16.12879322,15.93271964,17.90382891,10.94613113,11.45666893
19506,14.31346227,15.84435246,13.08198992,13.22762683,20.13180534,14.6624225,8.738340675
18822,14.30110626,15.64653188,14.05663848,13.46243839,20.07900533,13.49786012,8.956419538
19817,13.83413259,14.03607968,11.89566067,11.88236955,19.30260766,15.9125778,13.13657205
40640,17.07977891,15.80001523,13.5507465,10.6204404,17.07328716,12.73604952,13.13968228
7773,14.25256645,12.91054696,13.62600551,11.80938238,12.69229636,20.55011161,14.15909074
7360,14.18174636,15.22050799,14.75181783,13.92854141,15.12152143,15.73505063,11.06081436
15305,11.99704995,11.52270897,11.91508614,17.18100403,16.27842274,20.62082356,10.48490462
14627,14.17639926,11.64591237,14.15784889,15.97505366,14.97044227,14.06551895,15.00882461
15981,13.47966301,13.00090579,17.28668349,15.58216534,15.13430597,17.22204158,8.294234826
14673,11.90880942,14.55459143,18.44243569,13.28537022,16.22958722,10.61340869,14.96579732
15001,11.90880942,14.55459143,18.44243569,13.28537022,16.22958722,10.61340869,14.96579732
15424,13.58144932,13.92693163,11.1835112,15.73681738,16.78461582,12.5343733,16.25230134
15012,11.15437009,12.23840176,12.64805796,17.71932823,15.70374924,13.43046352,17.10562921
15427,14.81339807,12.83152064,11.58222076,16.54906601,17.18140678,12.65465219,14.38773555
14683,14.03121814,13.10458983,12.40202075,16.52385254,16.89085889,12.56496118,14.48249866
14647,14.83832477,15.8049805,11.23694719,13.67938213,17.35496617,14.80583945,12.2795598
15148,12.28729377,14.33003702,13.64197455,15.75309542,18.50686173,13.68153403,11.79920348
40502,13.19689744,12.87780359,13.48880656,16.09980917,17.17529145,11.72183341,15.43955839
27249,14.69301279,13.5572088,14.15101106,12.16353078,18.62966616,15.26484352,11.5407269
14346,13.07087767,14.57998781,12.00924518,13.19111812,19.65389388,15.26032733,12.23455001
26362,30.01394935,14.03594431,3.278486921,0.037493184,1.228456484,40.45266879,10.95300096
15758,18.2994883,17.09362862,13.42011608,9.102691663,18.55568862,17.19307708,6.335309637
15173,15.27600845,12.24854923,13.75648924,12.89206159,15.89266991,17.90866765,12.02555392
19585,17.94687502,17.17919276,14.99597174,5.529815124,22.20018465,18.05829252,4.089668181
18967,32.08477918,15.00436242,3.504688026,0.089635973,1.313214552,36.29461023,11.70870961
21998,15.03858459,16.24342888,15.93052172,12.90785782,19.78720872,9.065566264,11.02683201
22336,11.5910491,13.64074733,15.4468815,15.06363594,14.07079981,14.5718172,15.61506912
21364,13.01063781,13.95955857,14.295747,14.20740665,17.99297445,15.04084195,11.49283356
20564,15.47953646,17.45065363,17.88846908,4.73803364,13.51043625,25.03715458,5.895716353
20544,17.89860038,23.07485011,11.32059512,13.59763135,18.85973312,7.851813275,7.39677664
20502,15.76072258,18.89104231,12.49037858,13.35483793,22.9618327,8.266053124,8.275132778
31367,11.90677298,12.11716781,16.33487853,15.81449816,12.5351922,17.44989298,13.84159735
31837,11.90677298,12.11716781,16.33487853,15.81449816,12.5351922,17.44989298,13.84159735
31325,12.23592696,13.23348918,15.73714101,15.22539053,14.92482055,14.79445567,13.8487761
31800,12.23592696,13.23348918,15.73714101,15.22539053,14.92482055,14.79445567,13.8487761
31228,12.95218535,15.8106085,10.01915258,19.43905419,16.58066957,16.71482316,8.483506651
31712,12.95218535,15.8106085,10.01915258,19.43905419,16.58066957,16.71482316,8.483506651
39966,15.2264338,15.29315026,12.24387889,14.07050542,21.95019378,9.654230245,11.56160761
13613,13.81039835,13.70139688,13.34736675,16.65512249,18.54017221,10.71818492,13.2273584
14671,11.43525419,14.25350606,13.25868542,13.38425901,17.28774962,15.45960768,14.92093801
15601,11.81820013,14.59769457,12.03543817,15.81302599,18.82245613,11.16917387,15.74401114
15548,12.24273986,14.17741216,14.15401135,11.49205074,18.20373653,14.55295012,15.17709924
14501,10.87412844,13.12048636,10.8597671,18.84864304,15.37738262,17.08472005,13.83487239
14875,10.87412844,13.12048636,10.8597671,18.84864304,15.37738262,17.08472005,13.83487239
14447,11.82962603,14.24645637,16.75937266,17.55658384,13.16684632,13.196023,13.24509177
14844,11.82962603,14.24645637,16.75937266,17.55658384,13.16684632,13.196023,13.24509177
12770,14.35516282,11.82925606,13.74422988,18.33311085,14.17541001,14.74694029,12.81589008
13229,13.28588818,10.16788172,17.04663071,16.81175888,10.86578633,14.69440945,17.12764474
39406,11.46987361,11.03909091,15.53479157,16.08122494,14.60377088,17.32267244,13.94857565
39531,17.02411281,17.39076967,14.49839714,13.46962769,15.66403926,11.86574435,10.08730907
10786,16.27284788,16.44064831,14.35686133,12.62060687,17.34842551,16.20538744,6.755222654
35956,16.27284788,16.44064831,14.35686133,12.62060687,17.34842551,16.20538744,6.755222654
39397,14.52232435,11.99830899,13.97549922,16.14850386,14.61845943,17.85762072,10.87928343
22189,11.98754876,10.89709082,10.31621411,20.45173803,10.0951285,22.62956556,13.62271422
21247,11.51010559,10.53214974,9.931382123,21.31760663,9.586234966,22.3173461,14.80517484
30763,13.46879926,18.06367229,14.95173744,14.18159327,14.79478491,11.36808692,13.1713259
27883,14.74707929,17.09759024,12.83612272,16.21706711,13.49540871,11.68886683,13.9178651
28308,14.74707929,17.09759024,12.83612272,16.21706711,13.49540871,11.68886683,13.9178651
28668,16.65153918,19.43162746,8.085894991,9.18378019,28.33057938,10.40645748,7.910121314
7173,12.50082934,11.81391337,15.23712385,16.55973094,15.57872699,17.04229132,11.2673842
29416,11.26438263,10.7246812,11.93125401,18.42375287,15.23705432,14.63127453,17.78760045
28819,32.88517297,15.37866447,3.592116726,14.65520578,1.345974284,20.14206817,12.00079759
29258,38.51360397,18.01078539,4.206922102,0.048097422,1.576343252,23.58946499,14.05478287
30387,38.51360403,18.01078542,4.206922108,0.04809726,1.576343255,23.58946503,14.05478289
30914,13.80714264,14.22843094,14.86226245,14.80454352,15.18083736,19.51170727,7.605075826
30098,16.59892786,12.64326374,13.59483375,13.19467537,16.89528179,16.6549419,10.41807559
30546,16.87675433,15.54003049,14.52410911,9.379883265,16.22852205,22.70554289,4.745157873
30440,12.90881878,11.46856098,16.72772656,13.77636427,16.72484878,13.55035596,14.84332467
29859,12.6211823,12.72089075,12.09265243,16.09654785,13.60679037,23.10759774,9.754338557
30212,11.62335331,11.47049072,12.35232672,18.74678303,12.72396344,21.34007285,11.74300993
8202,15.54724856,16.087987,15.81563494,10.38010938,20.04418765,10.40196773,11.72286474
38024,15.61896549,15.26606405,15.61878381,10.90102205,18.29272887,10.2046593,14.09777643
38083,17.57215389,16.37338407,13.82553927,9.773442241,18.51867465,14.58475317,9.352052717
38500,16.07410515,13.83365062,15.76518137,14.53642701,16.08151786,12.80959711,10.89952088
9919,11.26714761,12.76018344,15.05414067,14.76962722,14.58667272,15.08560692,16.4766214
10166,13.99247843,15.37816986,11.40941593,12.46920654,19.83167642,15.33628028,11.58277253
9074,11.61703236,13.17976848,14.45058648,14.30816499,15.23405473,14.21690575,16.99348721
10363,10.85185226,10.79307003,13.67796089,17.03878331,14.28216827,17.85426849,15.50189674
36961,38.51360397,18.01078539,4.206922102,0.048097422,1.576343252,23.58946499,14.05478287
30949,15.16301617,14.34140485,12.46036029,15.89056912,15.49101213,17.76475031,8.888887127
25102,38.51360397,18.01078539,4.206922102,0.048097422,1.576343252,23.58946499,14.05478287
13220,17.93865391,16.05382467,13.57903179,10.70575123,21.37325892,11.3841758,8.965303681
31280,11.33376943,11.84062686,13.60782963,17.72471008,14.59905377,15.93752094,14.9564893
31740,11.33376943,11.84062686,13.60782963,17.72471008,14.59905377,15.93752094,14.9564893
20581,10.21821563,11.20457016,10.37279831,19.91732993,12.87026759,17.86547277,17.55134561
24015,11.98477346,10.86472802,13.20945381,19.06892657,14.92734134,18.89480148,11.04997532
24453,11.92233684,10.75212254,11.64735911,17.87091097,13.82974416,17.974945,16.00258138
31117,13.03902797,14.62463437,14.17385805,15.74788992,16.27851878,13.86259928,12.27347163
31594,13.03902797,14.62463437,14.17385805,15.74788992,16.27851878,13.86259928,12.27347163
20120,15.97293514,11.36597546,11.32159932,16.34617822,14.71430384,15.87949292,14.3995151
31353,11.6508041,13.2274529,12.92465499,17.23037275,16.90865111,16.54742276,11.51064139
31815,11.6508041,13.2274529,12.92465499,17.23037275,16.90865111,16.54742276,11.51064139
22658,11.23788864,14.81116252,14.30123406,18.85378093,16.31675675,16.39857102,8.080606088
21259,10.20114112,12.43998897,9.694307582,22.49432452,7.422927336,27.40489594,10.34241454
22149,9.357116866,11.5414381,10.8458886,22.57859798,6.601216692,27.54491248,11.53082928
27633,15.13926223,18.75057725,10.68513027,8.959943472,23.04584972,14.29851145,9.120725607
26186,12.0949124,15.36980992,9.018073406,14.87060426,20.37005845,12.825607,15.45093456
26620,12.0949124,15.36980992,9.018073406,14.87060426,20.37005845,12.825607,15.45093456
13679,9.478152749,10.67354251,13.61717795,22.4903144,12.54232243,17.9424563,13.25603366
40031,9.478152749,10.67354251,13.61717795,22.4903144,12.54232243,17.9424563,13.25603366
27323,38.51360403,18.01078542,4.206922108,0.04809726,1.576343255,23.58946503,14.05478289
26383,25.80147296,12.06599083,2.818349249,33.03908111,1.056041855,15.80332351,9.415740487
32015,13.51226836,14.69711527,12.46729996,15.54239589,17.23606118,18.19823212,8.346627224
32501,13.51226836,14.69711527,12.46729996,15.54239589,17.23606118,18.19823212,8.346627224
29134,38.51360397,18.01078539,4.206922102,0.048097422,1.576343252,23.58946499,14.05478287
28025,12.01570951,16.60622398,17.73327388,14.80096403,16.7434511,9.748850037,12.35152747
28437,12.01570951,16.60622398,17.73327388,14.80096403,16.7434511,9.748850037,12.35152747
29269,20.63790391,21.41031531,10.6315597,7.393680649,26.42788748,6.307962356,7.190690604
28825,13.0502492,13.92390628,12.46454847,15.84601534,17.23009668,10.15446796,17.33071608
27944,32.88517297,15.37866447,3.592116726,14.65520578,1.345974284,20.14206817,12.00079759
12901,14.36386229,12.77969194,16.01879131,15.54134572,16.84630357,13.20105491,11.24895025
37930,13.95023957,16.48261949,14.45713627,11.27393259,19.46565475,15.64014688,8.730270446
39376,15.54053337,13.76891075,16.26980683,13.0731796,15.2525005,13.21901109,12.87605786
27742,11.50998987,12.13724051,13.80565338,17.6827777,14.64329983,14.69738881,15.5236499
15933,14.38893756,13.36170972,13.48950582,17.11923719,17.76882391,16.4720212,7.399764605
15429,14.10877465,10.73040996,13.7003046,15.04780312,13.9832058,19.07491719,13.35458469
15093,10.03112263,11.32396681,12.04083945,21.22074799,14.32511097,15.19294971,15.86526244
14766,10.6979415,10.55913515,13.18614533,17.44710383,13.36852209,18.25852823,16.48262387
15101,10.81994289,11.56348925,14.24909019,16.28538865,14.66627673,17.55564846,14.86016383
14950,10.17646311,11.63868546,19.53370631,16.93284889,9.966019443,18.04930123,13.70297555
14026,14.73999076,17.14009517,13.72023964,11.62181204,20.58417315,13.7893449,8.404344327
40554,17.64888519,15.9632032,14.92025046,12.13984699,17.61318506,9.250083205,12.4645459
13953,9.245517813,10.65967638,13.02654299,22.01910996,14.07647797,17.03605025,13.93662462
13465,9.99055049,11.47134605,10.95824414,20.11972881,15.1043588,14.31722687,18.03854484
39930,13.82205208,16.56218902,14.8294981,14.23572535,13.77895831,13.09195045,13.67962668
39805,11.48395027,10.99150378,12.85458828,17.68666876,14.51093692,14.45182701,18.02052497
13495,11.32083367,10.3960002,11.91253305,18.79330762,13.75381218,17.40953754,16.41397574
13586,14.46445208,16.47156033,13.48461469,13.2717772,16.82392007,13.33079006,12.15288556
39834,12.59529724,11.17014548,12.49208425,16.67840282,14.90830541,14.57444423,17.58132057
15231,13.39327459,12.46875106,16.05311422,14.22192863,14.9520796,14.86920237,14.04164952
14442,12.39059279,12.56390798,16.25067881,15.20425784,15.61975558,14.53342434,13.43738266
14842,14.02476407,15.3267306,12.52628702,11.30671103,18.62367265,15.67380189,12.51803273
17142,13.5030144,13.79493334,14.3829783,13.22538125,15.95498158,16.26195731,12.87675382
13927,10.62597476,11.53256815,8.088936806,21.18200592,13.28057642,19.09587654,16.1940614
13928,11.87823987,9.279624884,11.16265719,18.48300125,11.15950696,21.86556319,16.17140665
29188,15.68213108,13.00883775,12.88807516,12.76243121,18.69587425,10.74025502,16.22239553
13803,10.11188825,13.18599518,11.29936301,20.36819678,11.25651391,19.34737978,14.4306631
14229,10.11188825,13.18599518,11.29936301,20.36819678,11.25651391,19.34737978,14.4306631
13464,11.08688957,8.775192255,9.775436596,18.77481912,10.41927545,21.31448715,19.85389985
14166,38.51360397,18.01078539,4.206922102,0.048097422,1.576343252,23.58946499,14.05478287
26963,13.32992137,22.07359693,15.13930626,15.73044031,3.776156884,11.28166953,18.66890873
27428,13.51323312,22.41360818,15.35085903,16.30082494,11.25649002,9.937369559,11.22761515
26057,24.41565379,11.41791615,2.666973302,15.14421617,0.999320945,36.44590663,8.910013016
7411,15.35779975,14.55028677,13.17144825,11.59085904,14.90734861,18.23592648,12.1863311
37117,13.93240248,13.4587767,15.27207365,15.87501659,16.67251213,13.19984395,11.58937449
18465,12.53423628,16.84911005,7.760864587,15.11970242,18.18740854,15.45236004,14.09631809
16518,14.23152624,14.0137753,15.81351064,13.79987747,13.33993669,18.06472037,10.7366533
16081,14.11137922,14.99402399,14.27306597,11.91231162,15.4990535,19.28424895,9.925916744
16448,11.06630372,11.79961299,11.32952293,19.66819537,14.35519287,14.2249877,17.55618442
18157,16.08088198,12.82526299,12.34510689,14.21154583,14.15738978,17.92579073,12.45402179
18566,19.18696294,14.59355487,17.87283863,8.12042103,17.61801393,17.74081547,4.867393125
17160,14.79679595,12.09511312,16.02510792,13.66676679,13.3509762,14.30266213,15.7625779
36988,10.26585581,9.230499037,12.25175335,19.83642081,8.585290131,18.20231055,21.62787031
37483,8.780308953,7.674127215,13.83477022,23.30856846,6.52097295,20.6558414,19.22541081
37439,9.196218651,8.861935389,12.39574399,25.52071177,6.775420984,20.16439816,17.08557105
5431,8.056201435,8.193208061,12.20587676,27.24829014,5.579188225,21.2773975,17.43983788
21681,12.92980775,15.73181786,13.56364286,11.19784195,21.87287747,10.86746264,13.83654946
21619,11.53448024,14.92403667,11.98263492,16.26164604,20.64486577,12.7233605,11.92897584
22107,13.09273989,11.75832149,14.32501123,17.94502991,16.18300622,16.51725817,10.1786331
21285,12.35042533,14.12005033,12.7131372,13.53892995,20.18600902,12.35485056,14.73659762
21234,13.45484386,12.48115711,12.54238917,18.12776343,17.55429691,15.73809203,10.10145748
23856,11.13397476,12.75313716,9.802665753,19.40768121,13.57397837,17.38367132,15.94489141
12989,15.21454693,16.19738136,17.560934,9.090709704,16.58398548,11.84907539,13.50336713
6524,10.66775943,11.03316219,9.788485599,17.8973764,14.9576388,17.27797473,18.37760285
6919,10.66775943,11.03316219,9.788485599,17.8973764,14.9576388,17.27797473,18.37760285
41367,11.63281786,14.01115604,13.54776206,16.70516711,18.16947811,15.2563044,10.67731442
13011,12.23239855,14.94711088,13.689624,17.20635826,18.16967977,13.08038631,10.67444223
8324,12.00364344,15.1243006,17.7529441,15.89762578,16.56330277,9.781887244,12.87629607
8744,12.00364344,15.1243006,17.7529441,15.89762578,16.56330277,9.781887244,12.87629607
39546,13.61333693,14.78800878,6.824858165,18.33408025,15.49534039,16.40897862,14.53539687
21761,13.68148006,17.97221215,13.91577679,8.744749516,22.45040359,12.58172987,10.65364804
22508,10.06822097,10.04539024,11.35217513,20.89402605,11.4517124,17.39412518,18.79435003
39871,15.58866324,14.21127113,15.12452177,13.29399286,15.01246174,12.03384232,14.73524694
40307,13.05735319,14.48806951,15.8694316,12.37294762,19.97725993,10.00661571,14.22832243
13923,12.38438636,17.49329984,12.46376526,13.68941543,13.55633849,17.58679511,12.82599952
13948,15.60219004,18.39966146,14.68343495,13.17873431,17.68607002,7.934923732,12.51498547
13460,14.49505696,15.8543393,16.32234666,14.35747177,15.31423139,11.46316026,12.19339366
13520,15.43394567,14.90370728,13.45486975,13.79497855,15.78856899,12.75200641,13.87192336
39774,13.27841443,14.6529696,15.95069271,14.06854488,16.57338645,10.63076838,14.84522354
13436,12.65678425,14.96532556,15.13698449,14.2464466,17.45370661,10.52577611,15.01497637
13972,15.52141599,14.4299743,13.64937264,13.33296624,16.45827561,14.33613061,12.27186461
13942,13.22996424,16.10392893,12.25843139,15.94622164,19.20960348,11.63487759,11.61697272
40280,15.0447851,14.54275206,16.11048214,13.35603734,16.74250515,11.76883887,12.43459935
39797,14.75024334,14.63463439,16.53006426,13.56200005,17.31605903,10.02182739,13.18517154
13484,13.37972235,14.72117597,13.5184848,15.11902968,17.66026822,11.89449216,13.70682683
14237,13.00769534,12.54001393,18.9556082,17.36393414,9.79487142,14.49258511,13.84529185
27754,38.51360403,18.01078542,4.206922108,0.04809726,1.576343255,23.58946503,14.05478289
11974,10.22340816,13.54844753,13.85929866,17.89110368,16.86250765,15.2088452,12.40638911
12859,12.36318925,15.72713382,13.02015168,15.73613906,19.29612337,13.75275786,10.10450495
12355,9.796741666,12.91330452,13.5569679,19.18555304,17.25591815,14.64151805,12.64999667
12916,13.65462758,10.43514959,13.78042417,18.23691232,10.82847656,20.7803762,12.28403358
12861,14.85648904,13.7009565,11.05678452,17.83868843,16.8689801,14.04049322,11.63760818
29454,20.26532574,19.49568603,13.48765706,9.69251884,17.13620078,10.63427423,9.288337314
29041,18.30155323,19.53921314,14.49840819,9.300438327,19.16796897,9.753612613,9.438805539
28193,17.08989678,18.11247691,15.0402713,8.060958767,21.61534123,7.500705731,12.58034929
28595,17.08989678,18.11247691,15.0402713,8.060958767,21.61534123,7.500705731,12.58034929
22637,15.7795743,14.70382142,10.03113782,15.90300019,20.87111005,11.53139395,11.17996225
21912,12.55857972,14.14125637,14.27132058,13.77461565,17.74556743,14.22337658,13.28528367
15679,15.42370764,14.62742033,16.13532266,12.04459829,17.87929662,12.82719574,11.06245872
21008,12.65844851,13.54670053,15.48957845,13.98626656,16.51447588,15.39788428,12.4066458
10337,10.11886871,11.56571039,12.48995995,18.96010879,12.29046101,18.74956966,15.8253215
22774,12.89029519,13.99170729,13.92780981,15.08309598,17.33530448,16.20558212,10.56620513
23263,12.89029519,13.99170729,13.92780981,15.08309598,17.33530448,16.20558212,10.56620513
23257,13.47543703,13.76789262,12.20903373,13.88987322,17.51759238,15.23737278,13.90279824
25711,13.32494408,24.01807367,18.25256277,14.24048191,8.774713802,11.28667629,10.10254747
22762,12.00776474,10.93859021,10.30980654,19.1162256,15.92032244,15.65042652,16.05686394
25349,14.27889505,19.53188289,13.18720673,13.50683278,10.55971184,12.9787733,15.9566974
24609,14.31088428,20.02332173,13.55478942,13.55580786,11.26559067,11.76419338,15.52541266
23714,11.59176375,10.50489577,10.0930744,20.52886753,15.21691603,16.78223051,15.28225201
22729,16.03047937,19.55034616,14.58694411,10.5486437,24.51916597,8.2900079,6.474412783
23221,16.03047937,19.55034616,14.58694411,10.5486437,24.51916597,8.2900079,6.474412783
22779,16.92057644,19.11552975,5.397469926,12.15511216,23.57705796,11.41479114,11.41946262
23268,16.92057644,19.11552975,5.397469926,12.15511216,23.57705796,11.41479114,11.41946262
2302,13.33259391,12.56099301,11.99818265,16.27679007,14.74339106,16.47247557,14.61557373
23590,38.51360397,18.01078539,4.206922102,0.048097422,1.576343252,23.58946499,14.05478287
11382,25.61711236,24.90405737,14.52091829,1.252485785,22.48715683,3.652771729,7.565497641
23740,17.7260671,18.03722624,12.95172677,9.663838332,22.49066526,9.682443098,9.448033198
11348,18.9595569,18.02592334,14.11326121,12.50514093,23.75101521,8.206873407,4.438228997
36485,15.95074349,15.18734781,15.19455944,11.75475486,20.26668309,10.65845406,10.98745726
35419,12.89443244,10.00604709,14.47331182,16.94156808,9.084586504,19.38874859,17.21130546
35605,11.114697,9.416487415,11.80664773,19.46805696,10.00485573,20.8444181,17.34483707
263,14.35942581,19.27786405,14.71640305,9.143772878,15.50232834,12.51985239,14.48035348
35065,14.31006984,18.36728147,13.75832014,8.830582456,16.41665113,13.9556726,14.36142236
35088,10.62016787,8.317372391,9.801556868,20.22571068,7.543769236,25.58564501,17.90577794
271,10.86621685,8.488580207,9.803153859,20.18101667,7.76891537,26.67782316,16.21429389
579,10.85534083,11.74799578,15.65977667,17.74364942,15.88574738,12.09943175,16.00805818
35447,12.03931277,10.10599451,14.45966889,18.5196209,12.08265914,13.16698839,19.62575541
35407,10.94471048,7.857041755,11.57573864,23.85054052,5.424719864,22.74008352,17.60716523
41119,9.933747536,11.42695609,15.76629546,18.56450427,11.86180079,22.31765815,10.12903771
21400,11.20669517,13.74891858,14.12538505,16.93770568,18.28784314,12.82817441,12.86527798
21494,11.6197392,14.7504021,13.15144786,16.07729741,12.6231992,17.69801022,14.07990402
18163,10.73942332,10.89823169,9.897862498,14.57854666,7.964472591,30.947139,14.97432424
8233,13.88739395,15.12273435,8.335071427,14.93820127,17.0654426,13.54717322,17.10398319
8665,12.52714709,11.6018643,9.754433067,17.45264349,12.9457361,17.32531773,18.39285823
14585,13.08438869,15.02247256,14.71821513,11.92883053,15.35387224,22.21432551,7.67789533
14943,13.08438869,15.02247256,14.71821513,11.92883053,15.35387224,22.21432551,7.67789533
15859,15.65166785,13.32193849,18.06820563,18.07067236,14.26824673,10.22605903,10.39320991
15464,12.37340575,9.264318685,16.84213271,17.60569561,8.950361116,16.6156674,18.34841873
14566,10.17939701,10.06133692,18.30813151,17.90068084,9.086394326,19.88169526,14.58236412
14927,10.17939701,10.06133692,18.30813151,17.90068084,9.086394326,19.88169526,14.58236412
14680,12.51449385,8.584553875,16.12778997,19.19739005,7.29616009,17.63388636,18.64572582
14889,8.502878206,8.297320162,13.93159852,25.47035317,5.408184001,19.40156825,18.98809769
22391,11.01472323,11.13118821,12.07956056,15.91471937,13.82657816,19.4111246,16.62210586
21895,10.93457511,12.48754206,17.27944752,16.35311989,13.55765324,11.75336274,17.63429946
21045,11.53369576,14.40000054,14.23787269,11.66566082,12.68106953,19.3984109,16.08328977
21942,9.611352997,11.37989438,13.50497041,15.90188361,11.05498763,18.07248394,20.47442703
10572,16.01849869,15.85457614,13.14043743,13.21763949,15.58968509,16.3094276,9.869735562
10548,15.90736044,14.32625208,15.07002415,12.20149404,17.48056893,14.91603012,10.09827025
15779,11.82677445,14.32482683,14.56226916,14.47363313,18.90913718,16.51478763,9.38857163
14518,12.34449641,11.84137731,11.08840375,16.06718913,16.35432904,22.33469315,9.969511208
18542,16.41080479,13.54966886,16.71556012,12.54179524,15.56479881,14.89925737,10.31811481
27836,12.56432511,12.10969861,18.73494714,16.23792533,11.82515355,12.38417038,16.14377989
27365,12.10303372,10.96330686,16.86604226,16.96610367,11.78960859,16.31629921,14.99560568
18423,38.51360403,18.01078542,4.206922108,0.04809726,1.576343255,23.58946503,14.05478289
986,15.18475945,14.89842259,12.32753814,16.84395611,16.50680228,14.62151433,9.617007106
1410,15.18475945,14.89842259,12.32753814,16.84395611,16.50680228,14.62151433,9.617007106
2007,14.47459531,11.85230671,11.27011157,18.70131099,13.79673286,17.71488855,12.19005401
1323,13.47077813,23.51712307,18.76813561,14.11068145,7.829448383,9.299992933,13.00384042
887,14.09612497,22.72868422,17.80541901,14.59654439,8.770891385,9.477228447,12.52510757
1768,14.69535784,22.11450509,17.48037273,12.99796668,10.68716421,9.126749423,12.89788402
1245,12.02243609,11.42606469,9.199891616,20.34835654,16.1285508,15.34528963,15.52941063
1134,13.81565056,11.84568139,9.74665894,20.99410658,13.87136459,18.09533599,11.63120194
907,14.41197149,16.03512016,12.58542476,11.48931702,19.49142612,10.72712544,15.25961501
1333,14.98318941,15.68103874,13.71682203,12.66277861,18.53862626,11.46721106,12.95033389
1395,11.02933169,9.849502239,14.74793838,21.25267386,11.77536181,13.20470912,18.14048291
9869,12.08407222,12.94033712,10.47272154,18.0431847,18.29774856,13.21734314,14.94459271
36882,15.07666767,13.9065807,9.001147703,10.94431072,18.84621177,18.76605811,13.45902334
18602,11.34346305,12.64563332,18.4012424,16.16114443,9.739698476,17.94871654,13.76010179
19025,11.56447578,15.74355723,18.57180522,16.01383195,12.95601039,15.25758395,9.892735472
19658,12.58607088,14.26711106,17.39468507,12.69860946,8.035439795,17.95343406,17.06464967
19324,11.61732437,11.89713927,18.72200197,17.64193302,8.881695118,17.37415058,13.86575568
29498,22.11753907,22.60899743,15.20598606,2.640986308,27.74877459,7.013985935,2.663730608
27972,12.18049845,13.59262772,16.65147373,16.98637688,17.87420963,12.36680005,10.34801356
28383,12.18049845,13.59262772,16.65147373,16.98637688,17.87420963,12.36680005,10.34801356
29255,16.00734241,16.66282968,18.97734666,10.65288791,18.23836374,8.211016384,11.25021321
29285,11.04742509,7.968087756,15.63025737,19.32031372,7.399402659,20.91771082,17.71680258
29412,38.3679367,17.94266448,4.191010559,0.426138409,1.570381161,23.50024423,14.00162446
19565,38.51360403,18.01078542,4.206922108,0.04809726,1.576343255,23.58946503,14.05478289
16400,8.161623572,11.0543058,17.46922565,19.98234115,11.23314051,13.77629947,18.32306384
36230,13.90538205,10.23538946,13.60165918,19.00778302,10.82989423,15.72093908,16.69895298
2370,11.29677695,13.23902524,15.07151391,13.47320595,17.36653103,15.07668519,14.47626173
1933,11.16047494,12.99719225,13.40246641,16.95098768,17.0408255,13.68861898,14.75943424
1801,14.07129835,12.76201614,17.13140963,14.50696177,15.39546357,16.60148162,9.531368924
2478,11.93037664,10.63982856,17.69247808,18.8289865,10.00950139,14.47949928,16.41932955
2438,17.6309692,17.65524706,7.056417679,10.7175388,16.30067475,17.18745112,13.45170139
124,10.16998555,9.405964103,12.81035572,23.24192261,6.927740994,19.10295548,18.34107555
33568,11.17264114,9.992810208,14.0116365,18.66052275,12.20508354,15.10662614,18.85067972
2406,13.15674106,10.76430221,19.49083718,15.81647134,9.956339711,14.83895711,15.97635139
24880,12.14574704,11.147216,13.73602423,15.04542849,11.37579891,21.73429347,14.81549186
33816,12.10977215,12.10235538,16.55125279,13.67714022,13.47693874,14.70827966,17.37426107
25935,13.42268923,9.432538706,16.73129792,16.22439114,9.420790854,18.4953374,16.27295475
34172,9.598307382,8.82711196,14.27845616,22.10468205,7.555175371,18.97556235,18.66070472
33258,9.758970383,9.837200671,12.54007579,21.77838627,10.32336503,16.85054243,18.91145943
33150,12.33231823,10.88493518,16.38504176,16.65158761,12.20823052,14.50854362,17.02934308
33702,10.02295102,10.06341907,9.351012329,21.69087199,10.89593144,18.84646214,19.12935202
33617,12.5048541,10.51748878,17.36714189,17.64866529,10.86889284,15.33771068,15.75524642
18102,9.880752976,10.08539345,9.013741734,21.94142879,10.76917388,27.96274098,10.34676819
16212,9.755229093,11.47984793,13.64573568,19.91008027,12.0264897,16.01704305,17.16557428
16429,14.55437358,13.36677434,15.81705608,16.40927706,18.39891816,11.22280038,10.2308004
16620,9.159467071,10.90118478,14.59086815,19.56296993,9.770593882,16.22158376,19.79333242
18007,12.14091271,12.05909404,18.37894589,13.91517035,14.97200298,12.75424208,15.77963195
17132,12.85735866,11.52362851,18.35427676,13.74602829,14.01815921,14.56101999,14.93952858
29346,15.81744543,15.04614491,10.26605665,11.87543696,19.08265946,17.38457579,10.52768079
7893,13.67737356,12.94871632,17.08054211,14.30086879,14.15327698,12.38512397,15.45409829
25155,15.63440874,15.67885681,17.90426456,7.019701617,18.10802414,9.365887966,16.28885616
25827,7.982416153,9.984372511,13.08949267,20.93018654,11.36060453,16.07429169,20.5786359
25808,7.091086979,7.884254142,16.19607769,25.7670883,4.789231196,19.40199512,18.87026658
31996,16.86591052,16.24842448,10.50115131,14.30774915,16.37964614,12.73279311,12.96432529
32486,16.86591052,16.24842448,10.50115131,14.30774915,16.37964614,12.73279311,12.96432529
32150,10.95779559,11.28702533,19.31067267,17.89828786,11.16313361,13.77186082,15.61122412
32602,10.95779559,11.28702533,19.31067267,17.89828786,11.16313361,13.77186082,15.61122412
25239,12.67800675,12.15369392,9.747766412,15.84984229,16.56767282,20.84505073,12.15796706
25151,14.08480216,13.2433142,15.00816237,15.85508787,16.41238649,15.52726532,9.868981595
24882,11.60538133,10.84450686,9.654109545,16.99763226,13.44100677,21.96782414,15.4895391
24749,15.74855215,15.20115485,17.0312052,11.26455285,17.15490062,13.51905176,10.08058257
25892,9.87119153,9.099875301,12.73418147,19.96752096,9.108099092,19.8703601,19.34877155
25479,17.08862978,15.63235878,18.73938422,10.26458307,15.11467927,14.1927346,8.967630286
25634,38.51360397,18.01078539,4.206922102,0.048097422,1.576343252,23.58946499,14.05478287
32235,14.88694431,19.12835959,16.62987603,11.49754386,22.67075832,8.415440584,6.771077303
32711,14.88694431,19.12835959,16.62987603,11.49754386,22.67075832,8.415440584,6.771077303
3572,12.97688023,16.29625803,15.4408829,12.30842665,18.36528561,11.28586352,13.32640304
39654,16.28492189,15.7078538,13.61202452,14.60092671,16.02131033,11.61104444,12.1619183
4446,13.07757411,15.88106663,14.93535366,11.62569165,18.53950799,12.51186084,13.42894512
3713,10.06489054,12.50885219,14.36487544,21.46240673,12.1528566,15.78007688,13.66604161
4117,10.44437109,14.92316663,15.75026904,19.80152365,14.88046236,12.54383479,11.65637244
5024,17.37400796,15.97988255,10.83007453,13.50792008,19.50985699,16.83868984,5.959568054
5058,9.526443508,10.33569021,14.60453724,19.50693081,8.668365282,19.33936564,18.01866731
38276,11.4008334,10.23196782,16.81251312,17.87759181,10.24949618,18.83678439,14.59081328
20822,38.51360397,18.01078539,4.206922102,0.048097422,1.576343252,23.58946499,14.05478287
20849,14.4996617,13.99444561,14.07453903,12.51589779,17.66427311,14.14106915,13.11011362
20515,11.60361598,12.74999815,16.08093567,16.13031168,17.73276174,11.46311493,14.23926185
41279,16.81765059,26.10890752,10.40205849,14.46594873,7.19324042,13.72160274,11.2905915
20039,19.35176603,24.67147996,8.618408918,12.62203955,11.7231181,13.55181581,9.461371622
20514,18.37971354,23.55442564,8.850113446,12.13032485,15.50104675,12.24123834,9.343137437
40779,14.2222609,14.06548863,12.90143378,15.67772295,17.30483617,11.92164836,13.90660921
41242,18.08428535,14.3483371,12.87155952,11.05398224,19.44220284,12.38511772,11.81451523
41281,14.20652151,14.23575667,14.13405669,12.00040288,17.46041913,14.54747201,13.41537111
20040,12.50233049,13.00846836,16.52561362,13.27384256,17.22110762,12.35607359,15.11256378
8876,14.45370853,15.28874911,17.63901812,9.795186394,17.73199545,13.31327595,11.77806645
38556,15.21554636,14.81463242,15.37849617,13.56422823,17.98659651,12.18524482,10.85525549
10190,17.62080407,18.34083541,11.11019793,13.9771226,14.31530899,13.85312008,10.78261093
9720,16.58356432,17.58996681,14.45381931,10.1636392,17.10680656,15.26789047,8.834313325
10314,12.39616695,15.53847385,15.29982632,11.90867686,15.15725421,15.50782354,14.19177827
9306,13.35061962,13.74624726,18.55701075,12.4128259,16.71210003,11.83831363,13.3828828
9936,10.26586013,9.934203623,14.09673018,19.90147355,12.84818719,18.24115073,14.71239459
9091,10.51344073,9.838129345,14.3805799,18.59143578,12.48477996,18.02748371,16.16415057
13787,13.96273632,15.25778638,11.28008717,16.72122603,16.13448603,11.53878168,15.10489639
40126,12.76977961,13.95040588,14.69770662,16.39106234,15.13305636,11.86134746,15.19664174
13946,13.28078706,13.04929266,12.3023351,16.10756817,14.75299332,13.16311844,17.34390525
14044,13.42515085,12.56969159,16.94673034,15.24608348,15.8726598,14.72746861,11.21221533
40627,11.69618305,11.89017618,16.8116142,17.28038575,13.36934751,14.28631804,14.66597526
39829,10.7719718,9.867423594,12.04601351,20.8778902,11.69239507,17.2148341,17.52947173
13563,11.45513203,11.11156566,13.15572774,17.87956176,16.03350733,12.78518081,17.57932467
13466,14.33061772,13.36549835,12.92908749,16.62790923,15.55977271,10.99168628,16.19542821
14007,12.53205718,13.70704859,15.5776696,13.98560143,16.69955599,11.26333702,16.23473019
13929,15.84689349,15.31670122,11.36029922,13.84794102,18.38934367,10.35618333,14.88263805
13602,14.5186762,11.67315525,16.11637408,16.30539999,14.63855593,14.40775161,12.34008694
13487,11.34402992,10.2674866,12.17910067,20.36603204,11.74502057,17.4265102,16.67182
39959,17.16704711,11.70705505,14.52329082,12.87661806,13.57813034,14.72118223,15.42667638
39807,13.67786099,11.84524845,13.26980305,18.23341514,11.06993909,12.26571034,19.63802293
40312,11.37946574,8.520329023,15.30097682,24.03126365,6.061802692,15.65937636,19.04678571
14199,27.0617616,12.65536149,2.956013233,29.76833429,1.107624862,16.57524646,9.875658059
28735,16.94863713,21.98399173,11.40672943,7.99840951,20.14500156,8.376404697,13.14082594
29184,14.16943524,13.72854316,11.63185942,15.9275358,19.00850083,14.05312768,11.48099787
27851,32.88517297,15.37866447,3.592116726,14.65520578,1.345974284,20.14206817,12.00079759
10545,16.43643363,15.44181574,12.08932958,11.77173318,16.26480458,16.8494271,11.14645619
870,12.49590065,15.33092012,9.200030796,16.51295159,13.72035835,15.13336077,17.60647773
36313,12.01969762,11.79744492,9.061365854,18.14051637,15.72759758,16.14515869,17.10821897
34933,10.45064688,8.568815057,12.61894739,23.6381698,5.830452609,20.06967717,18.8232911
1755,11.35081127,16.92119401,9.583453351,17.46769506,11.1316851,15.38849861,18.15666259
35488,13.8691025,19.15374516,16.12683694,15.56966398,12.31241832,11.55892265,11.40931044
35012,16.1305111,19.71426796,14.86559493,14.44287483,14.32388241,10.41721652,10.10565225
219,14.08967393,15.87643974,13.68622087,14.81477579,17.31758918,11.66970333,12.54559716
30273,12.7929568,15.25013088,11.13924321,16.24689821,21.1694166,12.71406881,10.6872855
29763,11.42200521,14.22312178,14.60137909,19.22736829,16.11839206,13.29750453,11.11022905
30932,12.79967624,17.22977296,12.03040628,17.08640937,18.46694585,11.69147434,10.69531496
30144,11.42200521,14.22312178,14.60137909,19.22736829,16.11839206,13.29750453,11.11022905
29972,25.51874666,11.93377462,2.78746646,33.77282266,1.044470004,15.63015452,9.312565081
29440,11.82159342,10.84882173,9.089325662,15.98020727,11.05449168,25.50464134,15.7009189
13235,17.64477486,15.03155915,13.82926747,17.57393043,17.29447199,11.20423531,7.421760789
12517,14.7153849,20.80341655,15.87213459,10.06979138,15.98137414,13.32347703,9.234421411
11602,14.9228554,20.14319949,14.23900445,10.27480061,19.30893271,13.18021009,7.93099725
30921,18.1825148,20.80747429,11.73432621,9.432457619,22.09679396,12.31513638,5.43129673
27791,15.31337302,26.61416824,16.16031541,16.43107353,7.303370433,9.261612875,8.916086485
27390,14.05748744,14.26268314,15.70916195,14.60802897,20.18164926,12.72377253,8.457216711
27233,38.51360397,18.01078539,4.206922102,0.048097422,1.576343252,23.58946499,14.05478287
17781,16.03977639,13.52062905,20.2643351,12.72110672,10.68804983,17.17326257,9.592840344
17966,9.334379068,10.9924701,12.59086962,22.85772216,9.25037791,21.62157622,13.35260492
17100,9.869007226,12.06010512,13.12415579,20.76588454,9.993177623,23.10424228,11.08342741
32057,15.94248845,19.25123464,14.57597603,8.562545847,21.67319062,7.647786044,12.34677836
32561,15.94248845,19.25123464,14.57597603,8.562545847,21.67319062,7.647786044,12.34677836
32413,15.19911964,12.64241999,12.71734413,14.46825345,17.32719708,11.9821087,15.66355702
32891,15.19911964,12.64241999,12.71734413,14.46825345,17.32719708,11.9821087,15.66355702
32118,9.705840509,12.70715489,15.49396003,20.82802196,12.2766976,15.4206347,13.56769031
32623,9.705840509,12.70715489,15.49396003,20.82802196,12.2766976,15.4206347,13.56769031
37087,9.982969696,9.823232815,22.21937892,23.31659249,7.062293462,14.90676589,12.68876673
23435,10.16254416,12.03622499,10.39254329,25.08528086,10.18036757,16.69233998,15.45069914
27169,12.6932329,15.12459878,12.06453663,16.5019945,19.40643806,11.62828417,12.58091496
30428,17.85178426,33.39719298,11.40915538,3.911941326,14.82185284,16.1000074,2.508065808
30096,12.13989761,26.03085868,14.93890846,12.68718349,11.83957669,11.72432921,10.63924585
26112,16.08442742,19.66723748,13.89234543,11.65090713,14.50189064,10.01521935,14.18797255
26554,16.08442742,19.66723748,13.89234543,11.65090713,14.50189064,10.01521935,14.18797255
26121,13.92128117,19.18973331,14.85614164,13.49767568,17.30623804,8.970161218,12.25876894
26568,13.92128117,19.18973331,14.85614164,13.49767568,17.30623804,8.970161218,12.25876894
26274,14.9392304,18.89759386,14.28763289,11.84098207,19.59674597,9.351958351,11.08585645
26698,14.9392304,18.89759386,14.28763289,11.84098207,19.59674597,9.351958351,11.08585645
29697,38.47694885,17.99364372,4.202918185,0.143226124,1.574842976,23.56701384,14.0414063
26859,38.51360397,18.01078539,4.206922102,0.048097422,1.576343252,23.58946499,14.05478287
28051,13.83633606,16.23923168,13.64297063,14.19499685,14.46755273,12.68059103,14.93832102
28449,13.83633606,16.23923168,13.64297063,14.19499685,14.46755273,12.68059103,14.93832102
28899,11.88905251,16.42723134,13.53948369,17.22602359,17.32292532,11.85682035,11.7384632
30137,12.92488771,18.75798223,14.46941361,12.34349245,12.81550232,14.91560231,13.77311937
27570,15.92724285,17.05581061,10.66592447,15.0939411,15.12943815,15.56442928,10.56321355
33751,12.98903831,13.8890482,13.86251095,14.92404313,15.82488961,16.58344982,11.92701997
33646,9.650208347,11.96103998,17.81833148,18.35423822,12.3422544,21.08422572,8.789701856
34696,10.11258952,9.179650537,14.20426179,14.74571765,9.262179724,19.07248477,23.42311601
33195,11.74568308,9.714266592,14.84328854,19.30538785,9.337674772,24.30917528,10.74452388
33554,6.16453403,7.561949521,15.69610894,25.8295961,5.242866002,16.82732153,22.67762387
33077,6.533518328,6.10665825,13.10785453,26.70557132,3.993647512,21.75822109,21.79452897
1750,11.75242784,19.15599442,13.13819671,17.30575805,11.16491962,14.04009041,13.44261297
1579,16.83059109,10.70309388,10.35394255,10.79657532,6.684804204,25.8322023,18.79879066
1680,13.63283875,12.60285402,13.18614842,16.74677511,15.00340854,16.15892912,12.66904604
632,13.98489797,15.7130029,13.70039186,14.68061185,17.32851695,12.19709761,12.39548086
35192,15.54906737,9.663396899,10.11109293,17.03134139,6.567950865,30.69225276,10.38489778
763,13.19298631,6.497087282,12.49978978,20.32215116,2.986003813,27.88624527,16.61573638
859,12.05438832,12.83354033,10.31934412,16.92998234,17.75163073,16.89026319,13.22085097
1302,12.05438832,12.83354033,10.31934412,16.92998234,17.75163073,16.89026319,13.22085097
781,11.40728967,22.09740003,10.52377513,15.80561207,9.598442717,13.01508003,17.55240035
381,17.21200863,25.91748148,12.14279825,7.319401022,16.37381016,8.703414115,12.33108635
39718,14.39474331,15.42328079,17.68723106,9.108228808,17.91477424,17.91637895,7.555362838
41028,12.92532072,13.95709547,11.76595088,13.61514517,18.48646633,17.85919044,11.39083099
3265,12.34978447,13.87196706,12.27268221,17.30165466,18.61325829,12.80415656,12.78649675
2706,17.47774579,19.52382426,11.26487606,11.90650042,20.43866739,10.43873105,8.949655022
3127,17.47774579,19.52382426,11.26487606,11.90650042,20.43866739,10.43873105,8.949655022
3209,12.57232923,15.31274949,13.65666659,15.9549732,18.65942716,13.39975638,10.44409795
35238,18.99001252,24.74903278,11.29902761,6.568984313,18.5331425,8.028083623,11.83171665
41518,12.27097245,12.83714815,13.64565563,15.75636747,16.7318969,15.40534266,13.35261674
2808,11.01554471,12.74360266,12.46625666,19.94245442,17.09921528,13.30855825,13.42436801
2875,11.74673846,13.1947484,11.71569704,16.95996291,16.68602069,13.99223544,15.70459706
22956,16.68849091,22.36883639,16.29073707,10.03863923,22.61823153,6.632501321,5.362563551
23900,15.64016469,21.1595556,15.51670075,11.63901641,23.10983691,7.046297066,5.888428571
32004,15.0173351,16.26085842,17.14965649,11.93599281,19.45579324,8.411403034,11.7689609
32490,15.0173351,16.26085842,17.14965649,11.93599281,19.45579324,8.411403034,11.7689609
32206,17.04053307,16.8880921,14.61449142,8.805807698,16.39079983,14.24028082,12.01999506
32669,17.04053307,16.8880921,14.61449142,8.805807698,16.39079983,14.24028082,12.01999506
32180,13.6101006,18.2638156,15.22295033,15.39924569,10.03929403,12.06127263,15.40332111
32649,13.6101006,18.2638156,15.22295033,15.39924569,10.03929403,12.06127263,15.40332111
32452,12.65214529,11.99713416,9.99350885,18.47720749,16.65370483,13.74079194,16.48550744
32878,12.65214529,11.99713416,9.99350885,18.47720749,16.65370483,13.74079194,16.48550744
6239,13.32953739,14.4820902,11.14116083,11.39943762,17.51170343,18.08700818,14.04906236
6599,15.30570079,16.24397044,8.867442768,13.77279631,18.45517233,15.24028003,12.11463733
7017,15.30570079,16.24397044,8.867442768,13.77279631,18.45517233,15.24028003,12.11463733
6258,13.79551428,15.51067901,14.53337196,12.75938331,18.86433442,10.25464242,14.28207461
6690,16.07814845,22.39122986,11.03565124,11.15148673,11.47555266,11.47568783,16.39224323
7123,13.65874466,12.70332337,11.88952232,12.26350837,16.94683398,21.23544594,11.30262137
7135,14.38721427,14.037727,15.01831825,13.70590872,17.93740656,11.91942451,12.99400068
6887,9.498970461,8.031013096,10.25589729,24.10293328,5.619483078,20.34033032,22.15137246
38717,12.10028511,12.63529778,15.83358431,16.6859388,13.14902273,17.21730971,12.37856156
9110,13.66500714,16.17961649,13.87829732,13.43248391,14.8503187,15.58622011,12.40805635
9535,13.66500714,16.17961649,13.87829732,13.43248391,14.8503187,15.58622011,12.40805635
10165,12.62522303,14.3068737,11.96655653,16.56980383,17.93748031,12.33510947,14.25895313
8847,14.59879865,17.77443956,11.24824759,13.64918257,20.50274133,8.426331063,13.80025924
9285,14.59879865,17.77443956,11.24824759,13.64918257,20.50274133,8.426331063,13.80025924
38032,10.60373968,13.92236475,15.9745794,16.85150175,11.93654664,17.79112864,12.92013915
37939,11.30820996,13.95022339,11.18241985,18.31576686,18.47704176,11.75421833,15.01211985
8117,10.65025863,12.88017125,11.46637908,19.7298007,16.42968747,13.58381789,15.25988498
28052,16.72636657,19.77614777,11.78448586,11.93061745,17.56199451,10.52180177,11.69858608
28450,16.72636657,19.77614777,11.78448586,11.93061745,17.56199451,10.52180177,11.69858608
29384,17.38206806,19.41795906,9.505032648,8.82194276,22.89464177,10.42318894,11.55516676
27932,12.07661476,12.96738683,15.448002,16.75207809,16.26224016,11.58783998,14.90583818
28350,12.07661476,12.96738683,15.448002,16.75207809,16.26224016,11.58783998,14.90583818
28590,20.16026793,25.21017112,16.16630882,7.491584191,17.48094274,3.676808604,9.813916596
29451,14.4378447,13.35157881,18.0608242,16.3382948,14.57654956,13.18577587,10.04913206
24561,12.78107555,13.46887566,14.27652909,17.83298525,17.66161516,12.17155979,11.80735949
38498,12.85001281,18.74595214,11.69813406,15.89045352,18.41991164,12.62682903,9.768706808
31222,15.49611413,20.56432641,15.32508476,12.39737405,13.64972937,13.55719946,9.010171831
31697,15.49611413,20.56432641,15.32508476,12.39737405,13.64972937,13.55719946,9.010171831
31420,14.97569123,20.83719063,12.26906021,11.889824,19.10041096,11.06207903,9.865743931
31890,14.97569123,20.83719063,12.26906021,11.889824,19.10041096,11.06207903,9.865743931
31129,16.86967443,21.50432191,11.67793937,12.61279176,20.71513722,9.042947337,7.577187979
31609,16.86967443,21.50432191,11.67793937,12.61279176,20.71513722,9.042947337,7.577187979
31033,15.31267237,16.26469046,14.41563879,9.986071441,18.64242047,12.85834388,12.52016259
31187,14.66145387,15.1271789,11.98740128,11.90879494,18.6844719,13.45980461,14.17089449
31664,14.66145387,15.1271789,11.98740128,11.90879494,18.6844719,13.45980461,14.17089449
22322,13.94198702,14.51526411,14.54477079,15.10005005,18.28528775,10.47752369,13.1351166
30865,17.08476344,18.01682405,11.09517486,9.571037652,20.20725981,19.46376544,4.561174744
28365,13.68929936,9.734503385,9.536707425,17.90426814,12.69403889,25.98585382,10.45532898
29005,38.51360403,18.01078542,4.206922108,0.04809726,1.576343255,23.58946503,14.05478289
27950,23.71737419,11.09136753,2.590698751,10.56959621,0.970740697,42.40503302,8.655189601
28028,15.27302677,19.58787621,8.788043312,14.1521694,18.92669124,9.348712642,13.92348042
28433,15.27302677,19.58787621,8.788043312,14.1521694,18.92669124,9.348712642,13.92348042
28889,14.43076023,16.24104826,15.47790961,12.26114866,16.59013548,10.96926926,14.0297285
29209,12.88057941,10.76195943,10.46689904,14.56592921,14.69128104,20.32947114,16.30388073
23265,18.29155097,20.95915342,15.89309821,7.141190607,25.21327719,4.772634546,7.729095065
23450,11.11914538,13.72097198,15.1117857,16.02029523,17.24674154,16.63262532,10.14843486
23939,11.90707718,13.30344051,16.24130132,14.92816768,16.10614995,15.58075016,11.9331132
23004,11.47246609,13.78848724,15.65718181,14.84178168,16.15729656,16.5098908,11.57289581
24518,14.33144172,14.60404221,16.01170127,15.18285566,17.50639095,10.67398719,11.689581
23301,11.38968543,11.78461142,12.90627133,20.03604251,14.13368617,16.73093297,13.01877017
22813,14.17334047,13.57979822,13.6971055,17.00890105,15.43519756,15.1493896,10.9562676
24068,16.77035267,18.5805868,16.98868454,9.126518713,18.86745679,7.89977355,11.76662694
23763,16.19781764,13.70841818,14.02665714,16.25479475,14.7322902,15.33687879,9.743143288
23447,11.81589755,9.980985846,14.8060894,17.93615163,10.5134887,22.35516919,12.59221769
24318,13.91255679,13.80695535,17.08730867,15.19998857,15.0581261,15.11098348,9.824081043
9848,14.31345975,18.31299733,15.88005035,12.34928019,18.50683021,9.344729925,11.29265225
9015,14.2423642,17.79782233,16.01358443,11.69244212,17.17366629,12.71823976,10.36188086
9438,14.2423642,17.79782233,16.01358443,11.69244212,17.17366629,12.71823976,10.36188086
13594,13.62793155,15.96358493,19.01041177,10.45533435,17.577007,10.81287205,12.55285835
9324,12.40767917,15.90295509,14.53474456,14.45412276,17.22689222,11.72883526,13.74477095
39953,12.89854666,15.01529376,18.05036541,12.18778455,18.09547562,11.56871685,12.18381715
9744,12.24990676,14.10136771,15.99477802,11.83009463,15.35909879,13.88314016,16.58161394
38685,12.66459355,15.29413563,12.91312295,13.7298345,18.82334033,15.84795,10.72702303
8895,12.5494433,14.51001971,16.44666419,11.78356883,15.90779426,12.96180199,15.84070772
10220,12.82950679,9.716182791,15.06566187,16.43907628,10.00870575,22.14755217,13.79331434
19334,13.45920572,14.04922939,12.78701243,13.71883988,18.01770971,15.9279875,12.04001537
19016,8.438875638,24.46730954,15.34586712,18.73577212,5.475287761,14.76384227,12.77304556
18588,14.25406331,19.80670402,11.6693296,12.27386426,12.44153603,17.13919036,12.41531243
18585,14.62593085,14.32229749,13.60686871,15.44101793,17.75850269,14.88158502,9.363797312
19014,14.62593085,14.32229749,13.60686871,15.44101793,17.75850269,14.88158502,9.363797312
19039,13.75112259,19.99545328,11.85500598,14.53185075,17.58769305,11.3709337,10.90794065
19309,14.20745265,15.71615129,14.85049787,12.40220401,15.42232857,16.37760075,11.02376484
18618,13.04615473,15.7641871,12.90721685,14.5831291,17.92119171,13.5695208,12.20859971
19644,15.36475518,15.89170966,16.3011876,11.20077299,14.378973,18.17560001,8.687001557
18653,27.0617616,12.65536149,2.956013233,29.76833429,1.107624862,16.57524646,9.875658059
19064,27.0617616,12.65536149,2.956013233,29.76833429,1.107624862,16.57524646,9.875658059
8228,10.03927338,12.47838155,15.26731316,17.99186426,13.04760125,16.33369886,14.84186754
38052,10.39044352,11.8897805,15.95419524,17.7305304,11.8857505,15.57437939,16.57492044
8993,14.2627824,13.43179781,13.6105305,13.82802914,16.43015636,18.54836216,9.888341641
9416,13.76853376,14.04384113,11.75003713,14.23824023,17.80508899,17.83158195,10.56267681
38525,14.1068458,12.75503733,15.01255695,17.95953373,15.60866979,12.58364699,11.97370941
9857,14.30322421,13.62356289,14.96615684,14.75936704,13.92095704,18.63874505,9.787986941
24520,22.12116636,18.77392353,15.96763945,6.11718321,22.72273739,8.881454994,5.415895057
24397,14.77821662,11.9962361,13.32319082,15.33849708,14.81301398,18.61540592,11.13543948
13019,12.35838767,15.0943369,10.18571239,11.44079528,19.98409787,14.97022155,15.96644834
10890,12.01369375,15.10876005,17.46354297,14.57485483,17.77372383,10.17378657,12.891638
11326,12.01369375,15.10876005,17.46354297,14.57485483,17.77372383,10.17378657,12.891638
12705,15.10163719,13.51426251,14.82991719,13.72067699,15.9169291,14.09924969,12.81732733
12547,13.81391033,16.39991464,14.69237609,15.57218968,13.54010635,13.9067696,12.07473331
11399,14.59943707,18.29316283,15.99626987,13.43890896,16.42712155,9.867694919,11.3774048
11389,19.61327021,27.35087783,15.68492764,3.757104695,27.94829384,4.141425064,1.50410071
11638,16.32850477,16.53890184,14.07223465,11.59656968,16.16788853,16.06695067,9.22894985
11810,14.99300422,13.66336085,14.26186675,13.8543022,16.77987856,15.41244028,11.03514714
13176,16.6186559,16.55046727,11.83661276,15.966231,14.47458413,12.72352456,11.82992439
7679,11.17983979,10.25713821,14.28895633,19.3719117,9.529412951,18.13069439,17.24204662
17059,14.43370965,16.05691378,18.72223643,8.810983012,18.29084561,13.51651257,10.16879894
17447,14.43370965,16.05691378,18.72223643,8.810983012,18.29084561,13.51651257,10.16879894
16280,13.83975968,12.26560063,16.20720437,15.13243191,14.94913712,15.07161018,12.53425611
16893,16.61706928,14.66379584,12.68064354,14.27245692,15.18426309,15.01009059,11.57168075
17337,16.61706928,14.66379584,12.68064354,14.27245692,15.18426309,15.01009059,11.57168075
17342,14.1713887,17.88592298,9.813816607,15.01288504,23.75156625,12.37401209,6.990408333
17348,26.94089785,12.59883987,2.942811031,37.59129231,1.102677967,8.991929769,9.831551207
34151,12.45995561,11.09258224,13.30774335,17.10705502,14.34889769,15.54893687,16.13482923
33238,13.49264659,10.74499988,13.54939611,17.98930502,13.95377955,17.64280018,12.62707267
33595,10.94305182,12.8423103,20.41399397,15.27573325,13.76969589,12.75847702,13.99673776
33939,10.28324647,11.70750987,20.58910086,17.10407277,11.08787679,13.38841728,15.83977596
2033,10.07053543,11.12692385,12.04427922,21.65605783,12.26457417,16.30819054,16.52943896
1151,9.831771163,12.40203978,11.4761807,19.91860927,14.73289871,14.44689392,17.19160645
32936,11.78354503,13.88622333,10.16850139,18.27722429,14.63067929,14.4764376,16.77738907
33416,11.78354503,13.88622333,10.16850139,18.27722429,14.63067929,14.4764376,16.77738907
7506,38.51360397,18.01078539,4.206922102,0.048097422,1.576343252,23.58946499,14.05478287
30581,9.574331538,11.34123397,16.45135074,16.8466334,11.89222555,15.25467058,18.63955422
29897,25.37584971,11.86694924,2.771857525,24.82385501,1.038621301,24.86244958,9.260417646
28780,16.24180053,16.69825504,13.72195694,9.183912275,17.68603278,12.79559086,13.67245157
27897,17.05849752,17.63813439,12.18621318,12.74371397,13.04028742,14.40219566,12.93095787
28324,17.05849752,17.63813439,12.18621318,12.74371397,13.04028742,14.40219566,12.93095787
28833,13.98382432,10.91760563,13.02865191,18.28111355,10.05253387,19.84401039,13.89226034
8551,15.99881277,20.51234262,12.56661202,16.17922912,8.10044543,13.79580326,12.84675478
8105,13.51106736,19.79771823,15.14777629,15.03726642,9.252462573,14.3709253,12.88278383
37913,14.16452996,18.72633056,15.35614105,14.38287457,11.69167977,12.9332751,12.74516901
38408,15.79959401,16.04951359,12.75578894,16.08831204,14.19688992,15.03712873,10.07277276
36836,14.69308896,13.09771617,11.84826511,17.00748546,16.52065341,15.95499,10.8778009
18860,10.51479388,11.12351652,16.34322573,21.14306824,5.524740612,22.70128536,12.64936966
19537,10.51479388,11.12351652,16.34322573,21.14306824,5.524740612,22.70128536,12.64936966
11685,11.65867831,13.95278554,16.45283376,16.70953462,16.0127351,12.98430111,12.22913156
36671,15.2879934,16.58907315,12.18504509,15.07932931,16.79544194,15.53761461,8.5255025
12099,12.32159068,16.42377496,17.12615255,14.33903691,15.6302746,13.59840682,10.56076348
12724,16.4105755,12.63049518,10.66620454,17.27138735,16.93769551,15.08152978,11.00211214
14988,11.41662004,14.11842585,15.41678311,17.30108106,18.65116971,12.32958707,10.76633316
14699,11.88138299,14.35662119,16.50226757,16.05290452,17.81895061,14.28823753,9.099635584
14418,12.62329813,12.52945301,11.27653627,18.07105555,16.76689645,18.88300769,9.849752901
15216,12.45401038,11.83985024,10.88223086,18.80301289,15.93253579,19.71290435,10.37545548
14854,14.72504445,14.27761201,16.12637709,12.82201953,16.77053224,13.60518681,11.67322787
14467,14.4711137,13.45568875,15.74626911,14.07500438,16.92548411,14.22242469,11.10401525
15181,12.12550572,12.17342893,15.01720377,18.09706396,15.75434799,11.44831342,15.38413622
15254,16.64702703,13.29615589,10.67227626,15.1827761,18.4811529,16.65583619,9.064775625
14376,11.03664033,11.97919339,13.16414538,20.80591916,15.09247182,14.49621977,13.42541016
15722,13.31639212,10.51453385,12.73971481,14.53365657,12.70891477,16.9670579,19.21972998
14098,8.867655288,11.27639928,15.35100951,21.02872982,12.28362351,14.60791186,16.58467073
40013,10.10376038,9.539992842,13.61591169,19.29319803,10.2204011,14.60268484,22.62405111
13670,9.293243836,9.787188856,14.81015394,20.11133024,10.08397942,14.5674245,21.3466792
39893,9.262565167,7.47770841,12.85270205,22.63408105,8.013416664,18.74706126,21.01246539
14282,8.129041046,8.481482935,12.56731138,22.85163376,8.002522865,19.67725693,20.29075108
13825,8.126058577,8.449333634,12.70024922,22.67580437,7.937930457,19.54313699,20.56748676
40113,10.73021836,8.525958652,13.41848281,20.01331842,9.133765504,24.39305932,13.78519693
13541,8.946666177,7.357465004,13.44558269,23.41723729,6.549391308,19.33206807,20.95158947
13779,8.165346228,9.69302264,13.15647531,23.3539717,7.412480334,25.82838043,12.39032336
13993,9.36572987,9.05205747,12.215549,22.29036436,7.356442982,19.19626297,20.52359335
14204,38.51331425,18.01064991,4.206890455,0.048849303,1.576331394,23.58928754,14.05467714
22804,12.48920538,13.12196072,13.78070747,16.17999036,18.06491649,12.4981584,13.86506118
23295,12.48920538,13.12196072,13.78070747,16.17999036,18.06491649,12.4981584,13.86506118
23436,15.65763786,20.00176985,11.69056651,13.00593081,21.66791494,10.15721032,7.818969703
23674,14.69675792,18.06259853,16.01531267,13.42948248,17.97262834,8.452017712,11.37120234
23875,12.16257444,11.9811722,13.47315363,15.08563975,16.04165474,14.74749635,16.5083089
23209,15.85713019,22.06504223,10.77212465,12.19200665,23.16615378,8.408003188,7.539539295
24137,16.15460623,16.58337593,17.01825072,13.23608667,20.47559054,9.011319988,7.520769923
22714,15.79479036,20.26209718,15.16602039,10.87977013,22.86735085,7.551667294,7.478303794
23326,14.54241182,15.26221895,8.978842087,15.1856168,19.31347536,15.47655686,11.24087812
22846,12.91061659,12.51508405,10.62146389,18.51620731,13.72105988,17.95351768,13.7620506
41326,14.3848061,14.12551246,11.69178469,15.78208186,17.60232538,15.49500409,10.91848543
23819,14.40113651,14.99010701,13.79715071,14.05332073,15.99371565,14.41639174,12.34817765
22868,14.73517916,14.83025914,13.66230538,15.37129049,16.16642051,13.15626204,12.07828329
10573,9.775045068,11.28043153,17.18813964,16.60507724,6.623747412,23.33884313,15.18871598
19824,14.82273785,12.12295986,17.73018267,13.31949415,14.24271782,17.71335752,10.04855013
19801,10.75202483,17.4774898,15.76004098,12.43462553,16.00735318,15.05588189,12.5125838
18760,10.60854462,8.889257461,12.58572378,19.23549511,7.543999969,23.96403477,17.1729443
19293,12.61424213,17.07704669,7.650273001,17.99360551,23.70612444,15.13013249,5.82857575
19142,10.57075905,8.510593706,13.2274782,23.05194914,7.746855565,21.55863887,15.33372547
7931,8.686231345,7.414955671,10.61918075,23.48166502,6.276093747,21.01739305,22.50448041
19295,16.02859831,9.397527262,14.30603367,17.67868539,5.958082772,25.32948541,11.30158719
18998,27.92722744,13.06009431,3.050549891,27.52224593,1.143047962,17.10534165,10.19149281
19000,25.13593298,11.75475281,2.745650916,5.384183006,1.028801625,44.7778139,9.172864753
17189,11.45219123,10.71775443,14.94683715,18.1808522,12.10001693,20.53514648,12.06720159
18132,9.953951593,10.75977586,14.56291888,20.26138659,10.73832394,20.48077264,13.24287049
17987,12.39973369,18.26168753,17.13289256,10.11849784,15.45451545,11.80200495,14.83066798
1780,17.8932832,24.82953844,11.11868294,9.563808908,19.90554368,9.301956184,7.387186644
895,18.46776788,25.45423524,10.35080359,8.983253618,20.92613102,9.333877973,6.483930679
36396,14.56431189,16.48062886,16.71032793,12.37197789,14.57046579,12.97254291,12.32974474
36365,14.60290762,16.99869882,12.35506889,11.81220868,18.17794033,18.64403,7.409145657
35866,15.90184424,15.66093951,13.5534467,11.85814616,19.25643943,15.19709243,8.572091532
2615,11.42180877,9.51132361,15.31030641,19.90944729,7.036748411,18.86261677,17.94774874
36242,12.5135317,12.94013863,12.96373156,17.33819208,13.85789108,17.2614033,13.12511166
11082,11.56640333,9.922738135,9.036168623,20.59802119,13.17568605,19.04040047,16.6605822
11503,11.06246027,14.90271506,12.42208949,18.6547502,20.04420369,12.42959938,10.4841819
11079,11.86930801,13.26082232,11.8317012,17.03169891,16.19453196,14.47054533,15.34139225
11507,11.22939683,11.26087842,8.939546288,20.19249027,15.92993109,17.15499402,15.29276308
11504,25.05913521,11.71883854,2.737262133,34.96562297,1.025658329,15.3486439,9.144838915
9841,14.33075348,15.3157164,12.42601662,16.06394886,14.79035206,12.50182413,14.57138845
9209,12.19575727,13.57836212,15.38838164,14.11407614,16.00521052,14.15654049,14.56167181
9607,12.73440489,14.02191271,15.46540746,14.30550652,16.48045422,14.86551735,12.12679685
9426,13.58827065,16.39394202,18.00911931,14.35971943,15.88266991,10.91119904,10.85507964
10293,16.28429785,16.39811681,11.91336652,14.67373781,15.57812055,12.60557155,12.5467889
9003,14.16450535,15.73248024,17.0389114,14.52490779,15.31924402,11.71590612,11.50404507
38563,15.03995669,17.18450776,11.83526105,9.467316546,24.46320297,15.3895571,6.620197884
9903,10.80936391,8.170546549,11.66896294,20.9145753,7.544637399,26.38928156,14.50263234
9053,10.58773906,6.241669241,12.16065722,21.89429934,4.941096427,26.34153308,17.83300562
13102,12.6079822,14.70496728,13.25864542,15.71877604,20.00500667,12.43314008,11.27148231
13035,13.16438556,15.89270859,18.66085422,13.4678252,15.98198788,9.817776527,13.01446203
11410,36.43331449,17.0379435,3.979687699,5.446940163,1.491198006,22.31529403,13.29562211
31214,14.3574484,15.65929529,11.36331109,10.1657013,16.60314392,23.65340475,8.197695252
31267,12.21358879,12.03532495,17.66961958,16.62343743,13.26227517,13.40891062,14.78684346
31732,12.1578371,11.99357947,17.68585768,16.75021798,13.04779231,13.53275039,14.83196506
31691,14.26481231,15.71831797,11.6344426,9.725920876,16.18467392,24.04793022,8.423902097
31134,15.8190732,13.79605178,9.020139745,13.62120022,16.99960499,16.97804908,13.76588099
31602,15.66374039,13.73990826,9.219292962,13.81568448,16.72171277,16.83217867,14.00748246
5230,12.22357753,21.86100329,15.21138052,11.1031776,10.44609139,11.85016579,17.30460389
4904,13.58189737,13.01829611,18.59975446,17.71181914,11.55095601,12.38386669,13.15341022
20554,32.88517297,15.37866447,3.592116726,14.65520578,1.345974284,20.14206817,12.00079759
3324,15.73843904,11.72611066,8.947067402,15.93361332,13.11334936,22.02781063,12.51360959
4363,14.07532324,15.27757027,14.98496728,10.60737732,18.11850618,16.68692535,10.24933036
3481,15.77406936,16.04563581,12.24568075,10.14323813,19.03203031,18.11798858,8.641357062
2941,8.389923052,9.990240238,11.27629934,26.72469966,9.999293413,18.7672338,14.8523105
3325,8.389923052,9.990240238,11.27629934,26.72469966,9.999293413,18.7672338,14.8523105
3045,13.48222564,11.83772448,12.05274204,16.82028973,14.04697421,22.40958294,9.350460957
3418,13.26671165,11.59583074,11.97738352,16.86916168,13.79004934,22.84814289,9.652720182
4485,13.48867443,13.81158424,12.83856881,15.1633569,16.77263086,16.38924735,11.53593741
10213,10.83085786,12.03582598,10.36751708,18.88193917,15.95851636,16.33076155,15.594582
39653,11.76117196,9.711179075,17.67677494,19.50987496,7.175754318,15.85535551,18.30988923
39166,17.14181002,23.93937596,14.38844528,9.189458518,24.4999521,6.439256301,4.401701822
3075,13.52013899,15.74063245,14.44113769,13.39419323,18.07183513,12.70763461,12.12442791
39260,13.26094087,14.16972658,15.04410067,16.51388449,16.69969194,11.46387523,12.84778023
2635,13.19036593,15.92509502,13.90231262,13.33267759,20.07610695,11.07093745,12.50250445
2688,12.59547668,11.42917982,7.187242543,20.63479744,16.59452909,17.17454578,14.38422865
38817,14.15776156,11.29305554,5.714921269,16.71340409,15.90787071,19.09425513,17.1187317
38766,13.79256167,16.59784354,12.37755292,15.9589109,21.43764074,9.689702004,10.14578823
32051,13.20571142,14.7189328,14.25309258,15.89641053,18.12534018,11.51637815,12.28413434
32533,13.20571142,14.7189328,14.25309258,15.89641053,18.12534018,11.51637815,12.28413434
32461,13.75798365,15.55018959,10.53977903,16.85923884,21.45667152,11.00442874,10.83170864
32895,13.75798365,15.55018959,10.53977903,16.85923884,21.45667152,11.00442874,10.83170864
32460,12.47166006,16.48698426,15.47662951,16.12476273,14.88558466,10.53379669,14.02058209
40789,12.67835067,10.96150869,14.28078958,18.51321315,15.05092192,16.69631528,11.81890071
4330,14.98739667,14.427632,13.41097911,13.9425614,16.57186402,12.42397888,14.23558792
3444,14.67599786,14.44097623,14.99735973,14.63383675,17.59613186,10.96952466,12.68617291
3911,16.27527612,16.95260819,14.82326034,11.49704379,20.33641708,9.888228595,10.2271659
3950,13.45108451,14.94875503,9.956643001,17.70738607,19.58640928,14.4204346,9.929287501
4165,9.36464113,10.01822213,9.684821175,25.05524191,10.02502188,17.2230383,18.62901347
2803,17.77908285,30.21687823,17.92539006,9.871712995,9.562749223,8.44455484,6.199631797
3204,17.28892231,32.16050026,14.35330905,11.26228071,9.435762868,9.756358071,5.742866744
39251,14.23454567,19.5894185,13.9822526,12.87795508,11.9241917,16.53804966,10.85358679
3068,14.27916293,19.62299165,14.84281487,15.06936162,12.6100516,14.23406822,9.341549128
2623,15.19163439,16.66420918,13.35613499,11.23232741,15.26454418,17.92256666,10.3685832
36774,15.67320162,14.28735884,13.98155967,14.64320307,16.4615949,14.27540129,10.6776806
39019,14.33147427,21.02244757,14.47216334,14.19437551,12.07774158,14.58026035,9.321537381
38798,11.90796404,12.38062059,9.730390478,16.93056665,15.57528243,19.253146,14.22202982
2664,13.04912771,12.66384553,7.783725918,14.6887592,15.80594236,21.20125421,14.80734507
2879,13.42602484,19.07468905,14.85885974,15.88445815,13.25067947,13.55019659,9.955092151
39485,21.47235411,23.26297661,12.21178287,7.471955326,21.40173361,6.792012765,7.387184715
3411,13.79791809,15.92557586,11.64919777,16.6533782,18.67451292,13.38340207,9.916015096
3054,13.38768557,14.6560084,11.68792865,16.5508662,18.46666529,13.94381697,11.30702892
3166,12.29712851,14.91995487,14.94442213,13.75270714,16.16818568,12.9158543,15.00174737
2751,12.28506947,13.35117165,15.80864788,16.13476438,15.58715578,13.07085158,13.76233925
39314,14.17793644,15.12988127,13.87885943,11.86284288,17.638098,19.2109913,8.101390678
38880,14.87227477,14.18116555,16.59487215,13.87046318,16.08521909,15.0172022,9.378803061
39232,13.09676738,13.36105793,11.94027474,15.6127613,18.6933604,15.20081794,12.09496032
35043,13.17049698,16.63558847,23.21893464,9.844751814,20.2180822,9.647760603,7.26438529
33463,17.66571524,18.04417858,10.63616376,11.21931181,18.63777863,12.08791612,11.70893586
32979,16.62934238,17.21249381,9.310580937,11.84055985,17.64628461,13.09705073,14.26368768
33907,14.94605564,14.94629194,11.9819035,13.34935556,15.10555952,13.38320964,16.28762419
34083,10.4476479,12.68311394,11.89555222,18.18192866,14.57116336,20.11714455,12.10344937
34395,13.93065842,11.5520566,18.4198593,14.95246757,11.54630037,12.56944682,17.02921092
19637,12.76193573,12.5122157,17.9355742,14.7204758,15.87939054,12.28621929,13.90418874
39059,13.20999441,12.99807919,11.64330724,13.00841398,16.52163484,18.23352905,14.38504129
3309,14.42939456,14.13582436,12.97710212,12.67592519,17.06646952,16.54927765,12.16600659
39440,16.59143766,15.67627109,14.39698616,8.338272887,15.61147235,19.16777148,10.21778837
2926,12.38946698,13.75972374,12.21562248,13.10672033,17.27274415,15.47396519,15.78175712
39506,13.55581935,12.85993068,13.81142196,14.69100051,15.78838586,18.48694013,10.80650151
28878,13.07612594,14.60575627,16.62215332,15.39013619,15.20792386,11.69646772,13.40143669
29307,13.38031658,16.03560794,15.83450456,15.17055822,16.16544015,10.24753198,13.16604057
19385,13.76140795,12.42974685,14.25125574,19.71286538,15.30936214,13.83110869,10.70425326
19751,12.95351224,10.29604734,16.22351238,14.27015003,9.730629584,20.79246767,15.73368075
18727,13.28464194,12.22479526,17.17777648,16.97711661,10.62526076,16.62095189,13.08945706
19713,11.28536701,8.441058359,11.91695473,22.54199048,8.917083623,22.81218278,14.08536301
19426,13.11755561,10.15550652,15.50035513,17.3356843,9.623445795,16.81950961,17.44794304
21875,12.85071835,13.87498958,8.300153259,15.83597571,16.21415456,15.51921632,17.40479222
20957,13.10173234,14.42010303,8.784556318,16.18072565,17.07268099,13.83460841,16.60559326
28991,36.43331449,17.0379435,3.979687699,5.446940163,1.491198006,22.31529403,13.29562211
29411,38.51360397,18.01078539,4.206922102,0.048097422,1.576343252,23.58946499,14.05478287
26035,38.51360403,18.01078542,4.206922108,0.04809726,1.576343255,23.58946503,14.05478289
25087,12.71375193,17.72655267,10.69579057,14.94523408,15.84222753,12.27727008,15.79917314
25043,13.13788906,20.78311457,12.84330558,15.90529477,16.31927706,12.12622507,8.884893886
25705,15.33011617,15.82127159,12.61025028,15.11952173,16.85488988,12.96346373,11.30048662
25051,19.60365477,17.05498894,12.8210904,9.916640514,22.96625184,9.157359756,8.48001378
24605,14.06684335,19.14505947,15.86892472,13.76282716,18.86146816,11.51698954,6.777887597
25382,15.37267686,14.38302907,15.36961209,12.29086256,15.41028183,12.2305575,14.94298009
24669,11.98592304,13.32912229,15.64285385,14.62624088,17.11258783,12.0566385,15.24663361
24650,14.27197849,14.77519604,15.41248394,14.06769325,15.84780938,11.55852705,14.06631185
25343,16.65878017,15.51373422,13.23921338,13.9813913,18.41413439,12.60391315,9.588833396
24616,16.72109072,13.73451255,11.47933154,14.14033329,19.13902842,13.11143953,11.67426394
25393,10.97495046,11.08384588,17.16150484,16.12196741,14.28391534,12.43111114,17.94270494
25356,14.75395167,11.43026332,11.06459716,18.72252549,15.51860722,17.01552861,11.49452653
29684,13.34600909,14.79821119,16.73227494,13.11304565,17.1052955,10.97057484,13.9345888
27022,15.24756239,14.49028082,17.12733082,12.6606355,13.73174095,12.43914028,14.30330924
30117,11.51224393,14.20394293,14.81064731,15.51850658,15.85548662,12.87297871,15.22619391
27474,13.01716606,12.65607338,14.89372571,16.42489695,13.95391792,15.60683966,13.44738031
30077,13.14949356,15.2792298,16.75975906,13.45772351,17.57646172,10.15415626,13.62317608
13139,18.99807631,17.38403859,13.51121949,11.47465226,17.86247534,13.64578719,7.123750824
4364,13.22164608,15.2045343,16.60645074,15.28062058,16.41217212,11.11290807,12.16166812
3484,12.66073262,14.66568521,17.71462156,15.24023803,16.13081614,11.13827245,12.449634
3939,12.51904788,14.54585088,17.30829029,15.67992062,14.40326984,12.27514321,13.26847728
4042,15.46193986,17.44257564,10.65382309,15.2024577,16.49926951,13.62692958,11.11300463
3579,10.47706818,11.18401147,12.62294826,20.58111598,9.818310862,16.04882591,19.26771934
4019,11.96620814,12.99260398,13.01373062,20.33327308,11.49684366,13.67496636,16.52237416
3600,8.515879818,9.575330375,12.04060578,25.40714977,7.861010819,20.23884025,16.36118319
4683,14.08768236,15.76762073,9.73959254,14.50931801,18.86666447,11.99219839,15.03692349
4741,16.00485672,19.63942482,11.27468446,10.89427095,19.71127738,10.86733677,11.60814889
3783,14.49470748,16.29858357,8.895739861,12.92614169,21.05688989,12.24977287,14.07816464
3857,16.9635386,18.59858369,13.38692732,8.885546774,22.36585764,8.869985296,10.92956069
4191,13.61622502,15.15033734,9.862688403,13.65820406,20.73689847,12.87627956,14.09936714
4776,9.280727026,11.01522508,12.74794096,23.24749343,10.15205189,18.06739218,15.48916943
3877,8.86307387,9.763405724,13.32515946,27.25712135,8.170765009,18.20084348,14.41963111
24813,38.51360397,18.01078539,4.206922102,0.048097422,1.576343252,23.58946499,14.05478287
2288,14.66306071,13.69334877,11.79249626,11.61284468,14.26805691,20.6164239,13.35376876
5064,12.48498415,10.55396789,14.84681806,18.14027142,13.79331624,17.29542229,12.88521996
1236,10.37088489,11.89610879,8.742213724,19.60078131,15.43957297,15.33081572,18.61962259
2128,10.24882338,10.96923098,8.620415118,18.27800195,14.38993442,17.40366863,20.08992553
962,9.628134023,11.24059341,15.31563883,19.43481912,10.40903961,14.28007581,19.69169919
1389,11.45986073,13.0074868,15.20624984,17.07081801,12.4289223,13.34534457,17.48131775
1842,9.071237607,10.233059,13.58525418,19.70096561,8.776745905,17.17342819,21.45930951
40926,14.29023286,10.7241607,11.68368262,18.20596101,7.716073685,24.11953221,13.2603569
15056,13.06720313,17.39582158,15.17195387,14.62135633,16.85770436,10.93496585,11.95099489
14737,13.98443155,16.69424943,14.77992048,13.75908114,18.10330609,10.8475547,11.83145661
15447,16.96887696,14.91214523,12.15120461,12.7108,20.19095573,12.50251985,10.56349761
15414,10.57704068,12.32681434,12.15295354,20.08782911,14.61532735,17.43877134,12.80126363
14735,13.09730311,10.9367692,11.13004131,15.21037448,14.15319459,21.84982749,13.62248983
15054,13.09730311,10.9367692,11.13004131,15.21037448,14.15319459,21.84982749,13.62248983
15444,16.69241088,18.83848395,12.61737246,9.716851627,17.75271884,9.48922086,14.89294139
13867,16.42463538,24.37120087,8.216887372,17.94818483,8.978017387,11.52854704,12.53252712
13400,16.94668675,24.40041012,8.589146822,16.38011801,10.90840245,10.46380729,12.31142855
13871,19.73810162,36.03419135,12.34693868,7.859934271,12.50919661,5.554631299,5.957006171
39737,14.62673199,19.72705252,9.655046996,15.89538196,12.41683692,11.2466598,16.43228981
13907,12.04222763,20.23560649,14.82123758,13.24980285,13.02768632,9.739451643,16.8839875
13414,18.71259634,15.43145027,11.00942758,12.46339853,19.02146137,9.544549326,13.81711659
38293,14.94044489,14.41630629,11.95218366,10.55750744,19.13310943,14.04463451,14.95581379
13405,14.11347168,23.02808278,14.32082348,11.36322942,16.21558475,8.453537692,12.50527019
40236,13.21721472,18.70655476,9.498678022,14.73501766,14.97384311,11.53462991,17.33406181
39743,12.68769555,19.29880958,13.91917096,12.0373876,18.79058002,9.895547952,13.37080833
15052,17.52734861,20.42382488,10.30118938,11.36509107,21.97614268,9.955576107,8.450827272
40455,18.00552684,16.68695617,11.77402342,12.27322619,19.01031376,12.48431093,9.765642686
15592,17.82196367,21.71661585,17.0691852,12.47594214,11.85968626,9.191025518,9.865581356
14733,17.18433339,22.33410565,11.62120457,9.625606505,18.78688969,9.030752407,11.41710779
14254,25.05913521,11.71883854,2.737262133,34.96562297,1.025658329,15.3486439,9.144838915
40210,43.14523416,20.17675505,4.712844825,0.053881417,1.765913644,14.40036562,15.74500529
11100,20.23748599,31.21874547,10.91100882,11.61397854,0.567597119,9.038801972,16.4123821
10605,14.31455297,27.74981866,19.39153729,14.534075,3.159526204,9.335105254,11.51538461
11053,14.09224268,23.35337818,17.75563629,14.47292284,6.224094359,10.48957285,13.61215281
11515,14.09224268,23.35337818,17.75563629,14.47292284,6.224094359,10.48957285,13.61215281
20407,12.65316359,18.66505384,16.43505462,12.46296722,9.115825542,13.60621248,17.06172271
41705,12.90509657,17.76086633,16.21300578,13.01592831,8.693755711,14.71990616,16.69144114
35803,15.05004817,21.45185144,12.52507003,12.57618954,16.32060862,8.358674052,13.71755815
7666,12.84211372,12.60958226,15.54277767,14.69878751,14.48620873,17.82475982,11.99577029
6305,11.60141397,10.42692403,17.15147468,17.11008513,12.26568595,16.13752872,15.30688752
6729,11.60141397,10.42692403,17.15147468,17.11008513,12.26568595,16.13752872,15.30688752
6575,10.35841577,8.908233401,11.26570028,21.33486557,11.14390214,19.91112219,17.07776064
6984,10.35841577,8.908233401,11.26570028,21.33486557,11.14390214,19.91112219,17.07776064
6478,9.237349094,7.874835735,11.21498344,24.25578676,9.600098763,20.04321197,17.77373425
6894,9.237349094,7.874835735,11.21498344,24.25578676,9.600098763,20.04321197,17.77373425
7029,19.80386322,21.07783587,3.245861362,1.812078386,18.50434148,30.34065835,5.215361335
2315,15.00951977,13.23574548,13.76359956,11.97369201,14.2575882,18.92550099,12.834354
1419,12.22268282,12.99924143,17.42252376,16.10455554,13.95550172,13.44314033,13.8523544
649,19.16541371,16.68389045,8.660965059,9.704649512,15.61925458,25.54701147,4.618815217
10563,16.65055115,16.89465429,13.26161431,11.05507804,16.86508874,12.41357991,12.85943356
34531,12.16664618,13.63625252,15.21703667,16.02869444,15.61896846,12.40706023,14.9253415
34009,14.06335148,15.77379457,12.53984078,13.57863865,18.05378563,12.37731159,13.6132773
33136,13.17487703,14.61379354,14.47640649,12.75863461,17.10061656,12.59505861,15.28061317
34064,13.1062799,14.84774222,14.25503856,12.74928407,17.57565705,12.0494022,15.416596
34481,12.35672166,12.99753616,14.73300514,14.95418081,16.14307704,14.92242104,13.89305815
33034,16.95240005,16.11649705,15.18299922,8.479580406,19.29033604,20.49577994,3.4824073
33922,14.26335988,12.22708219,13.30932503,13.49284502,12.22101349,21.16291449,13.32345989
1249,10.16210281,11.41675849,16.17541539,19.04121635,12.72350046,14.26192887,16.21907763
1660,10.16210281,11.41675849,16.17541539,19.04121635,12.72350046,14.26192887,16.21907763
32980,15.74713921,13.73766226,11.98642164,11.93592814,13.28744231,20.76964229,12.53576415
1139,13.97811354,14.01283469,10.50793978,14.96103146,18.18237634,13.33991352,15.01779067
34644,10.12665637,10.21676364,13.98079694,21.03727516,10.78424896,16.40822556,17.44603337
1197,12.27404998,10.00789695,12.89300719,16.99915936,11.93216196,17.44258113,18.45114344
1607,12.27404998,10.00789695,12.89300719,16.99915936,11.93216196,17.44258113,18.45114344
1541,8.519043298,9.351325986,11.79752495,22.21546895,11.66187588,15.93931321,20.51544773
41625,13.31330641,12.03520724,15.70479999,14.4668441,15.57765359,13.70505027,15.1971384
20374,13.11014177,12.28883654,15.99122773,16.33073954,15.4235149,13.01617438,13.83936514
21031,17.34375507,16.71890834,10.9119463,13.98553811,16.54062277,11.56884787,12.93038156
22382,16.33823024,14.82727234,13.98477103,13.40122567,15.4832381,15.26374934,10.70151328
21747,12.97732458,18.93567405,15.53501532,13.46218597,19.40666474,12.87118565,6.811949679
21931,17.96640374,17.05695479,12.20952361,13.28542531,16.166224,13.44107886,9.874389692
20483,14.07064731,20.22040288,13.99858518,11.83256891,8.725619335,14.22167921,16.93049716
19980,15.98349906,19.26592409,12.91095578,12.45070544,11.6059301,13.13473512,14.6482504
20533,17.78468477,25.90872336,5.155421248,11.17412396,21.74571497,9.903922913,8.327408783
20012,13.52546089,16.73288725,15.1297959,12.27792632,13.65129422,13.44709285,15.23554257
41213,15.39154218,17.36002022,13.05755973,13.23163849,12.301099,14.16351133,14.49462905
20452,18.23632469,22.03083039,13.36489336,11.8163218,17.36475404,8.256706109,8.930169611
20474,17.7887028,19.80497948,12.84348634,13.57161863,20.55781445,8.293952311,7.139445993
20000,16.37319502,17.06437563,11.28058124,13.67037063,19.5962382,10.920631,11.09460827
41230,16.40777351,15.98569854,10.12721546,13.51944442,19.11897286,13.57165839,11.26923682
39332,14.53544712,13.74891171,13.33555506,17.67854329,14.46151469,16.23952784,10.00050028
32136,11.7976313,11.19914079,13.11212367,19.00941482,14.15993354,15.12066495,15.60109094
32614,11.7976313,11.19914079,13.11212367,19.00941482,14.15993354,15.12066495,15.60109094
32398,12.180482,15.39968563,12.39569362,16.1308508,17.58334236,13.34119164,12.96875395
32858,12.180482,15.39968563,12.39569362,16.1308508,17.58334236,13.34119164,12.96875395
32066,12.92540043,14.36134736,14.14616571,12.73362754,16.03011675,13.96643338,15.83690884
32562,12.92540043,14.36134736,14.14616571,12.73362754,16.03011675,13.96643338,15.83690884
32241,16.19755691,14.94042866,11.38930974,10.81056178,18.65462633,13.26430856,14.74320804
32710,16.19755691,14.94042866,11.38930974,10.81056178,18.65462633,13.26430856,14.74320804
41581,14.25213957,15.71915002,20.1928136,11.25020698,16.02682141,14.7261298,7.832738613
20309,11.90261065,11.51401691,19.22846706,17.28096455,12.23412482,15.19613786,12.64367816
41080,8.764979869,9.499828667,10.88508087,20.6078169,10.17321555,20.15956744,19.90951071
21543,15.52483625,12.27073287,23.32578554,12.18647916,8.645658092,18.18437933,9.862128764
21688,16.65637431,11.32750881,10.75032461,20.13415345,6.464783556,19.79497907,14.87187619
24388,19.58644132,13.32163575,11.70685314,15.59874118,12.91000902,19.51300088,7.363318713
41016,9.693022105,8.887548816,14.14087863,23.11349325,7.205023905,20.37096767,16.58906562
1459,13.80972153,15.960474,15.9441916,13.09712567,20.21777901,8.08220439,12.8885038
1646,14.6306657,13.78086564,11.19696431,14.70679713,16.68642174,16.8837292,12.11455628
1972,9.398174417,11.05700567,14.02541464,23.31101464,10.73913033,15.91946034,15.54979996
1491,10.66351753,10.95022848,10.33996089,22.25131834,11.85490056,17.80841388,16.13166033
1509,7.668667263,10.29877624,16.40323803,27.15086789,6.58947873,17.53817177,14.35080009
30769,12.40326122,13.18258298,12.99205964,15.89624203,16.37658942,17.36504445,11.78422026
30080,12.06021549,18.79902692,12.4674936,15.26509745,18.62506087,13.10492443,9.678181241
38739,13.79425962,17.37374096,11.92014587,12.96950718,20.56001831,11.40803575,11.97429231
22551,11.30532448,13.70092059,15.0762965,16.50606604,16.70161744,12.36946302,14.34031192
25725,16.06107691,16.74576618,15.61450229,11.38364446,18.65789027,13.45802143,8.079098456
22158,12.47278202,13.6593611,12.28466332,16.65352708,16.06283647,16.02887647,12.83795354
29674,24.67666564,11.53997765,2.695484177,35.95822187,1.010004034,15.11438246,9.005264163
12974,12.25463348,11.37715046,16.29878616,19.45588115,12.93978946,13.91525416,13.75850514
32036,9.29712694,9.775056094,12.05159471,20.56485618,7.419433682,16.16525112,24.72668127
32515,9.29712694,9.775056094,12.05159471,20.56485618,7.419433682,16.16525112,24.72668127
22113,12.95590003,10.95977596,14.90534223,14.93836728,12.8752871,14.99394684,18.37138055
21218,11.43478583,10.86823413,16.36417689,15.98562824,13.11003114,14.36450748,17.87263629
33851,17.92359919,21.34650171,4.624471418,11.58022222,30.79990979,9.13701064,4.588285028
33448,14.40277378,14.46529997,13.28285628,14.97959371,18.69313748,13.97249721,10.20384157
33885,13.8540061,17.03500165,17.27158152,11.52986974,14.48047043,10.50462183,15.32444872
33461,13.24242261,17.35972035,17.76662763,14.40910166,18.00995948,9.358864507,9.853303758
32959,13.93639829,16.82243491,16.88927727,12.37117885,15.14853719,11.51184499,13.32032849
32978,14.5856471,17.89469202,14.70490048,14.53369393,21.57455684,9.142643244,7.563866384
33895,14.50529869,16.34192606,12.0343102,15.21968805,21.11045304,10.72223496,10.066089
33768,14.93496615,16.45021351,16.21560517,11.94756406,21.27938193,9.545022444,9.627246728
34390,12.38632852,11.21104622,15.93514933,18.054224,13.19370895,16.43631704,12.78322593
22596,14.70703714,15.95258387,12.77811163,14.46581453,20.62499678,11.48451471,9.986941337
22356,13.21380094,13.34406064,13.67831896,14.61559975,18.0761196,13.63928025,13.43281985
21211,12.58524872,13.38847454,19.36944663,19.29496671,9.647545927,14.09600145,11.61831604
21605,12.58524872,13.38847454,19.36944663,19.29496671,9.647545927,14.09600145,11.61831604
14292,15.81625203,12.31053077,16.05401036,15.95790562,13.63689452,19.70210505,6.522301646
13858,15.28001506,11.81674241,15.41026744,14.73552361,12.68201664,20.12443522,9.950999628
39842,10.054627,9.067680716,11.63699544,21.02524578,11.84912296,18.12055002,18.24577808
39951,18.97945871,18.52509344,7.99729396,10.40278654,24.290216,15.40102567,4.404125684
14000,13.32403746,13.44196255,11.006099,13.83476277,19.10335406,12.49814421,16.79163994
13555,17.21036718,14.05046885,13.57370725,11.99253655,19.27171587,14.81802389,9.083180407
13678,11.69967561,14.99005255,11.3381016,16.60800853,18.55994497,14.8421028,11.96211394
40012,11.62100215,15.35403277,9.641740614,16.28447045,20.24066136,15.51762571,11.34046694
40215,15.38625193,11.68805669,15.18105347,12.47979939,10.8798661,22.89262902,11.4923434
14295,38.49272171,18.00101986,4.204641088,0.102291817,1.575488552,23.57667467,14.0471623
41112,19.26741055,18.77221728,9.291544638,10.91708166,17.98414339,11.92430898,11.8432935
12830,13.1178982,13.4963355,15.69349246,14.85703558,15.89602247,11.86575253,15.07346325
12167,13.80819659,17.07778979,14.68904438,14.30863777,19.57870743,12.22908864,8.308535394
12383,11.08430325,12.744418,15.37253322,17.42158945,14.74095666,12.85196741,15.78423202
11991,11.67863466,12.0910182,18.24648305,15.07880925,15.05595035,12.27938378,15.56972071
11906,11.87630868,15.55710959,15.67084148,15.70107315,16.1794353,10.91212232,14.10310947
17807,11.53814746,10.44343766,15.0123886,17.70841061,9.156018919,21.70416393,14.43743283
17029,10.73052241,10.99577079,17.69487386,13.61370144,11.75387967,16.33180622,18.87944562
17089,9.789275101,9.054721551,13.89546785,20.88527894,7.817261454,23.12963856,15.42835654
17426,9.359563932,9.60884386,16.45097455,16.67446041,8.706714557,19.02692183,20.17252087
17933,10.56572109,8.095966238,11.61165532,20.30877338,7.166945833,26.45206669,15.79887145
16971,10.2069244,8.350147982,13.34663214,22.84194063,5.311546905,23.8788985,16.06390945
17472,11.77405953,12.99726214,21.94218303,12.2031933,7.830536475,23.88809886,9.364666664
17390,8.196110031,6.42565948,13.3322581,26.30477796,2.670076325,23.49930577,19.57181233
13047,12.25572024,14.99575266,16.39474015,15.18964076,16.27152843,12.64253705,12.25008072
10185,12.29362475,15.47583187,16.45686581,14.61727195,16.9281206,11.88558952,12.3426955
16470,12.89482657,14.73201261,12.41916819,16.85122007,19.08835369,12.79594559,11.21847328
8938,18.48126905,22.44070325,16.57318413,9.148179175,21.67460599,6.36224559,5.319812822
9796,18.48126905,22.44070325,16.57318413,9.148179175,21.67460599,6.36224559,5.319812822
8511,11.27181731,14.03923828,10.65295697,18.28003662,17.63927183,16.89867323,11.21800575
8864,12.95425373,17.11903892,13.98575442,13.14211103,19.11639012,12.54539338,11.13705841
10155,17.04199885,15.58435851,13.62993275,11.84432792,18.17336378,13.34563482,10.38038336
8660,12.4365473,12.67232143,14.90276402,17.74077922,12.88849382,17.48057249,11.87852172
8060,15.62771827,16.46935116,14.30883174,14.49609611,17.44604421,9.368200392,12.28375812
8515,15.62771827,16.46935116,14.30883174,14.49609611,17.44604421,9.368200392,12.28375812
9714,12.34438933,16.04961169,13.69210814,13.6553294,18.79794323,14.22383158,11.23678664
8273,18.27630754,16.31713898,11.51622521,10.57362879,21.18779882,8.370725494,13.75817517
8695,18.27630754,16.31713898,11.51622521,10.57362879,21.18779882,8.370725494,13.75817517
16013,13.46378436,16.20614007,10.62847911,12.51690725,21.51739414,16.70108105,8.966214011
9762,10.94283616,11.30804353,12.81626873,19.68249286,15.90369528,15.28380055,14.06286289
8904,11.06833494,11.24779028,13.33173545,19.97957064,15.75030546,14.06480501,14.55745823
11543,11.97700532,20.24177327,11.12178261,19.21599535,7.125702888,15.56019233,14.75754823
12018,11.97700532,20.24177327,11.12178261,19.21599535,7.125702888,15.56019233,14.75754823
8112,15.27765464,27.81599142,13.69399187,7.452798596,13.49956593,8.559979601,13.70001794
37929,16.76478371,28.25506721,12.68516755,7.029546745,15.26128605,7.288428573,12.71572016
38411,14.14719179,18.84530931,13.58761991,13.64418297,17.30781067,9.66561928,12.80226606
12055,15.14091258,16.56664592,14.73565034,14.48436989,18.71103302,8.824391202,11.53699705
13033,17.36390403,17.2265084,8.372440484,16.07460902,14.68153473,15.45112727,10.82987607
10683,16.61732615,21.71384551,9.337426823,11.95356422,18.98872959,10.25741337,11.13169434
30953,13.49943008,14.24956212,12.59882941,14.60284112,16.82003178,14.7817262,13.4475793
24199,14.14576127,14.94338372,16.16078289,12.78175374,16.22199615,12.90102778,12.84529448
31049,12.48709684,11.44457,15.80604659,14.97921958,16.39708859,16.85848693,12.02749148
31532,12.48709684,11.44457,15.80604659,14.97921958,16.39708859,16.85848693,12.02749148
31044,12.05250761,12.90372654,13.86284232,16.5679336,17.78563796,12.54307686,14.28427511
31525,12.05250761,12.90372654,13.86284232,16.5679336,17.78563796,12.54307686,14.28427511
31105,13.80113423,13.49312299,18.74878242,16.90077114,14.12371926,11.74453756,11.18793239
31586,13.80113423,13.49312299,18.74878242,16.90077114,14.12371926,11.74453756,11.18793239
31116,15.64842778,13.06773391,11.12347657,12.55672071,15.4888247,17.33442396,14.78039237
31595,15.64842778,13.06773391,11.12347657,12.55672071,15.4888247,17.33442396,14.78039237
31045,13.03519655,13.81247566,15.88673298,14.73270406,15.27794949,15.00210264,12.25283862
31526,13.03519655,13.81247566,15.88673298,14.73270406,15.27794949,15.00210264,12.25283862
38075,11.03111313,10.81554406,11.37148275,18.60781681,12.26736688,19.71100502,16.19567136
38031,15.78794817,13.75937731,17.41250875,14.54087021,10.87252032,17.09034321,10.53643202
10189,14.56966996,15.58589269,15.67864548,14.35157407,19.72608328,10.35579757,9.732336952
8873,17.5557005,17.66414494,12.08791377,11.74502242,20.72422811,10.70639779,9.516592473
9304,13.41242336,15.80256805,9.210215083,16.92549625,17.80396431,14.95763679,11.88769616
9723,11.24496416,9.796070702,11.12946376,22.19550476,10.88182563,17.74083324,17.01133774
9719,17.89751433,17.30303704,13.57400054,9.741933903,19.98669723,8.006403482,13.49041348
4838,16.91182464,19.75456995,15.73643108,9.796620062,23.05451631,7.378772258,7.367265695
12997,18.01543405,19.86547739,12.70699654,14.1108231,11.41242747,11.386235,12.50260646
37127,10.65925832,10.1666289,16.92115467,19.55160227,9.298643188,20.07495691,13.32775575
1983,10.33383115,7.910154927,11.32916678,21.56942232,6.054469989,25.07473465,17.72822018
1097,10.66931138,8.561763703,11.60256005,22.08917932,6.870972615,24.9277074,15.27850552
10454,12.50393069,14.30988813,16.86922815,14.42303962,15.46393205,12.02665606,14.40332529
21217,12.5504495,14.23187003,14.76499774,16.07797039,15.04643534,14.85193979,12.47633722
22121,12.50294207,14.22895372,14.52922701,16.38658905,15.41245721,14.02429938,12.91553156
22126,11.61223157,13.23117692,15.82537612,19.87388014,14.6002359,12.83941963,12.01767972
21339,12.34086564,10.0584381,12.22432601,17.47322961,10.02024441,17.45497828,20.42791795
21810,12.34086564,10.0584381,12.22432601,17.47322961,10.02024441,17.45497828,20.42791795
21646,38.51360397,18.01078539,4.206922102,0.048097422,1.576343252,23.58946499,14.05478287
21781,38.51360403,18.01078542,4.206922108,0.04809726,1.576343255,23.58946503,14.05478289
33994,13.60206328,15.43858159,9.979893087,18.18138416,18.20972323,12.31731814,12.27103651
34162,11.81381047,14.24547466,14.48592678,15.43706308,17.19634591,11.56760506,15.25377404
33062,12.83749291,15.87528581,10.43777983,17.46726725,18.84666543,11.82845954,12.70704923
34367,11.63865691,10.93260893,17.07886534,15.13786655,13.91590352,15.24118797,16.05491077
33942,15.06892402,14.12901347,16.83725855,12.46001873,19.02174783,10.5879301,11.8951073
34427,15.12892402,13.39683351,17.01350558,13.2698338,17.17792164,11.58618407,12.42679739
33010,14.80616131,13.81145347,15.95577859,12.81656642,18.95835589,11.45076358,12.20092074
1575,10.64702173,12.17563632,16.7139543,16.67239815,15.23188792,12.7789291,15.78017249
1674,13.34487329,12.73149295,10.63227589,14.08702345,17.20026081,12.97630479,19.02776882
27139,13.38172193,13.02835959,14.86745809,14.89355979,15.83491318,13.99449662,13.9994908
6434,11.46623014,11.52582966,11.59452196,18.23445163,15.01633161,15.56311704,16.59951796
7299,11.28666975,11.09447069,12.160175,16.88441687,14.51605754,16.45842642,17.59978374
37720,38.51360397,18.01078539,4.206922102,0.048097422,1.576343252,23.58946499,14.05478287
39851,16.85521093,24.31308827,16.79833037,7.438861538,20.9600699,5.712210483,7.92222851
13490,16.76303992,24.12773878,15.39620025,7.137672475,23.06047492,5.6763873,7.838486352
3243,10.16443558,13.13025753,16.29359299,18.05552293,11.59929687,17.95566398,12.80123013
2856,9.723385824,11.66326448,13.84869589,21.32895729,10.55390815,17.69687197,15.1849164
38983,10.42825496,10.77106315,10.93309368,21.66570732,10.63567771,18.54072952,17.02547366
38955,11.41011164,11.71747937,15.78663067,17.66975114,13.84875851,15.42557533,14.14169333
2827,11.53291058,12.04839912,15.91599533,17.51244498,14.51735477,14.75703104,13.71586418
39442,12.52551518,12.14642483,11.80957325,17.04096147,13.48758658,20.07191894,12.91801975
39417,11.76936535,15.35738427,13.86882671,18.31832557,18.74118959,14.65847583,7.286432673
17852,14.67284102,15.13499525,15.01531715,11.41838954,15.91360306,17.94940539,9.895448579
17001,14.08014217,13.99291455,16.33769811,11.91498193,16.14525036,16.7680292,10.76098368
32073,11.94700836,14.51383006,12.9175217,16.43408112,16.905268,13.16326358,14.11902718
32553,11.94700836,14.51383006,12.9175217,16.43408112,16.905268,13.16326358,14.11902718
32097,13.60302329,15.23705354,15.09648982,13.86007971,14.55303795,14.51139475,13.13892094
32583,13.60302329,15.23705354,15.09648982,13.86007971,14.55303795,14.51139475,13.13892094
28021,11.95424267,10.95691192,11.30698445,17.4739067,14.94172588,14.6324813,18.73374709
28434,11.95424267,10.95691192,11.30698445,17.4739067,14.94172588,14.6324813,18.73374709
27693,15.92175034,15.14411248,13.45248384,14.64597484,13.56286344,15.2078807,12.06493437
27703,14.33461782,16.30966158,14.43068157,14.39756879,15.59609232,13.54938808,11.38198985
10664,10.99367268,21.51769141,17.79412575,15.80208496,4.827656515,14.11752347,14.94724521
11146,10.99367268,21.51769141,17.79412575,15.80208496,4.827656515,14.11752347,14.94724521
35520,13.42542988,14.25649559,14.78019738,12.99997253,16.41531741,15.31694099,12.80564622
403,13.75084877,14.96741479,10.10923135,12.47787801,20.29453095,13.09604456,15.30405156
11168,12.76414141,20.31878585,14.76124189,13.37026958,11.69908401,10.21091365,16.8755636
10692,12.58092388,18.59587448,15.35294555,14.95278606,14.14435081,10.80706089,13.56605833
35869,12.57410904,15.23045783,16.63804766,15.24318963,16.88417603,11.90659499,11.52342481
39353,12.55644439,14.33785084,10.00647357,16.92025592,18.42356727,16.55694826,11.19845975
11420,38.51360397,18.01078539,4.206922102,0.048097422,1.576343252,23.58946499,14.05478287
36049,14.4883687,18.65934431,17.37329946,13.77293535,14.55565115,9.162903975,11.98749705
11237,14.15545276,13.78213501,12.61481452,15.76290644,20.04036699,13.12329053,10.52103374
10887,15.55376874,19.75428874,16.91883197,13.80138463,17.12921845,7.880719043,8.96178842
36123,16.11172763,20.97003045,4.895709723,8.523997042,26.27326535,17.26902193,5.956247874
9698,16.62893056,17.94662519,12.55752081,14.02090448,17.92867866,8.609723172,12.30761712
11313,15.20877327,19.87490759,15.31695529,11.80909341,19.208953,8.039863458,10.54145398
8848,16.29636985,17.72488171,12.82482194,13.612994,17.97257264,8.599729306,12.96863056
10164,14.09044121,13.3688806,17.14939916,16.07443688,16.08430943,11.53094011,11.70159261
10780,19.94967456,9.329412731,2.179144982,28.75710025,0.816530567,31.68789525,7.280241666
24196,18.62749717,16.11616234,12.19718733,11.75305211,17.70291438,11.29006161,12.31312506
30693,12.64813759,15.4492206,15.82019227,13.88868672,20.49376745,13.66456383,8.035431534
39578,12.39973011,11.12788787,17.05384622,16.10504942,12.88481396,14.8927881,15.53588432
41293,13.50296383,19.82937253,12.96786371,16.29264886,13.40845317,13.6029204,10.39577751
40794,14.56932553,17.87749901,14.33252543,16.36133277,14.64040697,12.08137955,10.13753074
39121,13.83989146,11.42660905,15.39388123,19.61917938,12.01077458,17.62674175,10.08292254
23737,14.88336934,16.36340096,13.65909053,12.7823217,19.13578594,14.46003869,8.715992841
22642,10.97538665,10.3240977,13.77646359,20.9023821,7.188635378,19.19471161,17.63832298
16175,12.09310241,10.70801786,15.06839373,18.71941141,11.56458388,17.78782498,14.05866573
16599,12.09310241,10.70801786,15.06839373,18.71941141,11.56458388,17.78782498,14.05866573
17888,10.12814382,11.75271351,10.17771132,18.18122956,10.72555131,19.66607584,19.36857463
29348,13.96046844,15.01634385,7.235376235,14.14903534,20.78715317,21.6268564,7.224766556
29290,15.69610386,17.86346232,13.39746211,8.353147963,22.41380477,10.43200827,11.84401071
28068,13.59286036,12.57248163,16.57402061,13.37132633,16.53122514,15.13355659,12.22452934
28463,13.59286036,12.57248163,16.57402061,13.37132633,16.53122514,15.13355659,12.22452934
30514,16.55590509,16.96682173,14.52668216,14.80560835,12.53536934,11.33598723,13.2736261
30889,15.70400999,16.66920902,13.12608521,11.91061575,16.27886709,11.98597477,14.32523818
7847,14.26075656,15.70065055,4.802099712,17.7657663,12.74781706,24.88293629,9.839973531
30918,27.0617616,12.65536149,2.956013233,29.76833429,1.107624862,16.57524646,9.875658059
27147,14.45988206,14.09534799,17.09742948,13.48819347,16.23483199,12.92291801,11.701397
6259,12.46140493,13.46202471,14.16534534,11.77223809,17.91539489,14.09303372,16.13055833
6691,12.82058221,12.51918251,10.44002883,16.51721253,17.54047075,18.52546066,11.63706251
7128,12.14572244,13.62586426,14.42308715,12.88842361,18.1014408,13.47064124,15.34482049
7609,12.13083015,13.59992887,15.68901664,14.7712332,16.38417804,13.7136448,13.71116831
37130,11.56524984,13.1468122,11.25234961,15.30541855,9.863657842,22.38988448,16.47662748
25947,9.803116399,7.08612207,14.25114516,22.84744329,5.207109769,19.25891193,21.54615138
28214,23.41840181,10.95155389,2.558041367,34.51444345,0.958503902,19.05297007,8.546085506
793,13.42692693,14.32452653,10.19286153,13.26956601,19.72060521,13.68553446,15.37997934
39742,8.041675018,24.74490409,14.37007344,15.13008902,11.6873568,14.93558628,11.09031535
35394,9.726383142,8.17358281,11.88859017,23.87554928,6.970232596,17.97191361,21.39374839
117,11.81218766,8.558536426,12.68472032,25.12832143,8.883634463,17.49012637,15.44247333
34916,11.21870221,9.223900549,12.65193582,25.74718863,8.810577566,17.9499129,14.39778232
315,15.59840557,11.8666908,11.60408615,16.13382978,14.27566136,20.4987074,10.02261893
35127,12.96896204,9.140665544,10.55323506,21.69092161,11.21447339,23.16529798,11.26644438
718,17.76757959,15.94984098,10.59679325,9.475718001,20.65989368,15.83168207,9.718492419
35592,13.31322071,13.38231033,9.471339336,14.4912742,18.50353653,17.00046515,13.83785374
35673,17.45643022,10.62849571,19.81585067,12.89815228,6.773724296,17.84125948,14.58608735
609,11.88340769,13.58181491,10.94066925,18.98212126,18.03815375,12.94329276,13.63054038
40245,15.19110565,15.03494389,13.87164005,14.32737556,15.60123864,12.66569518,13.30800103
34967,12.93691388,14.92922025,12.034477,16.17875657,17.61380874,14.91926222,11.38756135
163,12.10078196,13.3525037,9.713763574,17.70381451,18.05290342,17.48143293,11.59479991
35390,16.74967309,15.91086807,13.23971095,11.77117337,16.54863765,15.39671944,10.38321743
35296,10.41068335,19.47974188,20.91113099,15.96441793,3.043605152,13.53652104,16.65389966
2459,17.72748018,17.00900848,11.50128275,13.71223862,17.16800293,10.36412002,12.51786701
2342,14.32659446,12.829683,15.28330798,15.16396931,15.56738593,12.3622918,14.46676753
1567,11.37488856,18.98253118,16.49463597,16.90437923,9.455088537,13.97441493,12.8140616
1583,13.10152775,22.05683416,16.50780678,12.90054271,12.29979866,9.323129351,13.81036059
34196,12.4383918,16.49854385,14.34470649,13.63213636,19.67805699,8.863215849,14.54494865
33671,10.6756384,12.3956878,16.59079033,16.15607201,15.87192366,13.79351785,14.51636995
33279,12.30128806,15.72738853,14.27755966,14.905208,19.21681375,10.20225251,13.36948948
33722,13.46633061,14.03626628,12.79585959,16.51217269,18.27466925,14.58311897,10.33158261
33716,9.875086444,7.618478843,10.45662772,24.13817588,8.42999146,19.14834344,20.33329622
33271,10.39403857,9.754344978,8.653420799,21.24002497,11.4491758,17.97292131,20.53607357
30286,14.95866807,19.67434051,11.91688962,15.3184731,14.27155498,13.78989938,10.07017434
29961,22.75077574,10.63934032,2.485115165,24.22774662,0.931178288,30.66339538,8.302448492
29693,14.86362294,25.20524577,22.02087288,10.25927339,4.216224806,9.947365436,13.48739478
30422,13.33953592,21.7104541,21.20003957,10.55264805,7.855492302,10.5541927,14.78763736
30768,14.20616346,25.09543658,17.88609822,9.944863232,9.074033063,9.160381025,14.63302443
29770,13.20941384,23.06969368,19.20028611,12.63254882,5.034260607,11.89945192,14.95434502
30482,13.17848219,20.87635339,19.26839768,11.85213257,7.695056617,11.51252889,15.61704867
30845,20.5800123,20.79971332,9.736810986,8.448378181,17.39543922,13.05715751,9.982488467
30091,13.47359195,29.42760942,18.64223446,10.12668861,5.707749909,9.659526339,12.96259931
30151,12.58028033,22.69866957,17.42800132,17.48626949,1.520182796,13.32066682,14.96592967
30958,38.51360397,18.01078539,4.206922102,0.048097422,1.576343252,23.58946499,14.05478287
23669,13.62194147,12.91306475,12.8617495,14.84495609,15.25275878,13.57132657,16.93420282
35848,13.10969927,20.26149806,15.73695232,13.58685092,13.01010619,11.12536164,13.1695316
10671,12.79635723,17.40270709,15.47711402,13.86195402,13.12794285,11.75971531,15.57420949
10761,15.62247854,13.81008371,12.08629769,14.54859178,17.33418179,14.87144829,11.72691821
36408,13.74602091,14.34814837,12.2105926,16.57734501,15.5913945,15.29355014,12.23294847
36338,16.1767398,18.01491122,15.38581788,11.67037535,17.88051542,11.68278107,9.188859265
36429,14.9042969,15.18742351,13.05201511,13.22067686,16.79819738,13.60656025,13.23082999
35930,17.2471009,15.35934035,13.68583697,11.4772018,19.06896747,13.00592455,10.15562795
38278,15.02176687,13.43570774,14.86246563,16.4502112,17.47930553,10.39966366,12.35087938
34802,13.31051489,19.03617383,15.09127954,20.81905516,0.693032769,15.45141326,15.59853055
3,14.17134749,19.54587012,12.78353416,20.96915013,0.635578998,14.7862174,17.1083017
692,9.468474498,9.540355478,10.69611447,22.17289786,9.616728096,19.93891184,18.56651776
286,10.12726771,10.0271469,11.40360015,20.80351157,11.10870733,20.30769751,16.22206882
1955,10.68521972,9.710060965,9.326283254,20.36988537,11.96416791,20.35571618,17.5886666
31098,14.0619317,17.04841992,12.26377232,12.31277353,21.12286544,13.62753501,9.562702077
32065,11.94884287,15.835257,13.62276918,14.50824087,17.10421492,14.3717922,12.60888297
32559,11.94884287,15.835257,13.62276918,14.50824087,17.10421492,14.3717922,12.60888297
32041,16.34563247,16.43292512,12.99216716,12.1230009,21.04671726,11.52241128,9.537145814
32536,16.34563247,16.43292512,12.99216716,12.1230009,21.04671726,11.52241128,9.537145814
32160,10.43901068,11.58187695,11.59976543,22.54713492,12.53685279,14.82617004,16.4691892
32641,10.43901068,11.58187695,11.59976543,22.54713492,12.53685279,14.82617004,16.4691892
32305,12.06154868,15.96102074,10.60403548,15.04566046,18.15502393,12.28420429,15.88850643
32784,12.06154868,15.96102074,10.60403548,15.04566046,18.15502393,12.28420429,15.88850643
32137,13.07154081,14.50882529,14.72352184,13.84696717,17.13882265,13.89462893,12.81569331
32624,13.07154081,14.50882529,14.72352184,13.84696717,17.13882265,13.89462893,12.81569331
32347,16.49407531,16.6190689,10.53488089,11.33260293,21.80445593,11.75090816,11.46400788
32819,16.49407531,16.6190689,10.53488089,11.33260293,21.80445593,11.75090816,11.46400788
16064,13.69540238,14.20925095,13.46531995,15.53240452,17.35069471,13.48371118,12.26321632
16502,38.51360397,18.01078539,4.206922102,0.048097422,1.576343252,23.58946499,14.05478287
40976,14.46972754,14.23978659,14.83606446,14.6498054,16.90467263,14.88081503,10.01912835
40647,13.66785413,15.83615593,16.13883633,12.70335196,19.61832866,10.19931517,11.83615781
39878,13.07171414,13.66961402,15.92650849,15.50123389,15.57320264,12.61448609,13.64324073
13794,14.41531968,16.71921748,17.66218573,13.28587766,20.00864364,8.291828531,9.616927279
13448,12.4486186,14.05688474,11.71302158,15.78894862,19.49852884,11.58636824,14.90762936
40140,12.59990365,15.61770796,15.66599784,15.94021344,19.2289139,10.15073519,10.79652803
40385,11.75620916,12.09301411,16.46166668,14.60384706,14.94409536,15.15927389,14.98189375
14281,12.65469151,11.56833345,12.10172986,17.91944551,14.66812973,14.99825769,16.08941226
39785,11.98613941,11.76334074,12.15572128,16.31184714,16.86892893,13.09362537,17.82039713
40299,13.54852193,12.18668281,12.02598902,17.36828336,17.15773303,16.72154952,10.99124034
13914,13.45961661,15.09880017,12.18427228,16.5591927,19.96318914,11.81776516,10.91716395
14209,15.20101078,15.4791254,14.81360201,15.17571389,11.01586831,11.94340384,16.37127577
13985,12.09715892,15.46852477,13.18813556,15.69108985,17.00698215,11.90375014,14.6443586
13532,12.64866182,14.73393124,15.00235079,14.86319801,16.10663387,11.84374425,14.80148002
13842,11.52462134,10.16251132,12.11254024,20.49309335,12.84252558,15.2514602,17.61324797
32388,12.86181497,15.1488774,15.79241618,14.99859144,15.74766736,11.46481373,13.98581893
32850,12.86181497,15.1488774,15.79241618,14.99859144,15.74766736,11.46481373,13.98581893
32320,11.46309328,13.78414536,11.3453153,17.95297813,18.17170162,13.55117191,13.7315944
32785,11.46309328,13.78414536,11.3453153,17.95297813,18.17170162,13.55117191,13.7315944
32199,13.84375105,13.45668712,12.49430469,16.77377515,16.4380654,14.05170255,12.94171404
32680,13.84375105,13.45668712,12.49430469,16.77377515,16.4380654,14.05170255,12.94171404
35079,10.30213397,9.995293081,11.33621068,18.53975415,11.01430067,19.34872848,19.46357898
525,14.23621719,15.0603497,8.696161466,13.68458364,21.4769816,15.74775306,11.09795334
518,13.578711,14.82815308,13.56458266,15.56771623,16.71411614,13.50249511,12.24422578
38294,14.5210157,21.80011004,12.61185295,15.69178179,15.6364807,10.02196483,9.716793993
37793,13.35002656,18.16347322,12.85048824,15.08196531,18.35260245,9.755306282,12.44613793
7978,14.6228901,18.76163982,13.53148061,14.70111327,20.62648823,9.464386389,8.292001574
8475,16.44185332,23.33253599,14.39208662,7.767915924,22.87994229,7.239675674,7.945990174
102,13.72141663,12.72478367,12.36896394,17.49669582,16.76594959,13.12379132,13.79839903
35641,9.768387684,9.598734736,13.71608298,20.57069402,6.933561292,16.25499008,23.1575492
11465,38.51360397,18.01078539,4.206922102,0.048097422,1.576343252,23.58946499,14.05478287
11332,12.03230868,15.43468938,11.95722484,15.8948582,20.02490058,12.28727536,12.36874296
35962,15.56190749,18.51240694,9.728267029,13.87839378,19.05500358,15.99982097,7.264200205
35961,15.52890556,15.37063757,13.10838205,11.49733978,18.85063846,15.06666269,10.5774339
11242,16.56413646,19.19169328,15.26647701,8.546292308,18.87738666,8.430231998,13.12378229
10793,15.14677249,15.28200692,14.1761671,11.81934086,19.00959656,15.58225843,8.983857648
10774,16.98113472,16.49599032,16.27475706,10.28964184,17.65243694,10.51469857,11.79134055
11254,13.19388989,13.55521534,13.08753927,15.32912629,17.52570109,13.71655776,13.59197036
36252,24.13008485,11.28437059,2.635780005,34.31988132,0.987632746,17.83645024,8.805800245
20114,12.96605074,12.47422274,16.23730248,17.06837953,12.36235313,17.84223282,11.04945856
20571,12.96605074,12.47422274,16.23730248,17.06837953,12.36235313,17.84223282,11.04945856
20812,14.53778216,13.2173348,20.39718765,17.17591494,10.86602268,14.73892794,9.066829841
14472,13.7160989,16.79140256,16.66563261,14.23869806,15.66628119,12.02018041,10.90170627
15281,13.7160989,16.79140256,16.66563261,14.23869806,15.66628119,12.02018041,10.90170627
15138,15.23370848,14.52124018,17.17322771,13.14399402,16.1049514,10.87255415,12.95032406
14422,11.5217454,12.66461902,11.90323496,15.93925451,16.74999577,13.78494409,17.43620626
15242,11.39494808,12.45054403,11.28062113,16.03271862,16.29370937,14.13499573,18.41246303
15694,13.97415804,14.31122027,18.06632579,12.51096764,14.64848069,17.12448424,9.364363325
14165,10.66152276,8.165686351,13.79807639,19.11674225,8.135109061,23.65449661,16.46836658
14399,14.41575975,13.51800914,12.47421442,12.24519371,14.98373259,16.25992222,16.10316817
15227,13.11094949,11.32156079,15.55355069,17.33652742,14.19874872,15.50215321,12.97650969
15697,12.94998285,12.01176652,14.61815366,16.74155922,15.90128526,18.58767755,9.18957494
14437,13.54642346,10.84411761,16.13829348,16.20825296,13.63741008,17.35930868,12.26619372
7915,11.12886565,10.15199868,15.24980614,20.14301074,9.144587373,16.76086191,17.4208695
4617,16.66640933,18.40110272,11.68083331,14.06067797,16.82302753,12.11108911,10.25686003
25310,10.75803677,10.88688633,20.52116145,15.46458708,12.31241602,13.46341818,16.59349417
29501,43.14523416,20.17675505,4.712844825,0.053881417,1.765913644,14.40036562,15.74500529
22383,18.99280059,18.68167531,12.50062835,10.09207189,21.49090432,11.21036918,7.031550358
20563,17.30264362,18.33856502,15.26088459,10.30518251,24.15922829,8.406691697,6.226804271
22416,14.71747574,12.54874377,17.45502419,15.19367137,12.75371107,16.51137251,10.82000135
20833,16.9647421,17.5457845,12.02396,10.07046123,23.57407698,10.73319616,9.087779036
41584,11.41845477,10.50241006,11.74057123,21.46527833,12.40595235,19.17156165,13.29577161
11498,35.69506861,16.69270476,3.899047546,7.362862656,1.460981958,21.86312068,13.02621378
36386,11.8553202,11.61637259,17.34002603,16.54159045,12.04751121,15.2736085,15.32557103
36480,15.40930682,16.90649292,13.84045958,13.09813563,17.49636035,11.4419352,11.8073095
11182,11.98031142,11.70002872,17.82286097,14.72441326,13.14331991,12.62359834,18.00546738
10713,10.6933341,11.8866546,15.51355589,17.22898376,13.72318139,13.42342265,17.53086761
36467,14.19400673,12.22882627,14.09433652,14.69019485,16.63712984,14.05561908,14.09988671
11273,14.30531268,18.94364906,13.98643016,12.53963129,20.4663861,9.722804079,10.03578663
35987,15.4065913,17.07169068,15.66381214,11.01049442,19.49399265,10.8414588,10.51196002
10824,15.03791632,17.09374599,13.86827966,12.57042511,20.26664354,11.49467669,9.668312705
10803,14.30015021,11.72211476,14.27572227,16.83486375,16.003551,14.87178705,11.99181097
11255,16.13123628,14.96835196,16.15952558,12.32094333,20.1932767,11.16341278,9.063253374
35887,11.1577869,11.78320801,16.99851683,15.65714394,13.24137313,15.43093743,15.73103376
11428,18.55085414,13.29834923,14.92363269,12.26974456,16.60638471,17.84435095,6.506683717
11373,8.898125756,13.90288808,14.22351547,21.17174182,10.4625453,15.8418265,15.49935709
11473,11.36174864,7.727073943,9.977517527,23.69832718,7.406932113,23.38813774,16.44026286
11048,12.38525119,7.281849641,12.24238549,22.62893742,6.14459543,23.06769833,16.24928251
36209,22.86863491,10.73860293,8.969884656,6.492711075,4.97603547,31.67066123,14.28346973
10954,32.13293636,15.026883,3.509948336,16.60743755,1.315185602,19.68132554,11.72628362
701,11.14204358,11.0888053,13.35211555,19.5606932,14.79607516,17.45347068,12.60679653
11064,13.07129792,11.54916942,14.44376316,15.61452536,15.47146516,15.99383765,13.85594132
11124,12.56325522,14.75835169,12.95247609,13.44226341,19.80115243,12.23017017,14.25233099
10745,12.10169979,17.03882026,13.58827602,15.53180389,18.13638883,13.94902623,9.653984973
11267,17.81526553,26.47610248,11.48545092,7.143342637,25.36741445,7.063123045,4.649300935
11212,12.72567082,15.6165521,12.79974782,17.56952309,18.00906643,13.76896945,9.510470286
38305,19.1427544,20.37533238,3.934666527,10.3424534,27.11025074,12.18257582,6.911966727
16061,22.52931835,10.53577635,2.460924908,15.41911558,0.922114144,39.9111187,8.22163197
30083,12.17998531,13.49416688,19.75158482,17.1097575,13.50840369,13.22119946,10.73490234
28771,21.04684676,19.56491755,9.728214918,11.87413314,20.81398623,10.22894066,6.742960743
26303,13.52576176,12.31101335,9.604917685,16.94656581,16.32006741,21.07326163,10.21841236
26739,13.52576176,12.31101335,9.604917685,16.94656581,16.32006741,21.07326163,10.21841236
27887,13.24499958,17.87627146,14.0902714,14.63785881,12.61426355,11.1105143,16.42582089
28303,13.24499958,17.87627146,14.0902714,14.63785881,12.61426355,11.1105143,16.42582089
9008,14.2000998,16.54627189,15.19824908,14.7598047,20.49608345,8.844197875,9.955293215
9844,14.48780706,17.35231194,15.67494537,14.32178559,19.09498631,8.930813166,10.13735056
10296,12.40267246,15.28588258,14.21188361,15.84969118,16.57762099,11.6514847,14.02076447
9408,12.73695146,15.10891218,14.52208429,15.88312179,19.46434463,10.31873556,11.96585009
9011,10.16760053,9.964099105,13.65001872,19.59769056,11.51062735,16.97956061,18.13040313
9840,10.78855913,10.09885059,15.54281289,18.96821683,12.48876328,15.43752943,16.67526784
29488,16.81148316,16.88512202,21.11041412,11.87834894,17.89375031,7.919449758,7.501431696
28622,38.51360403,18.01078542,4.206922108,0.04809726,1.576343255,23.58946503,14.05478289
27130,13.50644792,13.98321368,15.06922199,11.02423261,17.81476123,16.92099456,11.68112801
27558,10.15277339,11.87860981,15.25333116,17.90141563,15.8497334,15.55712112,13.40701549
27321,38.51360397,18.01078539,4.206922102,0.048097422,1.576343252,23.58946499,14.05478287
3887,11.46858743,12.77745731,16.49457284,17.79643147,13.36204593,15.67797057,12.42293445
4292,11.46858743,12.77745731,16.49457284,17.79643147,13.36204593,15.67797057,12.42293445
1825,14.9972392,17.61911627,12.48348555,10.02274491,24.75596493,7.882108268,12.23934087
2286,11.76916974,13.78813119,16.12997213,16.40126041,18.13275667,10.18399692,13.59471295
945,14.83451518,17.50008146,11.1616835,10.19485435,23.73588208,9.500308529,13.0726749
1053,13.45417888,12.42238669,13.48071138,16.12951493,14.84862977,13.54450285,16.12007551
2272,13.78356853,14.09098824,18.01418727,14.14562237,18.50662761,9.055406319,12.40359967
1469,13.8491311,12.56348651,12.7803204,16.89736194,12.26239588,16.1715002,15.47580397
2399,11.91274355,10.74963622,11.68303031,16.02492474,10.37260557,23.77398743,15.48307219
1522,9.736075257,8.269914191,13.90603949,21.30002272,6.615625626,22.22969844,17.94262427
2562,12.91611428,9.317302508,19.9678711,14.88538491,7.16042682,22.81015665,12.94274373
1377,12.4334286,9.545045875,12.42738212,20.68100289,6.615739237,21.68052189,16.61687939
22030,11.35267697,10.56882784,12.25198644,24.32629559,12.06205849,15.8310948,13.60705986
14634,12.20910438,13.1375965,12.45883305,18.87326874,16.31852949,14.99521702,12.00745082
15519,11.75037814,13.0622303,11.41251453,17.66701912,15.92939362,14.14901421,16.02945008
15957,11.79156442,12.79041543,10.90883714,18.76372878,18.47965978,13.99966982,13.26612463
40185,11.15042048,12.99392562,8.187405195,20.72140989,18.3363966,15.43401797,13.17642424
8423,22.11560076,19.06938703,12.2451158,5.919875896,25.87015643,5.658086631,9.121777454
7972,19.94886844,18.80211606,11.15729734,7.037577232,22.32697219,8.693672708,12.03349603
7970,15.96803618,16.57188168,11.47381934,13.76557578,17.31576493,11.29675713,13.60816496
38287,15.14983938,14.06975078,13.13240723,15.06694172,15.14757538,15.18064624,12.25283927
37790,15.69761521,15.82958579,11.3331982,14.94281155,17.12028058,11.65972612,13.41678254
37789,19.7884035,17.89318738,10.66879016,6.912726778,22.52713179,9.25169198,12.9580684
7973,15.98949472,17.85359747,14.50547413,11.27394862,21.00562961,8.349259659,11.02259578
8424,15.98949472,17.85359747,14.50547413,11.27394862,21.00562961,8.349259659,11.02259578
40243,16.02936725,15.10449905,13.19065294,12.84184455,17.96220804,9.858171641,15.01325653
30696,11.91404355,11.27450619,12.41487641,16.79100539,16.11930722,15.024857,16.46140425
20930,12.10653824,11.74916132,10.20753506,16.22337791,14.06896383,20.56101588,15.08340776
21846,11.5537746,10.48576538,9.50470889,17.11968058,13.08963677,22.19514872,16.05128506
1261,16.52674068,20.27633854,12.97977213,8.973956395,18.6062748,9.215506861,13.42141059
2214,14.84142536,16.4621482,13.71895707,14.91884071,13.27694207,14.05260246,12.72908414
2143,17.69994827,19.09157985,14.97122537,8.992238223,20.13144499,10.48952339,8.6240399
2577,16.49984625,16.99667855,15.97576434,11.44648866,16.97646219,9.331583598,12.7731764
886,15.69334589,22.01646419,9.345249943,16.55464701,8.503560878,14.0398083,13.84692379
1914,19.13344734,25.26347612,10.86328474,8.140650769,12.87439558,8.571739033,15.15300641
1048,19.60675334,26.96736878,10.66304308,8.293813187,13.74746324,7.878867312,12.84269106
1766,15.00139101,20.63959923,11.76390581,16.79617305,9.15791564,14.32785202,12.31316325
1317,16.51281442,21.66545476,9.358077,15.70476924,10.31922279,13.51875274,12.92090904
1676,18.00433537,26.74132762,12.31046755,6.150904361,14.55246075,8.193749365,14.04675497
1463,17.4373405,24.10287787,14.25498174,10.96055515,13.850847,9.732222855,9.661174874
983,12.4071438,22.62458907,13.02425846,12.31176997,14.66427527,10.23152847,14.73643496
1396,12.4071438,22.62458907,13.02425846,12.31176997,14.66427527,10.23152847,14.73643496
2345,17.44714366,16.34986259,13.98743287,11.99473296,15.6095847,10.51152358,14.09971965
17931,14.18782565,13.2503205,17.81954686,11.53895496,13.97840864,21.25621237,7.96873101
17066,13.48743513,12.78694908,16.56289072,14.82809539,12.79959608,19.28453817,10.25049543
22996,13.33737997,12.55447031,20.10425908,15.69114985,12.12973637,13.05794464,13.12505979
12397,15.29620889,18.53222669,8.8639736,11.75899505,18.06449114,16.49354774,10.99055688
36174,10.80454339,9.959176058,8.73167546,22.9005409,10.3749173,24.9680462,12.2611007
23935,14.58369693,13.60674224,20.28487552,15.44909337,14.82598199,10.58084797,10.66876198
13346,9.552964873,10.58122802,11.55398711,23.1503672,10.53016269,16.45583885,18.17545126
13365,9.552964873,10.58122802,11.55398711,23.1503672,10.53016269,16.45583885,18.17545126
36190,8.361402772,7.95365323,13.51134084,26.42080449,4.188023986,23.56240165,16.00237304
36214,8.361402772,7.95365323,13.51134084,26.42080449,4.188023986,23.56240165,16.00237304
25802,12.40774659,10.54742726,17.28051636,13.61378113,8.402801665,22.37563575,15.37209124
11903,12.2093578,15.51818011,12.93868204,16.31937277,14.49275857,12.47020496,16.05144375
12266,12.2093578,15.51818011,12.93868204,16.31937277,14.49275857,12.47020496,16.05144375
12264,15.23067945,13.61265609,8.254887457,13.91383152,13.13603206,27.90121659,7.950696829
27083,38.51360403,18.01078542,4.206922108,0.04809726,1.576343255,23.58946503,14.05478289
22287,14.35655266,13.31364206,12.56562403,12.41017126,17.59837989,19.60773894,10.14789116
21841,12.09785618,11.61662345,15.24074795,16.08996323,14.95515575,14.66477285,15.33488059
22024,19.2641159,14.15901163,12.78245258,13.82404678,18.52667264,16.26930328,5.17439719
22202,12.31046145,10.08897995,11.35574508,19.31922569,13.87544664,20.42246827,12.62767292
20947,14.26839615,12.86891781,15.35195881,16.93027256,14.18297589,12.43209572,13.96538305
21362,14.26839615,12.86891781,15.35195881,16.93027256,14.18297589,12.43209572,13.96538305
4700,14.29141629,12.84133334,11.35360988,16.13727155,17.56836299,14.61353381,13.19447214
9159,13.08096301,19.00247277,16.04109769,13.54186078,12.88587783,11.96823409,13.47949383
9573,13.08096301,19.00247277,16.04109769,13.54186078,12.88587783,11.96823409,13.47949383
9644,18.36748211,23.46364306,8.524670602,11.75970867,23.11283037,7.519236769,7.252428427
9586,13.31003574,15.64526119,11.89438905,13.76348251,19.76960598,15.12588156,10.49134397
9086,13.83437021,18.03531441,8.73271327,16.089724,20.20008593,11.79126183,11.31653035
9498,13.83437021,18.03531441,8.73271327,16.089724,20.20008593,11.79126183,11.31653035
33120,15.25413669,16.89591326,11.65500495,12.30128682,18.11026923,14.25106692,11.53232214
33588,15.25413669,16.89591326,11.65500495,12.30128682,18.11026923,14.25106692,11.53232214
293,12.62511595,9.881666483,15.34046663,17.38608115,12.35761442,17.65871059,14.75034478
38310,14.09995613,19.02026841,14.65273714,13.12437184,13.7835795,10.44982537,14.86926161
35093,14.57697083,9.275909986,14.35594717,17.61533357,11.52911163,18.8496626,13.79706421
91,13.76580395,17.17125557,14.28732976,15.5073992,14.1265168,14.48716672,10.65452801
35798,17.15229915,18.16284569,11.9846611,11.70600627,17.11252151,17.52579512,6.35587115
10610,16.94560897,18.10622013,10.7537186,10.36483437,19.93402078,16.87997951,7.015617642
505,13.20303764,17.03568498,14.31035278,15.77793456,15.15778087,15.16332081,9.351888371
34894,14.68103053,18.2626648,14.26139088,16.03387781,15.92955286,11.82656815,9.004914967
739,15.28390068,14.34654698,9.513417726,17.9944743,18.15913428,16.80528517,7.897240867
34862,19.50785698,19.93681851,9.959627666,11.65213086,22.83312525,9.269471214,6.84096951
70,15.64010997,16.64469523,9.243529,16.37848146,21.00231264,10.78520863,10.30566307
205,13.47539117,18.10295004,15.17300874,14.65899942,8.489098889,19.20619001,10.89436173
35008,14.42504028,18.85572875,15.36270135,13.38634534,9.889576669,18.42795542,9.652652195
35042,12.18781366,11.5505236,8.63746449,18.85145549,16.33782266,14.09909267,18.33582742
253,13.97052789,12.13371222,9.257171972,18.50618797,13.91903479,16.72434762,15.48901755
663,14.69170614,11.62628046,10.31435289,18.41534377,12.2116992,19.39079761,13.34981993
35253,13.8525888,13.87790409,14.79220418,14.71279244,11.49874104,15.88515639,15.38061306
612,12.15038503,13.34794695,10.63256011,19.62939528,17.25197289,13.43247863,13.55526112
203,11.6497468,11.32141755,9.144979685,19.31086627,13.25656831,16.44293898,18.8734824
34982,10.76170329,10.42197304,9.763606657,18.5381783,10.85067491,16.79529897,22.86856485
407,16.50214526,13.55654731,12.9402064,15.08887521,13.11801887,19.11302204,9.6811849
35286,16.50214526,13.55654731,12.9402064,15.08887521,13.11801887,19.11302204,9.6811849
27569,14.5265793,21.0917033,11.35930398,9.375465425,22.85034743,7.937759295,12.85884126
27143,12.56937195,16.16145292,8.512988054,16.72182317,17.3030114,15.21096113,13.52039137
26969,13.09772709,16.86421304,12.66412743,21.47118631,2.236347672,21.67282206,11.99357639
26971,9.449034923,21.06654934,14.49082411,17.73527389,5.863035532,14.85465199,16.54063023
39366,14.91391947,13.07022534,15.39741684,11.73878385,15.98480629,18.56710228,10.32774593
39181,11.46627605,11.22659177,14.9692154,17.16406249,14.04807618,17.82580038,13.29997773
38875,13.4880116,12.33235415,13.1206986,13.29469293,15.71215122,22.00603128,10.04606023
4664,12.66678132,14.85370342,14.64697223,13.75512078,15.53414038,16.84461343,11.69866844
3768,11.33085643,14.08504752,14.71620619,15.38126302,15.33752555,14.51211869,14.6369826
4315,15.26701258,16.18023144,9.254208112,11.46460684,23.87854449,12.50240809,11.45298844
5184,14.07374861,13.56148218,15.39862476,17.698308,14.05232484,13.37928632,11.8362253
37042,13.36830145,12.14417332,17.47711009,16.87584327,11.73990675,17.40202303,10.99264208
6296,12.88742347,11.54851311,10.761304,18.57106158,14.4973202,16.54307276,15.19130488
7188,12.88742347,11.54851311,10.761304,18.57106158,14.4973202,16.54307276,15.19130488
22557,13.44290269,17.09426944,18.37889188,12.79347535,15.57877275,11.51205772,11.19963018
22616,11.64216879,14.6738729,14.60732366,15.85364135,16.88753662,16.10388267,10.23157402
22171,11.22694483,11.82807557,19.15366348,17.08895855,13.54712367,13.91766474,13.23756916
21333,11.58693848,11.31383441,17.89103917,18.1574812,13.25765729,13.87654128,13.91650816
21330,9.503712797,8.905344951,14.00693999,19.85986745,8.056332557,19.92871507,19.73908717
21765,9.503712797,8.905344951,14.00693999,19.85986745,8.056332557,19.92871507,19.73908717
21521,15.18784376,11.91791264,9.50764223,15.99660798,12.45087337,16.93657602,18.002544
21768,12.46940973,10.47207865,17.82514882,18.67004227,12.333782,15.87865439,12.35088414
21692,13.72614818,12.90011771,11.14548227,11.11734982,8.458393478,32.52166938,10.13083917
15750,12.76798923,11.6624623,19.1081788,14.87544347,12.30962826,16.43542358,12.84087435
15411,8.622804692,7.256076255,11.45634331,24.51501759,6.539521552,22.27305658,19.33718002
30587,12.60958437,15.45666604,15.76725327,15.84492595,15.43788981,10.3020048,14.58167575
29896,11.35477266,14.12582623,15.01551805,17.3337839,14.34357267,12.73651115,15.09001534
30794,10.92282582,11.01707655,13.43350979,17.65173284,15.40159411,13.00766596,18.56559493
30956,12.9218144,14.77528031,13.94184579,17.27750113,12.76584915,13.86271184,14.45499739
26483,12.35052534,12.06930369,8.612833547,17.11672131,15.95166084,15.83045488,18.06850039
26956,12.35052534,12.06930369,8.612833547,17.11672131,15.95166084,15.83045488,18.06850039
37004,14.14165055,9.656519939,10.34489824,16.14651354,6.914456903,27.90287002,14.89309082
2229,11.66614347,11.35057455,11.10629844,17.91846579,10.54362643,19.12597053,18.28892079
21249,15.21467766,10.29418749,18.41340008,15.88913254,8.228481465,15.05587708,16.90424369
22191,14.68742079,10.36602422,18.0837098,17.07861344,7.902673502,15.50331658,16.37824168
40442,10.39539609,9.53216084,15.23818106,19.8777201,8.676556377,17.81851488,18.46147065
32198,12.83895894,19.4741568,15.04427817,15.51382244,9.332529374,12.12463378,15.6716205
32676,12.83895894,19.4741568,15.04427817,15.51382244,9.332529374,12.12463378,15.6716205
32143,12.83223282,18.2240942,15.92161472,15.05777759,12.67012053,11.67876773,13.61539242
32618,12.83223282,18.2240942,15.92161472,15.05777759,12.67012053,11.67876773,13.61539242
32144,13.778671,23.25181717,11.12637242,14.5986404,16.56863993,12.57994641,8.095912672
32619,13.778671,23.25181717,11.12637242,14.5986404,16.56863993,12.57994641,8.095912672
32797,14.4278928,13.8125398,14.70610179,16.00385883,17.41336708,13.59073177,10.04550793
898,16.02667737,16.74696814,11.60401433,12.4338767,20.31742687,10.77919071,12.09184587
32336,14.18830308,13.67208609,14.5766585,16.28923859,17.077023,13.73599168,10.46069906
1782,15.67631071,16.04560928,10.77016081,13.23562247,19.76157719,11.40878091,13.10193863
18025,13.48549031,15.51343346,14.86516564,14.51939156,12.90965171,13.23559595,15.47127137
17721,12.08844922,15.91475222,14.06824078,15.55687967,12.32853264,14.34840282,15.69474265
17305,12.49728762,14.89720302,14.30077574,15.53531471,13.62977769,13.32263586,15.81700536
15588,10.92108234,10.06641948,11.52745062,19.51951937,11.29412278,20.76073075,15.91067465
17658,10.40909639,16.55807164,13.89051334,13.64816367,21.27612114,10.17155399,14.04647984
17879,14.64118771,15.86884917,14.22395715,10.90535264,18.78559076,11.04899645,14.52606611
17028,14.55370691,14.97493779,14.64411089,10.74192916,18.44942929,11.32287217,15.31301379
17419,12.31743303,12.98793004,16.03103008,14.79558714,16.0328736,11.91731103,15.91783508
17296,9.258597754,9.608561557,14.3885667,22.08086318,6.933093095,19.00992581,18.72039191
17665,9.258597754,9.608561557,14.3885667,22.08086318,6.933093095,19.00992581,18.72039191
17290,26.31477606,12.30603567,2.874418429,38.78316965,1.077051104,9.041488717,9.603060367
24915,12.04936377,9.729569523,11.15737927,16.83114255,10.63433179,16.93619314,22.66201996
24856,9.199037981,9.32670262,19.09081241,19.82807203,6.172187029,16.03477859,20.34840934
25555,9.199037981,9.32670262,19.09081241,19.82807203,6.172187029,16.03477859,20.34840934
25649,38.24918786,17.88713189,4.178039373,0.734319708,1.565520828,23.42751093,13.95828941
227,15.05059755,14.8827763,9.70753605,14.31989774,18.94720489,19.11225326,7.979734207
35025,16.76586255,13.77496642,12.16430611,12.08750189,18.06900567,18.10646055,9.031896819
638,13.13356758,13.92461355,9.370402161,14.71555013,17.95732764,18.06611708,12.83242185
35689,19.64911086,24.96727001,4.929267187,6.900068876,29.48409257,4.601772856,9.468417642
34854,20.71154918,18.49273289,8.03576724,10.06356959,19.80305734,9.789769017,13.10355474
36806,15.69394743,14.56200897,12.34952538,14.12695411,17.16886431,13.77544822,12.32325158
35610,14.34300495,13.06627896,15.98550472,16.44153225,11.82490058,15.86231918,12.47645937
35455,18.44315083,13.53759703,11.74448792,11.48001641,17.23621214,13.66238228,13.89615338
40981,11.58140539,11.65935205,13.81235677,17.25921764,13.08337394,17.55587086,15.04842335
32938,10.79410421,12.29387706,15.7490236,19.21895445,13.42730215,13.32870892,15.18802963
33424,11.27382066,12.99724964,16.08187042,17.93844367,13.60985463,13.73760348,14.3611575
33712,10.18897205,8.638822086,11.23488901,21.55184091,10.95322357,21.6482268,15.78402558
25748,10.6320131,10.21829145,17.70328342,20.44277475,8.590740824,14.34625975,18.06663671
27927,10.27902443,12.06637163,11.75264289,18.10784567,16.64146859,14.9697308,16.182916
28337,10.27902443,12.06637163,11.75264289,18.10784567,16.64146859,14.9697308,16.182916
28139,14.58014173,16.16962925,13.2206031,13.38199384,19.30328243,11.88583967,11.45850997
28504,14.58014173,16.16962925,13.2206031,13.38199384,19.30328243,11.88583967,11.45850997
28882,14.84442168,16.85699564,16.09269651,13.53982782,15.20934667,11.86243185,11.59427983
28035,12.49107277,14.40273389,14.89297535,13.56717556,17.44960507,12.40900727,14.7874301
28432,12.49107277,14.40273389,14.89297535,13.56717556,17.44960507,12.40900727,14.7874301
11476,12.70917935,11.98502877,8.007092324,17.12365295,17.42302094,17.56128953,15.19073614
36380,15.73630177,21.3685353,15.79987137,15.09069819,10.73572964,9.754043334,11.51482039
36419,16.29131426,20.97383183,11.79044036,9.997379262,14.61710951,17.40092434,8.929000435
36275,14.44687159,25.98779273,11.09098296,14.83496836,19.07915887,7.400657524,7.159567962
10697,13.12475852,18.95106117,18.04919961,13.38273,13.5740431,10.36229719,12.55591041
36373,16.17610729,15.44605504,12.26864517,15.50505083,14.87105206,15.64071621,10.0923734
35883,13.21338809,17.82897469,17.29008531,12.92543874,14.9614892,11.48890633,12.29171763
35919,14.73161218,16.33044045,15.27005271,12.35745465,15.32505134,17.23794171,8.747446962
11179,15.98900262,22.46788481,13.28152828,9.944827806,20.06949519,8.263205661,9.984055633
35815,21.43970359,21.2911387,13.18412265,6.991623734,19.91616987,7.903416405,9.273825062
10747,14.81539075,15.68123539,15.36454877,12.57569023,16.14063078,17.03829262,8.384211453
11214,14.30505454,15.32012424,15.12083141,12.68819107,16.35648563,16.57274621,9.636566901
36309,20.54190516,19.1006208,11.67809095,10.67459343,20.13716338,10.62764284,7.239983436
11061,13.79595873,15.20689982,9.302110308,17.06864636,21.48683286,13.24018772,9.8993642
11477,13.79595873,15.20689982,9.302110308,17.06864636,21.48683286,13.24018772,9.8993642
11060,12.63020928,13.72563909,7.673394726,15.44168783,18.99162581,15.455044,16.08239926
10708,37.21986767,17.40577302,4.06560456,3.405648807,1.523391249,22.79705546,13.58265923
17822,13.42598398,9.639331253,19.60462529,17.19910197,8.703489675,17.63224561,13.79522222
17480,8.672431706,11.75392936,17.52446111,23.24900725,7.091963656,18.20446667,13.50374026
17950,8.577528619,9.776735147,16.28017787,18.66188653,5.970944225,20.489113,20.24361462
17103,8.750068147,11.11925157,16.99306548,22.01034427,6.584196913,20.47071841,14.07235522
18120,9.964965328,8.698896789,12.62110207,25.12873774,7.842438058,17.97011154,17.77374848
34420,12.86535954,12.84675371,16.54469546,14.52618411,16.15466531,16.81815514,10.24418673
33546,15.44677203,17.84453489,14.49689297,13.0555569,18.30854712,13.14828772,7.699408374
33547,14.45840278,15.96738262,22.03890675,10.79293871,13.78127884,9.659246134,13.30184416
33072,12.65549865,13.97436947,20.67140669,12.13252488,13.21653569,12.95004542,14.3996192
33998,11.90719301,13.20883202,20.48032513,15.12319833,13.44673413,13.85902258,11.97469479
33489,13.56484645,15.05584385,16.663269,11.93625916,15.12374503,15.72913825,11.92689827
33812,10.23089415,8.421545054,13.92849422,18.68709278,10.61456431,20.25502605,17.86238343
34273,11.33001659,8.10141506,15.06350914,19.59213259,5.959421018,24.25950106,15.69400454
33344,12.03620308,8.984937492,16.09515431,18.08252287,6.638249286,22.85647575,15.30645722
33791,13.54484607,11.87388305,16.91568087,16.21973425,8.621851529,19.97351742,12.85048681
39672,11.72099934,14.38776601,11.93978134,14.2265424,17.4366448,13.74348897,16.54477714
3963,10.84305956,13.59632413,16.50712305,17.97705163,15.86394105,12.35718606,12.85531453
4831,13.60100782,12.33217116,15.62221002,17.78409584,16.63067991,11.79120774,12.23862752
3975,19.92689295,15.63744893,13.61466742,9.694276342,16.81323622,15.09352455,9.219953596
39647,14.05889951,13.96926684,16.23415025,12.74008861,16.80736782,14.85614149,11.33408549
39176,12.22781651,12.97834571,15.70338096,15.58983838,15.57586194,15.43592342,12.48883308
19597,15.04825044,14.69076043,15.64891515,14.38899774,16.70683815,11.68309433,11.83314375
19951,15.14312957,15.00969193,10.552224,13.9290195,18.36808707,14.05083474,12.94701319
18960,22.29978571,10.42843602,2.435852574,19.40475996,0.912719484,36.38057771,8.137868543
22535,13.0439998,14.19290721,12.4146994,15.97354793,17.24923716,12.90512697,14.22048153
21208,12.62193154,13.19395162,13.03462982,14.71525548,16.09545582,18.13014543,12.20863029
21228,13.76585311,12.08586415,10.57334381,16.17099492,14.45579246,22.91891807,10.02923349
22112,12.35841536,11.07403334,10.60516512,18.58880877,13.26539831,21.31325856,12.79492055
21602,11.41827836,12.33094682,11.27185001,17.22823756,14.93512735,18.63558584,14.17997407
21469,12.18630352,16.04719808,13.0302154,15.69964211,16.04747591,15.01719602,11.97196896
2719,16.22378307,18.42261501,7.767403354,12.081635,26.32386172,10.75873096,8.42197089
34891,16.15933039,10.40468411,10.55184068,13.90562327,12.14191378,23.13142984,13.70517792
122,19.95459481,29.36319698,14.14230452,7.238545627,9.894944494,13.07553298,6.330880596
34931,20.75178523,28.80182765,13.24414133,8.318802238,9.07951882,13.78932553,6.014599202
1742,13.80471257,27.65416552,14.89877635,11.13862081,6.788419728,12.09597459,13.61933043
534,20.62678837,29.15099928,12.54364414,7.014421296,12.2968986,14.53341792,3.833830398
852,14.1668298,27.1305056,16.01906453,12.29783783,6.864318381,12.35178598,11.16965788
34814,13.35169593,15.40167546,13.89561006,16.82017064,15.38876604,12.28337028,12.85871159
17,13.73203911,15.20794278,14.53921748,16.48657206,16.09707786,12.44220323,11.49494747
433,13.68285235,14.18502434,14.03093348,14.9270941,17.48983609,12.96331948,12.72094016
563,10.23508837,8.164758064,8.22143749,23.41735576,11.06074254,18.77211533,20.12850244
34948,14.79708977,13.90197033,11.31226233,18.98484696,15.61815051,16.46658545,8.919094646
35742,11.5431353,11.13501265,14.88739326,17.32645079,11.22977281,17.23927982,16.63895537
38850,15.79387789,18.04000784,8.398092091,12.83694772,25.36001,11.19113592,8.379928545
2248,13.39184843,12.72623352,11.60208246,14.25936706,16.12601657,20.31625347,11.57819849
3231,12.52199597,11.988848,16.54291902,15.38262552,13.12268544,17.23284318,13.20808287
39431,13.51046403,12.64942489,14.42697667,14.44403106,14.95925032,19.6832085,10.32664455
3016,12.95648926,15.52590675,9.702178009,14.57700725,22.59247228,12.20485717,12.44108928
3381,12.95648926,15.52590675,9.702178009,14.57700725,22.59247228,12.20485717,12.44108928
3371,14.06382748,11.30359539,7.951074938,16.50844923,14.14213696,21.97237537,14.05854063
3005,14.73532643,11.52106506,8.012569689,15.7505173,14.32833323,23.37725787,12.27493043
36991,11.76091451,10.67853866,11.62601741,17.09843395,15.35110532,18.80444578,14.68054437
1329,14.385519,19.57198712,12.23299562,16.02495708,13.69725118,14.80937292,9.277917068
904,14.55930622,17.53331456,9.228923936,13.32058078,20.06753451,13.4652995,11.82504049
1028,21.29849065,25.60023229,13.57128715,5.139636107,22.84646175,5.573928243,5.969963799
6165,15.43432465,16.57235998,12.90785661,14.96278814,20.51255755,10.59478613,9.01532693
1794,14.19780153,16.21577626,8.273843938,12.91408298,20.66565391,13.62634992,14.10649146
35156,11.62704184,8.322531893,13.69683381,18.97257489,7.754559483,24.77445735,14.85200074
7062,16.42533688,17.16414488,12.04450776,12.20998656,22.40507566,10.2117117,9.539236551
939,11.66820937,19.79252889,13.93130761,17.68800071,5.627434718,18.12239901,13.17011969
1367,11.66820937,19.79252889,13.93130761,17.68800071,5.627434718,18.12239901,13.17011969
6618,14.26254261,18.78804737,12.36469138,14.66504368,23.21503399,8.488539516,8.216101462
1284,15.54936121,19.37730696,14.38155486,13.20702475,13.6396918,14.42581925,9.419241177
1441,20.12027834,29.14564195,14.56298428,4.754502066,18.81402202,5.268418727,7.334152623
9262,11.65400283,12.90646186,11.63736271,14.08690695,16.64473636,18.78213844,14.28839084
10115,12.8238605,12.88298103,11.75213758,12.83024858,14.21788794,21.05830808,14.43457629
40160,8.630386158,6.110554353,12.64346474,26.25282799,3.223124464,27.27400874,15.86563356
13039,14.4288536,15.44551604,17.10808434,12.49568912,17.05094589,15.08794115,8.382969859
8640,13.30671746,15.01504211,16.8585242,17.20924661,17.24232312,10.33762867,10.03051782
38020,10.34933099,11.00707297,14.6044563,19.35036779,10.61063442,16.46810907,17.61002845
8209,10.6010609,11.49965826,15.28035031,20.5203211,12.01363377,14.25903535,15.82594031
8771,11.06127221,11.30609974,11.79234696,18.92692388,13.00067679,16.38156902,17.5311114
25713,10.46840537,11.08766688,15.44971131,19.71545999,12.29730023,16.04995582,14.93150042
10888,10.37242998,12.15005696,14.05085476,17.20804843,15.88198782,12.5552352,17.78138684
11322,9.887685369,11.19841718,16.87174981,18.3166598,12.2007425,13.23918218,18.28556315
11384,11.33487408,12.47248427,16.36686466,12.55644923,10.01257099,13.6971771,23.55957968
8014,15.72776888,18.20622184,15.3751316,11.35807989,14.15189635,16.91173427,8.269167169
37827,17.35805329,20.6920408,13.4431821,6.857037059,18.39426925,17.02577666,6.229640854
8466,12.80436672,17.50312558,15.87436257,17.23451679,13.82628014,12.66320376,10.09414444
38446,15.66023157,18.471767,14.67435238,10.98259143,19.0128044,9.440031746,11.75822147
8443,17.69837067,22.32393229,13.60499942,8.317695003,23.00574049,6.962426628,8.086835495
38581,13.80582342,13.15309631,11.73975371,18.02637091,17.16703415,15.69707444,10.41084707
8699,15.30942156,12.85366307,11.70264253,13.95715708,15.13315199,16.40044421,14.64351956
8571,13.21965384,14.55035344,11.15249826,18.68650328,15.77020597,15.68398395,10.93680126
38417,17.05662044,12.28770446,5.942202191,17.11962913,14.54917751,20.34384893,12.70081734
13254,14.12796413,11.37520028,16.12122608,17.98691712,14.63578389,12.09551086,13.65739763
15713,12.94141947,11.71639097,14.11283575,17.00916341,15.30721879,16.11704367,12.79592794
12213,11.60347847,14.60488544,16.41410729,17.77941216,14.4470429,15.00380831,10.14726543
27450,13.2233198,13.84570425,9.454277549,15.51520925,18.45391185,16.41431659,13.09326071
26996,14.06225328,16.79102329,13.22215882,10.04479364,21.43095897,12.97968396,11.46912804
19288,14.90283269,25.74507619,12.05423278,7.5719173,23.26593672,8.969784656,7.490219666
18696,13.95353673,15.66535283,15.30787556,13.62542423,17.23904337,10.90199132,13.30677595
19091,14.9074563,16.66268233,15.45287697,11.58276019,19.10504041,11.17992131,11.1092625
19676,15.46912337,17.71204372,10.18980282,10.61591314,18.16660072,19.21817717,8.628339049
19046,17.56962972,19.53609073,17.56423482,8.232960795,22.53612253,6.621007407,7.939954002
19722,11.14963802,11.87742723,15.5615949,16.29419895,13.82994042,15.72758627,15.5596142
18630,16.26544129,16.84270396,17.31621278,11.12298784,20.37289277,7.828555513,10.25120584
19746,15.58021427,13.55623304,15.9955203,15.74930102,12.49056331,15.06393913,11.56422893
19677,12.23331343,12.59204026,15.22764845,18.25390502,15.48876107,12.18690317,14.0174286
19250,11.01598723,15.42129848,16.21131692,19.558303,11.60066342,16.09262833,10.09980261
18926,32.88517297,15.37866447,3.592116726,14.65520578,1.345974284,20.14206817,12.00079759
19007,38.49272171,18.00101986,4.204641088,0.102291817,1.575488552,23.57667467,14.0471623
38856,17.61959728,28.36570679,15.2557367,10.82837225,8.69572134,7.481117717,11.75374792
39141,15.73649592,20.32252275,12.46823085,11.77782971,16.03196746,11.37334594,12.28960736
3283,13.45991132,12.39218222,13.62715945,13.81171688,17.23409661,12.27582058,17.19911294
2997,13.87100781,18.56706257,16.09249482,12.5142739,18.04237765,8.103957866,12.80882538
3364,13.9983905,19.04813348,14.8144282,12.73693814,18.94576123,7.908183814,12.54816464
5075,14.2153701,19.52409714,15.59638653,12.54550905,8.566915962,14.08358878,15.46813244
3254,14.3681127,18.87420985,9.495993332,14.41565554,20.40201709,12.16856282,10.27544867
2870,14.37075805,15.3592754,11.01887075,12.98904922,19.37915429,17.10239716,9.78049513
3264,14.37075805,15.3592754,11.01887075,12.98904922,19.37915429,17.10239716,9.78049513
20057,11.78289885,9.592003476,11.7379925,21.12203746,12.01920933,21.56908777,12.1767706
41301,11.79069293,9.564661184,11.81878639,21.02151818,11.70638678,22.02890519,12.06904936
27638,25.05913521,11.71883854,2.737262133,34.96562297,1.025658329,15.3486439,9.144838915
18002,14.59647566,10.16169157,12.84822215,15.89726473,8.498258127,22.68629092,15.31179684
17243,12.24837742,10.49236305,9.769181933,20.87173142,7.685517742,27.26901917,11.66380927
17595,12.24837742,10.49236305,9.769181933,20.87173142,7.685517742,27.26901917,11.66380927
4376,15.8050937,13.01493701,17.0346219,13.21818572,14.70920605,17.6279716,8.589984017
29386,12.54809638,14.44635732,15.73042924,11.94693461,18.91796328,12.33849312,14.07172605
28131,10.86846014,11.70390642,17.55065577,19.20037585,14.05065453,13.47914575,13.14680154
28539,10.86846014,11.70390642,17.55065577,19.20037585,14.05065453,13.47914575,13.14680154
28964,14.06085449,13.11480579,18.27644032,16.34593646,15.02712956,12.17865009,10.99618329
28230,11.84629078,8.455638691,11.77744113,17.64564572,6.425994629,30.42489033,13.42409871
28702,11.84629078,8.455638691,11.77744113,17.64564572,6.425994629,30.42489033,13.42409871
40893,8.514144883,7.987384977,13.08420386,19.84296024,6.113229699,20.75946893,23.6986074
15465,14.72106279,14.16953494,16.34447322,14.71297162,11.70396984,12.87642425,15.47156335
14618,14.46016054,14.10274834,16.06697082,14.4938831,12.29442463,12.71378825,15.86802432
16293,11.25853693,11.23477371,12.82167874,17.54462925,13.84682815,14.03630823,19.257245
16295,12.06817297,13.21696321,15.05494612,13.17251736,13.74357967,12.56834287,20.17547781
16695,12.06817297,13.21696321,15.05494612,13.17251736,13.74357967,12.56834287,20.17547781
27485,14.37540424,12.99358102,14.83879286,16.83712268,10.99278682,13.5870541,16.37525827
27037,13.09911696,13.8959759,18.92116593,14.06917938,16.53856402,11.10007368,12.37592414
24337,13.77269214,10.62156154,14.82363361,17.99904104,13.97481721,17.14848182,11.65977264
24381,13.0639843,11.96873648,16.04107749,17.44287646,11.68406747,16.66587041,13.13338738
22976,14.91893408,14.02913194,10.97620613,15.34089112,12.58748611,16.78429213,15.36305849
23424,11.20227669,13.69026019,20.33001199,15.15646401,10.52547706,14.84966731,14.24584276
23423,9.007505606,11.19866512,14.62219748,21.27408688,14.87850791,15.96637507,13.05266193
23015,11.97951557,10.10057961,15.37696335,19.9201068,7.892906182,18.65401758,16.07591092
23460,11.58089208,10.14327825,16.58346343,21.18755287,8.21334918,19.248334,13.04313019
23430,10.62885683,10.48628319,16.15078689,17.85011992,10.25443751,17.27942025,17.35009542
13933,38.51360397,18.01078539,4.206922102,0.048097422,1.576343252,23.58946499,14.05478287
37636,9.298388131,12.25839924,12.81443926,22.94149949,11.98871493,18.68911406,12.00944489
5506,14.57151334,13.57941866,12.19954783,13.93059138,18.37630287,15.08585082,12.2567751
37503,13.95005102,12.78760381,10.92067975,15.61524542,17.84704438,16.23597412,12.64340149
37423,12.42413448,11.51761212,7.777006023,16.04835892,15.17520059,24.02762569,13.03006218
5418,12.80647002,11.82816875,8.88290505,15.04834164,15.15801778,23.79855526,12.47754149
36927,12.97606169,11.13867618,7.465180802,14.78370424,14.01710442,24.60731347,15.0119592
30751,13.28438697,14.80024753,14.99142936,14.97390855,15.40378776,11.68318231,14.86305751
37469,17.33207467,13.81357939,6.763884165,12.60979984,18.03408766,16.76122022,14.68535406
30176,38.51360397,18.01078539,4.206922102,0.048097422,1.576343252,23.58946499,14.05478287
30054,12.00536765,15.53201288,12.13274997,15.58620014,19.2757045,14.49386318,10.97410169
29645,13.47739727,13.92802319,10.09057061,13.00488322,18.99486585,17.9562222,12.54803765
30367,15.14917859,14.04167659,12.42395176,11.66082031,18.45631024,14.97609563,13.29196688
39524,16.80702039,18.9759259,10.68496049,11.85502698,25.85353604,8.915155192,6.908375015
29625,13.68788735,13.34673992,16.73418399,12.50880444,15.98666235,13.43607817,14.29964378
30801,14.52479778,21.13527148,16.86108958,15.81607014,9.9986771,10.63796283,11.02613108
30437,15.31261996,19.4088039,13.62147519,11.42268593,18.07830874,9.684797033,12.47130924
29707,14.45805218,17.70483148,13.66022592,13.73096573,18.20677569,10.33034339,11.90880561
30735,15.20080359,13.7106301,15.26251823,12.82161686,16.46773593,12.78862759,13.7480677
30034,11.46020755,11.07711221,12.44408672,20.13402815,13.17848367,17.89130175,13.81477995
30103,15.04526236,21.68421837,14.52023987,14.98716552,13.65392125,9.935471644,10.173721
30041,13.68788735,13.34673992,16.73418399,12.50880444,15.98666235,13.43607817,14.29964378
25499,11.41369966,9.655650642,16.71483396,16.52724244,8.27584931,22.16655271,15.24617128
25855,17.16443662,11.13993329,15.55793469,11.7785455,9.09556425,25.32922861,9.934357044
34755,13.71695018,11.58172557,15.25779877,17.13420748,13.49152267,16.88616172,11.93163362
27707,15.76718838,17.58890251,13.29298283,9.440279071,19.73484299,17.65475592,6.521048297
24587,12.92260349,9.173894296,13.22473521,19.56325903,8.793561705,18.74594704,17.57599923
23438,11.92316373,12.27723081,17.53484832,13.91721855,14.57483705,14.60382396,15.16887758
23273,12.28015123,12.9000259,16.16655937,15.72534813,16.94159747,11.97633959,14.00997831
24404,11.53701208,12.00467871,9.63099376,18.31992072,17.44936593,17.03488948,14.02313932
24188,12.25533594,11.47732247,17.85148693,15.02865782,15.11688693,12.02735992,16.24294998
23913,13.22474074,12.92952526,17.02240836,17.14695795,15.33806534,12.37785994,11.96044242
23029,14.73005656,14.2877281,10.63215235,14.27291059,19.03529534,19.54497617,7.496880881
23963,12.28070057,11.58633159,12.67914557,19.30248305,15.3301326,16.24764631,12.57356031
38210,10.25931242,10.64024721,11.73732113,21.50674234,12.6103109,15.96065546,17.28541053
22782,11.88398855,13.31849219,17.22617052,15.83175539,16.65731074,11.95821048,13.12407213
23726,12.71292259,14.59409709,17.87359829,14.5165762,17.35533333,11.68611132,11.26136118
23869,15.24716148,12.9435858,16.6669083,15.95745388,16.05763095,11.76841817,11.35884143
23509,10.07649119,12.75944748,13.98599062,21.05504285,15.32821699,14.41359775,12.38121312
27153,12.17257264,13.49003024,12.2395059,16.76672439,17.29175955,12.82832101,15.21108628
24285,12.43153033,13.70993355,14.91326724,16.21898928,17.43383268,12.94790767,12.34453925
24004,10.98884972,13.76085197,15.75232528,19.27082119,15.52960313,14.13730812,10.56024059
27578,12.12713273,16.06056546,12.34853021,16.14366226,16.75489102,14.40357971,12.16163862
23073,10.23687318,12.89391492,14.81191146,20.73027946,14.96541905,14.20029857,12.16130335
23071,18.29802009,20.70169707,12.97693357,8.023215274,23.39932499,7.516007445,9.084801569
23506,18.29802009,20.70169707,12.97693357,8.023215274,23.39932499,7.516007445,9.084801569
22822,11.40273721,11.69569162,16.98416439,17.75976048,10.63019103,12.57925341,18.94820186
23767,10.78243093,11.40822365,19.24931551,19.34487766,10.0759424,13.0625587,16.07665116
23303,13.87783979,13.15662576,14.23280766,13.90463437,12.53602765,13.37071396,18.92135083
7230,13.83798757,13.24126932,15.61791471,14.00046515,17.22044655,12.82986249,13.25205421
37679,14.27485238,12.98468608,10.20587069,16.79918842,15.14759672,20.1083446,10.4794611
24465,9.599140594,10.28974069,11.39611901,23.35438189,11.00923747,20.598375,13.75300535
26940,12.6132479,17.38080843,9.119927509,16.30080132,16.33252977,19.84768143,8.405003639
27461,14.3310522,20.69914308,14.8172603,16.23823785,6.465342126,12.33957456,15.10938989
27128,15.87701121,17.59441362,15.12416653,11.28996802,17.22818451,11.40008509,11.48617101
32258,12.40104533,12.66077271,12.23403084,18.57129809,13.16766195,15.58819385,15.37699723
7767,12.52064811,12.4276048,12.98287989,16.53623284,15.6021709,15.26256758,14.66789587
7371,19.84301642,18.41515191,16.52486736,5.107398862,19.32692052,16.11685507,4.665789843
7153,13.35412729,11.2952794,13.10360359,18.16656706,8.811848113,17.63019567,17.63837888
7680,17.52595949,13.5578859,23.36301991,8.829931687,10.03989506,10.96234325,15.72096471
9895,11.19367818,14.46400342,13.14825761,15.69867717,15.55263129,14.75860755,15.18414478
8430,11.55683628,19.53934238,12.38811093,18.38443105,7.565490239,17.74613186,12.81965726
7979,13.48380986,17.42452938,13.86198354,16.30394009,11.03986785,15.37449807,12.51137121
8032,17.58246444,25.2647638,12.51732903,9.939755095,18.34420178,7.457954708,8.893531139
37844,14.53033533,20.82105281,11.83275541,12.92916067,17.70957924,8.760484246,13.41663231
37791,13.83468203,15.74522521,15.46553531,14.46744916,13.04427872,14.1429785,13.29985108
8400,14.56718446,20.84459696,14.86749582,13.04510172,15.3460155,9.100650344,12.2289552
8460,17.52548734,20.51000413,11.13085276,9.757686782,17.5240106,12.71252537,10.83943302
8008,17.31642553,18.68255041,10.218845,10.37837782,18.34723848,12.28765725,12.76890551
7967,19.52916125,21.81038503,8.716504991,9.303655243,25.35183967,9.18143242,6.107021398
8418,19.52916125,21.81038503,8.716504991,9.303655243,25.35183967,9.18143242,6.107021398
702,11.64608133,11.94187052,14.74132216,17.88510721,12.99641858,14.23909769,16.55010251
8429,17.95956837,14.19708976,4.602395273,11.49333279,20.12155063,15.10549621,16.52056698
38295,13.49155617,13.05311926,16.92631976,15.45975289,14.78759363,16.05996634,10.22169195
31326,13.37295209,11.72793349,13.49895947,15.17012513,15.0459316,16.69426266,14.48983558
31788,13.37295209,11.72793349,13.49895947,15.17012513,15.0459316,16.69426266,14.48983558
31363,10.58711276,10.73611826,16.62772893,20.94168614,12.77234301,15.39663163,12.93837927
31831,10.58711276,10.73611826,16.62772893,20.94168614,12.77234301,15.39663163,12.93837927
31361,10.93420637,10.82570347,15.85681978,19.18424585,14.17256674,15.07162552,13.95483228
31832,10.93420637,10.82570347,15.85681978,19.18424585,14.17256674,15.07162552,13.95483228
31381,11.26669743,13.90427105,10.875331,17.33784883,17.6447702,13.83289851,15.13818298
31851,11.26669743,13.90427105,10.875331,17.33784883,17.6447702,13.83289851,15.13818298
29145,38.51360397,18.01078539,4.206922102,0.048097422,1.576343252,23.58946499,14.05478287
38745,12.08985122,13.69842472,19.77702312,17.17708692,10.72303606,13.14524499,13.38933298
7845,14.00491882,16.25512455,15.1637158,11.64188073,15.04777819,14.29722081,13.58936111
6860,13.06999395,9.489298999,6.315703629,19.56093514,11.74339816,23.63791148,16.18275864
23970,11.28660136,13.22145451,11.08816078,15.21678244,17.91823311,15.6350654,15.6337024
23698,17.02862794,18.16899963,12.34205169,8.838350305,20.52728829,19.48035733,3.614324805
24419,11.87958598,11.25512433,15.81777861,17.08885629,15.07537321,13.89608061,14.98720097
23212,13.64982182,13.49320557,18.27352112,14.76896694,14.03964651,12.72360473,13.0512333
23035,10.6238805,11.54889744,13.18442009,16.21956773,15.77757697,14.313352,18.33230528
22716,13.29255949,14.15710621,16.40685681,14.30344829,15.02289982,13.07094133,13.74618804
23676,13.99812352,14.74040259,16.5277198,12.31238482,15.69392466,14.61789935,12.10954526
23478,12.9000181,12.68566206,15.78140907,17.75324466,12.80374752,13.94454924,14.13136935
294,10.82643802,10.74389952,14.66601102,20.00661938,10.88759302,15.77048275,17.09895629
1163,14.17703845,17.32883929,14.43219988,14.65493395,14.22442448,12.24490786,12.93765609
2052,13.82099582,16.38462884,15.02527885,14.40222843,14.65974452,12.61548966,13.09163389
35077,11.02653118,11.10004002,13.95902528,19.48795687,11.65639304,15.09690338,17.67315023
1202,14.26561387,12.95272149,12.83385312,14.33968994,15.88127194,16.40880973,13.31803991
2101,13.59719245,12.6098772,13.0607091,15.82016183,15.9234355,16.34603359,12.64259034
34368,16.25171583,16.4719967,12.28011784,14.47714596,16.82998543,11.01686512,12.67217312
36393,14.67742826,10.78618676,13.33235347,18.50560018,13.67366198,18.53091055,10.4938588
35435,12.510202,23.07538803,14.4777056,11.60213624,2.310239685,21.47506197,14.54926649
567,13.2945668,14.11675684,16.16548297,13.26452292,16.32050728,14.0069277,12.83123548
34956,16.07650847,14.31546648,16.11178632,10.94362659,16.46801027,11.79460621,14.28999567
154,14.95352083,14.48673698,17.19711912,12.16032423,16.38845801,13.43257823,11.38126259
44,13.88199485,11.31201829,11.01792963,18.44069106,15.39171572,15.50141211,14.45423834
34837,13.91148553,11.40277786,11.60550753,17.03805085,15.61861637,14.27988788,16.14367398
34418,14.75462799,13.33271646,14.79584535,15.35271151,15.24706605,15.64267888,10.87435375
1968,15.55393279,12.89547564,14.10549418,15.1836529,16.9555021,13.5217315,11.78421089
34342,16.22587151,12.51386002,14.36156205,14.5034059,15.91050509,11.86742923,14.6173662
22506,14.37434746,12.39892351,13.73721784,14.93180496,12.31325521,22.45548919,9.788961823
34763,16.01851909,16.38742978,13.65822086,13.20673682,17.2030296,10.2733459,13.25271795
8470,13.93335384,21.98339302,13.95206586,15.61430003,4.868934166,14.32138128,15.3265718
8015,15.835049,28.50763186,20.71310049,8.023651101,10.70021525,7.433303802,8.787048497
8409,14.36383931,22.60889404,13.5521495,13.7708302,7.176459878,15.44760088,13.08022619
7953,14.13234077,22.23167114,16.11753578,12.37637635,9.359714049,13.70305934,12.07930258
37770,14.36381845,19.75035809,15.99807254,12.51120495,10.34204802,14.75427813,12.28021983
37829,17.29764347,28.33044714,18.48053188,6.942501146,15.40723093,5.633529546,7.908115891
8449,16.88807264,33.72009581,12.83608209,7.72716546,15.01726027,8.16622353,5.645100205
38332,16.18617774,18.931738,13.90987743,13.56656951,15.62829813,9.571414322,12.20592487
39078,12.54601677,12.84899183,12.47295413,17.037286,16.41134457,11.97460317,16.70880353
31086,13.42023467,13.07987178,12.32974455,16.86789683,17.38065687,14.54475211,12.37684319
31566,13.42023467,13.07987178,12.32974455,16.86789683,17.38065687,14.54475211,12.37684319
31389,14.38007118,12.96160376,13.33672607,13.4081575,17.99053655,13.26931163,14.6535933
31864,13.81484847,12.67460506,13.32379558,14.25590654,17.54490189,13.40264827,14.98329419
31331,10.76668603,12.49735248,11.09478551,17.69210875,14.77508717,17.91978066,15.2541994
31802,10.77701291,12.5768029,11.32953305,17.39957517,14.98242825,17.75560664,15.17904108
15806,15.26670228,15.7739775,12.54422504,12.10362171,17.37644805,16.24730941,10.687716
32422,11.90855911,13.9905889,11.4725962,16.90563182,19.72062248,16.70871835,9.293283151
32875,11.90855911,13.9905889,11.4725962,16.90563182,19.72062248,16.70871835,9.293283151
39554,14.73364054,18.58974112,11.56234151,13.11141593,10.06038644,15.04071718,16.90175729
32145,15.39796877,18.36659228,15.95317295,14.73802188,12.22006346,12.90945447,10.41472618
32627,15.39796877,18.36659228,15.95317295,14.73802188,12.22006346,12.90945447,10.41472618
15942,11.60171242,9.839122141,15.52212007,19.43693135,9.089027026,17.14679837,17.36428863
41003,14.55564875,10.68971637,11.53336667,16.88237619,13.12374395,19.80558373,13.40956434
27098,10.43894266,11.25532817,12.48895902,17.67026904,15.09853025,14.09769773,18.95027313
27562,12.46212061,12.8997354,11.233922,15.8943898,17.34186641,16.81222595,13.35573982
27124,12.31018343,12.11598081,11.74424996,18.78948711,15.6572465,18.11302617,11.26982601
26617,14.60302575,16.83168925,11.33284232,11.79391471,17.91274346,15.36444723,12.16133729
27382,19.84303432,24.14747717,11.03256957,9.812209475,21.5141763,10.91807987,2.732453285
27644,12.91060557,15.27799953,13.94466327,15.58982314,21.31116566,12.04664341,8.919099422
27032,11.29046386,10.07274064,14.51170598,18.07115031,13.82938476,14.13551945,18.089035
26179,22.4043985,10.47735791,2.447279649,24.49025773,0.917001235,31.08766006,8.176044924
27204,20.4548411,16.17305193,12.5495378,11.6476774,20.65828986,9.621762341,8.894839568
27030,12.67448839,12.17126075,17.56677986,13.61148918,13.45352019,17.72854789,12.79391374
27775,13.00739733,16.74969447,14.79081251,15.56280753,22.07466702,9.343300292,8.471320848
26932,38.51360397,18.01078539,4.206922102,0.048097422,1.576343252,23.58946499,14.05478287
29802,14.1191467,14.32875718,14.64876292,14.62230108,16.70277891,17.39538178,8.182871434
30534,11.61622565,14.37115185,11.14231307,17.5518523,18.12969925,12.05748699,15.13127088
30508,12.48210044,12.67670778,13.42559601,15.42982804,15.75440875,16.50304657,13.72831241
30649,16.55586204,12.5697624,9.512481998,4.603123839,11.42450205,31.18489429,14.14937338
29939,36.25601232,16.95502861,3.96032061,1.314097866,1.483941114,26.79968031,13.23091917
29852,23.1712505,10.83597423,2.531044509,33.68755052,0.948388118,20.36989964,8.455892491
1217,15.01595317,15.57731053,9.23681758,14.38084523,21.47835572,11.14772181,13.16299595
1630,15.01595317,15.57731053,9.23681758,14.38084523,21.47835572,11.14772181,13.16299595
1688,11.12466366,10.66573988,9.693138834,21.33995787,13.05888451,21.20575717,12.91185809
32934,8.202856842,8.076483296,14.16038953,26.05829029,5.270036919,19.06470341,19.1672397
33872,8.324991183,8.261142208,15.35729612,22.90331138,4.981007153,17.612839,22.55941296
3630,9.934340144,12.22010447,12.47107504,19.62639047,14.35427126,12.63420704,18.75961156
4124,10.59290418,11.60983508,13.10188464,20.12709285,12.88653347,17.22107101,14.46067877
3724,10.59939468,10.6723206,11.04063207,19.81761526,12.11185022,17.7809499,17.97723726
4051,10.58910455,13.0893137,13.71289582,19.02109067,12.75292841,12.70381476,18.13085208
457,13.15939657,11.87797058,10.82999915,19.79242061,15.69844492,17.20785873,11.43390945
33397,17.48448878,18.8394073,15.98041205,9.104337821,19.53119954,12.26695835,6.793196169
33704,11.09649163,12.43903538,12.60693298,15.46633157,16.39874037,18.05216279,13.94030528
2146,10.28229434,10.8396829,14.04614882,20.36673998,11.805337,17.71083439,14.94896256
1259,10.62475951,11.71796925,16.13296405,20.80746343,12.7128419,15.39661591,12.60738595
24694,38.51360403,18.01078542,4.206922108,0.04809726,1.576343255,23.58946503,14.05478289
25425,38.51360403,18.01078542,4.206922108,0.04809726,1.576343255,23.58946503,14.05478289
32119,11.78552601,21.05045166,12.45259476,18.39130361,3.072283444,15.24069689,18.00714363
32620,11.78552601,21.05045166,12.45259476,18.39130361,3.072283444,15.24069689,18.00714363
32043,12.00314677,19.78121601,16.10827537,14.59934456,13.26994815,9.632240155,14.60582898
32529,12.00314677,19.78121601,16.10827537,14.59934456,13.26994815,9.632240155,14.60582898
30990,38.51360403,18.01078542,4.206922108,0.04809726,1.576343255,23.58946503,14.05478289
19888,38.51360397,18.01078539,4.206922102,0.048097422,1.576343252,23.58946499,14.05478287
5615,13.65674539,11.61356965,12.60746777,16.70593058,15.57774577,17.0185414,12.81999945
6033,13.65674539,11.61356965,12.60746777,16.70593058,15.57774577,17.0185414,12.81999945
28739,12.80672973,13.36058104,16.51834736,15.66748978,16.39180289,12.24640872,13.00864048
30726,14.15312949,13.66096739,15.53613233,14.18051219,18.51297069,9.990384165,13.96590375
6393,14.80202004,15.64655349,13.64356118,12.63151532,20.26303178,11.48086653,11.53245166
40294,11.99928531,20.12334401,18.95869215,13.39167466,2.260310098,20.0564828,13.21021097
5352,14.90517089,15.15201716,14.21271537,9.19377887,18.84866718,16.40231914,11.2853314
6041,14.18941786,12.33424434,9.991083822,15.91158199,17.87356744,18.12256261,11.57754195
37050,12.27655587,10.68057189,12.78691836,17.36448029,12.01312761,16.65289396,18.22545203
37357,16.33037166,14.37531777,11.74918751,10.52950423,19.36441123,17.57670776,10.07449983
5879,9.06867387,9.403847161,9.413392379,21.31904534,10.39059122,18.21444981,22.19000023
25481,19.02005361,18.59125499,18.51073834,8.704080397,19.76953315,9.657283705,5.747055805
25096,18.3445236,19.41005526,17.36605423,9.733073753,18.80338661,9.775620623,6.567285932
25545,12.21214254,13.35902194,14.4889376,15.18687474,14.34261926,14.24488102,16.1655229
25661,11.08032061,14.68670121,19.09352747,16.74262847,14.67801358,12.77618283,10.94262582
25411,12.98039745,12.42654683,18.60232211,15.57197727,14.99758895,11.42437746,13.99678994
24675,13.02465054,13.12197819,20.57172779,13.23198741,13.8925407,12.10383694,14.05327843
24827,11.98649807,12.54285102,14.63240394,16.00911046,12.5552192,15.29251084,16.98140646
33909,11.66565631,8.557231303,15.48568274,18.14262143,5.804984172,26.03092277,14.31290128
25103,16.94459259,11.9747412,9.476800681,16.6953586,12.14321573,22.15297736,10.61231384
32985,9.909423144,8.325293393,13.88808685,18.86216174,5.371716287,26.21982484,17.42349375
25198,11.26015739,8.379827507,13.73880073,22.66836063,4.814365739,20.95804782,18.18044018
24751,31.33739315,14.65484932,3.423049475,18.67206014,1.282624401,19.19405775,11.43596576
38693,17.63363722,15.17084813,15.6054679,16.47527099,3.252777626,17.92016649,13.94183164
6301,12.62234076,14.73632492,9.252483772,18.35534842,20.68258077,11.55540888,12.79551249
6309,13.88854143,14.06916467,16.82072474,15.47204654,15.96936002,13.98687077,9.793291835
24315,17.07750532,17.67057312,15.50318323,11.0522028,18.2119373,11.60819075,8.876407493
6355,16.31162894,20.91387207,12.16218173,14.25165609,13.56960329,14.32904163,8.462016249
6768,16.31162894,20.91387207,12.16218173,14.25165609,13.56960329,14.32904163,8.462016249
7189,11.65714594,13.72718615,11.70803051,18.5637717,18.87980036,11.56523316,13.89883218
7187,12.32084352,12.18880276,16.53244067,15.53621999,16.29735115,12.75295319,14.37138872
6197,11.9016224,12.6669688,14.34744374,16.34580306,17.23466444,14.2900936,13.21340396
6640,11.9016224,12.6669688,14.34744374,16.34580306,17.23466444,14.2900936,13.21340396
7051,12.71196973,12.54637937,11.96046668,18.9302233,16.60379894,15.08795657,12.15920542
10413,13.55640167,13.2787675,12.79260982,15.39102793,17.41513226,14.27916648,13.28689435
14048,11.08632745,10.41516487,16.01235292,18.1805716,13.24175847,17.44518622,13.61863848
39949,13.13490822,11.7868124,12.17848149,13.52383392,15.45173255,19.40671023,14.51752118
13605,11.3681843,10.50727876,15.14833129,17.78830241,13.52298557,16.55816355,15.10675412
13711,17.23452192,18.9255752,8.343550894,8.25369339,23.9974193,9.094124163,14.15111514
14132,17.23452192,18.9255752,8.343550894,8.25369339,23.9974193,9.094124163,14.15111514
13693,12.08722811,12.17093364,16.91820689,16.73444672,12.96900311,12.47649919,16.64368234
14114,12.08722811,12.17093364,16.91820689,16.73444672,12.96900311,12.47649919,16.64368234
15728,13.66265591,12.59071787,18.75588804,12.47973345,15.46316031,14.45100485,12.59683957
14651,13.29255725,10.01772328,14.4704729,18.91476353,12.87721038,15.10990739,15.31736527
15509,13.90832219,9.592500633,14.52344087,17.64759525,12.07302861,16.61409272,15.64101973
15164,18.0639453,16.64548139,15.83830145,6.74253559,21.01789885,8.65702241,13.03481501
14260,32.88517297,15.37866447,3.592116726,14.65520578,1.345974284,20.14206817,12.00079759
27626,12.2518004,13.34686686,12.94807969,12.91038661,18.26800074,16.9528945,13.32197121
14696,13.91267059,13.38916831,12.31453637,14.62805592,18.07474161,15.48441199,12.1964152
14996,13.91267059,13.38916831,12.31453637,14.62805592,18.07474161,15.48441199,12.1964152
14692,13.24298113,11.01711854,17.73191344,20.05012773,7.068650556,20.81295821,10.0762504
14991,13.24298113,11.01711854,17.73191344,20.05012773,7.068650556,20.81295821,10.0762504
8636,14.71342356,13.92082763,15.74302054,16.43108823,15.96383519,12.0496394,11.17816545
38151,14.92575904,13.14835042,15.1383073,16.48985947,14.70458086,11.57235207,14.02079084
36769,19.82127651,18.30237208,8.733982457,8.074670741,25.1186205,15.16271994,4.786357764
7548,12.89277538,14.36538845,15.61428539,11.49266022,15.50708641,17.69932427,12.42847988
5489,9.859849614,10.26327639,14.40323851,20.34571562,9.048848355,21.90637549,14.17269603
5519,13.7810344,13.06474185,13.42615715,13.31397239,18.3803039,10.65359622,17.3801941
5928,9.508383437,11.17936268,15.92954334,19.85354662,10.57486632,20.86230852,12.09198909
37482,11.39169047,10.7031639,13.55694057,19.59724124,11.21369827,23.21733129,10.31993425
37550,9.911798059,9.523865015,12.96983961,20.39892457,5.80171064,18.92051837,22.47334374
6244,11.32162215,10.6478139,15.31674105,19.1974482,12.49663766,16.2274913,14.79224573
7877,11.72018164,14.56485311,17.51468963,15.29444245,16.43236482,10.64804315,13.82542519
7616,10.71982707,9.219242538,12.91907535,20.00980967,8.419108293,20.26906815,18.44386893
7570,11.12805276,11.36112539,15.04606613,20.32283774,12.10497379,13.99638327,16.04056092
7573,10.80480386,11.78542451,15.56295052,13.8051732,10.4208337,20.99619114,16.62462307
37725,38.51360403,18.01078542,4.206922108,0.04809726,1.576343255,23.58946503,14.05478289
13857,13.06189205,12.99652496,10.30479081,18.46138627,17.3060824,15.94739352,11.92192999
13606,15.45645518,16.67625548,11.90804975,13.12466318,23.34751681,10.29075003,9.196309576
14049,15.45645518,16.67625548,11.90804975,13.12466318,23.34751681,10.29075003,9.196309576
14308,13.24914995,14.4946162,11.56255519,16.9902513,17.1921419,15.3966014,11.11468405
13504,16.2823994,13.5347458,11.61878049,12.58855292,17.00627608,12.47354427,16.49570104
39844,15.86229258,12.22365953,12.74743942,14.17257895,14.83461047,12.75623194,17.40318711
25320,12.77436928,15.08129325,14.77092908,14.50212118,17.59928278,11.60675071,13.66525372
25398,14.41047989,12.94070234,11.70455568,14.12838299,17.08942195,21.53184978,8.194607369
25381,10.35216212,11.85768363,10.63046002,18.92520918,16.83801058,13.60370619,17.79276828
25017,11.83679931,12.83281113,14.6577559,17.54726272,14.73848984,13.49780458,14.88907653
25071,11.75644652,10.81028095,9.16873788,19.83109443,13.4362321,21.93878415,13.05842398
24645,10.52178034,10.74028585,9.635360112,19.66003985,14.45040952,15.61429899,19.37782533
25681,10.98636686,10.34177772,14.47425981,20.63788919,9.356280651,15.21079389,18.99263188
15872,11.01456849,13.77136987,15.92423193,16.68166899,16.90770815,13.39992013,12.30053243
28095,11.48183806,12.5980668,9.056507466,16.41617659,17.12300707,15.88943555,17.43496847
28497,11.48183806,12.5980668,9.056507466,16.41617659,17.12300707,15.88943555,17.43496847
28133,14.27704789,12.59404201,11.20205047,16.02436037,14.34049329,18.66902647,12.8929795
28535,14.27704789,12.59404201,11.20205047,16.02436037,14.34049329,18.66902647,12.8929795
28689,38.51360403,18.01078542,4.206922108,0.04809726,1.576343255,23.58946503,14.05478289
22962,15.4743096,14.75245004,15.21327502,12.5930039,16.61823069,12.47682463,12.87190611
24293,13.94696848,15.73318461,13.47432855,13.44934318,18.70205685,15.22394875,9.47016958
23418,18.99789881,16.31849687,15.23664845,8.543602527,17.69708528,10.92062605,12.28564201
23605,14.30291826,14.32492533,20.55977944,14.69788451,14.62309557,13.25448297,8.236913919
22906,10.792778,12.58727322,13.61255111,20.94984585,12.93933694,15.82337781,13.29483706
23374,10.792778,12.58727322,13.61255111,20.94984585,12.93933694,15.82337781,13.29483706
24099,11.52787999,12.5418726,18.17649521,17.18304606,14.94671441,11.39945071,14.22454103
23162,11.69688009,12.91964541,19.3555384,16.17910055,15.29797604,10.57368305,13.97717645
23907,14.93203392,14.49689387,16.66557428,13.88768836,16.50626901,13.09243455,10.419106
23531,23.10077634,17.32151989,11.6836422,6.34369,22.62092874,13.21545491,5.71398792
19797,13.23753568,12.21398335,17.60625808,17.36153057,12.80264921,12.55528445,14.22275866
18785,9.514700747,12.79170587,14.12123309,22.9390481,12.54378762,15.31716033,12.77236424
19158,9.514700747,12.79170587,14.12123309,22.9390481,12.54378762,15.31716033,12.77236424
19463,13.66131348,13.78460335,18.54829356,15.38832796,15.87707986,10.07866364,12.66171815
19253,13.76013104,22.0712979,8.443275756,12.64189231,14.88251028,18.0514912,10.14940151
18726,11.8300831,6.983875488,14.63142288,20.71896877,7.552159204,21.81725543,16.46623512
19115,11.8300831,6.983875488,14.63142288,20.71896877,7.552159204,21.81725543,16.46623512
18928,38.51360403,18.01078542,4.206922108,0.048097262,1.576343255,23.58946503,14.05478289
41486,11.55811179,9.597014991,9.334702935,19.54563478,9.189242276,25.20591015,15.56938309
20288,11.71099498,9.702174558,9.577266149,19.21613097,8.957097803,25.1472302,15.68910534
7733,12.58223741,11.64715469,12.91986595,13.28943656,15.32666177,19.24092245,14.99372118
26492,13.75816363,15.77858747,8.067189008,16.87287271,17.14410402,12.57607999,15.80300318
26873,13.75816363,15.77858747,8.067189008,16.87287271,17.14410402,12.57607999,15.80300318
40472,13.78594858,15.21852535,15.31318006,15.6155463,17.00052919,12.20796375,10.85830678
26140,14.42338944,23.59747113,13.95464793,14.91052435,9.227554068,10.97967237,12.90674071
26579,14.42338944,23.59747113,13.95464793,14.91052435,9.227554068,10.97967237,12.90674071
26103,18.23448172,20.92406754,15.20687124,5.454988768,21.18501367,15.9003848,3.094192263
26541,18.23448172,20.92406754,15.20687124,5.454988768,21.18501367,15.9003848,3.094192263
27044,16.3141901,20.32276112,12.53832703,12.08153711,18.92173635,8.761305956,11.06014234
26830,38.51360397,18.01078539,4.206922102,0.048097422,1.576343252,23.58946499,14.05478287
28642,9.547680729,11.49903337,12.66524109,16.71645899,9.471136554,14.80302367,25.29742559
28246,35.23025506,16.47533593,3.848274983,8.569163661,1.441957363,21.5784238,12.85658921
28057,12.78956569,14.32691738,18.94444372,14.95193165,17.71542965,9.966835133,11.30487677
28467,12.78956569,14.32691738,18.94444372,14.95193165,17.71542965,9.966835133,11.30487677
28180,10.97006884,12.88205705,10.04294385,20.35782757,17.84260683,14.87258351,13.03191234
28574,10.97006884,12.88205705,10.04294385,20.35782757,17.84260683,14.87258351,13.03191234
29326,13.09401488,11.80700084,16.58091556,16.59179231,16.40458504,10.7853584,14.73633297
25839,8.857063266,8.680284742,11.15927802,22.07195786,5.690900524,24.92475189,18.61576371
7180,13.85647785,13.28671372,10.63911992,15.65866924,17.3886829,12.80483494,16.36550142
7668,12.96741275,12.46774346,12.44218407,14.28689394,16.72145555,15.02320996,16.09110027
6304,12.68837433,13.9302205,10.08634225,16.41643292,18.15510998,12.94965548,15.77386453
6730,12.2305245,14.07156918,9.245404782,17.23391,18.41284745,14.42790715,14.37783694
27123,14.2756347,13.724486,18.64471092,11.50953526,14.15694431,13.60247814,14.08621068
27563,16.85758437,15.3743778,17.8495122,8.989135546,17.15353581,15.55992198,8.215932299
26230,13.14549382,11.99821528,15.34913266,13.77683524,15.84861253,15.44593778,14.43577268
26655,13.14549382,11.99821528,15.34913266,13.77683524,15.84861253,15.44593778,14.43577268
22446,10.41505161,11.70426575,12.97309547,20.71235294,11.41724548,16.57494409,16.20304467
39001,20.46990491,17.93326636,10.61930851,9.88429426,19.19179262,11.5463069,10.35512643
26072,12.84891736,20.16937763,14.17320666,17.30695369,8.647200823,11.67425347,15.18009037
26520,12.84891736,20.16937763,14.17320666,17.30695369,8.647200823,11.67425347,15.18009037
26114,12.94029874,23.88374941,14.59352762,16.29905421,5.331469743,13.45524701,13.49665326
26559,12.94029874,23.88374941,14.59352762,16.29905421,5.331469743,13.45524701,13.49665326
27350,38.4690509,17.98995027,4.202055476,0.163723165,1.574519717,23.56217637,14.0385241
41057,15.81944359,18.78023139,16.49378167,10.99330722,21.06662727,8.831243093,8.015365767
40301,13.64033401,15.03126199,13.52062216,14.49099936,16.78909779,17.28947809,9.238206596
40418,14.8547978,12.2648967,19.91794848,13.58597065,13.56515581,14.06304013,11.74819044
15584,13.52300704,13.23870187,15.7399345,13.8867635,15.42132764,15.33357024,12.8566952
34218,10.34570583,10.50955997,16.04747427,16.43321979,7.482612759,21.76369337,17.41773401
18484,11.35437654,10.40897463,11.76497901,19.9613359,13.50912448,19.11665229,13.88455716
6816,13.37958212,15.35916498,18.93666455,15.48384069,15.50223521,10.61244807,10.72606437
12106,18.48002942,16.07136643,13.20320482,7.76542058,21.91707922,9.4561643,13.10673524
12084,12.76416668,14.05308345,16.22250629,14.79835916,16.81216079,12.06985461,13.27986901
11664,11.83420478,13.03124934,16.0798096,14.55135511,16.72819781,13.7154501,14.05973326
12577,12.10857408,13.10828794,16.41345629,13.9400459,16.37771987,13.92972364,14.12219229
13378,15.59763138,17.38535882,14.69397234,9.395288242,17.01513191,14.70525234,11.20736497
12221,13.87694693,12.74232907,15.48755448,17.93386975,16.71212908,11.68935217,11.55781851
41183,12.02219679,14.5981995,16.73706976,15.43759514,17.0926435,10.64274299,13.46955231
31043,10.46847126,12.43855091,12.28924815,19.83792547,14.96887586,15.07130945,14.92561891
31524,10.46847126,12.43855091,12.28924815,19.83792547,14.96887586,15.07130945,14.92561891
31157,13.55804534,17.28646063,12.58510089,13.94303811,18.6032761,11.69976704,12.32431188
31635,13.55804534,17.28646063,12.58510089,13.94303811,18.6032761,11.69976704,12.32431188
31360,11.52742134,9.354251303,9.937372247,19.43923394,6.535575674,20.55237276,22.65377274
31830,11.52742134,9.354251303,9.937372247,19.43923394,6.535575674,20.55237276,22.65377274
18680,14.21179503,12.20511606,14.81368053,13.05560624,12.59735162,20.46590795,12.65054258
19084,14.21179503,12.20511606,14.81368053,13.05560624,12.59735162,20.46590795,12.65054258
19894,38.51360403,18.01078542,4.206922108,0.04809726,1.576343255,23.58946503,14.05478289
38552,14.09343106,13.37262804,10.83785829,16.73949508,16.13766436,14.40584994,14.41307323
39514,11.46618652,12.72568681,19.28679654,16.94799537,13.66238772,14.51954374,11.3914033
40564,11.40545417,11.1713702,20.19788598,15.16604977,10.94068044,13.59427167,17.52428778
23151,11.35498006,11.42795543,15.24563115,17.58615432,10.41932354,18.69660328,15.26935223
23607,11.35498006,11.42795543,15.24563115,17.58615432,10.41932354,18.69660328,15.26935223
27289,11.89518521,13.10805402,18.69208721,17.51496304,16.2641619,12.20161525,10.32393337
14020,15.82819388,18.88899577,17.65327782,11.53615174,20.75105417,6.545774542,8.796552073
13573,14.00902862,16.85047206,19.90603424,12.37883633,19.37984555,8.342353328,9.133429878
39923,13.72470855,16.76039175,17.98626069,10.26431637,20.75497201,9.721836479,10.78751415
40003,14.33440964,15.20069,14.74540165,12.73615411,16.64834284,16.40927927,9.925722486
13660,13.44968697,14.99092706,15.76483577,12.59399524,17.44453008,14.9907491,10.76527578
14090,12.95232696,14.75186001,16.5405807,12.80623193,17.82865002,14.0031797,11.11717066
40015,12.50454799,9.529073654,15.9432963,18.98072289,10.34343757,16.20489654,16.49402506
29527,16.41704314,15.61487095,17.55604261,8.071950741,16.80493293,19.40772828,6.12743135
39081,13.91837985,18.49129549,14.85657503,13.67870608,10.0484715,13.04119576,15.96537628
2960,12.04584163,16.15298768,11.92362311,16.46878141,16.05830311,13.42206945,13.92839361
3128,18.6369957,24.55023704,9.535834965,9.158138934,21.00802895,8.061398117,9.04936629
3402,14.18388467,14.69058374,13.02787561,13.41531451,19.13509904,10.39995373,15.14728869
2670,13.28718882,14.24825862,11.89516423,15.54541545,18.37291354,12.3799174,14.27114194
3037,13.31963285,14.16502923,11.13856273,15.28756357,19.92959036,12.11417815,14.04544311
3100,13.82893875,13.02372049,13.81885278,13.91838868,17.39016089,12.23434808,15.78559033
39228,13.45591202,15.00238844,9.932588995,17.85535056,20.12581967,14.06329405,9.564646269
22440,13.7509006,16.44361323,11.94060349,16.01571153,21.99835516,12.00783722,7.842978777
20626,14.7934819,23.45763681,7.557729931,15.1208287,13.69735582,18.58051971,6.792447125
40929,15.13254389,13.30963437,13.24339024,14.04683029,16.05238675,13.2710938,14.94412065
20594,11.01893378,12.34378269,12.66609132,16.68618987,13.92652076,19.87084751,13.48763408
20233,12.39525571,10.75724913,17.41504182,15.03085958,13.93396613,16.86745109,13.60017653
20136,9.772771969,11.19913746,13.00877402,21.02793117,12.75205633,18.4254164,13.81391265
41380,9.66897691,11.19605902,13.15930205,21.7678129,13.35136619,18.05560059,12.80088235
20677,11.35657068,10.7070003,17.72372587,15.53480283,13.61975272,14.94425998,16.11388762
20174,11.21312299,11.74284469,8.272474157,19.43622901,12.28801931,23.38824682,13.65906302
41413,10.89158651,10.96691351,9.017873242,21.19766092,10.35036843,23.64805127,13.92754613
39463,10.93463975,11.81995566,17.51502053,17.41334689,12.77799834,15.17006283,14.368976
39415,9.665998626,8.710417552,12.05844495,22.37998671,7.978038921,22.21612151,16.99099174
8743,12.16919185,12.52197145,10.06736239,18.75034674,15.49139586,20.2433657,10.75636601
38223,15.63859777,15.58822019,16.90174701,10.53275872,15.55828392,12.23409233,13.54630006
8367,15.09423946,15.64414649,18.25835115,10.56671918,15.83872001,10.6963547,13.90146901
8787,13.63655104,16.41476561,18.14859995,12.75639224,18.0488196,8.290295971,12.70457559
10346,16.04013589,16.49901231,11.833506,11.82746351,15.56649249,16.09801374,12.13537607
18073,18.3977996,21.98589846,9.831530497,11.25614712,20.67094547,9.451169146,8.406509713
17519,13.38862316,14.35729478,16.71097959,10.99594244,14.84363872,15.42403009,14.27949122
17575,16.08002503,16.37361901,13.54969724,9.705882351,20.69349378,20.68978517,2.907497423
18454,17.61328551,16.64745759,10.74928441,15.05284524,21.50632909,12.58738921,5.843408955
17264,17.3338351,10.50270408,12.05245481,15.36511456,11.68650459,17.62786472,15.43152214
17584,15.98361062,10.40770381,13.91583551,17.61895145,8.469913319,16.65426347,16.94972181
16102,13.80752194,14.47221677,15.35438911,14.23420834,18.98448515,8.770811286,14.37636741
16200,12.87552459,14.20561299,11.57244794,18.99683668,19.07281449,13.958971,9.317792307
16625,12.87552459,14.20561299,11.57244794,18.99683668,19.07281449,13.958971,9.317792307
16018,14.0346887,15.66441279,16.26214576,14.05636983,17.98595837,10.81590905,11.18051551
16476,14.79447891,20.40409717,13.97356918,13.63049544,16.09997132,9.661655945,11.43573203
16403,15.27717228,18.30110908,9.556927638,10.64436583,22.24678037,16.15095725,7.822687547
16855,15.64653908,18.30042363,9.105704214,10.31574487,22.6154522,16.64960398,7.366532026
19696,14.01417943,12.22275776,16.62194701,11.44646692,14.56747303,15.16848734,15.95868851
19367,9.893187495,10.60206585,12.60961666,18.26018957,11.36495076,16.16640295,21.10358671
18657,9.703093851,10.44843951,12.79425405,20.19649051,11.50855442,15.66939386,19.67977379
18548,10.98489993,12.04099828,11.09439925,15.77428769,15.80781017,15.42223677,18.87536791
18143,15.31888923,14.26361927,10.71433627,11.82600207,15.50734887,21.66574251,10.70406177
18156,12.961855,10.50604864,18.44316019,16.59871197,9.940465327,15.58798318,15.9617757
17152,12.57648867,11.95802679,11.5772995,15.35495797,12.04231108,22.55942958,13.93148642
27701,38.3679367,17.94266448,4.191010559,0.426138409,1.570381161,23.50024423,14.00162446
11837,12.78283078,15.54305471,14.67412782,15.78819583,17.9685231,11.247804,11.99546374
23941,15.90977913,14.76751532,10.60280129,14.30401085,16.48053384,12.25822988,15.67712969
23009,13.75022541,11.53876138,11.33851455,17.94053713,11.17886521,15.83914593,18.41395038
24110,12.72858489,13.44682362,9.564639895,19.14025023,15.35143744,16.35554827,13.41271566
23458,10.96804599,9.048578928,12.69529543,23.25677066,7.331582185,19.47747592,17.22225088
23078,8.643262261,7.548761106,11.23818902,26.90625169,5.789342373,21.03390128,18.84029227
23515,8.643262261,7.548761106,11.23818902,26.90625169,5.789342373,21.03390128,18.84029227
34769,12.44197449,13.33064788,14.59800239,13.95302984,12.94621738,15.26469921,17.4654288
23183,11.95218651,13.19758292,11.68898985,16.12189004,17.60135414,13.49941107,15.93858546
22731,14.58175463,15.52972705,16.36735862,14.82677368,17.37509594,11.02111152,10.29817856
23224,10.61709459,13.92529943,12.21959735,17.4986271,16.43138183,12.90131653,16.40668317
24160,15.81513583,14.49002068,15.27672228,9.352166444,17.09901634,16.18115861,11.78577982
23644,13.93251166,17.26654626,13.41448309,11.23313955,15.32844742,13.71130892,15.11356311
24120,13.30758215,16.1982795,13.14366895,13.11642165,15.44694583,14.93777695,13.84932496
22684,12.38378724,14.45766792,14.92335967,12.89758931,16.41440344,12.69063191,16.23256052
23687,16.1171009,17.30874858,15.47904443,13.8632956,17.58452088,10.01566898,9.631620633
2171,19.1689756,16.72119112,14.84321603,11.1504603,21.70988569,7.422855872,8.983415389
23596,38.51360403,18.01078542,4.206922108,0.048097262,1.576343255,23.58946503,14.05478289
26293,14.5577924,15.12603786,13.45769967,11.85025071,20.36013857,11.97102116,12.67705965
26722,14.5577924,15.12603786,13.45769967,11.85025071,20.36013857,11.97102116,12.67705965
26449,11.3513571,11.36817215,5.17838733,18.67806261,10.45731848,26.54759872,16.41910361
26866,11.3513571,11.36817215,5.17838733,18.67806261,10.45731848,26.54759872,16.41910361
35082,18.3294815,20.51471445,13.69681542,11.10084895,14.11376521,12.48783307,9.756541394
35556,16.28719821,17.06675122,13.304168,12.45805325,14.98181875,11.41176654,14.49024403
290,20.69699749,20.5430906,11.80452701,9.854098508,18.87427557,12.39626393,5.830746895
699,22.16489319,19.14787404,8.391839277,8.498136435,24.92146919,10.90046517,5.975322693
41,12.59657732,12.8679447,13.2308461,14.17829374,14.85393051,22.46737586,9.805031764
34846,12.0253583,12.9056762,13.69779572,15.47425809,14.91232407,21.38951019,9.595077428
35332,10.94608919,9.568816089,11.42974062,19.52172732,10.51608279,22.08751084,15.93003314
35369,11.9344154,10.71984475,11.42372758,17.71705223,14.13742271,21.04616887,13.02136845
539,13.77109429,16.36264988,10.91777902,15.98449541,16.38385197,13.55570769,13.02442175
784,15.6984282,14.70836152,17.12750452,11.19899775,18.87660563,15.49605449,6.894047895
35708,14.76932439,12.99467878,12.3847305,18.45683119,11.27021939,17.93002005,12.19419569
35638,10.55622743,8.440291852,12.55323699,23.30317908,9.561323188,18.11313339,17.47260807
9279,11.60921101,12.16932063,10.87852449,19.45147438,15.05544866,16.68740301,14.14861781
9683,11.60921101,12.16932063,10.87852449,19.45147438,15.05544866,16.68740301,14.14861781
9352,14.06774242,12.54399028,17.23187121,15.52554896,15.33843521,15.25989856,10.03251335
5394,13.22068789,14.40436258,12.55621711,15.38861676,16.37408944,11.51733002,16.5386962
5893,11.96603293,12.34080659,9.908904317,19.65950776,15.76106654,14.70366698,15.66001489
5441,12.02035094,10.01535496,12.30092112,18.91845832,13.25062754,15.35190481,18.14238231
37434,12.60509148,9.866735189,13.45276654,16.93324808,11.85506201,17.21404935,18.07304735
5849,12.99095597,15.58833664,12.30630037,13.41834386,19.65874518,9.978372485,16.0589455
36936,10.14676746,7.312682201,11.63619776,23.55216914,5.910239661,20.51047744,20.93146634
27975,11.8774668,12.50542651,15.82315886,17.10330337,13.58066503,11.53464335,17.57533607
28390,11.8774668,12.50542651,15.82315886,17.10330337,13.58066503,11.53464335,17.57533607
29281,13.96830471,11.21108413,16.70336466,15.41042956,13.97133467,11.75067506,16.98480721
14235,38.51360397,18.01078539,4.206922102,0.048097422,1.576343252,23.58946499,14.05478287
13597,13.02268314,16.39082167,13.02283443,11.62250114,18.56828446,12.65041837,14.72245679
39958,12.17183745,14.86138554,12.3198548,13.47175963,14.87853274,18.36177882,13.93485102
14042,15.71724076,19.99526809,16.30698038,8.769625704,23.09088248,10.11196501,6.008037576
2339,14.43015648,11.95243269,9.282250231,14.9512047,17.66883874,17.92279724,13.79231992
13823,11.07985934,13.12644718,9.784415065,18.16086182,13.27242292,14.08408467,20.49190899
14264,11.07985934,13.12644718,9.784415065,18.16086182,13.27242292,14.08408467,20.49190899
13576,21.67711025,20.62215901,7.292256564,16.04953021,16.80125446,12.33677694,5.220912564
14023,21.67711025,20.62215901,7.292256564,16.04953021,16.80125446,12.33677694,5.220912564
12071,19.53012716,26.29921771,9.57894356,5.653644968,22.48522943,8.240468737,8.212368432
12558,11.45949555,12.10142802,13.19955131,16.1175399,16.35376559,15.71244569,15.05577394
7194,13.48327051,12.63444812,12.15047608,17.69330831,17.70167933,14.56892724,11.76789041
6315,11.82599441,15.00375829,9.866718977,14.65989807,20.82259908,13.52710837,14.2939228
6742,11.82599441,15.00375829,9.866718977,14.65989807,20.82259908,13.52710837,14.2939228
11631,10.90069637,11.88106211,13.91216705,18.04682666,15.89186697,14.42740469,14.93997615
18209,15.3927167,10.47155255,13.30242491,16.09612471,14.39874522,17.93856419,12.39987172
6638,14.00650848,8.74856492,13.65277647,20.76428554,11.25891067,18.0135579,13.55539602
31503,12.71454844,12.16154131,11.37319603,17.75042155,14.729183,16.93398899,14.33712069
31966,12.71454844,12.16154131,11.37319603,17.75042155,14.729183,16.93398899,14.33712069
31279,15.87073255,22.78239651,12.64006019,10.24858953,23.88900597,8.604554996,5.964660256
31749,15.87073255,22.78239651,12.64006019,10.24858953,23.88900597,8.604554996,5.964660256
31728,11.31757099,11.27109379,12.04149914,17.10047543,10.1828955,21.57062697,16.51583819
31255,11.09445638,10.98566712,11.85994304,17.23032564,9.808708502,21.66128977,17.35960955
31408,13.72083374,11.26412911,11.55174164,18.77996374,11.38156901,21.34908822,11.95267453
31881,13.72083374,11.26412911,11.55174164,18.77996374,11.38156901,21.34908822,11.95267453
34628,15.05652014,15.49272426,19.89776815,11.7146875,18.06621955,8.133521373,11.63855902
10034,10.26930978,11.41691763,19.19348519,16.00914839,8.899741361,18.76551306,15.44588459
31176,16.28530405,15.87500516,5.299282631,14.70341761,20.85756103,14.93755324,12.04187628
31646,16.28530405,15.87500516,5.299282631,14.70341761,20.85756103,14.93755324,12.04187628
31052,12.40080773,15.08872986,10.43426419,16.05505329,18.84923975,12.23837672,14.93352847
31530,12.40080773,15.08872986,10.43426419,16.05505329,18.84923975,12.23837672,14.93352847
31474,11.99428684,13.75868347,15.59273359,16.69526723,19.07055089,12.34982349,10.53865449
31937,11.99428684,13.75868347,15.59273359,16.69526723,19.07055089,12.34982349,10.53865449
34545,14.9097777,13.07737259,20.24928849,8.993305889,10.40608262,21.73838207,10.62579064
31027,16.86814736,21.89584489,8.742270591,11.89220484,19.03594622,9.996702249,11.56888385
31509,16.86814736,21.89584489,8.742270591,11.89220484,19.03594622,9.996702249,11.56888385
31108,12.54774776,15.80494843,12.36752175,14.54597128,14.57243844,14.08027274,16.08109959
31589,12.54851747,15.80591795,12.3682804,14.5215645,14.57333236,14.10030128,16.08208605
31087,11.87609317,14.43551598,14.60139737,15.38845634,16.72680938,13.56427667,13.40745109
31567,11.82254907,14.15798073,14.7727918,15.2522153,16.84378398,13.70069413,13.44998498
37860,13.0880429,18.22899726,12.80224148,17.74706117,8.620596534,14.53169959,14.98136106
8047,14.48837717,19.54618019,13.05770803,16.76069462,11.66327552,10.17634682,14.30741766
38395,13.57862523,14.43191612,14.22092299,16.62039484,17.53860013,11.86407072,11.74546997
37973,15.47253005,15.96063458,12.43545211,13.85754375,17.05006151,10.57262426,14.65115373
8157,17.39205008,18.52297923,13.78160334,11.19149658,19.1085039,9.009348115,10.99401874
8591,12.21453019,17.56865886,10.9701862,18.71291492,18.67671888,11.99972262,9.857268325
8500,16.77731771,20.22133581,12.45276232,11.07716485,19.34077176,7.072065977,13.05858157
37907,14.40103038,14.36132859,14.88703644,14.58579794,17.22592269,13.46221136,11.07667261
8465,11.69432931,10.46535889,8.487796123,19.36547242,12.37600689,20.70052243,16.91051394
8094,14.66018144,13.8865419,16.14154963,13.09214803,16.07371173,12.55349656,13.5923707
39771,10.81831384,18.45236445,15.26648985,14.57790342,9.251566982,14.78054858,16.85281288
13430,11.91870648,17.6726662,15.08387273,13.59329439,11.67937571,13.90779454,16.14428995
13893,13.88240103,18.17269332,14.42931127,15.27653831,13.44291421,14.01314994,10.78299192
40247,18.31812509,12.11898389,11.23271763,14.53714805,17.15350903,16.94459667,9.694919641
40277,13.34493969,15.75218657,15.53789026,13.94277477,12.93324286,13.80462345,14.6843424
13433,16.88345414,19.15907595,13.91774502,11.84894708,17.56041013,8.512364342,12.11800334
13895,16.88345414,19.15907595,13.91774502,11.84894708,17.56041013,8.512364342,12.11800334
39744,21.11030948,12.70328403,7.652587417,14.4109201,14.31489483,18.11059738,11.69740677
40295,38.51360397,18.01078539,4.206922102,0.048097422,1.576343252,23.58946499,14.05478287
15971,19.18381531,18.05972343,16.69649151,8.03650968,16.40010108,17.87132972,3.752029271
12959,12.82600292,16.25937011,14.33079345,12.70462772,16.95424989,14.77608922,12.1488667
36063,18.07096127,16.07287483,8.9319809,12.82680695,13.38235134,20.28476527,10.43025944
13478,13.75867124,18.98560097,14.97841249,14.14363814,15.92165352,9.747710147,12.4643135
39826,13.32198688,15.80468041,16.18585723,13.44752276,17.04752122,9.557130738,14.63530076
22682,17.24518981,15.59402861,13.4121,13.98760131,17.37020602,10.5720864,11.81878785
23179,17.539153,16.53058834,15.94544761,13.46659206,20.2177234,9.11065968,7.189835921
22693,11.2687135,12.58470253,12.96989969,14.82648486,15.93184198,15.6650297,16.75332774
23191,11.10794326,13.96082123,11.1813104,13.75078025,18.12554131,17.33661181,14.53699174
35229,16.26479373,19.22169716,12.85077836,11.8808239,22.84603148,9.220871119,7.715004245
23372,18.69276425,17.95412179,18.18843723,4.782424581,25.81338402,5.342169733,9.226698397
790,13.03034548,10.81111775,15.09230555,15.93711965,11.52279822,20.59334287,13.01297048
35739,15.24266925,13.29395866,13.61790909,15.49484549,16.4187383,15.84437079,10.08750843
22671,15.41084708,20.02250955,14.1616795,13.26574986,16.1898275,8.546397313,12.40298919
23170,15.41084708,20.02250955,14.1616795,13.26574986,16.1898275,8.546397313,12.40298919
24123,13.82499651,14.44891772,16.37720409,13.55674771,16.27372639,14.95160941,10.56679818
23652,12.92711435,14.20228936,13.38983601,13.26020197,16.19001324,16.2430654,13.78747967
23643,16.86908065,15.30205374,13.20352876,13.54405354,17.12714439,10.72102493,13.23311398
23360,43.14523416,20.17675505,4.712844825,0.053881417,1.765913644,14.40036562,15.74500529
21124,12.68099207,13.44850968,18.06711328,13.17447032,14.85961542,17.03636924,10.73293
21516,12.68099207,13.44850968,18.06711328,13.17447032,14.85961542,17.03636924,10.73293
21101,10.01801885,11.52034666,13.18123411,19.17298433,13.44603398,15.53893271,17.12244936
21498,10.01801885,11.52034666,13.18123411,19.17298433,13.44603398,15.53893271,17.12244936
21230,10.87839502,14.13374921,15.91919913,15.44887517,17.00416848,12.61922844,13.99638454
22122,11.09923219,13.80151441,16.77688036,13.50035178,15.21924194,14.00580184,15.59697748
21623,10.38944689,13.85018747,12.6865179,18.58175877,18.43085986,12.18518945,13.87603967
21729,10.15527899,12.9402633,8.786547254,23.41554055,16.69962857,16.3097142,11.69302714
19919,38.51360397,18.01078539,4.206922102,0.048097422,1.576343252,23.58946499,14.05478287
15695,15.08739885,14.12776194,15.49830659,14.60385868,14.31142871,15.9786608,10.39258443
22953,15.35593633,14.31856857,16.02154735,16.04757287,16.4175586,11.92941782,9.909398465
23904,15.93873509,14.23495684,16.16636497,15.97262292,16.46046012,11.90583813,9.321021939
24028,14.87237841,10.13405631,3.538955411,16.22758881,12.99940727,23.61328574,18.61432805
22284,12.13862783,13.96816829,20.39168068,14.190712,16.00709773,12.73182309,10.57189038
41417,11.1041363,12.60143793,18.25556772,15.87541097,8.944596479,22.74067822,10.47817238
9904,10.92325499,14.40272555,17.2176788,18.17925812,15.358762,12.65000373,11.2683168
20061,10.80009193,13.62239871,13.56024569,17.2981719,18.66898968,10.4672152,15.58288689
9051,11.74387055,14.72099417,18.77488576,16.23087186,16.1273301,12.36111805,10.04092951
20528,10.72014372,14.27549672,14.18285611,17.47639765,17.65682343,10.77110392,14.91717845
10355,11.43377882,14.43749225,18.24920013,16.52340698,14.23927147,13.16838043,11.94846994
41298,10.40102867,12.85002668,12.33255053,18.77593051,17.99097139,11.2957775,16.35371471
20517,12.19274922,11.0045965,15.70465903,17.8651938,15.82047671,15.2186787,12.19364604
41280,12.90947482,11.33716092,16.46214347,14.94649736,13.84591738,15.49633031,15.00247574
20043,13.68610026,11.55268005,16.77739874,15.50446251,15.2320897,16.14782964,11.0994391
20670,13.31029358,14.62352409,15.47851666,13.62755609,15.15310794,12.8256203,14.98138134
40784,13.21845616,9.815336125,15.97572771,18.49109731,10.6501215,18.10507474,13.74418645
21270,8.806309101,9.522599077,12.05500092,22.22113558,9.178333363,17.33373903,20.88288292
22237,8.818736907,9.189736483,11.56342269,22.08092838,8.787689595,17.92477123,21.63471472
23729,22.5345107,22.92824527,5.176419737,7.644002859,21.07424868,8.521661177,12.12091157
22783,22.54735104,23.08661677,5.851443138,6.993592936,21.43905588,8.13646583,11.94547441
24223,12.96525881,13.49435338,14.49066578,17.08771703,15.57697191,14.09190137,12.29313172
23275,14.53948563,16.6795939,18.74056845,9.570047451,18.45245698,8.862529598,13.155318
23837,16.9107189,11.45308697,13.35093401,14.59462628,14.80235654,12.37008885,16.51818845
24216,13.93672368,12.44717375,17.36443817,16.82832282,13.23352941,16.41609337,9.773718807
23067,12.04820683,11.02613775,7.571567875,15.05699378,13.96526281,22.24932053,18.08251043
23504,12.04820683,11.02613775,7.571567875,15.05699378,13.96526281,22.24932053,18.08251043
14712,15.02445443,17.28200761,14.0320378,12.38021858,17.62984886,9.1406327,14.51080001
15042,15.02445443,17.28200761,14.0320378,12.38021858,17.62984886,9.1406327,14.51080001
13701,15.58559723,13.89849397,15.39356781,11.26425966,9.530775627,23.59961158,10.72769412
14388,18.07224486,15.60207231,13.16177105,10.13177157,20.93767021,8.398430329,13.69603967
14808,18.07224486,15.60207231,13.16177105,10.13177157,20.93767021,8.398430329,13.69603967
40042,15.37712664,13.6344322,14.72811173,11.70712561,9.309044299,24.14999221,11.0941673
40703,9.829913703,8.789804453,14.38326111,21.93418025,6.007204439,21.20544275,17.8501933
15045,14.13964083,11.39870092,15.99088758,18.10948567,9.441861995,14.10124693,16.81817606
14715,12.18788592,10.2917454,14.70040506,18.80235922,8.668599044,16.57624882,18.77275653
714,12.14025582,9.671286475,9.075662583,20.14495431,12.46947389,20.541048,15.95731891
123,14.93832484,13.20748471,12.5869577,15.59978933,16.25167143,20.70703831,6.708733679
34921,14.35244985,9.893874918,13.90578476,17.77159571,10.87958789,21.71782038,11.47888649
533,12.64889022,15.3461819,12.25761451,14.27672143,18.09719296,17.23651365,10.13688534
35696,12.80687116,12.13083397,9.275445636,15.69120284,15.77558188,22.04699989,12.27306462
773,13.25157268,12.82389045,12.15638979,14.12005445,17.13296812,18.35635212,12.15877238
274,17.53877642,21.32791245,12.44897837,6.901952465,23.28448964,6.953655203,11.54423546
682,17.53877642,21.32791245,12.44897837,6.901952465,23.28448964,6.953655203,11.54423546
17533,13.33176544,19.10830227,15.31514124,6.949391491,24.42474431,12.45101423,8.419641015
17195,13.53175286,16.41210753,14.49514288,14.10448191,19.74791003,10.77940587,10.92919893
17531,13.53175286,16.41210753,14.49514288,14.10448191,19.74791003,10.77940587,10.92919893
16901,11.70542443,13.53164836,15.29458198,15.11172379,18.06752988,15.16253391,11.12655764
17343,11.70542443,13.53164836,15.29458198,15.11172379,18.06752988,15.16253391,11.12655764
17374,38.51360397,18.01078539,4.206922102,0.048097422,1.576343252,23.58946499,14.05478287
17387,38.51360403,18.01078542,4.206922108,0.04809726,1.576343255,23.58946503,14.05478289
23526,38.51360403,18.01078542,4.206922108,0.04809726,1.576343255,23.58946503,14.05478289
20543,12.1265323,11.20178849,9.713866418,16.01101502,14.70718042,22.03012789,14.20948946
20542,11.19640699,13.29001637,13.75211377,16.44550316,15.48831863,14.08059421,15.74704686
4934,17.98048895,19.8173907,12.03618387,13.11170182,17.0798527,10.86459957,9.109782376
4482,15.16760208,17.04925653,11.11163533,14.27502058,24.29373745,9.451367952,8.651380077
3595,15.49812403,17.49554467,12.16908487,13.46239319,24.73209428,8.541874338,8.100884624
13029,12.15397878,15.03145034,12.88187398,17.12450722,16.28862031,11.93777343,14.58179593
36972,13.77605836,11.78163454,17.42667453,17.5443334,9.424794048,12.78271486,17.26379026
25399,17.39146216,20.93450861,11.80266902,11.13998284,17.22609774,7.713909616,13.79137001
23542,20.59109467,17.83754281,2.802012237,13.62682114,25.57697213,10.26476663,9.300790381
24658,27.13380053,12.68905031,2.963882197,0.033885727,1.110573381,46.1668606,9.901947252
7476,13.22588757,11.04241694,13.91895432,17.67958158,13.85328732,15.19591713,15.08395514
38153,14.3057886,14.44110166,18.09762469,11.14020791,15.17620351,14.93440634,11.90466729
38620,16.55399884,13.99841813,9.160531199,13.79357522,16.69848293,23.24601074,6.548982943
8319,13.3209318,13.92281723,18.22364297,13.1148967,14.5174774,16.06459255,10.83564135
8741,11.76062451,14.05089828,15.32520434,17.69478525,13.39718098,15.06578429,12.70552235
8790,11.66635142,11.87739642,16.43094459,18.84066137,11.24261037,16.21808967,13.72394617
14464,15.46580845,18.81774588,11.93592841,12.7051498,15.88228873,11.01146217,14.18161656
14852,15.46580845,18.81774588,11.93592841,12.7051498,15.88228873,11.01146217,14.18161656
14544,13.5515044,13.83602514,14.64408329,12.80000154,16.35726773,17.65684065,11.15427726
14909,13.5515044,13.83602514,14.64408329,12.80000154,16.35726773,17.65684065,11.15427726
14543,12.56197111,12.79946171,16.94843544,13.44493956,15.15369819,17.20953205,11.88196194
14908,12.56197111,12.79946171,16.94843544,13.44493956,15.15369819,17.20953205,11.88196194
6792,11.71520329,14.10858759,14.49981794,15.59412776,13.74273852,14.94709058,15.39243432
7111,14.6934671,13.74020845,16.31550167,14.17815482,15.08393773,13.07884375,12.90988647
6567,15.19532641,15.84954897,15.89787994,12.95428723,19.94692274,9.529059363,10.62697534
6964,15.19532641,15.84954897,15.89787994,12.95428723,19.94692274,9.529059363,10.62697534
6712,38.51360397,18.01078539,4.206922102,0.048097422,1.576343252,23.58946499,14.05478287
27117,12.69510269,14.31479765,20.0095065,16.85986691,14.32633331,11.30769848,10.48669445
40399,12.53756645,15.47340238,9.602087206,13.99972835,14.38402912,22.40259206,11.60059444
26985,13.10501697,14.99822722,20.16743543,7.093164459,14.09267147,16.26162638,14.28185808
27367,11.71030096,14.6562203,22.72611119,12.60169695,14.46648867,15.81761616,8.021565759
27752,38.51360403,18.01078542,4.206922108,0.04809726,1.576343255,23.58946503,14.05478289
4274,10.9098929,11.12929763,15.98775762,18.82773199,12.13546074,11.99163641,19.01822271
39634,9.186833335,10.01142271,10.06430108,23.99611028,8.723058828,21.02899349,16.98928027
3936,13.43202066,17.17025542,12.09148844,14.40050837,16.75261914,11.04002753,15.11308045
4308,19.92293354,21.8456879,14.63306986,8.44352276,26.46352978,6.979687555,1.711568611
27392,12.39178865,23.16958246,15.21725231,14.38111032,3.505964739,12.29430044,19.04000107
27780,12.99875973,13.39510804,12.14928038,15.63602477,18.97342197,11.08885088,15.75855423
36883,13.99229422,17.13722534,9.883822965,11.31419184,20.2237499,14.7681408,12.68057494
7361,17.14918519,13.9061419,19.80235478,10.32783141,16.2878733,13.87034803,8.656265388
6491,13.91435468,11.25302021,17.57413036,14.07977479,11.27295816,18.73052012,13.17524168
7298,8.929679641,6.921068055,11.48114261,21.10884062,5.395831172,22.08597898,24.07745893
18316,18.47384455,18.47277816,11.64527387,12.65079967,15.28866768,15.89215208,7.576484
18563,15.38945886,11.16254097,14.32982994,15.96333526,14.30991704,15.48461266,13.36030528
15098,10.43810284,11.14997227,13.6040265,18.81949535,13.3017582,17.24792428,15.43872056
14468,16.72670792,14.93177386,15.06655805,8.252904289,20.09046027,10.1785393,14.7530563
14855,16.72670792,14.93177386,15.06655805,8.252904289,20.09046027,10.1785393,14.7530563
4497,15.63772678,19.79335446,10.35308875,9.317915204,23.61168436,14.46045839,6.825772052
4944,11.3105328,13.60145567,15.84395529,15.2250002,15.97406146,15.49410101,12.55089358
4496,12.23434555,15.28469816,14.57224915,15.32921954,17.21945043,14.64569835,10.71433882
3612,13.45731332,16.83804338,11.86848365,12.11963955,20.25825368,15.44679648,10.01146995
3611,12.16691416,13.53441277,15.14954349,16.40885031,15.84813025,16.92048941,9.971659615
4031,12.05541735,14.78430299,13.37486284,18.06878972,17.79314414,12.34625725,11.57722571
4461,14.53902854,19.07293226,13.43269655,14.88313375,16.59438088,10.19645873,11.28136928
3583,15.11361102,19.4825222,13.2608475,13.68931205,18.02672288,9.557019218,10.86996513
4945,14.39600233,15.04984019,11.31022607,10.27682078,20.29170714,16.33910148,12.33630202
4012,15.07795606,18.91570047,13.87769268,13.56157065,18.41819026,9.810010824,10.33887906
4916,14.49777585,15.39278115,16.07342972,15.42221614,16.09596948,10.91992579,11.59790188
4030,12.53061161,13.85598649,14.95992307,15.7265692,16.39866364,17.64998864,8.878257345
39541,13.8390862,14.64826398,14.33214241,13.54930012,17.66837111,14.2655391,11.69729709
27691,16.27735969,17.65484522,18.8877442,10.2241853,23.53804741,7.884834342,5.532983835
24967,38.51360397,18.01078539,4.206922102,0.048097422,1.576343252,23.58946499,14.05478287
25653,38.51360397,18.01078539,4.206922102,0.048097422,1.576343252,23.58946499,14.05478287
15974,10.53730319,10.46659371,13.10126375,18.89760125,9.456665462,18.44886096,19.09171168
12004,13.20648913,14.83350297,13.28406691,13.42449058,17.54189831,14.8984755,12.81107661
12437,13.20648913,14.83350297,13.28406691,13.42449058,17.54189831,14.8984755,12.81107661
12174,11.98922979,14.20663112,13.06088207,20.45410764,16.34206506,15.19554574,8.751538578
12299,43.14523408,20.17675501,4.712844817,0.053881598,1.765913641,14.40036559,15.74500526
33957,13.42004014,13.81369886,14.95649615,17.46097387,18.18075171,10.10310704,12.06493223
24723,18.26510625,16.8938091,9.375707447,7.800608262,22.36417555,9.624419483,15.67617391
25123,16.95401487,13.95656305,4.05539448,14.05858403,20.33768338,16.65444024,13.98331995
24931,11.50809873,8.628485511,9.332892019,19.84511052,5.065988985,32.89242604,12.7269982
25270,9.631129872,7.973776722,12.34607591,23.42345142,6.626273016,25.48657955,14.51271351
25895,11.23533373,12.02282367,20.58559444,15.95198553,8.293302995,13.55139931,18.35956032
25614,12.05797006,9.139528691,6.348523187,18.90427935,3.969746329,34.75219277,14.82775961
15166,15.53701223,14.19550789,16.09526722,13.5536862,15.47680396,10.68250671,14.45921579
15938,12.74324668,12.45901965,13.62448519,15.42219046,15.92724344,15.23512729,14.58868728
15510,13.18977741,12.55415845,16.17419943,16.06603861,16.72569522,11.38365013,13.90648075
14729,10.37612001,12.31586351,16.11187688,19.09286343,16.31379246,13.03660614,12.75287756
15040,10.25748144,12.23875849,16.57947734,19.51685095,16.37713382,13.20480058,11.82549738
14987,9.782030139,11.11117683,13.16273232,20.71620461,14.69988955,15.70259684,14.82536971
14698,9.875771476,10.90399422,13.28315353,20.08995688,14.05431007,17.00034532,14.7924685
15034,12.17608706,11.07709898,14.98968946,14.37115287,13.44256933,20.14535414,13.79804815
27041,14.52087323,14.03119672,15.86662664,13.16809494,16.16645918,11.19392814,15.05282115
26143,13.93237905,15.46610066,16.12326728,13.62477088,16.44621281,10.54001087,13.86725845
26574,13.93237905,15.46610066,16.12326728,13.62477088,16.44621281,10.54001087,13.86725845
27109,13.15900734,19.08021991,15.11578035,14.67265135,8.260147095,17.22280688,12.48938708
26297,11.58157123,13.26512809,14.30777739,16.9340081,14.93199751,16.88740003,12.09211764
26729,11.58157123,13.26512809,14.30777739,16.9340081,14.93199751,16.88740003,12.09211764
38730,12.25340102,11.57586322,15.99178074,16.5118703,10.69279785,18.24445167,14.72983521
27546,13.92624212,16.51756417,15.99166498,14.41730426,10.39930329,15.38843079,13.35949039
26306,13.11689396,14.81544643,14.32773188,17.67951021,13.85939082,12.37310204,13.82792466
26730,13.11689396,14.81544643,14.32773188,17.67951021,13.85939082,12.37310204,13.82792466
26380,16.4512254,18.05525284,15.54526934,10.95320917,15.02222319,13.01322474,10.95959532
26785,16.4512254,18.05525284,15.54526934,10.95320917,15.02222319,13.01322474,10.95959532
26216,12.98703881,16.51105619,16.32559485,15.55796578,12.4661818,11.97471454,14.17744803
26631,12.98703881,16.51105619,16.32559485,15.55796578,12.4661818,11.97471454,14.17744803
27258,18.1848489,17.16820864,13.83371112,11.23298532,15.07242336,12.53660711,11.97121555
27486,13.5923638,14.9319144,15.27828172,15.56077694,17.32041852,11.83676416,11.47948046
13272,13.29287222,15.65319168,14.37928825,11.37302524,19.23189523,15.62739841,10.44232898
15926,16.8204581,13.80581549,9.530840565,13.29862381,17.79595965,13.16123536,15.58706703
37134,14.52887919,12.47184066,17.23232014,15.03242038,9.312579914,15.18305546,16.23890426
39888,17.06689945,16.61533595,15.27650718,8.486693449,19.30877864,9.588300383,13.65748495
13537,17.37305007,16.58191717,15.66743565,8.295965977,18.97594044,9.586046894,13.5196438
1637,11.47041705,8.632467328,11.91594909,19.52420582,7.776421079,24.59347588,16.08706376
1223,11.80490406,9.011520747,12.7484199,18.90273215,8.216611273,23.37839748,15.93741438
1685,11.95928841,11.64756747,13.23252683,20.12804314,10.2468299,19.53210934,13.25363491
5036,13.37994862,18.55019256,11.80928877,14.08793287,17.50390503,13.25060954,11.41812261
39422,18.11014537,20.90178782,10.45102817,11.00292399,12.8966139,19.60124559,7.036255169
2996,12.75881088,11.12698501,18.1847225,15.07113592,9.038695634,19.52228949,14.29736057
39136,14.08553911,11.52043089,17.62383279,13.67175357,9.109264724,21.65880299,12.33037592
38954,13.03688172,12.47266481,17.7075283,15.88382772,12.89903188,12.83111567,15.16894989
3225,10.45704983,12.31286488,16.12617113,20.5702645,13.2679192,15.82503718,11.44069328
38903,10.40016824,11.52602464,17.5671028,17.94864471,10.18196212,15.40986166,16.96623583
2830,11.48852636,12.33226186,16.85018597,17.11950957,13.21801285,13.08507757,15.90642581
2775,9.867616559,10.98329811,17.10704539,18.39954363,9.704752936,16.13917899,17.79856437
38991,12.45340829,15.20826392,14.70716235,15.24162155,18.13965646,11.23363602,13.01625142
3183,9.745433507,10.73241328,15.39510959,18.6259892,9.070063591,17.02412763,19.4068632
3263,14.70240943,14.10662846,13.10160153,16.53396015,13.61986505,14.82045501,13.11508037
4795,11.80030783,13.03901843,17.91141434,15.1915908,12.06218544,14.27043344,15.72504972
4892,13.32845901,11.88395749,15.71520716,12.14349212,10.30172955,22.98242035,13.64473432
19893,43.14523408,20.17675501,4.712844817,0.053881598,1.765913641,14.40036559,15.74500526
16917,18.32069715,16.21426231,17.08463543,6.714345187,19.08362688,14.42972084,8.152712209
17793,14.1512657,14.18699675,18.37756558,10.95071945,17.34381866,14.87026107,10.1193728
16327,10.41070674,10.4231845,13.37437365,18.45646342,12.45131545,16.10112778,18.78282845
16725,10.41070674,10.4231845,13.37437365,18.45646342,12.45131545,16.10112778,18.78282845
17965,16.00770089,17.82293847,15.54128088,8.988411037,22.18871131,13.41465099,6.036306426
18274,11.6295802,12.04590247,12.27285353,16.69349816,16.24233566,14.50334471,16.61248528
15743,12.73785767,14.00202993,9.38745688,16.27392065,18.27246701,21.66872645,7.657541407
14459,8.545477328,9.727220377,14.17735437,21.00288032,11.22393126,18.3430798,16.98005655
14848,8.545477328,9.727220377,14.17735437,21.00288032,11.22393126,18.3430798,16.98005655
15814,8.272754501,8.958913344,14.30240431,22.11537284,10.59016637,16.94178482,18.81860382
17623,11.45870383,14.22686137,15.48124206,17.02243434,20.68464372,10.3320407,10.79407399
17231,28.31430398,13.24110963,3.092831076,26.51769087,1.158890818,17.34242485,10.33274878
17496,25.78833249,23.68845885,11.06155221,4.726714154,26.15073874,5.291185401,3.293018143
18422,13.53413207,17.01502426,14.53863681,13.55977186,18.72306814,11.30414544,11.32522143
18262,14.69810334,14.39964684,16.86119874,14.68922384,16.20573689,10.75192927,12.39416107
17456,12.50928764,14.80787636,12.08315002,13.52105866,20.50812697,14.52077516,12.0497252
17986,17.41020126,22.51384509,11.36390837,11.10930617,23.1740737,8.820482169,5.608183233
17120,19.27902896,20.96387218,10.65444914,9.556486571,23.3010741,8.193834013,8.051255037
17349,15.26844399,16.96039279,14.99449345,12.53945644,21.41448559,9.444928723,9.377799024
15770,14.50917871,13.57935895,16.15056871,14.81088605,17.00308955,10.49134904,13.455569
17376,10.85227318,13.35497136,9.068909344,18.18214361,16.43480752,15.44399115,16.66290385
15312,15.9691284,11.88467841,13.98949469,16.7552521,11.13680282,15.20056644,15.06407714
27283,11.57072523,12.31631432,13.89730792,16.5634073,17.83122395,14.76349599,13.05752529
26361,25.86497682,12.09568824,2.82528591,32.87427358,1.058641038,15.84221943,9.438914974
14391,12.84617988,15.02859123,14.57494011,13.89830407,18.27382312,15.3145831,10.06357848
14811,12.84617988,15.02859123,14.57494011,13.89830407,18.27382312,15.3145831,10.06357848
15376,12.80101209,13.43654857,18.31705787,12.26164108,15.79099672,11.58180324,15.81094042
15846,13.10886902,15.07318653,16.41915164,13.34759043,18.09336371,12.1737945,11.78404417
15626,12.22997293,11.09477049,12.10550497,17.8928693,15.05173106,16.51889723,15.10625402
14389,14.42839031,14.11935132,12.55202322,14.51897068,18.17661474,15.07419962,11.13045011
14809,14.61820847,15.01041717,10.76118322,12.76382253,20.01502902,16.31193708,10.5194025
15178,11.59302878,12.34389622,13.0705284,18.64122392,14.44966717,14.94711114,14.95454438
14795,16.97507315,11.05107461,15.54018784,13.72782206,12.65653515,17.11578159,12.93352559
14351,14.97027322,11.22708162,16.24317574,14.46878765,12.34496872,16.00172542,14.74398764
15147,13.11080229,10.66923863,14.49599463,16.39188387,11.3194398,16.88093385,17.13170694
7694,15.45179863,17.23312992,15.63604461,7.730695727,21.21926015,14.18225345,8.546817521
7650,12.12162952,10.05828431,11.47151555,20.32130411,9.850858308,22.57012573,13.60628247
15963,15.88911327,21.41996526,13.01852056,9.49036441,15.05267343,16.28168322,8.847679845
18228,13.597206,14.29592564,16.06884742,15.8937366,16.26303018,13.44249509,10.43875906
31829,11.9515913,12.36524646,11.15884797,18.43660804,16.64181867,14.29212447,15.15376308
31285,9.88032786,10.98764792,12.54022523,19.89171045,11.81099048,16.22057776,18.6685203
31755,9.88032786,10.98764792,12.54022523,19.89171045,11.81099048,16.22057776,18.6685203
40382,15.62790609,14.64530084,16.64796892,12.64413924,13.43635202,10.22877421,16.76955867
16915,15.05205953,14.68474932,11.07950441,10.97776921,17.70418664,17.95165258,12.55007831
17796,15.05205953,14.68474932,11.07950441,10.97776921,17.70418664,17.95165258,12.55007831
241,16.87415735,12.64568694,13.24156511,14.33506595,16.08446338,16.57294567,10.2461156
35528,11.27345992,11.06113884,10.94043423,18.80790257,14.814565,14.42389985,18.6785996
2165,16.92042771,15.27765153,13.0898897,12.16796312,17.82542243,14.72800818,9.990637319
35055,14.65938218,11.66574944,11.96201284,17.19740172,14.87531148,17.47472281,12.16541954
179,11.98423151,11.92024293,13.8463315,18.51526901,14.12948592,19.25622367,10.34821547
23681,13.76738338,13.32506394,11.38848392,18.67124485,14.95540139,13.15434792,14.73807459
22718,13.51170448,13.08224581,11.09834391,19.34182214,14.6057078,13.57854896,14.78162689
37968,13.20168431,13.54995878,9.047790632,18.57859548,18.07480096,15.1554653,12.39170454
38431,12.75509826,13.82828664,11.29864844,15.90782055,18.46026019,13.31621767,14.43366824
37969,10.78595573,12.87634419,17.96047941,19.51575673,12.43757843,13.95394011,12.46994541
8136,10.37664907,12.58068078,17.91029247,20.25606727,11.94700158,15.98424192,10.94506691
37908,18.81251805,17.86865831,15.25054084,12.14782481,18.17182632,9.908404577,7.840227088
31155,14.40646185,16.69816914,12.62690253,12.74067987,17.79530661,15.09841351,10.63406649
31633,14.40646185,16.69816914,12.62690253,12.74067987,17.79530661,15.09841351,10.63406649
38429,12.74449179,15.16180314,15.14919586,13.05833565,19.50409521,12.72279743,11.65928093
31757,10.4782828,12.62246791,11.25561949,20.64348847,14.65382743,16.61391826,13.73239563
31287,10.55020981,12.79262795,11.21032099,20.65750437,14.63973275,16.47024622,13.67935792
31390,10.44564789,8.926007464,10.73892596,21.90020742,8.071723113,20.93816731,18.97932084
31858,10.2670597,8.930671138,10.7754583,21.79428725,8.119349028,20.68465913,19.42851546
9883,17.28487671,16.62063691,13.3830856,14.77446776,21.39546471,8.969425157,7.572043154
9969,15.6005643,16.16608223,13.96203458,14.37850381,15.28652637,12.79607133,11.81021738
9113,16.15529068,16.62001215,13.21544552,13.32271133,16.53443525,12.56112896,11.59097611
9550,16.25130218,18.06584956,13.1381326,12.63814959,18.21026431,11.76942362,9.926878141
9029,14.23361798,17.51671733,11.80165352,14.84841198,22.34366232,10.30055883,8.955378051
9463,13.21276602,17.49133159,12.25238342,14.4098327,22.52802866,12.19144336,7.914214245
23069,17.98950951,18.65911287,9.883082958,11.07835512,18.34105497,11.74615914,12.30272542
24003,17.98950951,18.65911287,9.883082958,11.07835512,18.34105497,11.74615914,12.30272542
10347,12.734527,12.00351992,17.86741714,16.89114088,14.8461446,11.62619292,14.03105753
891,14.33533458,16.30900411,13.98466965,14.20384352,16.31683924,14.920842,9.929466889
1321,14.04513075,15.53412113,13.21713166,15.4005398,16.52368831,14.94620448,10.33318386
1319,13.51152286,14.91528331,13.54260737,16.1482655,16.15887993,11.79794154,13.92549949
889,13.12757082,13.28059603,14.24120763,16.39395449,16.06405474,13.23270029,13.659916
28738,13.1736623,12.84271415,16.56265801,15.14535466,18.09817995,10.24838724,13.92904368
1073,14.05509735,12.09063776,13.23245735,15.50456613,15.55753345,14.01682369,15.54288426
1481,12.42690181,11.83617544,11.89721491,18.12345136,15.1273584,14.79616127,15.79273681
27854,35.51310401,16.60760949,3.879171169,0.045071345,1.453534235,29.54170037,12.95980938
31256,11.0277596,12.23476552,11.21550171,22.47304845,13.4181213,15.78293297,13.84787045
31173,10.13543556,12.69417355,15.0881683,19.97840998,12.98409118,15.48964545,13.63007598
31651,10.13543556,12.69417355,15.0881683,19.97840998,12.98409118,15.48964545,13.63007598
31150,10.36955989,9.991872774,11.06312723,18.51403349,7.520544018,24.96216019,17.57870241
31629,10.36955989,9.991872774,11.06312723,18.51403349,7.520544018,24.96216019,17.57870241
32056,11.22575432,13.84736609,16.9354307,17.70100892,13.70388321,13.1421178,13.44443896
32548,11.22575432,13.84736609,16.9354307,17.70100892,13.70388321,13.1421178,13.44443896
5074,13.29201774,16.54585019,11.08329378,10.27884163,16.50508497,19.32347601,12.97143568
3822,10.17533495,12.26997955,13.65141328,16.4838364,13.74776148,14.45799883,19.2136755
4235,10.17533495,12.26997955,13.65141328,16.4838364,13.74776148,14.45799883,19.2136755
3898,12.59591038,14.80078615,14.20410947,17.80928821,17.27405037,11.24228136,12.07357406
4319,12.59591038,14.80078615,14.20410947,17.80928821,17.27405037,11.24228136,12.07357406
4171,12.84058231,14.12039365,12.2105155,13.07478655,16.921701,13.52818206,17.30383894
4236,16.46933716,11.37096324,6.955706634,16.94489918,10.90500732,23.37537605,13.97871042
10427,12.87878831,13.89627309,17.85323276,13.45855275,15.38571411,12.57379992,13.95363907
39238,11.83408181,17.6260757,14.14395502,16.18730297,12.23349187,13.12915076,14.84594186
8733,14.95762489,15.70328313,16.18846244,11.01602487,19.83856191,13.4033419,8.89270085
10181,15.88960579,15.69337598,7.555354205,15.71373096,16.05478379,14.53258532,14.56056395
3036,13.13784682,18.84229699,14.12238529,16.6055654,15.94155132,11.32210753,10.02824664
8276,17.038009,24.84479533,10.42143459,11.37260718,19.83887492,9.869811511,6.614467474
8701,17.038009,24.84479533,10.42143459,11.37260718,19.83887492,9.869811511,6.614467474
7061,13.08001518,13.52722138,10.82837264,14.22812259,18.31917698,16.54767338,13.46941784
6164,13.62213866,13.56440287,9.835665472,13.14932256,18.75784933,17.97079636,13.09982475
8216,13.5183962,15.18799156,9.005397238,13.50251457,21.52206079,13.7911413,13.47249835
8649,13.5183962,15.18799156,9.005397238,13.50251457,21.52206079,13.7911413,13.47249835
10332,11.35220944,10.00714412,14.38650663,21.97961639,10.81314799,14.94692915,16.51444628
32063,16.03574656,18.76329065,13.76105451,10.45582675,22.56962488,8.62112349,9.793333158
32544,16.03574656,18.76329065,13.76105451,10.45582675,22.56962488,8.62112349,9.793333158
32272,16.76559637,20.56405246,12.82502275,10.62776176,13.33729969,11.49253663,14.38773033
32737,16.76559637,20.56405246,12.82502275,10.62776176,13.33729969,11.49253663,14.38773033
32358,12.25679349,13.66301586,13.23796587,16.33227732,18.25611599,14.66290837,11.5909231
32822,12.25679349,13.66301586,13.23796587,16.33227732,18.25611599,14.66290837,11.5909231
27725,13.25011557,13.40172141,14.56138754,13.66376152,16.15475526,17.76674251,11.20151619
17216,10.88020383,14.13675265,16.60297245,15.25004705,18.01494474,13.5528437,11.56223557
17380,13.2053,15.61674477,12.49153274,15.84248164,16.69758902,13.30674521,12.8396066
16981,13.66112751,14.56508757,13.92311773,14.52386678,14.70655464,13.40433634,15.21590943
17393,13.66112751,14.56508757,13.92311773,14.52386678,14.70655464,13.40433634,15.21590943
16964,11.81833041,13.29661611,13.60659984,17.72020332,16.5381349,14.02030211,12.99981331
18090,11.51130706,13.99224716,16.17392703,12.82715219,18.41754143,14.71831929,12.35950585
17560,13.69025236,18.60073013,15.76721959,11.39927449,20.24832423,11.18794026,9.106258938
18089,13.90089175,14.70255956,10.22075835,15.08009609,20.99594609,14.13218478,10.96756338
18360,8.014688952,11.1290587,10.25672072,25.48080221,10.36527433,21.45767591,13.29577918
18461,12.23522866,11.36117903,14.0290656,18.49483077,10.70094674,21.11543267,12.06331652
18294,11.78030501,8.538203077,15.31471997,19.85766511,6.990034217,20.81551992,16.70355271
16473,13.30974077,13.41114142,12.61083199,17.34960292,18.09265572,13.61982925,11.60619793
16035,14.98984548,13.29063062,11.78986088,16.03552768,16.50128843,12.13730496,15.25554194
16021,12.08993415,12.37364377,12.73218966,16.86237083,17.09838396,14.16172015,14.68175749
16486,14.2161595,14.62981371,6.86600302,16.08231684,18.913795,13.22257876,16.06933317
16041,16.28396,20.59019752,14.69035428,13.2643537,17.4911346,9.332304493,8.347695404
16497,16.28396,20.59019752,14.69035428,13.2643537,17.4911346,9.332304493,8.347695404
16538,11.91027612,12.57530634,16.30174496,15.14330975,9.133418424,17.26125873,17.67468567
16104,11.64944678,10.21141497,14.21402628,16.18022386,8.294042706,19.49015053,19.96069487
11777,14.58172958,18.41448574,10.9762986,15.59112061,13.28020556,15.83927384,11.31688605
12164,14.58172958,18.41448574,10.9762986,15.59112061,13.28020556,15.83927384,11.31688605
13166,15.37783902,12.95114124,15.8654965,15.23843636,12.97436141,12.49715968,15.09556579
12342,13.29466438,12.59118872,9.563388023,17.25924763,15.20814736,21.04674772,11.03661617
12339,8.206159135,8.938452521,16.54472625,23.5438781,4.478552667,20.88422415,17.40400719
9952,16.98915643,17.89039579,16.14276476,6.592116046,19.27297451,15.07638331,8.036209156
9103,15.8470208,16.47056663,18.48788521,7.302691658,18.39944677,14.70258221,8.789806723
9662,16.40228084,16.79937431,15.06646869,7.67253127,14.26001844,18.36496337,11.43436307
9657,12.91753091,15.94235609,18.85610309,15.53894205,15.53003729,9.776571822,11.43845876
10370,13.09790706,14.82261203,19.36541014,12.40786172,13.53084013,14.81667181,11.95869711
32280,15.25806624,13.22052907,9.116055715,14.28154723,18.14404702,16.38792676,13.59182797
32755,15.25806624,13.22052907,9.116055715,14.28154723,18.14404702,16.38792676,13.59182797
2609,10.13267577,9.598652751,14.21759074,20.61682793,9.717729752,15.59974216,20.1167809
33330,14.13178015,16.31707435,15.07942298,10.64752138,11.86104377,19.56150557,12.4016518
34249,13.84940937,15.96255146,15.39611319,11.13500684,11.39798445,19.88993358,12.36900111
40714,12.29842559,17.50355775,5.915009034,20.71103606,5.93973746,17.32798863,20.30424548
591,11.98423151,11.92024293,13.8463315,18.51526901,14.12948592,19.25622367,10.34821547
35502,18.08444957,14.82660071,14.26827749,9.211718892,19.25507286,16.35109247,8.002787996
35439,13.15363972,13.84981175,14.09675795,14.41360124,16.80222527,15.16771013,12.51625394
324,14.98633708,15.97678463,9.180047204,15.35452792,20.15844374,14.60915607,9.734703356
724,14.98633708,15.97678463,9.180047204,15.35452792,20.15844374,14.60915607,9.734703356
35307,19.05854209,26.88561956,8.856023058,13.65882978,10.94805811,10.40807865,10.18484876
34815,15.55317773,21.72372389,12.23436391,13.25690449,15.61298596,11.24867794,10.37016608
16,16.51908639,16.67728319,13.32096034,14.79580271,14.30106719,11.56220195,12.82359824
41649,15.44043768,12.36739991,12.38925517,15.47683262,15.40615452,14.47248835,14.44743175
20385,17.2872975,14.24085768,13.76484741,11.30637588,17.3809998,12.44514972,13.57447202
41153,17.68288385,13.27108974,9.956735773,15.63964743,15.82457192,15.1300069,12.49506439
41071,11.84232143,11.78786504,14.94217315,18.12572306,16.02289685,15.02237564,12.25664484
21475,11.96646119,14.88685449,17.96981896,15.24752729,14.47727314,11.92545325,13.52661168
21537,10.53608974,12.04410806,14.82909755,21.09588749,12.80693496,16.4563572,12.23152501
33401,12.97058714,13.33195074,15.5743445,12.4282791,15.17208208,18.61034355,11.91241288
33863,17.21421853,17.40905442,10.92492689,9.783592385,17.55306969,18.51789722,8.597240864
32928,14.98374547,15.17162796,14.55826361,10.47061927,16.33640406,18.54394505,9.935394586
33687,13.09902727,15.97633709,19.53736848,13.96048014,13.60618091,12.38676175,11.43384436
2390,10.43488482,11.39937546,16.21268012,14.52121,9.559359391,18.9389338,18.93355641
32333,19.10729918,21.14729546,15.17185481,7.316604379,23.56109767,5.479840794,8.216007698
32803,19.10729918,21.14729546,15.17185481,7.316604379,23.56109767,5.479840794,8.216007698
13125,13.00355205,12.96255187,10.60510432,16.82541057,18.0150877,19.23558497,9.352708517
32335,10.98409022,10.07613752,9.761788644,19.36833352,12.97682685,18.23386273,18.59896052
32805,10.98409022,10.07613752,9.761788644,19.36833352,12.97682685,18.23386273,18.59896052
32387,11.02082397,10.58088196,7.854864376,18.47417315,14.13059322,17.17276799,20.76589533
32848,11.02082397,10.58088196,7.854864376,18.47417315,14.13059322,17.17276799,20.76589533
16428,11.79264471,13.62809544,10.80299648,18.23805596,17.48239126,16.35509828,11.70071788
16820,11.73936954,14.42248509,12.05831947,15.67620873,19.05518935,15.18429658,11.86413124
16510,14.72288466,19.12127433,8.001987486,19.94477135,10.13244736,11.97960463,16.09703019
16065,15.2626989,18.34776485,9.352413921,17.67945331,9.618833056,13.51674642,16.22208955
16203,12.45475781,14.85299568,13.95044255,14.08982338,17.38106795,15.48111538,11.78979724
16619,12.45475781,14.85299568,13.95044255,14.08982338,17.38106795,15.48111538,11.78979724
16782,38.51360397,18.01078539,4.206922102,0.048097422,1.576343252,23.58946499,14.05478287
24354,12.32129384,13.75457795,12.92228206,17.16002539,17.96742272,13.53266494,12.34173311
9044,14.87793572,14.14651543,12.97952095,16.07475665,15.7840028,15.00482074,11.13244772
9893,14.93399796,14.10840185,13.70767024,15.71332052,14.36271422,15.25973787,11.91415733
10343,13.53360548,13.78535497,12.37830095,14.87091136,12.83759708,16.51949206,16.0747381
16166,10.80387738,12.46911647,16.92553261,16.84047683,12.43240366,13.08536195,17.44323111
16284,14.66891675,15.66625915,16.44480514,11.97341975,10.50129061,16.06810641,14.67720219
16449,10.70323827,11.72973481,16.92201987,17.02124019,7.785325586,18.20085632,17.63758496
25037,14.14997364,33.43146139,19.37406597,14.6886319,3.078728549,8.834555601,6.442582956
25696,17.76497571,29.07194016,16.22838757,9.990498356,8.154577125,8.090425736,10.69919534
24595,15.60053989,26.96515744,17.41613136,12.1152682,9.429025792,8.856671717,9.617205598
25335,16.03603124,24.7953793,16.14534897,11.00190525,13.36514591,8.416269074,10.23992026
29192,13.49102129,11.48620707,15.2723438,16.1804268,16.47225932,11.84779676,15.24994496
28741,13.7152208,11.59303118,12.2208752,18.05226314,16.09912019,14.79457876,13.52491073
39703,20.23979318,18.77510859,15.95079691,7.390626442,21.15224311,7.041530093,9.449901682
9507,15.59189446,17.98131738,15.74319724,9.248026421,21.02413508,9.823303818,10.5881256
9488,14.04497997,16.03302448,12.4344565,12.91635673,21.2215379,11.18391026,12.16573415
10368,12.70883053,12.98956369,17.1957358,13.14448839,14.40640964,17.80368225,11.7512897
23985,14.27259546,14.25483238,15.52225047,16.48681891,13.53927944,12.11608812,13.80813524
10526,13.95713571,13.22715886,16.96284865,12.59226177,11.92940401,18.63750451,12.69368649
10081,10.85532365,10.71777775,19.17766383,16.3425762,8.720258234,17.61472193,16.5716784
9225,10.24719551,10.90446038,19.23559535,15.83884329,8.69742571,16.54016034,18.53631942
4212,12.86832176,13.15434213,17.38368664,16.48405656,15.08151383,13.39422882,11.63385026
3519,10.10349199,12.93146663,17.87915104,17.34623178,13.28082568,13.64433186,14.81450102
3961,10.10349199,12.93146663,17.87915104,17.34623178,13.28082568,13.64433186,14.81450102
22302,11.4700042,11.70820956,16.09066581,17.77485558,11.63104185,14.9121271,16.41309589
5224,13.9418299,15.07921019,12.44932129,9.80446589,19.18018077,16.9970671,12.54792485
4742,10.67578936,9.774195552,13.61302194,17.2641352,11.14895875,18.95208853,18.57181066
3855,9.842361653,9.283550007,12.19192959,18.12307475,10.52176928,19.56874328,20.46857144
10262,12.31394659,10.31430921,13.71346841,11.70797273,8.653402707,22.75725449,20.53964587
34231,14.95563979,16.88233665,14.8595001,9.724191848,16.58837734,14.59943554,12.39051873
33346,15.59127868,18.1458161,11.28795896,10.47597123,15.90263652,19.56692003,9.029418491
34295,15.07421277,17.87187611,11.79840739,10.75582087,14.97825542,20.03239134,9.489036092
34705,11.979543,14.78432318,15.55880791,15.39004284,14.19911434,12.78154869,15.30662003
34086,13.14497533,12.77147007,19.39491322,13.73435312,9.284955275,15.0577522,16.61158079
34657,10.42250269,10.0130984,10.11955083,19.77473121,13.41787392,19.5104187,16.74182425
34519,10.91618769,8.049962842,11.09631533,23.62296924,9.597788485,21.76272322,14.9540532
24181,13.7162556,13.08790828,13.26654521,14.52547298,17.73647116,14.01133432,13.65601245
1535,16.96296361,18.59458495,13.34862959,12.86122487,20.70644422,10.99074266,6.535410106
1129,14.94812751,16.0730075,12.95264662,12.61739532,20.30451527,12.00260806,11.10169972
2017,13.72286631,14.28046026,11.85501023,14.69411225,18.35697881,13.58933748,13.50123467
1403,11.85783539,10.63478848,14.78902577,17.22458646,13.2379734,15.93641305,16.31937745
1870,11.06100225,10.67388094,13.54901138,17.17170236,14.62691163,14.64334265,18.27414881
982,11.68508984,11.13720908,13.97414648,16.38584522,14.35916138,14.79719522,17.66135278
15177,17.81405764,19.40184352,12.89567063,9.581946239,24.69242935,8.164790304,7.449262313
40648,11.07215859,14.67744444,11.83871535,9.970506507,20.1121181,17.16421372,15.1648433
14387,15.60802944,19.35111611,12.2748265,10.52095664,25.05855996,8.101653677,9.084857685
14325,15.50349293,17.9653139,16.34938123,10.65754619,18.82422034,9.113532425,11.58651299
14788,15.50349293,17.9653139,16.34938123,10.65754619,18.82422034,9.113532425,11.58651299
15661,14.68244828,16.24566708,13.67799239,14.79718972,20.09413948,10.03244704,10.47011601
14933,13.16179222,14.9325438,15.26538028,13.02353502,18.92309737,11.08749022,13.6061611
14807,15.57034051,18.76642886,13.35756824,11.98981211,23.81997932,9.041664625,7.454206347
40619,7.939855976,8.956204848,13.8117369,25.64789319,8.454827929,19.9512773,15.23820386
14575,12.28409359,11.71882176,13.64138306,17.19437848,14.30740191,14.63502012,16.21890108
15296,11.6749016,10.98263973,20.32642839,15.06976764,9.607815401,18.80658752,13.53185971
15377,12.02056281,10.74919159,13.23984823,19.34485849,12.46615732,18.34994738,13.82943418
40114,6.832697406,8.099048125,16.90047016,25.7709978,3.054574314,20.19888141,19.14333078
7505,38.51360403,18.01078542,4.206922108,0.04809726,1.576343255,23.58946503,14.05478289
34489,10.87108036,12.12585861,19.09730279,15.24969973,11.22951376,15.68399305,15.74255169
34131,9.482792867,11.346207,15.96129982,21.14018947,10.94134856,13.37448443,17.75367787
34161,12.81645193,13.34633004,16.96875527,16.44772428,17.18981524,10.36285724,12.868066
10334,17.40618887,15.95228444,10.11309622,14.09436248,16.56978537,13.3748062,12.48947642
8360,16.47976375,17.81031598,7.943458421,12.09116638,23.80869156,10.2124552,11.65414871
8780,15.7715339,17.8824523,8.374133596,12.25841811,23.16597419,10.29613145,12.25135645
38047,15.63614973,13.63642111,14.85188619,13.51515733,14.50257324,12.30287787,15.55493453
8539,18.19305211,21.35032782,13.37482895,12.7322051,17.86303525,11.48480457,5.0017462
10176,12.97889674,13.51366416,14.60997254,17.21053735,18.87621083,11.13166082,11.67905757
10157,14.51383221,12.63450158,14.61163405,15.3314811,16.86878423,12.56031457,13.47945226
38510,15.1038443,14.38182358,15.25034401,14.53119768,17.15354056,9.889574093,13.68967577
8243,15.66607479,14.19619766,16.09692144,12.79242723,16.24459328,11.73501094,13.26877465
8633,17.22331328,17.47751827,12.11462704,11.96929689,22.5375849,9.611228113,9.066431508
37903,11.55989523,12.16763833,17.63664619,16.57510913,11.2614835,11.71559684,19.08363078
8087,13.75970462,14.03925798,19.50991863,15.76414281,12.5728145,11.96515957,12.3890019
11672,16.45019972,21.62051769,13.55270253,14.03130346,10.98162255,14.92771983,8.435934212
12104,16.45019972,21.62051769,13.55270253,14.03130346,10.98162255,14.92771983,8.435934212
19818,12.74998065,12.91316431,15.14875103,15.22253754,14.33358663,15.68646729,13.94551255
12496,13.30416269,19.80082677,13.13335165,16.07637634,16.46474148,10.83867034,10.38187073
37085,38.51360403,18.01078542,4.206922108,0.04809726,1.576343255,23.58946503,14.05478289
40054,16.32269592,13.59733648,6.004031955,13.26114928,18.14407194,19.39557601,13.27513842
33506,14.23899853,11.93890812,14.22611586,14.06031797,13.78577144,17.95686885,13.79301923
24545,15.42306098,11.49122693,14.05004497,13.98026059,15.77803405,18.24022182,11.03715066
1462,13.33361148,11.03774234,12.25960148,18.38630757,14.52149769,15.51907579,14.94216366
1047,14.26515954,12.03966159,11.03853348,15.87615187,13.93181284,16.48591898,16.36276171
1912,14.08224472,11.62042185,11.65694316,15.56710941,12.87538221,16.17592169,18.02197696
2353,11.44688741,10.54453741,13.52228481,18.2060558,12.15856568,17.06101062,17.06065827
865,16.01835051,19.31486433,14.55089673,12.0603175,16.83981469,11.69801677,9.517739481
1304,16.01835051,19.31486433,14.55089673,12.0603175,16.83981469,11.69801677,9.517739481
2199,17.89609593,19.52675151,15.34458517,12.4772512,11.61325147,12.94175046,10.20031425
843,11.29907105,10.74827065,9.093278892,19.37606033,15.17167774,15.18282702,19.12881432
1286,11.29907105,10.74827065,9.093278892,19.37606033,15.17167774,15.18282702,19.12881432
33944,15.35926703,13.24020916,12.54568456,12.64097859,17.88855594,13.79929747,14.52600725
2526,8.949056068,8.52232072,14.33537254,21.76636418,6.992331155,17.76364506,21.67091028
4098,14.08076377,16.69843576,11.3914428,14.85036626,16.12513309,10.88222535,15.97163298
3692,15.5115523,17.30947303,13.59426482,14.4607519,15.98700504,10.66854771,12.4684052
4566,15.3208627,16.69906696,15.1841108,15.64225487,16.43970143,11.59451778,9.119485457
4035,12.9596047,14.86689414,14.41344419,13.18239132,17.40814817,17.03940256,10.13011493
36481,15.04211836,16.0515932,16.78934963,12.93931059,17.99854254,13.29937117,7.879714513
16150,14.8197549,18.78077552,9.983932459,10.66528772,17.6191317,14.04844128,14.08267642
30746,15.83427148,16.05543976,14.29090307,8.955323853,18.414884,16.87937007,9.56980776
26364,14.90126098,17.10536955,14.45866904,10.81306167,17.27904472,12.67678555,12.76580849
26791,14.90126098,17.10536955,14.45866904,10.81306167,17.27904472,12.67678555,12.76580849
29029,12.96400669,15.44566061,14.45219131,13.00526137,19.42324122,10.51623258,14.19340621
26782,12.99285772,14.49026815,15.35866411,12.31451424,17.77618606,11.52714896,15.54036076
29439,13.23383831,15.56050107,13.58594399,10.82911035,19.24531102,14.31551522,13.22978004
27674,10.59049794,11.51413337,16.62701176,18.12215812,14.51136573,15.6155021,13.01933098
26358,26.54157802,12.41209901,2.899192485,16.46285611,1.086333999,30.9121131,9.685827284
33357,10.80266953,12.30273524,12.10540925,20.60864993,15.00815612,17.5675563,11.60482363
33802,9.356694073,11.4826407,12.78004055,22.67835063,11.57145141,19.17150334,12.95931929
33500,9.965557662,10.87590214,12.75757915,19.44957227,12.96746345,14.77041436,19.21351098
34012,16.29050176,16.66651845,8.875165237,12.5396875,23.74310467,10.79950428,11.0855181
1127,13.57349001,14.03754734,14.53039694,14.1515898,15.42986904,16.51282978,11.7642771
1532,13.92940226,14.48186289,14.48786957,15.28817526,15.72353629,14.34588399,11.74326975
1332,14.16078516,17.3587208,14.65738964,12.80665199,19.25395202,9.231264811,12.53123557
33086,14.82546537,15.17201384,8.762153333,14.9954296,22.12235189,14.29539458,9.8271914
34480,14.65513148,15.18347534,8.791859191,14.45737435,21.15092802,12.63945418,13.12177743
432,14.44867116,13.70763778,15.56475156,13.97192491,15.79215161,11.85307073,14.66179224
40244,18.17494633,20.69700222,12.80694311,7.777275864,18.40801893,15.34019927,6.795614293
39741,15.58276553,16.32736339,12.73013253,10.75227439,17.18025473,17.88612217,9.541087266
13404,15.47144929,16.16909971,12.42424294,10.64798513,17.74361477,18.05815349,9.485454668
36748,16.66872434,15.77585091,12.54298353,15.75051413,19.1237648,11.54842234,8.589739954
35936,14.08133902,13.74315317,8.437137485,13.67597891,19.59740954,13.11654863,17.34843324
11296,14.62935572,14.83671568,18.1000264,12.28198803,21.23538192,11.32567886,7.590853396
10705,15.42974622,19.42992388,13.81461629,8.108656904,18.17073982,15.48337016,9.562946734
10772,15.57615143,15.13088485,8.285752817,11.47552514,21.82687125,11.51627708,16.18853744
35877,16.44518875,18.60787429,13.52922448,7.942410433,20.77781018,16.15441115,6.543080717
11177,13.99509482,17.45470539,16.00597852,13.04481039,14.97680548,10.92069172,13.60191368
10983,12.64045687,15.06621082,12.80867071,13.04052832,16.13086947,15.3841713,14.9290925
36131,13.28267617,16.23647692,13.58998695,14.05239402,14.42732904,16.33741215,12.07372475
11233,15.43098935,14.57117187,8.797605676,12.10885228,20.24432296,12.84990829,15.99714957
36390,14.1924276,13.0970634,16.80447242,13.6731857,14.11753973,15.41080373,12.70450742
10856,37.970185,17.75665694,4.147563303,1.458398047,1.554101376,23.25662253,13.8564728
10123,15.22067664,16.85486919,16.18160653,6.223097039,19.69511563,15.61052401,10.21411097
9263,16.44080607,17.53685472,17.11390178,5.476525836,21.22161306,16.14139455,6.068903976
9066,12.39242243,13.6330426,18.58038669,14.94248223,14.3797205,11.64674732,14.42519822
9480,12.39242243,13.6330426,18.58038669,14.94248223,14.3797205,11.64674732,14.42519822
814,11.62613207,10.13467394,16.13219107,17.3473484,12.09069594,16.25039045,16.41856813
97,12.46248894,12.69211687,11.58929249,15.79770652,14.7819718,20.92671146,11.74971192
509,14.21794,14.40111915,15.94200893,13.29511377,16.56809244,14.65268282,10.92304288
34911,14.74898211,14.42828084,9.106565382,12.46701518,18.5106705,22.94840113,7.790084868
138,14.26669087,11.73279321,18.02814698,19.41395774,12.74459328,12.25260617,11.56121175
24089,11.22529896,11.64181698,11.20926422,19.75049775,13.10128498,20.10028006,12.97155705
34938,14.03940819,11.35610459,18.56899078,19.43542096,12.53729964,12.11174539,11.95103044
27886,11.76735836,12.82601084,13.26558631,15.13419977,16.17633973,16.44897458,14.38153041
28310,11.76735836,12.82601084,13.26558631,15.13419977,16.17633973,16.44897458,14.38153041
35428,17.23818771,11.55803189,9.805636097,15.93507438,15.13785033,19.4987723,10.82644729
34803,15.62916493,18.82473831,12.33680483,12.07188051,19.53685145,10.14097837,11.45958161
35297,13.7075583,15.57928155,16.03918808,13.53148243,17.05224406,11.15872473,12.93152084
34983,19.95920514,20.64016063,9.049222526,8.50812374,19.26574449,17.08700591,5.490537557
194,21.27232569,20.664625,9.624968942,6.828212854,19.78482391,15.17531873,6.649724877
35473,19.27850574,18.4600284,10.2995679,7.866023302,18.69352673,17.43066792,7.971679998
604,19.13627677,17.54340636,12.53678898,7.219111195,19.41678558,15.86348761,8.28414349
630,11.39472759,12.57391364,14.13613919,18.42109714,15.45856432,13.88360958,14.13194854
35023,14.15741343,14.32081516,14.76225674,10.46604219,16.86651517,15.9426969,13.48426041
221,11.83956062,12.9898173,13.91745073,14.80872952,15.77471964,15.61643563,15.05328657
31189,11.32896555,12.24591005,13.45558427,16.40296568,14.97155101,15.28728816,16.30773528
31666,11.32896555,12.24591005,13.45558427,16.40296568,14.97155101,15.28728816,16.30773528
31196,14.13045535,21.65849201,12.12663769,13.74849536,15.77660143,11.2796086,11.27970957
31670,14.13045535,21.65849201,12.12663769,13.74849536,15.77660143,11.2796086,11.27970957
31148,18.58122738,23.91385628,14.04024482,9.048349009,18.23145646,6.303386688,9.881479362
31626,18.58122738,23.91385628,14.04024482,9.048349009,18.23145646,6.303386688,9.881479362
5456,13.72878171,14.80109283,13.05210489,13.88840449,18.96908039,15.17002073,10.39051496
5905,13.69536625,17.17818172,16.00969046,10.45452123,20.65197316,11.15235874,10.85790844
36954,16.61622422,16.79550031,14.09962442,13.33905612,17.99512662,13.76449781,7.389970489
5563,11.88621126,14.40310926,16.26844949,14.05815458,14.00150039,14.33862821,15.04394681
5992,11.88621126,14.40310926,16.26844949,14.05815458,14.00150039,14.33862821,15.04394681
37459,12.5764481,12.14463273,12.1058768,16.38882463,15.27922095,16.17027135,15.33472544
5843,14.507801,16.27445927,14.94262484,9.967545394,19.44980519,14.06675043,10.79101388
5389,15.1558597,13.81475714,15.63565678,10.55109116,17.13176336,15.23498139,12.47589046
36884,38.51360397,18.01078539,4.206922102,0.048097422,1.576343252,23.58946499,14.05478287
37597,12.04341996,16.6157364,11.72650473,16.66271028,21.73226352,11.10015262,10.11921249
6018,38.51360397,18.01078539,4.206922102,0.048097422,1.576343252,23.58946499,14.05478287
37338,14.0256747,14.84841748,13.99500794,14.65629367,19.77011096,9.736741381,12.96775387
5414,14.90280675,25.92896069,16.32181512,13.59033128,10.64943845,8.5092866,10.09736112
5868,14.90280675,25.92896069,16.32181512,13.59033128,10.64943845,8.5092866,10.09736112
5794,13.90419725,25.73953003,10.94860617,14.14819936,11.22144373,11.05711528,12.98090818
5390,12.30618932,17.36718059,15.41917912,13.53116482,13.55886125,13.33097133,14.48645358
35478,13.87310595,12.92339047,13.33675939,12.73826876,12.07670714,21.16201196,13.88975634
36892,13.9140228,15.18346827,11.93046283,15.08822773,15.37670575,16.41459285,12.09251977
5844,13.04167468,18.69009704,14.90694455,14.82192436,14.03754937,12.77007775,11.73173226
37331,12.30693775,11.91507771,10.87803703,18.54899064,15.892638,14.33193974,16.12637913
36841,15.1479836,15.98011993,14.81243344,12.96816657,14.5580639,13.9212797,12.61195286
37398,12.95370624,16.31184183,15.21525498,13.73406615,14.29497055,13.13934204,14.3508182
5789,13.83838163,15.69027023,13.29383107,16.97583562,19.64044786,11.00256824,9.558665346
5331,13.10044165,15.299625,12.90414497,17.31823504,21.28303914,10.32177601,9.772738186
22465,10.84126533,12.9034734,18.44508608,14.72538959,12.58640767,15.75072301,14.74765491
33070,14.49843481,13.47881525,16.7635777,12.44733892,18.03940788,9.958567678,14.81385775
33985,14.77876887,14.04688579,16.92162973,13.67903368,18.93022963,10.07756383,11.56588846
33543,15.59437472,16.31657736,15.00683815,8.593606541,22.02868182,9.927481232,12.53244018
8132,12.25571696,17.09706529,12.34304018,14.68906811,16.06627675,13.70056079,13.84827192
51,14.77814165,13.74533935,8.490439569,15.68914197,16.08237343,14.82136002,16.39320401
37946,11.81618764,16.11688034,9.959750139,17.31693626,16.51729964,14.35378171,13.91916426
8573,14.20521052,17.62109203,14.39539367,12.9037139,16.57953285,12.64933353,11.64572351
38119,15.20729655,16.18385006,8.522964452,16.64232944,16.01236444,17.88631484,9.544880215
37981,14.12646025,15.82315865,13.16699376,14.90419758,16.06513245,10.975275,14.93878231
8177,14.18687458,17.10302849,12.0679335,14.93307554,16.24687391,11.84998347,13.61223051
38387,12.38911215,11.44190147,17.5554272,15.37833936,14.80291502,12.82623706,15.60606774
8610,14.22445847,16.06577191,11.78002184,15.52586078,16.38119509,13.60578491,12.416907
37893,14.81778401,12.50989522,16.19924945,18.16388625,12.51971516,17.05674177,8.732728139
18390,12.39341321,16.35391013,13.2594556,16.9458297,15.40605404,11.98350994,13.65782739
23810,11.16181061,10.6163687,16.23300161,18.81700921,9.03219167,15.09489953,19.04471868
22862,11.70762626,10.11259674,13.94360882,18.20924426,8.803299226,17.34760197,19.87602272
22992,11.30510607,10.43742978,22.97442616,17.97921279,6.97963938,15.21441845,15.10976738
23443,11.30510607,10.43742978,22.97442616,17.97921279,6.97963938,15.21441845,15.10976738
23061,9.666883004,7.144533372,14.84545221,20.08207304,3.390661024,23.78338792,21.08700943
23497,9.666883004,7.144533372,14.84545221,20.08207304,3.390661024,23.78338792,21.08700943
23580,38.51360397,18.01078539,4.206922102,0.048097422,1.576343252,23.58946499,14.05478287
28720,16.51897191,18.77957045,15.03520439,11.74918475,16.46222582,8.422529506,13.03231316
29034,17.54443746,17.94711954,14.37539243,9.737764553,18.13676189,11.53060913,10.72791501
27842,13.81443107,16.96016925,11.17913681,13.98871425,21.47670612,9.225003621,13.35583889
28272,13.81443107,16.96016925,11.17913681,13.98871425,21.47670612,9.225003621,13.35583889
29170,14.91989256,15.96196018,16.48996564,14.09587254,19.84028281,8.49264258,10.19938369
29437,17.1392221,19.14071238,5.610832225,10.94996138,25.86267718,14.8170898,6.479504939
5452,9.810211444,10.82715025,13.35301537,20.07020961,9.538018279,15.68606317,20.71533188
5898,9.810211444,10.82715025,13.35301537,20.07020961,9.538018279,15.68606317,20.71533188
5700,9.721048154,8.162462237,13.1537764,23.37514117,5.70288368,19.87229216,20.0123962
37220,11.26882888,9.091186775,13.49978732,18.58187754,6.240962128,22.53253798,18.78481937
6105,10.54079298,8.649074945,13.52721171,21.4399537,6.446655558,21.61880614,17.77750497
36057,32.88517297,15.37866447,3.592116726,14.65520578,1.345974284,20.14206817,12.00079759
40852,15.0883102,13.88997655,12.54423914,14.23572237,16.85598393,15.46282644,11.92294138
20339,13.50096238,11.63243491,18.70553155,16.09880686,10.46691902,13.50232976,16.09301553
20758,14.28445178,10.0628636,18.44594842,17.1877019,8.322050021,16.23404996,15.46293432
34522,11.79540125,9.641149369,13.58766417,19.5210628,8.945477652,22.27796575,14.23127901
19259,11.73832979,12.01309318,10.58083211,19.27381582,6.549943746,29.40536527,10.43862009
18930,38.43719078,17.97505096,4.198575328,0.24640771,1.573215697,23.54266215,14.02689738
34629,14.37466048,14.31892615,15.83242367,12.19058416,18.55452756,12.98643041,11.74244757
34188,14.31493812,12.25472355,13.5667498,15.48463674,16.47950606,13.70941724,14.1900285
2283,12.46463528,12.32081468,13.56827433,17.75742192,15.79063945,15.60279647,12.49541787
1076,13.05212723,14.00137201,12.00248213,15.11162105,17.36325271,14.4773683,13.99177657
2348,15.97624955,13.52947657,15.64599116,14.95950402,14.86651471,15.8235215,9.198742493
1482,11.61827506,13.10143353,10.67270495,16.01515284,15.62239678,13.51028364,19.45975321
1834,14.989937,12.17297712,13.57585086,13.52234212,16.1215732,15.47645347,14.14086623
952,12.29074025,12.3452918,13.14007674,15.42062243,15.35802698,15.2323254,16.2129164
1379,11.86796189,13.26637577,14.73863271,15.79281064,16.18995399,13.73289273,14.41137228
28968,13.41051112,13.69209422,17.96789676,13.05168945,16.28109201,9.60069099,15.99602545
29380,10.69012676,10.23154327,18.91267706,17.45518846,11.2520749,13.33240489,18.12598467
32931,13.35265228,20.68780081,13.12044875,12.40193967,18.40241193,9.995984378,12.03876218
33411,13.35265228,20.68780081,13.12044875,12.40193967,18.40241193,9.995984378,12.03876218
25746,18.96388148,32.55784631,17.83747902,12.00799038,5.924552923,7.970904306,4.737345574
25390,14.3960707,18.0723499,12.33831219,14.45105739,19.32660223,12.33923815,9.076369433
24654,14.50661738,17.45572576,12.16952735,13.623202,19.54659595,12.76914584,9.92918573
32943,16.7952103,19.28369362,12.03416926,10.8760637,18.65226935,9.578317565,12.78027622
33422,16.7952103,19.28369362,12.03416926,10.8760637,18.65226935,9.578317565,12.78027622
33530,12.57087301,21.67118049,13.77413657,11.53819651,10.80969277,12.08910787,17.54681277
2330,11.43574676,12.05524866,14.21305973,16.40461373,16.46269095,13.40557852,16.02306164
2338,13.43649142,11.38964859,10.65997903,15.96273028,12.15917741,22.36865023,14.02332304
1898,12.14026302,14.4378015,8.688190423,14.63952789,16.6163618,21.01069545,12.46715992
1146,13.69911981,13.33676301,12.86528695,14.06680463,15.27775328,13.00132183,17.75295048
2031,13.69911981,13.33676301,12.86528695,14.06680463,15.27775328,13.00132183,17.75295048
22649,10.37574611,13.29523623,21.07528866,14.63301352,13.28580055,15.298037,12.03687793
23239,16.13230401,16.49294778,14.20924063,10.48614519,14.01661953,17.14027531,11.52246754
22740,13.86785422,15.61758432,18.97299662,11.7982535,17.71733045,11.29744525,10.72853564
23237,13.86785422,15.61758432,18.97299662,11.7982535,17.71733045,11.29744525,10.72853564
10829,14.46855431,21.10829339,17.31393774,11.64455652,12.43977716,11.98481419,11.04006671
36015,14.46855431,21.10829339,17.31393774,11.64455652,12.43977716,11.98481419,11.04006671
24158,15.75125677,13.02054238,15.10410065,13.99626341,14.22640648,13.93818002,13.96325028
41237,14.71698918,21.84766595,10.69924302,16.06382198,15.37629584,10.0611209,11.23486313
23647,15.96554612,18.81053727,15.98377931,11.93913711,17.48077973,11.46974685,8.350473603
41287,12.93037474,11.47629976,11.84650474,20.09523904,14.94407583,15.62256566,13.08494023
22688,13.52046075,16.31154285,16.77831843,13.62402295,15.57933233,11.37920345,12.80711923
23187,13.3585964,16.48455903,16.26457359,15.5831601,15.63402612,11.06834126,11.60674349
23182,15.17076908,11.81777163,11.0327843,16.68202594,16.54011777,16.02730351,12.72922777
22686,13.35382363,10.96507089,11.61668061,18.44066464,15.1892316,17.9537677,12.48076093
23235,9.635262743,11.50639509,18.92792296,13.6433693,15.10848003,16.12789495,15.05067493
21795,17.8326955,11.19427649,13.48784088,9.680663286,8.772047365,14.13539599,24.89708048
21321,11.17016224,14.16288756,15.78622252,18.14886092,18.61095218,11.52944551,10.59146907
22156,11.01964801,13.42950918,14.68976825,17.82252195,17.65299065,12.26788127,13.11768069
22161,11.39455143,12.91282593,13.34274869,17.56059607,17.10278694,13.07602341,14.61046752
21798,11.7999376,15.90504735,16.8933389,15.83252457,21.32781741,9.673295904,8.56803826
21318,13.46913139,13.25158716,17.90587132,16.78252392,12.47352722,13.6005369,12.51682208
21325,11.01392152,12.18989445,12.59652131,18.84231997,15.50871204,13.92796475,15.92066595
21790,11.74825089,15.30473057,16.30236676,16.26545767,15.41684504,12.89767272,12.06467635
21803,11.30254294,11.34268883,10.46308456,20.49403046,12.49174784,15.73957644,18.16632893
20503,11.77602058,25.99767516,9.272655773,14.39569159,11.92067684,13.79171102,12.84556903
20467,17.71465414,19.4661754,3.995371816,9.947282597,23.87943533,17.23367029,7.763410421
40728,12.55451902,19.98897222,15.49667368,13.33737406,8.785018497,18.91584937,10.92159316
40255,17.23347338,22.92408648,11.12833656,9.929964985,9.079532566,13.47946209,16.22514393
41226,14.52260856,24.3366588,12.56353505,10.96965445,15.72854662,17.18949826,4.689498258
40248,14.84941363,22.50468286,9.415873302,15.18714888,12.96744091,10.40190056,14.67353985
19991,13.72332149,18.23917988,12.2777683,12.69580968,14.65797324,18.03522072,10.37072668
41216,19.16485171,22.21388757,10.83606772,10.57599159,17.60097163,9.719147253,9.889082525
41172,17.70339693,18.65514476,14.29626502,9.195995184,16.57647324,15.13739786,8.435327016
20455,17.50844875,20.98790251,14.09390298,10.43247625,18.96331748,8.937502573,9.076449459
20462,14.92332284,18.03822288,12.6387707,13.21085667,18.17781066,14.96884222,8.042174029
38518,11.2520271,11.06011544,12.43169214,17.91667143,13.63942554,13.91731213,19.78275623
9930,15.39532591,14.00862358,16.07362752,8.19351897,16.72166688,16.65698207,12.95025508
10371,13.2999375,12.37965756,16.94748123,16.67789961,11.87768945,16.77909877,12.03823588
40897,12.00157708,10.52666326,11.7723348,18.11471803,14.23138754,15.80431196,17.54900734
5736,17.67580172,18.30797324,11.84361457,27.06361997,0.065741071,13.34125311,11.70199633
5759,8.318455763,19.97062051,12.46753195,19.90762336,0.08210122,18.76345795,20.49020924
5760,16.40939386,21.83424949,11.81535949,15.00056456,1.927106161,19.31914161,13.69418482
5268,13.8376324,27.23621391,13.97006079,18.15964483,1.367190157,11.01395397,14.41530395
35625,21.52832231,23.05362137,13.5593206,8.237133471,19.92420714,6.091656432,7.605738684
5297,11.97691623,22.52587968,15.45632571,15.42088896,4.436547874,13.38088594,16.80255561
35139,15.1148672,15.3281091,15.62124892,14.75051319,19.57963428,8.437476304,11.16815101
5734,13.85513547,22.76206038,14.55334759,15.27385623,8.402058181,16.48328886,8.670253295
36788,16.00304275,21.13408318,12.59865374,12.65338444,6.741107474,16.4001414,14.469587
5298,13.11511292,20.97764802,17.59591419,13.07544808,9.531686435,11.85910812,13.84508223
37309,14.74720775,19.91551162,16.56743624,12.5130639,13.93673043,9.475762537,12.84428753
37308,13.42856411,18.03197935,15.4250241,15.48167293,10.5007972,13.06636259,14.06559971
338,16.05428895,16.86430728,15.74478057,13.9060527,19.66992614,7.659085958,10.1015584
36813,16.6229579,14.63799723,13.47588265,11.26744109,17.46297878,15.46872694,11.06401541
5265,22.07010008,10.32102414,2.410763529,20.72529625,0.903318562,35.51544816,8.054049287
7777,9.437798104,11.68107891,14.96305,20.33788095,12.72473118,16.73441038,14.12105047
25887,13.24241938,9.906091404,13.70834013,12.76345193,6.249543088,28.86510003,15.26505403
11982,13.4641289,12.2943396,16.64168748,14.15496418,16.49331508,15.12450584,11.82705891
12343,13.94121643,16.20934415,17.49951013,10.1320697,17.20079712,12.77642148,12.240641
27517,21.64573528,33.34468511,9.129065765,8.117484169,13.75483653,10.77667975,3.231513388
12059,11.48600601,13.94203026,16.53668035,16.37606725,13.14493461,13.63990648,14.87437503
11622,12.85730061,12.78655055,15.52072931,16.15845636,13.11045917,17.2559242,12.3105798
12526,13.89361209,12.38115318,15.66691334,14.62380036,13.27458476,20.71146097,9.448475309
11966,11.08822259,8.827810962,15.75573661,20.30252156,8.979669896,21.47774562,13.56829277
12380,11.08822259,8.827810962,15.75573661,20.30252156,8.979669896,21.47774562,13.56829277
36646,17.23577466,11.73720721,16.64686413,14.35666378,13.09970997,17.24077494,9.683005308
33950,16.69729296,16.24754658,15.50494427,11.55717652,17.24810392,9.186293495,13.55864225
33027,14.9797483,14.80745494,18.97059618,11.77592685,17.1722972,9.775322201,12.51865432
33924,12.20342639,12.27805663,14.18062636,18.1796148,16.5363303,14.10101128,12.52093426
34411,13.11477758,14.56972712,19.32400678,14.94368144,11.42732564,12.9029931,13.71748834
34577,17.26540962,17.02857005,17.69226257,8.678978479,18.49571949,11.43520569,9.403854109
32999,10.81052227,11.59945167,13.2987915,18.1947047,16.04510997,13.81956172,16.23185816
33825,11.7991308,10.91080407,16.4285353,21.48277744,10.80812036,17.66033548,10.91029657
10442,16.55918349,17.86556034,13.47305423,7.937530122,19.72451557,13.32051988,11.11963637
10020,12.00035594,15.04019472,14.99501672,13.50990686,16.97009745,15.21804582,12.2663825
9175,11.73158613,14.30541603,15.3675792,14.30501894,15.69859988,14.67660445,13.91519538
10441,12.75565159,13.98881865,12.93838179,13.29403,18.21303361,14.14822126,14.6618631
9997,14.74672825,15.49532751,14.152838,9.94078986,18.41795037,17.00941853,10.23694748
38758,16.14115401,23.45789274,11.28345995,14.34672707,7.223604584,12.80896041,14.73820125
2628,15.96944632,20.78802939,11.903093,13.57363661,11.20940892,12.61544966,13.9409361
3412,13.81762019,18.55676762,15.78517371,14.70775757,10.32667589,14.74288183,12.06312318
2626,18.35454145,21.99692455,15.2838019,12.53164433,12.76107932,8.567208157,10.50480031
3055,13.88259377,18.39555754,15.62152425,14.43307542,10.74261435,14.89731549,12.02731918
3070,19.229417,22.56754545,14.919173,11.25065252,16.51838085,7.110174456,8.404656726
2641,14.334033,17.86134452,8.670552241,15.17147959,21.49905738,12.88628067,9.577252601
3118,14.98159593,16.34560094,12.36736754,13.72790406,16.60085581,15.31775735,10.65891837
39561,11.85887992,11.82010479,14.02524825,16.22305718,16.58534555,14.15064732,15.336717
22904,11.11172289,13.19119132,15.69890596,18.58223804,17.31803777,11.23707563,12.86082839
23855,12.79807144,15.0653337,12.61683098,15.19288629,19.19852006,10.2256302,14.90272732
7849,15.27123885,16.61481019,21.73326631,10.94186272,10.47364371,20.93850484,4.026673384
36435,18.51541094,13.84599968,10.81742198,12.56020553,17.51925577,13.97425106,12.76745504
31084,13.52164343,22.36380817,15.17056217,12.90440586,10.54292059,12.67255646,12.82410332
31565,13.52164343,22.36380817,15.17056217,12.90440586,10.54292059,12.67255646,12.82410332
31347,10.2031287,14.21617384,10.22317392,21.4732758,14.22935209,17.02068539,12.63421025
31821,10.2031287,14.21617384,10.22317392,21.4732758,14.22935209,17.02068539,12.63421025
19743,14.09616726,12.77252293,11.0731105,15.97447965,11.61679054,25.80518832,8.661740798
14971,17.97535579,20.155831,12.47845158,8.534887494,25.23311627,7.430293322,8.192064549
15089,11.97914798,12.42257405,7.287588736,18.23444781,18.02488456,17.96244752,14.08890935
15851,13.86616291,13.79351483,13.23848343,14.47036264,16.43236515,15.86219615,12.33691489
14640,13.57464325,14.77106721,12.76561038,15.72491147,18.12992504,10.45469164,14.57915101
15466,12.88172809,13.81731838,13.13729639,15.86820287,16.62034658,14.33609767,13.33901001
14781,11.7284901,12.13647212,8.134940525,18.26073715,17.46311539,18.00357569,14.27266903
15612,15.18708091,14.04802041,13.70134852,15.21607972,18.01992832,12.25301083,11.57453128
40400,12.16997551,13.06319878,14.96398863,16.62566723,13.40865497,19.69997226,10.06854262
15087,13.9727616,21.36989112,14.37755039,13.70492576,15.56052915,8.439274111,12.57506787
14298,12.5501629,15.57264583,14.54796085,17.14191393,18.6475994,11.95494279,9.584774306
40212,15.97202937,25.97385393,12.14815808,13.02513326,13.33879206,11.09467606,8.44735724
39784,15.17686316,12.65930038,16.62563276,16.14555033,14.50729203,11.76931493,13.11604642
39866,13.86104557,16.58294947,16.51685129,13.31088088,14.02887918,10.85909867,14.84029494
13515,14.56475163,17.06625014,16.33995882,12.99150033,15.42679637,10.85576836,12.75497434
40365,14.29471115,16.52118975,14.27742499,13.3592638,14.54331882,12.33020611,14.67388538
13463,17.27917308,18.44345654,14.70358407,7.649549399,20.32952764,12.24164374,9.353065529
13969,16.68809503,20.72216159,15.03500954,12.33444809,18.50874319,8.133461968,8.578080583
39802,17.52967027,17.76025269,12.53176097,7.473015946,22.90173432,12.77648421,9.027081604
13991,13.30938737,17.5102479,13.49960737,11.31657086,19.2574527,14.76964448,10.33708932
14778,14.84930795,14.64462205,16.02845771,12.09089395,17.57387445,9.610174299,15.20266959
15571,15.03085786,17.12904217,12.44034727,16.0896958,13.97175783,12.72686162,12.61143745
15543,14.33081179,13.31947993,15.9369568,14.35252972,16.78249338,10.85120148,14.42652691
15908,18.10663739,15.86363139,13.03085344,11.21560779,16.85428437,15.84843554,9.080550077
14091,17.76907544,14.9245595,14.08737826,9.839814737,18.87382051,9.113169851,15.3921817
15544,14.77900182,14.54189964,15.51877556,14.04711642,15.39753875,14.85395143,10.86171638
40951,17.91335482,17.36804331,12.22168185,13.3810081,19.22384298,9.744438921,10.14763002
23942,15.15033109,12.83412235,15.82596447,17.40146402,16.52760795,11.94692306,10.31358706
20782,15.75630844,18.21763069,14.484771,15.29649988,20.26035963,8.468739045,7.51569132
41369,11.27723957,9.969928798,14.54558902,20.27374457,11.81349794,18.90734776,13.21265234
40872,14.84146625,11.14163183,13.69373438,13.92883148,15.3549762,16.92497337,14.11438649
28998,13.60994741,11.39933873,15.64699101,15.74490757,14.09333546,16.22998502,13.2754948
21257,11.00969193,9.642279794,13.33539324,15.63214626,13.74132326,19.82840972,16.81075579
22148,10.819282,9.546759648,13.44251853,15.99205868,12.80574779,18.47805273,18.91558062
21991,10.12039686,8.208668238,13.42711624,20.53875481,6.678583185,19.26454687,21.76193379
21093,9.998519287,8.330938974,12.97603045,21.05187111,5.995766462,19.41410689,22.23276683
13244,14.49292993,13.04668365,17.70823074,13.70144894,13.61952248,15.07490106,12.35628319
11563,12.87818807,13.88440955,10.08762102,17.51315604,17.69201063,15.2987394,12.64587529
12480,12.73648084,13.38387538,10.53974309,17.26068764,17.66406527,14.92371514,13.49143265
12495,14.15855064,15.09401327,16.06329651,14.00636909,19.42989175,9.274051484,11.97382726
11579,14.73426356,14.893923,16.02416025,13.80895786,19.08170553,9.133692626,12.32329717
11657,11.95170154,17.84606674,14.60108416,13.9058794,16.28513409,13.8058133,11.60432078
12580,12.21219814,17.4321901,15.16728545,13.15329206,16.0924374,13.64262089,12.29997597
19254,18.55315873,13.63892876,13.03932136,11.97422761,18.72252315,15.0835016,8.988338786
18963,31.8169022,14.87909046,3.475427259,0.084551276,1.302250476,36.83082516,11.61095317
19114,16.49815277,18.9705509,15.09100264,6.037987205,15.13404896,15.36900571,12.89925181
19096,12.51515961,12.76271678,12.59545452,17.3717021,15.45035186,15.80013283,13.5044823
18996,10.08684576,11.08243838,11.54736638,20.56856264,13.48874061,15.55649987,17.66954636
19299,10.08684576,11.08243838,11.54736638,20.56856264,13.48874061,15.55649987,17.66954636
19814,11.21210816,9.903755934,17.3854399,18.80713486,10.46211642,17.38513969,14.84430504
19622,38.51360397,18.01078539,4.206922102,0.048097422,1.576343252,23.58946499,14.05478287
19783,14.41115356,13.69800723,18.60615674,11.07811198,11.56312942,22.56536449,8.078076584
18728,13.28405602,12.88510777,17.76108942,14.89641248,14.43445411,13.41584793,13.32303228
18788,10.7187402,8.437807815,10.48138493,24.03639407,9.381887157,21.13164646,15.81213937
19159,10.727265,8.444851679,10.4778195,24.02821765,9.390627455,21.12445815,15.80676058
32263,14.1983169,14.20799943,14.99193664,14.20571058,16.80386816,16.38924251,9.202925779
32736,14.1983169,14.20799943,14.99193664,14.20571058,16.80386816,16.38924251,9.202925779
32419,14.37005547,14.23747576,9.842188345,15.16913888,20.57576115,12.05590348,13.74947692
32866,14.37005547,14.23747576,9.842188345,15.16913888,20.57576115,12.05590348,13.74947692
32264,13.74289837,11.93103923,15.10064842,15.75605697,16.17716741,14.24913906,13.04305055
32735,13.74289837,11.93103923,15.10064842,15.75605697,16.17716741,14.24913906,13.04305055
37445,10.05603527,12.76196691,14.20344335,18.19816844,13.66402757,16.11551187,15.00084658
5444,10.16161412,13.15069706,13.05871671,18.136733,13.54326,16.50895022,15.4400289
5895,11.33659654,14.00980213,13.11790517,16.78477893,14.97799377,14.60630329,15.16662016
7564,13.52123593,16.49517145,13.51126539,10.83782771,20.94937123,15.97373123,8.711397055
5544,12.33234361,14.66855962,9.279407474,14.31587029,16.86201157,18.0607447,14.48106274
5971,14.14615343,18.9077981,14.01906489,17.00469285,18.50195334,10.76989679,6.650440588
17830,17.31991174,17.38380732,14.70793304,6.465537859,22.23770833,15.29606652,6.589035197
16949,18.70343988,19.70511649,16.60773955,4.495881751,24.62152137,12.10350433,3.762796628
19601,15.05648855,11.99775663,17.74605682,14.41953009,12.45115464,15.07113431,13.25787896
19963,14.96539953,11.4148294,16.53380958,16.71435804,12.67464205,13.49564388,14.20131751
18965,38.00141078,17.7712596,4.15097416,1.37735977,1.555379432,23.27574823,13.86786803
24295,11.79988457,10.83080419,14.14758203,17.95633588,12.99263641,17.23331403,15.03944289
39635,9.242625381,9.906614994,11.51594565,25.18825478,6.231413878,24.08399557,13.83114975
19457,12.307609,16.71492681,8.356422666,14.55677091,20.36998042,18.26738277,9.426907416
38855,14.67929122,21.45647559,13.45145951,13.78623187,9.586593568,11.0770754,15.96287284
2731,14.42158445,20.22616242,15.83059814,13.44776446,13.37279564,9.66774337,13.03335152
39350,16.14625543,18.67012644,15.20188718,11.65656975,13.80983183,10.42168513,14.09364423
737,16.12823464,18.90373875,14.00259704,11.55228344,22.22599633,7.38842497,9.798724827
39243,15.00357338,12.6822938,13.13921293,16.01011276,17.30210712,15.5994837,10.26321632
24343,13.19620084,13.00989848,7.545350248,13.4511761,18.18551291,22.54135356,12.07050786
31230,13.01194601,13.37410645,12.11905784,16.81707009,16.24236774,14.83121731,13.60423457
31709,13.01194601,13.37410645,12.11905784,16.81707009,16.24236774,14.83121731,13.60423457
31412,10.26858065,9.426966054,13.26256276,22.1312835,8.630604031,21.60133144,14.67867156
31883,10.26858065,9.426966054,13.26256276,22.1312835,8.630604031,21.60133144,14.67867156
22604,15.70729879,15.91546879,17.97367149,12.65974178,14.14384781,13.39995469,10.20001666
22144,9.896970988,10.51715023,9.860513956,25.62634433,6.562277206,20.76460933,16.77213396
21273,8.034040691,8.174718128,11.03755328,28.37996754,4.143222262,22.8951546,17.33534349
32006,14.013942,13.87201142,13.74636064,15.60179073,18.09168998,13.51433124,11.15987399
32498,14.013942,13.87201142,13.74636064,15.60179073,18.09168998,13.51433124,11.15987399
32405,14.06674676,15.24658121,16.69040155,12.54739257,17.7020653,10.87571666,12.87109594
32863,14.06674676,15.24658121,16.69040155,12.54739257,17.7020653,10.87571666,12.87109594
32279,16.55492603,14.46763419,7.833528401,13.92791942,19.15560083,16.75564487,11.30474626
32754,16.55492603,14.46763419,7.833528401,13.92791942,19.15560083,16.75564487,11.30474626
32327,18.51362628,16.33402613,14.74080224,10.38117486,22.36921789,9.481380433,8.17977218
32795,18.51362628,16.33402613,14.74080224,10.38117486,22.36921789,9.481380433,8.17977218
31419,18.19254721,19.4345061,9.400278326,11.9044594,17.51277973,11.45618649,12.09924274
31886,18.19254721,19.4345061,9.400278326,11.9044594,17.51277973,11.45618649,12.09924274
41624,14.64707983,11.24963605,12.91725594,16.64423049,15.94225685,18.43008176,10.16945909
41125,13.33865225,10.67970261,12.51285646,17.11603729,12.63680652,16.59582814,17.12011673
38970,12.28023679,11.81695623,15.02869624,15.95371025,14.31820031,14.96078098,15.6414192
2716,13.80591876,12.26387461,11.65429902,15.83680817,16.2890577,19.81782048,10.33222127
3060,14.00511535,14.76454573,15.27623115,11.56962974,18.11180112,11.37205257,14.90062434
3138,12.97029304,12.90655614,11.77106308,14.78491506,16.53749256,18.44207506,12.58760506
2958,15.79023132,16.2990907,13.49452032,12.0249968,15.22012851,17.12328441,10.04774793
39085,16.17362592,16.26313262,12.78721721,10.5745037,16.36193291,17.64201539,10.19757224
39555,14.91516128,16.06056783,13.93388097,15.47979259,17.55793821,9.763333103,12.28932602
39447,13.48916487,13.37354181,15.30666896,14.92517012,14.13575001,13.83498738,14.93471685
2835,17.37312599,15.95425956,12.45162792,11.79022046,18.34210252,11.61635387,12.47230968
3232,17.66595861,16.87132729,12.84348183,10.52207137,19.19251299,10.58452242,12.3201255
38958,17.24703282,15.87585738,12.79046918,12.27613421,19.64514699,11.54930622,10.6160532
2863,12.44072909,12.01439674,15.52760143,14.75758706,15.75334483,13.76372556,15.74261528
3257,13.44942836,14.49173235,16.47504536,17.42040782,16.69591828,12.11752858,9.349939249
38842,14.34464006,12.96623774,12.02370703,15.5314096,16.87836267,19.61485405,8.640788855
3429,13.86462881,15.58688195,16.60546844,10.70644125,19.38170013,9.665138041,14.18974138
41051,11.75715605,12.59833597,14.24652679,17.00931516,14.88465203,17.76926038,11.73475362
35379,12.02725191,11.27252085,10.99367863,17.32844473,12.71267439,19.92767136,15.73775811
34441,14.2851094,10.83295568,10.50388148,19.3177982,10.35815706,21.42368047,13.27841772
38412,19.71296577,22.5892172,9.925521041,9.04783446,18.81211768,17.53449521,2.377848631
34913,14.51285778,11.7436772,12.29526477,17.52939153,13.30045628,17.73418654,12.8841659
34806,15.70846259,14.6740747,11.975308,13.91568774,17.62788314,11.95041647,14.14816736
35301,14.60471944,14.14766942,13.09228679,15.07217466,18.03945395,14.1425026,10.90119314
7,15.55525465,12.93880229,12.75006925,15.16341637,16.02846083,12.65857185,14.90542476
423,14.80070197,12.00607874,14.3183425,16.28451565,13.156159,13.68597412,15.74822802
35647,14.63354165,10.35329333,11.52440132,20.88823789,9.308064273,19.65694176,13.63551977
25806,13.35105631,12.49228941,15.99789162,16.61567781,10.08685649,15.28879266,16.1674357
29434,12.78775278,14.78166548,16.3162636,13.8572163,18.73359821,11.67723808,11.84626554
41123,13.97039095,11.18459638,13.53808893,17.85179778,6.556682787,30.86654112,6.031902063
35533,13.42375386,12.50638918,10.88655006,16.00035318,17.620812,18.7509784,10.81116333
671,15.23036487,15.74670297,12.71378083,13.00073789,20.99513538,12.747284,9.565994065
500,11.34202264,12.40694514,11.09404194,18.44727211,16.06222004,18.104783,12.54271512
86,13.92347894,11.94823106,12.39454295,14.97410288,16.51440311,15.64490481,14.60033625
35010,17.9435148,29.06737398,16.72035771,7.896733519,9.195014733,7.925432399,11.25157285
206,18.94687712,28.63622808,15.46572415,7.176458966,9.007462547,8.35596488,12.41128426
607,15.80989348,16.4600411,12.1385305,8.066015442,19.1622151,12.87708545,15.48621892
613,14.22428067,15.94505735,16.60853427,13.15045472,16.63670315,14.18776291,9.247206929
35522,16.66858938,14.80175322,12.845716,12.2635928,20.5919733,12.27690673,10.55146857
471,12.53386491,10.56727517,9.420032843,19.79927654,14.86721616,20.18492795,12.62740642
34812,16.94668445,17.62695382,13.52064751,12.60887788,16.17101534,13.08544833,10.04037266
20244,14.33867308,14.91537104,12.30959038,12.03920768,20.20064674,10.75245736,15.44405371
18226,19.37006091,20.80141997,14.49347346,7.272439552,21.21769873,11.97124024,4.873667135
20690,14.53307044,15.88526663,11.73592367,15.38804723,22.29208635,10.46419894,9.701406741
20144,16.8386623,18.13175649,12.4627041,12.04274412,17.61713598,14.44364719,8.463349819
20384,16.12252082,16.37298989,13.26806027,14.7715258,15.03678419,14.01879721,10.40932181
20796,15.7786478,16.52622719,13.62896733,11.36973123,17.73843453,12.70103022,12.2569617
20600,16.85440602,17.02276634,11.28497736,11.84902182,18.16205511,16.48144376,8.345329581
41118,14.60574146,13.23318759,15.2211843,15.44237527,16.2067672,14.63863689,10.6521073
41031,12.30234193,13.76533291,11.57216654,16.61243716,16.8506412,15.37512287,13.52195738
2363,12.23289319,9.153704576,12.4429723,20.58706315,8.643856049,22.6236036,14.31590713
25341,15.28138525,17.04558116,12.92832465,14.12491864,16.16192613,10.17868423,14.27917994
39429,11.99890157,11.45916874,16.28879983,18.9281333,13.88673297,12.8940256,14.54423799
24599,38.51148268,18.00979338,4.206690389,0.053602653,1.576256429,23.58816571,14.05400875
27333,36.62641763,17.12824767,4.000780762,0.305884908,1.499101625,27.0734761,13.3660913
25986,8.999920977,7.785290137,16.95947062,21.15188891,4.468363028,15.86611734,24.76894899
16826,10.6622506,13.30564093,13.09998248,18.87364791,18.1586127,14.68071267,11.21915271
16390,23.1080118,10.80640082,2.524136813,34.09096911,0.945799788,20.09186689,8.432814773
16546,17.16750147,17.786512,15.29973828,12.59063607,19.02549559,11.93068787,6.199428726
16751,13.75788347,14.54445657,15.21345416,14.22536514,18.99004284,13.81995569,9.448842129
16084,14.09145245,14.76586683,12.11960793,15.83558681,18.79770735,12.86715185,11.52262679
16526,14.09145245,14.76586683,12.11960793,15.83558681,18.79770735,12.86715185,11.52262679
16367,11.42386473,12.33232804,15.10271597,17.79041723,16.5226253,13.94118816,12.88686057
16427,13.48901475,13.560566,8.95954123,20.36732151,17.30190394,14.83315414,11.48849843
16835,12.78555945,12.30726048,10.33834798,21.38731422,16.09519873,14.73896279,12.34735635
16834,38.51360397,18.01078539,4.206922102,0.048097422,1.576343252,23.58946499,14.05478287
22803,14.81216107,18.6271363,14.50816724,12.19967978,20.69125664,8.311142697,10.85045627
22851,12.33023739,14.04837548,13.38321864,19.12010183,15.06874515,12.45362213,13.59569939
24027,16.85640675,19.11710816,6.051438575,12.27891955,27.00475535,12.33847617,6.352895452
27484,16.30147217,12.61442106,14.34428846,13.57912206,15.24395833,15.3722277,12.54451022
23293,16.55242983,18.89023263,14.82098186,9.439871262,21.849922,9.154387421,9.292175005
23753,14.46193439,18.20445088,14.07244466,13.56434731,21.37246219,8.013546719,10.31081386
22933,13.64401049,17.0865025,8.365308844,15.82715844,20.14454665,13.85139199,11.08108109
23397,13.64401049,17.0865025,8.365308844,15.82715844,20.14454665,13.85139199,11.08108109
24331,14.93611861,10.80596491,15.15561504,13.95721423,9.436204836,20.31272538,15.396157
23909,14.41642836,10.66526267,12.67412491,16.03088938,8.17987745,27.7816519,10.25176533
22967,11.25210864,8.293844745,11.47820537,22.31771175,5.100148959,25.35801251,16.19996803
23421,10.31986867,6.728730601,11.4297674,25.38008099,3.574709088,24.12321043,18.44363283
23520,38.51360397,18.01078539,4.206922102,0.048097422,1.576343252,23.58946499,14.05478287
23543,43.098085,20.15470587,4.707694624,0.053822535,1.763983852,14.49390899,15.72779913
13302,12.3810029,13.35698453,12.71322472,17.57875953,15.01560033,16.11075764,12.84367035
12823,10.62023633,10.53800353,12.84723422,22.51552863,10.72903616,19.75600124,12.99395988
11913,11.30524615,11.1329297,14.5564131,21.44055497,10.80311597,17.99759796,12.76414216
12290,11.56356129,11.43350038,15.89718294,19.67389226,10.67607355,15.46902603,15.28676355
11869,10.69422779,7.807613094,13.30595254,20.89297756,5.112282226,23.74249099,18.4444558
12239,10.16785431,7.708638414,13.29942401,19.35737236,4.244203819,23.94358107,21.27892602
24558,14.71702075,13.07723562,16.33394454,13.70144447,17.66083433,12.13941922,12.37010106
23965,13.95418845,16.1342838,11.59301748,15.50560731,13.80034091,13.68002322,15.33253882
24402,15.68616835,17.26832698,12.88554192,12.58299195,16.72410769,13.0291419,11.82372122
23025,12.99330488,15.60118866,12.06281702,15.8331401,13.89930087,13.08304389,16.52720458
37209,13.79042287,13.24688961,13.01799629,15.61942956,16.45001954,16.57611711,11.29912502
24081,10.67185352,9.206854707,14.21537151,21.89117901,8.283580062,20.57853895,15.15262224
23133,10.38657401,8.478474444,17.65738113,21.22750302,6.810889969,19.6649779,15.77419952
19799,11.42656821,8.944497984,13.28245414,21.21631803,10.3378806,18.63684315,16.15543788
13151,16.23704065,17.81743686,13.50597677,11.20886007,25.26767898,8.844028618,7.118978054
11877,11.88010161,12.62673275,15.32692161,14.53598069,15.60535453,13.13983155,16.88507725
11021,13.16945808,9.272971924,8.638855383,22.39527888,9.15636922,28.68674321,8.680323296
11433,13.16945808,9.272971924,8.638855383,22.39527888,9.15636922,28.68674321,8.680323296
11807,10.30382163,9.679199137,10.14695468,20.86509711,10.29381258,20.32371087,18.38740399
11427,11.69250128,13.61584049,12.24926932,20.19961928,12.42056023,16.1195819,13.70262749
17564,38.51360403,18.01078542,4.206922108,0.04809726,1.576343255,23.58946503,14.05478289
18080,13.60322762,18.21669365,13.94633784,9.570437342,22.11251365,14.96712406,7.58366584
18035,14.43415271,12.11064634,14.28052378,14.49621024,15.69253918,16.90577396,12.08015379
17471,13.32702476,15.09001933,16.23155401,13.1720168,16.72977045,11.46458251,13.98503214
18561,8.807661596,13.43257329,12.49631867,15.17388383,13.94578286,18.62039225,17.52338749
18433,38.51360397,18.01078539,4.206922102,0.048097422,1.576343252,23.58946499,14.05478287
16187,13.62851342,15.92664078,15.77148201,10.2394402,15.50533708,14.51374518,14.41484133
16541,12.94950263,15.09734687,17.57804476,12.2417894,18.17899136,10.07334593,13.88097905
16105,12.5222425,14.83242912,17.83471827,11.52919584,16.57953125,11.90919922,14.7926838
17733,19.53053552,19.0105858,14.48883564,11.71701258,18.52604096,11.5626109,5.164378616
18196,16.09366005,17.66159919,11.76248485,14.98582596,9.528967164,14.99440522,14.97305758
14,16.17741849,15.57412259,13.7704043,13.85196724,17.60487021,12.64444684,10.37677033
16371,11.03355224,10.49657316,15.50771385,16.82271643,6.087955145,25.13136463,14.92012455
17730,13.06460161,12.93183817,11.8104194,15.73137794,13.68916936,20.35171836,12.42087516
13373,14.00872644,18.60477292,10.18893275,11.25821741,24.61630219,15.84767193,5.475376362
12888,13.06783238,15.34409652,11.86128472,12.42511365,19.19862791,16.15410142,11.9489434
12428,10.7707623,13.74901454,12.33680995,17.15482425,15.72328983,14.40957192,15.85572721
12075,12.80660441,15.4319245,12.46736756,17.53289279,13.59703647,13.77710952,14.38706474
11656,13.37708003,13.72857188,15.21055868,17.35408017,11.77845974,16.03878464,12.51246487
12315,21.56195464,22.22081424,7.397851917,2.586173361,22.39582277,15.40390457,8.4334785
37145,13.38681723,10.13953555,15.9190571,20.11391542,8.740402191,17.073636,14.62663652
16234,11.66953911,15.20750047,11.20369868,13.34213502,14.1261739,23.43713348,11.01381935
12711,16.58730552,18.09936082,12.69780941,9.413320589,19.36077943,15.71805046,8.123373774
22538,12.17493517,15.23573438,9.886686181,13.44432376,18.34802086,18.69322256,12.21707709
21414,12.94698857,11.49888617,15.58606308,20.48743888,9.085443067,12.57078028,17.82439995
7513,43.14523416,20.17675505,4.712844825,0.053881417,1.765913644,14.40036562,15.74500529
38910,14.55673443,12.05005761,14.44200757,13.17031718,16.41687687,17.08215762,12.28184873
38868,12.55819902,12.15037538,9.835441537,17.88193578,14.1317628,16.13971127,17.30257421
39072,10.44441994,10.80553535,12.25948497,20.7724119,11.9820842,17.98830586,15.74775778
2939,12.15784164,10.17686273,14.28868399,19.60823551,11.23549074,20.75015943,11.78272596
36395,12.79456344,12.93204882,14.43683142,15.88629632,17.4303963,15.2916138,11.2282499
3959,15.28120502,12.85529069,11.24602662,14.14260682,18.53091687,11.99549008,15.94846389
3905,12.38712203,15.16430622,15.67825453,16.8318285,17.63742705,11.26027843,11.04078324
15935,10.55545922,10.08212892,13.03459076,16.83323771,11.47236832,14.67576954,23.34644554
14236,38.51360397,18.01078539,4.206922102,0.048097422,1.576343252,23.58946499,14.05478287
39848,13.64971237,16.87029901,14.1799384,15.59434232,15.58782121,10.87986573,13.23802098
40477,14.53567954,17.84970289,15.31428117,12.03221575,21.11286956,7.262364997,11.89288609
40342,14.94046422,16.19630068,11.56505059,16.63525564,15.7800874,10.96023362,13.92260785
13502,13.30349452,15.85829931,14.54927994,14.5144463,16.79508427,10.74893958,14.23045609
14206,12.81285098,11.30817428,13.63962735,18.2347618,7.979199031,20.04089056,15.984496
4139,14.13693143,10.89977034,13.47580613,15.80411318,8.991361655,19.30941387,17.3826034
23892,12.60784674,14.3628364,5.54278718,12.70723414,20.74928924,16.5140833,17.515923
22948,12.34667269,13.26756923,6.792894346,14.42737389,19.43956565,18.11004533,15.61587886
23411,11.09092336,11.34961417,9.456308162,16.69361562,16.02390899,18.74268003,16.64294966
22772,20.35383792,21.2909081,11.45865362,6.164024749,27.96479848,5.288429002,7.479348128
23262,20.35383792,21.2909081,11.45865362,6.164024749,27.96479848,5.288429002,7.479348128
20069,15.33696982,14.75802986,9.79774837,14.57196323,18.74928846,13.86952691,12.91647336
41332,17.63854822,13.55925354,10.32698808,12.10643497,18.33919257,14.00478885,14.02479376
22277,15.67091141,15.0784128,16.69988925,11.83086982,16.71092014,14.4135301,9.595466484
21832,13.69762576,14.56431248,12.52081365,14.44792002,17.98088713,12.92043893,13.86800202
20918,14.0637325,14.17624797,11.84964951,14.43918532,18.47757616,13.59312203,13.40048651
31282,12.40417532,14.4671245,20.23438735,16.34352752,14.7606114,9.623635465,12.16653845
31754,11.78735617,13.98469942,20.13856464,16.97798829,14.06168536,10.55931707,12.49038905
22380,13.48028824,10.36917555,10.46704063,17.74418228,13.20850806,21.37618782,13.35461741
40604,17.23651595,19.04610036,17.97687051,8.390858653,18.65418479,6.895690537,11.79977921
38338,13.27735942,17.38931151,15.30161089,15.01714074,11.75635098,13.4908107,13.76741577
23110,17.85784029,13.98456362,11.54872603,13.34771169,19.431094,17.002276,6.827788374
24062,17.90383641,13.82855921,11.18454065,13.66408364,19.3559986,17.14047354,6.922507957
24495,14.65294418,14.22156759,10.92900405,15.38084644,16.42626105,15.13146914,13.25790756
13001,15.57140887,17.91324309,13.97248787,12.24505047,19.69067136,11.46179444,9.145343905
36114,11.59443024,10.67780266,13.32665366,19.56464307,9.156033365,18.9171528,16.7632842
10961,13.44300168,11.12938672,11.95434369,20.24471904,8.886951052,21.23359954,13.10799827
23834,13.91200832,13.65308197,13.57290838,14.29485846,15.73060795,17.24688177,11.58965314
24300,15.42963053,16.52571309,12.90982066,15.27533471,16.9051588,10.34283671,12.6115055
16914,17.77261908,18.21691084,11.92636686,9.532940715,19.85742932,10.11364025,12.58009293
18280,14.79081277,11.34139604,17.18131107,15.74653503,14.75241844,14.7358287,11.45169794
431,13.31699353,13.14001947,12.88334215,17.5386965,16.84041354,14.25078167,12.02975315
719,10.64613581,13.28699733,8.111527785,21.31398115,16.36290193,16.02377376,14.25468225
23751,16.31548564,15.71824622,8.767946925,13.4822671,20.70522229,16.72747922,8.283352604
24443,11.22282921,13.92542467,15.26101139,18.29844365,15.02580898,13.62963962,12.63684248
36333,12.43692992,18.45060804,14.25934465,19.98748517,4.633626518,16.62951735,13.60248835
31934,15.21349607,14.13704531,11.640733,12.3233724,19.68954448,13.61283885,13.38296988
15538,14.24720814,17.95311477,19.76229112,12.24036996,16.1943365,8.87700593,10.72567359
14756,14.50449737,18.13379278,19.25190311,12.9376965,17.40289901,7.438924208,10.33028701
14661,15.52520838,14.09259768,17.5488899,12.19629013,19.33127141,12.06471358,9.241028925
14979,15.52520838,14.09259768,17.5488899,12.19629013,19.33127141,12.06471358,9.241028925
15078,13.08348116,15.28057993,16.83537057,14.36630415,12.85979518,12.695977,14.87849201
15521,15.12118233,9.20377281,14.20293201,13.6347411,10.03050664,26.25138929,11.55547582
14626,13.42425937,8.190542415,13.69912017,17.10671756,8.603014085,27.46145301,11.51489339
13909,16.03249475,17.73049233,7.145831292,15.13494907,23.45772284,15.04126755,5.457242174
28719,17.07282697,16.4630108,14.16477723,13.50676452,16.0130359,13.21306097,9.566523618
13473,13.76496571,25.53615429,13.03737907,17.35143695,6.432259115,10.16097956,13.71682531
13936,12.28834367,24.9244919,15.09168753,16.94201405,7.150450344,10.09602013,13.50699238
39816,14.66931306,27.13558589,8.717622585,17.07899536,6.689933426,11.1250564,14.58349329
29167,15.70753917,15.42216972,13.85693261,14.10339354,17.06865147,13.17676345,10.66455004
13450,15.78293249,23.34440981,11.25393667,8.71117226,15.30493602,9.673563797,15.92904896
13913,15.85467595,22.85851644,14.26966269,10.25446693,13.72843113,8.517411108,14.51683576
13457,16.42190207,16.23997871,15.09819843,15.67438541,12.6274955,14.68937115,9.248668711
36454,18.50900191,20.95340359,5.858213016,10.52392417,19.59154181,10.93828214,13.62563337
39788,13.91404871,16.70818452,15.06232893,12.91993889,17.3392812,9.931740096,14.12447765
39800,16.13821165,14.40876674,13.79148601,15.41067207,14.51071112,14.65622557,11.08392683
13447,14.29093456,16.57430212,13.36317847,12.35369845,18.54527805,9.700651302,15.17195706
38454,8.870934397,9.532699166,10.40984919,20.76604703,13.63036761,18.41530409,18.37479853
40671,38.51360403,18.01078542,4.206922108,0.048097262,1.576343255,23.58946503,14.05478289
12003,13.55823615,15.83039624,20.95968097,8.238273176,16.18742941,12.99570451,12.23027954
12447,15.67930866,19.02006725,20.73691189,4.441905315,17.32443968,13.71641195,9.080955256
12791,13.97238202,14.98146843,12.61787047,14.59041167,16.34356116,13.67433534,13.81997091
29186,13.59393135,18.66847838,15.13450941,16.04832956,10.96941213,11.68355986,13.9017793
30296,25.05913521,11.71883854,2.737262133,34.96562297,1.025658329,15.3486439,9.144838915
29744,12.61273793,14.50225622,13.56791813,15.56368697,17.79364134,13.08821251,12.87154688
30833,11.4104614,12.38196225,15.84683157,14.62150188,14.59314992,15.3770645,15.76902848
30462,11.86671602,12.37756841,13.46745064,17.64406744,15.5690553,15.67939601,13.39574617
30179,38.51360397,18.01078539,4.206922102,0.048097422,1.576343252,23.58946499,14.05478287
30133,13.22565738,15.46002421,13.5067246,14.3951201,19.26601449,12.31671273,11.82974647
13204,15.19651825,13.87223083,16.17642892,15.42399405,15.76113257,12.67525767,10.89443771
3672,14.39741846,15.63238762,14.81536841,10.75787807,16.91371351,12.8924386,14.59079533
4560,14.20137948,14.9068376,15.55037786,11.58916307,17.10249243,12.52525561,14.12449395
22987,16.47578623,16.06932049,12.01311095,14.15652989,19.02224114,12.13735691,10.12565439
17808,12.86805919,17.89938372,16.77208613,12.29826105,20.36541803,11.17738982,8.619402069
40501,16.59642669,14.37116422,13.99896577,10.64918922,17.58778312,15.33516732,11.46130367
15295,13.67759494,14.56799023,12.61443281,13.8496502,20.04037652,11.88568697,13.36426833
14495,12.96819158,15.20038879,11.84424997,14.67357556,20.84363866,12.45586943,12.01408601
15146,14.49022761,14.36611377,16.89133321,13.6249204,15.53851529,13.73391843,11.35497129
14384,12.1451765,12.55282994,16.50016067,16.58260094,16.43700866,11.14281911,14.63940418
15174,11.99856392,12.14901012,17.0524244,15.60830644,15.6970617,11.92566206,15.56897136
14349,12.89196422,12.82165178,18.59123845,15.55743855,12.06501239,14.53485969,13.53783492
14605,12.79729084,15.31053611,17.47537056,14.04873152,17.89492822,12.25050368,10.22263906
14962,12.79729084,15.31053611,17.47537056,14.04873152,17.89492822,12.25050368,10.22263906
15294,12.84813971,11.09416879,16.6543671,16.46978848,11.46300081,15.59423947,15.87629564
14794,11.22359991,11.4599475,16.40684281,17.63914838,10.59867251,16.77812117,15.89366773
15063,13.39138101,13.56437083,12.95778363,13.10756198,15.89845586,15.24556098,15.8348857
19866,11.84989864,13.69134622,17.42600776,15.21918647,17.20110488,12.09920965,12.51324639
34601,16.49099264,17.2450008,14.55370792,11.14435136,19.93717731,8.820035994,11.80873397
24444,11.51979475,9.053382156,15.66587349,19.40409696,8.619352115,23.00265409,12.73484644
24092,12.10447,12.75943605,10.33676163,17.54315393,18.28854641,15.93796756,13.02966442
23155,11.83297823,13.01075147,10.23294187,18.03759287,18.0417517,14.66843339,14.17555046
23617,11.96082068,13.82099138,10.22224721,17.18915887,17.89702427,13.11345094,15.79630665
23141,14.53008879,17.77383427,14.94480084,13.16304482,17.553254,10.8533769,11.18160038
23573,14.53008879,17.77383427,14.94480084,13.16304482,17.553254,10.8533769,11.18160038
23533,15.42934422,13.29545165,10.4240085,13.71861183,16.5900638,17.62475344,12.91776657
23099,16.45314423,13.91063858,13.10901497,11.69717135,17.78950958,15.93053915,11.10998214
23567,38.51360397,18.01078539,4.206922102,0.048097422,1.576343252,23.58946499,14.05478287
34714,10.60103163,9.338843312,20.1380696,16.81845524,6.829751898,18.91610737,17.35774095
21959,10.42765755,11.37462044,16.2076384,19.01719979,15.08355315,12.4143029,15.47502777
21073,9.24270476,9.021232152,12.08340241,22.58596088,11.57419159,17.16922001,18.3232882
21459,9.040670066,9.849994608,12.35101616,23.15086919,10.69325501,19.04583019,15.86836478
21448,11.29617634,14.22988126,16.64815913,20.09919009,13.832922,11.0402184,12.85345278
28020,15.70002695,20.94605639,11.28484601,11.21818808,11.65178543,20.56037988,8.638717258
28428,15.70002695,20.94605639,11.28484601,11.21818808,11.65178543,20.56037988,8.638717258
28888,18.23567565,19.84167347,11.80943123,9.161295389,12.31279064,18.52605304,10.11308058
25191,12.07768416,13.40630498,14.08132465,15.92250758,16.3832665,15.17474636,12.95416576
24798,16.15179552,19.87783759,13.03667623,12.8195566,13.17274615,14.86319643,10.07819147
25192,16.15179552,19.87783759,13.03667623,12.8195566,13.17274615,14.86319643,10.07819147
24743,12.709604,14.88456133,14.73543199,15.46469258,16.81121309,12.1229461,13.27155091
25144,12.709604,14.88456133,14.73543199,15.46469258,16.81121309,12.1229461,13.27155091
24797,11.1114557,10.94013049,13.20930537,18.1965458,12.03940905,18.35112342,16.15203017
25758,16.36851134,12.5033135,16.45227383,13.56952925,12.48384821,12.55451916,16.06800471
25292,38.51360397,18.01078539,4.206922102,0.048097422,1.576343252,23.58946499,14.05478287
29026,12.71837389,14.42990935,13.55193827,15.07498431,17.29093826,14.59572461,12.33813131
28173,22.2563646,10.40813025,2.431109594,31.92217157,0.910942279,23.94925886,8.122022862
15287,14.48116998,17.97194945,14.57228305,12.48617575,13.99650234,13.55660827,12.93531116
30259,13.79148321,11.51597007,13.18895695,14.67111123,14.7334587,20.29518554,11.8038343
14489,15.02873241,17.73297674,14.20295392,12.39871047,15.3637876,13.26493324,12.00790561
29938,13.79148321,11.51597007,13.18895695,14.67111123,14.7334587,20.29518554,11.8038343
30220,14.27232871,16.65654431,13.52143798,11.80299993,18.29967408,14.18797408,11.25904091
29886,14.27232871,16.65654431,13.52143798,11.80299993,18.29967408,14.18797408,11.25904091
7379,14.74927982,13.15745972,14.45501678,13.37886835,16.70121549,13.43169482,14.12646502
37116,13.22488177,12.60352811,9.647400206,18.04744505,16.11597538,14.68165011,15.67911938
40209,14.22475352,14.53100164,16.13406168,11.96935419,15.99153209,14.12564231,13.02365457
2481,15.81324258,14.77783009,13.58974485,14.37364532,16.52417564,15.37305136,9.548310155
24345,14.59159138,13.24508047,17.73380996,14.03038367,14.50522124,15.68699454,10.20691874
13812,13.93477375,15.04477863,16.30096361,15.29457466,15.42109962,12.34350182,11.66030791
18569,16.12853116,17.78155539,15.30188375,11.23980628,18.48649978,12.20134155,8.86038209
36127,11.95256574,12.09221954,18.22143548,15.02846631,17.58193085,14.49476645,10.62861563
13130,13.33570834,13.66857889,15.4996254,13.38766662,16.17787092,11.81977037,16.11077947
13337,12.04276635,14.01853616,17.00455634,16.99970965,15.035861,12.93218867,11.96638183
4676,14.70335405,13.92169868,13.57270084,16.30658312,16.15031608,13.35119317,11.99415407
16198,14.26447374,14.7376664,16.72340259,13.74848593,14.88262029,11.84932489,13.79402617
41096,15.88498339,14.57760423,15.04772373,13.62215226,17.93666066,13.35738772,9.573488023
27279,13.6706566,14.23501175,15.36162883,16.9793044,15.38135202,13.01815915,11.35388725
29519,16.80912591,16.64524792,14.11607247,14.57203432,17.19029933,11.4911728,9.176047244
29094,16.4226943,17.65477338,13.15116415,11.69458421,17.14578787,10.19149262,13.73950347
22726,14.65775751,16.23236699,12.80428196,14.97515451,18.83762955,11.34126362,11.15154586
5234,12.69070973,12.84909745,15.50436879,17.06149397,17.75254578,12.35591172,11.78587256
17973,12.59805425,11.76933073,11.36131954,15.92232578,17.509082,21.30437877,9.535508939
15391,12.57549512,14.87104114,13.92490234,11.66549968,17.3207112,19.06758803,10.57476249
13353,12.63222535,13.86611142,14.83435242,13.63306477,15.87412451,16.91235445,12.24776708
5227,19.20825906,19.40223102,15.94973836,8.381157763,19.26090327,7.24201628,10.55569425
36626,14.97284359,15.54974066,16.91195446,11.46412589,18.21013833,10.50286739,12.38832967
29521,13.83140644,26.29291532,14.08716781,10.9768377,16.20388868,11.06619242,7.541591629
37250,10.38625441,10.13304991,12.68975861,21.4666291,13.23714892,15.33929912,16.74785994
40644,16.83257745,13.18805287,14.96790502,12.21198824,16.45251609,13.88592724,12.46103309
24524,11.20000823,13.58344912,17.37143291,17.03601322,14.55092025,15.12977159,11.12840468
15953,13.83852622,15.57986197,12.3568506,15.16671251,15.92742753,14.42294934,12.70767183
13214,14.18019827,18.97675718,12.90970049,17.25356491,16.25308344,11.55884723,8.867848486
18309,14.54398473,14.09085302,14.19632469,13.07270811,17.62283756,12.41745534,14.05583656
24516,13.64408982,13.9184711,11.65259633,14.51064428,14.86014076,17.48923668,13.92482103
40186,14.69127699,10.96496727,14.11140981,15.17682851,14.40755262,12.5031872,18.1447776
40683,18.25856228,18.00469874,12.58265199,10.18980491,19.59128935,16.02200716,5.350985584
13813,15.15128783,11.95154488,15.86136424,13.22118728,15.52626092,13.13959237,15.14876248
24001,15.63618385,17.13802884,14.90635901,11.36365752,17.12867316,10.24528564,13.58181198
7811,13.85127906,14.28316744,11.19472411,15.37623836,11.93102183,19.13350871,14.23006049
10550,10.78003417,12.6083789,14.58251644,15.87714218,15.09825065,16.03562163,15.01805605
13169,17.3584181,14.87857445,14.35614216,13.93417246,17.93571168,13.98415938,7.552821776
15352,13.28290041,13.19684605,15.97263371,14.28722487,14.87133761,17.68410849,10.70494885
40668,19.85991298,23.06085382,12.5052116,6.801743109,31.70274182,4.0153032,2.054233473
14581,13.31365606,14.53603951,13.55461406,11.90360244,17.28448644,20.87444382,8.53315766
24440,16.21724588,10.15279776,14.73820492,17.45723004,8.761814396,21.14622196,11.52648503
14561,12.52918134,12.429154,16.48422648,15.53083636,13.54235227,16.71930633,12.76494321
40068,11.26177207,11.65736957,8.650492939,21.36707425,13.10074564,18.72908289,15.23346264
17170,14.01929859,13.67740659,11.30513828,14.92785418,14.36629013,22.05658923,9.647422995
7452,12.69265637,11.40366594,15.66921566,15.09237828,14.72002559,18.58803353,11.83402462
2133,10.87649105,11.98558066,14.05779305,19.70865667,13.29325945,16.23866281,13.83955631
18186,13.60707276,13.33804794,10.73645412,15.55938916,13.61641006,23.14600697,9.996618986
13730,11.46499527,11.87334633,8.36930958,20.96332671,13.16453714,18.84650588,15.31797909
25536,12.13217108,11.18958887,18.11256499,14.64370445,14.90386616,16.26201296,12.75609149
18395,19.21862823,14.48476176,13.87341507,10.62107277,18.57986808,17.58923255,5.633021539
15833,11.6413475,13.67642668,13.94499766,14.09598436,16.20054981,18.601929,11.83876499
6547,11.79643019,11.20159688,14.23069941,16.02544198,14.30249059,18.2934864,14.14985456
15860,13.26820833,13.10846895,16.33195935,12.8599694,16.20581718,15.78640321,12.43917359
29383,12.87894612,10.78125086,14.44475339,19.76598917,13.03547394,13.36873813,15.7248484
5166,12.60246001,11.26783133,13.66199291,20.94312503,10.48690649,19.69388644,11.3437978
29341,14.1236945,11.01193126,13.10119876,15.20179339,15.12325829,17.06045317,14.37767062
26031,12.63892826,12.48452234,15.34898044,13.07604549,12.00999685,24.80568859,9.635838035
1237,10.24213515,10.91375646,14.72938738,22.07165175,11.16983335,16.65558268,14.21765322
25909,12.95884678,10.79180272,13.94841254,19.55494188,13.13791966,18.07593311,11.53214332
10567,10.88719367,11.11364822,17.82079274,17.95241873,10.6147167,18.07585184,13.5353781
15769,12.17576701,11.06250856,15.60286865,18.21669923,12.91918822,13.36790785,16.65506048
15973,11.30565815,11.57235971,18.66578351,16.25453396,11.36057338,13.61822626,17.22286503
19948,11.79830402,9.265143968,21.15648802,17.65820324,5.876638335,19.18165166,15.06357076
15807,9.851240685,8.56687521,10.80986738,22.50006242,9.867832804,26.52130522,11.88281627
15822,11.58363129,9.637402538,10.62098357,18.05055542,8.323324131,23.44779986,18.33630319
22644,13.26313656,12.8427615,19.02418804,17.75030537,12.1688598,12.50545723,12.44529151
2398,12.97402215,12.55277056,9.660512713,15.64637672,15.1923387,15.40919166,18.5647875
22510,9.649713947,6.995364878,11.16024023,21.6274308,4.892569007,18.81774598,26.85693515
15342,11.12249178,9.180563876,18.70512331,21.63247579,7.084461464,14.84244973,17.43243405
22210,11.55361061,8.908968839,9.951652921,24.65706435,6.469099865,22.69169932,15.7679041
22530,11.50852268,8.943805164,17.72336868,18.82848937,6.153801431,17.32571271,19.51629997
25982,11.85314899,9.353991141,13.24915311,21.43757078,6.971532027,23.3419672,13.79263676
25287,13.50368953,19.36301411,5.919698018,9.548179055,18.82533994,12.4101132,20.42996615
26391,38.51360403,18.01078542,4.206922108,0.04809726,1.576343255,23.58946503,14.05478289
