UniqueID,Deep-Lying_Forward,Target_Forward,Poacher,Complete_Forward,Advanced_Forward,Pressing_Forward,Trequartista
10714,11.88743302,16.2687327,12.44618552,13.24869994,17.17938849,14.61425226,14.35530807
28717,16.50913073,12.50470178,11.45165469,13.17020427,20.15855928,15.02425618,11.18149307
35888,14.0829252,14.58197682,12.49468398,12.98121128,16.76461938,15.19347846,13.90110488
11183,11.89645722,17.74518042,12.45723392,11.74568707,16.55442982,16.72109917,12.87991238
29162,18.03699108,15.28048512,12.0890884,16.06320714,14.30969867,12.50395035,11.71657925
33818,19.8872538,15.76633106,12.1513319,9.953398059,15.03274301,14.36005299,12.84888919
9161,14.7780129,18.81865971,15.87886252,11.76641846,11.83337452,14.70736093,12.21731096
9570,14.7780129,18.81865971,15.87886252,11.76641846,11.83337452,14.70736093,12.21731096
26237,13.69241484,15.29102908,13.42657524,12.30383479,15.53438093,14.54297171,15.2087934
26671,13.69241484,15.29102908,13.42657524,12.30383479,15.53438093,14.54297171,15.2087934
19827,18.65772019,13.45609867,6.6379371,18.21792487,14.73508264,13.20572924,15.08950729
16952,14.66932412,12.14892956,15.07878548,13.74692325,13.12984576,14.01319869,17.21299314
17829,16.08284814,11.90165758,11.77557488,16.77468008,14.43939334,12.44258414,16.58326185
27186,15.17105009,18.73272939,15.17449649,8.750590713,11.98848252,17.05552004,13.12713075
17917,18.03199886,13.31091523,14.50446711,17.1168266,14.44335143,13.9459346,8.646506159
6116,15.08527688,21.49230429,7.741706196,25.32265034,17.7582729,8.966961314,3.632828076
7447,14.42933899,15.83965223,15.188674,16.70357522,15.73949438,12.07638719,10.02287798
7853,12.46240577,19.99805389,16.65302613,14.2698503,12.19516113,12.92785982,11.49364296
20163,11.39051914,14.06357368,17.89847681,11.78298295,16.00289507,15.72889144,13.13266091
41411,11.37748964,13.98631466,17.92245016,11.71622169,16.15092448,15.72652507,13.1200743
15311,12.5174102,16.09990359,15.7674153,11.53702152,13.34235897,15.10692181,15.62896861
14520,11.98740397,16.1319503,14.39220284,11.7558572,13.90748566,16.60279311,15.22230693
38475,14.95682524,16.3340965,10.9260302,11.39222996,17.21097442,16.97208935,12.20775433
3438,12.32835619,12.628861,18.6459654,14.25536158,15.8172418,12.88451914,13.4396949
3907,12.32835619,12.628861,18.6459654,14.25536158,15.8172418,12.88451914,13.4396949
8857,13.58397368,15.47101848,15.37877819,10.61014587,17.19522661,15.62403941,12.13681777
9706,13.58397368,15.47101848,15.37877819,10.61014587,17.19522661,15.62403941,12.13681777
29499,16.54698234,16.19783254,12.3748246,8.083539743,16.28569153,17.26587144,13.24525781
30886,22.21725405,14.28554722,7.068027409,6.790932717,11.57810587,18.49713232,19.56300041
12242,11.4661886,17.68485215,11.46594418,9.681784393,15.10687193,20.01034303,14.58401572
35507,16.29517794,13.6920131,16.27462029,12.40473611,15.02231677,14.00950165,12.30163415
1722,16.96335491,11.11891201,19.61689945,20.37453239,18.19132746,6.116151861,7.618821916
234,14.2628917,14.99770812,18.57112955,16.4521718,14.75049744,10.62966157,10.33593982
643,14.2628917,14.99770812,18.57112955,16.4521718,14.75049744,10.62966157,10.33593982
834,15.72897433,11.6366202,17.79577709,20.57237272,20.57266294,6.987167878,6.706424845
35745,18.70088124,17.78908788,12.35521382,10.36969071,12.00682263,15.75121927,13.02708446
36140,16.70719444,15.51650862,13.6580646,10.88845919,12.29300069,15.18362168,15.75315078
10989,14.93358248,13.77482391,15.17525414,10.32706004,12.12736638,16.42779188,17.23412116
11397,14.40466312,12.97469541,9.913289735,8.934139979,17.691303,20.32940017,15.75250859
22995,13.01388303,15.2501271,15.78942734,10.87647714,15.22014939,15.71088483,14.13905116
23451,13.83399452,14.32090106,17.89559643,10.09644841,14.91049167,15.58238097,13.36018694
41586,21.29004585,15.61391574,10.62768481,11.24814808,13.93912617,12.97871445,14.3023649
12781,22.0138398,11.641091,8.062574218,17.15252615,13.01671405,10.47335558,17.63989921
12060,13.49030219,15.86305276,12.79611639,12.05534377,10.30869842,15.42348218,20.0630043
11623,13.41848701,15.89676798,12.72652759,11.97607278,10.35181158,15.47692515,20.15340791
12538,12.71516581,14.64935646,12.09293525,15.97503011,15.29828443,12.12649947,17.14272847
13025,12.85509664,15.69053631,16.70129298,14.03722171,11.82975796,15.11164501,13.77444938
23847,13.62270102,20.29756014,9.570646764,11.54780949,10.46644704,16.49640327,17.99843226
24724,13.22073372,18.22783837,19.26180485,11.12224601,14.71365045,14.39100343,9.062723179
34422,13.37524302,19.95377984,14.58990659,12.71734764,12.13434202,16.18885932,11.04052157
25459,13.18561066,18.00246558,17.78055281,11.76655648,15.37927418,14.24579383,9.639746459
2529,12.0701906,15.56015666,13.25065261,13.96518371,14.75340127,15.52281229,14.87760286
1211,9.949523157,14.37934189,14.60950322,12.41842701,14.19768987,16.26081476,18.18470008
2102,10.14308726,13.60446626,16.22637668,13.51582981,14.47844691,15.89426154,16.13753154
26048,14.53107825,19.31941036,8.001245934,14.34801429,18.22120361,16.15790614,9.421141423
17148,20.37803552,14.78573215,15.5140544,13.34181058,12.60544081,11.47163207,11.90329448
18131,17.85669072,14.91928816,12.33054981,14.40913663,12.16082822,12.59260473,15.73090173
8619,16.22281877,16.89318816,8.857634336,12.16423822,17.13916994,14.57060502,14.15234556
38456,14.40401048,17.16570087,15.85604843,11.10205249,12.00746448,16.22390219,13.24082106
8182,13.881472,15.20162103,11.99470403,14.29891676,16.49516169,14.48844569,13.63967879
37982,14.48116258,14.23409572,12.6271762,14.24537687,15.92574464,15.40160272,13.08484127
8577,16.82322926,17.73315969,7.721340534,10.99954019,15.26585689,15.62607658,15.83079685
18061,16.28575958,16.7150546,8.967826697,11.77647333,13.93138426,14.48251259,17.84098896
18475,20.86722494,14.76445383,10.3584378,15.47463449,11.30708329,16.73876363,10.48940202
6245,17.11350426,14.90003496,13.04753695,11.89028839,13.87433166,16.61855388,12.5557499
7145,17.11350426,14.90003496,13.04753695,11.89028839,13.87433166,16.61855388,12.5557499
17749,17.68330434,12.98892474,11.8254974,15.26060606,16.73615013,11.51726798,13.98824936
16879,18.42910624,15.30212213,11.07444207,12.9031234,13.8637559,13.70706581,14.72038446
16259,19.37243259,11.58928832,10.91059789,14.63491406,19.19545564,10.77262257,13.52468892
16664,20.02564809,13.09042464,11.11093082,14.6379987,19.77262189,12.23429993,9.128075933
24449,13.8384797,14.03674892,16.22425742,11.19196192,15.99050039,15.99129303,12.72675862
36243,12.90053761,14.87139809,15.11356094,15.43260327,16.37099831,13.28967366,12.02122813
29909,12.65328003,14.70001574,2.321139162,35.93976158,18.18271587,2.74859598,13.45449164
30590,12.65328003,14.70001574,2.321139162,35.93976158,18.18271587,2.74859598,13.45449164
30960,12.76141497,14.82564209,2.340975619,35.7829765,17.94743162,2.772085482,13.56947373
9697,17.06139973,14.65049402,10.29405844,19.75865284,11.92854675,11.07141068,15.23543754
10161,18.0960683,18.21396713,10.36867394,16.47607063,12.20392779,13.85894874,10.78234346
8846,16.11026566,16.17709176,10.84581335,19.93371182,12.41039604,9.620681272,14.9020401
8101,17.07115926,13.46153708,11.80052421,16.34334049,13.50284865,10.74194336,17.07864696
8555,17.07115926,13.46153708,11.80052421,16.34334049,13.50284865,10.74194336,17.07864696
13262,13.05059138,14.0360438,14.2167471,15.41544646,17.16052405,13.88788119,12.23276603
27565,18.40185441,12.65405315,9.505941245,18.33192058,17.07661263,10.78525007,13.24436791
27126,13.83759423,12.28588296,15.62554021,16.23811195,15.3738676,11.40400062,15.23500243
35441,25.08723077,22.7260104,5.619056914,13.75581019,13.67063874,9.801014857,9.340238124
34977,17.92087569,15.7662974,11.67795409,10.91038143,15.18742119,15.30107588,13.23599434
2829,14.15742698,17.48308176,15.25702541,12.44859041,15.65597844,12.5444559,12.45344109
38956,13.77229861,18.06336409,14.13219649,13.47373792,15.49945128,11.93803477,13.12091685
39423,14.86929853,18.48062437,14.43031165,13.49808499,17.0750815,11.19119729,10.45540167
3223,14.78407037,16.73871297,15.23543212,13.41767677,15.01592445,13.53397535,11.27420797
29587,13.01787625,18.68168477,10.75313925,13.13692249,14.92864278,13.74135017,15.74038428
23678,14.12192021,15.63308796,11.75242394,10.20843198,15.94896511,16.31769746,16.01747334
36457,14.34420465,18.8781495,12.77387779,13.41873142,15.09940784,14.33573245,11.14989635
22717,14.22588419,15.0708818,11.76057693,12.79217567,16.20719218,14.87209515,15.07119408
30010,13.01787625,18.68168477,10.75313925,13.13692249,14.92864278,13.74135017,15.74038428
18968,18.57311571,12.69949538,13.5904513,12.89255845,15.57570717,14.35282081,12.31585117
19617,19.34638859,14.35239813,9.448781776,13.21140261,15.14825764,15.17961962,13.31315164
19257,19.01468413,11.48255537,16.21675544,14.32755331,14.32577154,13.30051945,11.33216076
9575,11.99536327,13.93553845,14.78670805,12.44658963,18.04671352,14.83449809,13.954589
12254,17.21190745,19.21821201,13.11718989,14.53732547,12.3890998,12.96764588,10.5586195
2574,11.3950113,21.98345105,14.08270748,13.14918669,13.50345449,14.86626932,11.01991967
12795,13.91638917,17.44635981,17.41473099,14.59805532,12.75784359,12.06217866,11.80444246
11875,14.36753018,17.22392449,18.53746481,13.38780073,12.62204694,11.2158929,12.64533994
22021,12.31571902,17.69142295,12.60160711,10.842168,14.92767114,18.24045345,13.38095834
21143,12.30825561,17.83539854,10.65652625,11.47073185,15.77612903,18.56101821,13.3919405
22468,14.04091096,14.63922399,12.01825235,10.47710366,14.77650712,18.69551618,15.35248574
21541,11.9034657,17.11144558,13.57145619,10.33830654,15.26555407,18.8554108,12.95436112
38610,14.3066223,17.00127629,11.1698358,9.983715006,14.36179739,18.06075827,15.11599495
8750,15.24259103,16.51816326,7.736405067,16.33052562,13.46199767,14.37459163,16.33572572
10240,17.89995859,18.03939215,13.37000993,22.91435641,15.23234332,3.546527597,8.997412007
38165,14.11791915,20.05667345,16.52243624,12.50751553,12.03943978,15.40834842,9.347667429
8328,14.33921359,20.18178278,14.74922008,12.81579614,11.85371334,15.63088797,10.42938611
30310,20.56259567,16.5801195,9.500094956,8.344440699,12.38276192,18.77369565,13.85629161
30004,12.65328003,14.70001574,2.321139162,35.93976158,18.18271587,2.74859598,13.45449164
13257,19.61827597,12.62781826,13.08221075,17.11989484,10.75006684,11.14400186,15.65773149
5530,19.37153293,12.95139332,16.86992087,13.63308233,11.65465958,14.10933947,11.41007151
5959,19.37153293,12.95139332,16.86992087,13.63308233,11.65465958,14.10933947,11.41007151
25729,12.04886036,9.58145859,14.14365271,19.27422845,19.31082027,12.14591432,13.4950653
9746,14.71696223,15.40164359,14.5504914,12.33637239,14.74281065,15.76853181,12.48318793
9326,12.76518362,15.99966405,12.3988697,12.46000424,18.36104248,14.74327916,13.27195676
16945,20.38972188,14.94298423,5.164048818,21.13602993,12.96888289,12.54632538,12.85200687
17815,19.43972951,14.49215633,6.798945744,20.36413853,14.05292974,12.71953292,12.13256721
16348,15.10088659,14.79809399,13.25178835,12.97062489,13.49142887,15.25835207,15.12882523
16744,14.91428362,14.82721638,13.24369515,13.15735711,13.67820958,15.14463405,15.0346041
18289,14.48540977,13.40898503,14.24826252,17.97228973,14.68196723,11.57927157,13.62381415
34353,18.11088194,12.24832738,15.83518646,14.18060245,13.94004991,11.63112764,14.05382423
33868,17.93255977,12.58556398,14.77975181,13.80092498,16.19360534,11.52944891,13.1781452
32930,17.38552113,12.50015659,14.63793179,13.14635207,16.71992127,12.05233596,13.55778118
33406,17.70525029,12.5710915,15.89821989,15.03947015,16.47385509,11.73764872,10.57446436
1889,16.21352747,12.94623462,16.82103428,14.41865914,17.53853877,12.44662688,9.61537885
30787,18.09823434,23.89594368,7.744715926,14.94788061,12.60103445,13.50169762,9.210493377
24307,13.34790194,18.45049569,15.26221969,12.33704753,13.39129477,15.73209761,11.47894277
29691,15.32367769,18.60914986,11.56211029,15.09224423,17.13142037,12.88104665,9.400350904
30407,15.04369801,20.41270705,13.25451463,16.71234927,15.72050189,11.44640574,7.40982341
30089,15.37910884,16.58223803,12.87278513,14.21407987,16.80864144,12.99114126,11.15200543
3120,21.75169649,11.49980097,5.78724954,19.66364777,13.36817875,13.28320648,14.64621999
38823,18.16025441,11.48285068,10.78753379,20.02581326,14.2591047,10.86500536,14.41943781
2695,18.0217817,11.6720958,10.45534287,19.54746907,14.72600489,11.32910575,14.24819992
39321,19.18822598,11.89532399,8.252823743,20.64927059,14.75229014,10.55877214,14.70329341
1070,15.19797196,12.97391246,14.05475399,14.48121385,13.25148296,13.20709574,16.83356903
1486,15.19797196,12.97391246,14.05475399,14.48121385,13.25148296,13.20709574,16.83356903
17084,16.69563466,13.96770574,14.86307661,13.32145326,13.1819765,14.35688279,13.61327043
17465,15.65389256,14.14304413,15.0357414,13.47610411,13.44877031,14.06432104,14.17812644
17922,18.9750052,16.27305141,11.46715794,11.02924251,12.79652639,15.19219085,14.2668257
19348,12.76141497,14.82564209,2.340975619,35.7829765,17.94743162,2.772085482,13.56947373
25624,14.45470917,14.30329452,10.67347148,10.95871355,18.93443558,17.03510412,13.64027158
24941,12.76141497,14.82564209,2.340975619,35.7829765,17.94743162,2.772085482,13.56947373
39346,18.88617008,13.34965723,18.71661647,13.44754236,15.38782504,11.08640692,9.125781897
2723,19.67545862,14.31272445,15.59358709,13.34773565,15.3060752,11.87365519,9.890763792
3144,19.67545862,14.31272445,15.59358709,13.34773565,15.3060752,11.87365519,9.890763792
17944,14.44272231,12.77825084,21.66271426,14.41053944,16.65190938,11.94668989,8.107173867
17070,16.31510171,11.79442108,22.00529113,13.52355604,15.06820153,12.98494511,8.308483396
17523,10.62463975,29.44469713,1.699303071,24.26947116,15.74009557,5.789789954,12.43200337
9680,19.84143447,14.5949637,12.92740238,12.93757676,12.60619625,14.18041746,12.91200899
36503,13.66259155,14.40377495,13.60061073,15.94951059,15.68233243,12.8087806,13.89239913
24549,19.17643791,16.92043943,5.63012108,7.395964488,16.43487572,20.68759825,13.75456313
14140,14.71441491,16.62862475,14.22153636,11.20778799,14.12033163,16.56790516,12.53939921
15668,20.61398718,15.55129711,9.965080437,11.47538959,14.53242698,14.68390039,13.1779183
40535,19.82486984,15.24780266,9.677893491,12.47859953,13.76411344,16.93949428,12.06722677
40051,14.76781176,16.40156553,10.79101746,11.84473031,14.46258882,17.96659759,13.76568853
38527,18.16752655,12.33774381,12.15958826,18.25357871,15.1176111,9.348693728,14.61525785
18559,20.18005357,15.65122165,12.88568208,14.21572515,12.54100957,12.16754554,12.35876244
12306,14.14821312,15.21332873,12.38102941,10.83435743,19.68531037,17.54112538,10.19663557
29495,13.44238385,16.79433792,11.74365811,11.498712,20.05843321,13.97961094,12.48286396
12923,13.91616306,16.28766867,15.19362303,11.99046868,15.64454652,14.85114037,12.11638967
10021,12.74652164,13.10806579,14.82056732,16.8286956,17.37218473,9.647098242,15.47686668
10444,12.64000849,15.10919292,12.3823871,12.03906826,14.95562529,16.24173148,16.63198646
7963,13.93287231,14.06371381,12.47733135,12.18848245,15.98662952,14.81299812,16.53797244
8415,13.93287231,14.06371381,12.47733135,12.18848245,15.98662952,14.81299812,16.53797244
38776,13.23531987,11.87856603,14.81884702,18.16350041,19.67176838,8.816905577,13.41509271
2646,12.95821737,13.09838028,14.59824444,18.79443044,18.08663435,9.181073408,13.28301971
24221,12.16101222,16.84375207,12.38085881,15.10521305,14.68782676,14.38396382,14.43737327
14868,15.94164691,11.69461238,17.47943237,17.14617114,14.35070264,12.57558708,10.81184748
37588,23.30591626,17.70179499,5.726464114,15.31326958,9.753617063,14.31012738,13.88881061
24143,12.3649259,14.83265898,13.86842496,15.36947103,17.83497946,11.80994202,13.91959765
12982,14.46935685,13.6023301,13.22043398,12.84343289,14.48815534,15.44775657,15.92853426
11582,14.70094319,14.74657199,12.84781262,12.08901908,14.77589909,15.83186186,15.00789217
12490,14.47210741,14.0173222,14.29619276,11.26173829,15.95219887,14.95920707,15.04123339
20106,13.46743385,15.98572069,10.42760733,11.48426869,14.79922803,16.83220247,17.00353893
20566,13.46743385,15.98572069,10.42760733,11.48426869,14.79922803,16.83220247,17.00353893
12516,16.75925367,12.75799193,14.24751827,14.17255185,13.21927308,14.04489115,14.79852005
30066,13.79990129,17.50838787,16.35866715,12.84864874,12.8525569,13.48472814,13.14710991
30381,14.92324903,15.15962537,13.18308056,14.50676103,13.76233631,13.08547297,15.37947473
29659,14.36500543,15.77901485,14.57764647,13.84730172,13.27085974,13.71255186,14.44761994
30741,16.94328041,20.8758033,12.2259416,18.57949578,10.05775333,8.141754599,13.17597098
14205,14.73370764,21.99278393,14.75489086,9.726700274,14.95924909,14.35015006,9.482518136
7479,15.1801999,15.76789597,10.04353078,13.88090011,18.16298135,12.72204673,14.24244515
6971,12.76141497,14.82564209,2.340975619,35.7829765,17.94743162,2.772085482,13.56947373
7918,16.30326548,14.22324966,13.25470266,13.6007263,14.64405772,15.74498422,12.22901395
12300,12.21866877,17.3979201,10.20254718,9.015998389,16.10156698,20.46984992,14.59344867
17141,19.10725251,14.53743711,13.88420801,14.08079255,11.27452971,14.84441741,12.27136271
18024,19.32319744,16.61502001,13.19791878,13.8380661,12.47659014,13.32659253,11.222615
10033,15.86401209,21.66509545,13.47804241,14.03670159,10.53936071,11.37001949,13.04676826
9578,15.18222975,22.56497949,10.93451143,14.71916062,12.7963571,12.7646911,11.0380705
10445,13.9745269,18.69887893,15.89359377,15.34822891,14.44817303,10.63128585,11.00531261
16457,19.53040812,18.79885106,10.27235177,12.40648709,12.90773574,14.17863205,11.90553417
16845,19.53040812,18.79885106,10.27235177,12.40648709,12.90773574,14.17863205,11.90553417
4766,15.62255262,14.68113959,10.69119612,9.983156385,15.10768362,16.69672689,17.21754478
27384,13.62631375,13.95387715,21.70978753,13.95281345,12.18985736,15.32108396,9.246266804
30945,13.9561254,14.31783493,14.59260656,18.4478082,14.60759979,11.56607894,12.51194618
30582,13.75733769,14.80115257,16.40066554,19.94463301,10.25273146,13.27417475,11.56930499
16369,10.73563143,18.82116404,15.21243592,12.70157233,14.58450238,15.58066164,12.36403226
2524,12.09004156,20.82604785,18.60911827,11.8748095,11.99608646,14.55294139,10.05095498
33497,15.02227436,15.96120641,15.92538111,13.10826777,13.66102867,11.69541057,14.62643111
24693,17.00230201,11.75059726,15.39330772,14.59209198,15.59892061,10.7973531,14.86542731
25638,16.12583854,13.10857979,8.816681681,12.4953164,22.936167,15.25036315,11.26705343
7365,15.12275237,11.45400553,13.55224849,13.80293017,14.67947908,17.40783869,13.98074567
10302,13.41093918,18.97224764,14.9037525,16.98751921,18.11692464,9.105727137,8.502889682
8777,14.21698187,17.20342868,8.519800083,14.99223422,13.14025776,19.06092271,12.86637468
9855,14.63571604,17.64100542,11.90022245,17.67651444,13.19770262,10.4567666,14.49207244
9002,14.28257985,17.06818319,13.48557545,15.51623,12.74099532,11.94784372,14.95859247
22853,12.00586344,16.44333476,12.95298966,13.06252063,17.55734629,15.37963024,12.59831498
38626,15.86570191,20.71501255,14.92086021,12.01073595,13.49029673,13.90733337,9.090059283
23333,12.59452791,17.39257401,12.69281986,12.72354952,14.92606593,16.73826695,12.93219583
23800,12.27189056,16.51778632,13.21271913,12.31577278,16.98972258,15.91045492,12.78165371
27750,12.76141497,14.82564209,2.340975619,35.7829765,17.94743162,2.772085482,13.56947373
12847,17.90776856,16.44492902,10.56741063,10.55492207,13.63285692,16.95130184,13.94081096
12809,14.79019563,18.38371923,9.807787291,14.10657581,14.92667621,13.20511942,14.77992641
4243,15.21539375,13.50725118,11.9243087,13.79307939,14.26228084,14.77826368,16.51942246
11650,17.00205973,12.56823978,18.20150774,17.72157096,15.42930358,10.14853171,8.928786496
12080,18.59618968,13.15674012,16.44040525,16.90776367,16.8385889,9.721107955,8.339204422
10636,17.35326766,12.33185792,15.00998816,15.00899667,16.23772597,12.4955907,11.56257293
11125,15.93638713,12.56224977,17.73719172,14.00372964,13.22862429,13.69226706,12.8395504
36314,16.0073678,12.74884792,12.62960309,15.64450678,15.42453354,13.36943008,14.17571079
35818,19.05910355,12.42356771,10.75821022,16.66595809,18.36562217,10.84339297,11.8841453
1527,14.18508224,14.3597333,15.76224685,13.97773774,12.40460089,16.52178715,12.78881184
13018,14.672762,18.36672879,11.52443931,15.08317014,14.601154,13.9371138,11.81463196
36128,12.54278339,14.57164568,2.300869471,36.10444201,18.41866769,2.724593458,13.3369983
26047,14.54883655,17.25071762,10.40892183,10.83134568,14.04230002,18.34809021,14.56978808
25652,16.61072954,13.00442589,13.17797795,9.296241771,14.16363715,15.40559744,18.34139027
24959,12.76141497,14.82564209,2.340975619,35.7829765,17.94743162,2.772085482,13.56947373
39299,17.25191424,10.86802987,14.81835763,17.58275945,17.49019252,9.022654071,12.96609221
3106,14.04158879,12.61655518,14.83374766,20.17730676,15.10359721,10.42980168,12.79740273
38805,12.45972011,12.70633309,18.59619712,19.82585336,16.19425886,7.635353686,12.58228378
2675,12.71975122,13.14199846,15.74350531,21.05686543,16.36311066,8.634394052,12.34037487
6910,15.85316368,19.6327163,15.76565605,14.07377785,13.17188273,11.14996465,10.35283874
7395,15.17583057,18.02443005,13.18742139,18.17388677,14.15592073,7.907922189,13.3745883
6516,14.38276523,17.28349279,12.80721649,15.32076707,15.11387546,11.62657957,13.46530339
19692,15.06300418,13.13055316,12.52512749,16.89162511,13.40191117,15.58378012,13.40399878
27837,14.86032977,18.06214775,12.53610959,10.16961087,10.49668135,18.65069733,15.22442335
27386,12.89331007,20.89256199,15.36784238,12.26364997,15.85566859,14.43164027,8.29532672
16386,11.77309017,15.38865027,16.0135987,11.67781087,14.16287234,18.14324096,12.84073669
16792,11.77309017,15.38865027,16.0135987,11.67781087,14.16287234,18.14324096,12.84073669
30662,14.14052347,14.6627209,14.10076763,12.49310569,15.98011034,13.50764215,15.11512983
29958,14.32212964,14.70034583,13.86411153,13.2057711,15.00250049,13.25289103,15.65225038
10150,18.77850812,13.245118,15.34230555,16.2166733,12.04154922,12.91982948,11.45601634
37788,16.57126501,10.58556494,19.72121924,14.72449179,14.4791591,11.71528463,12.20301528
7976,15.89285806,10.88359296,19.9326856,15.39372609,14.04943127,11.96876105,11.87894496
26936,17.77991726,21.30481105,12.91502832,14.99007813,15.46452089,9.127328103,8.418316245
28791,18.85600265,21.47684538,15.20504097,16.35402038,16.40846049,5.839011506,5.860618631
27913,16.39418335,14.10020004,10.26179012,16.17076878,16.31335591,11.84889539,14.91080639
28334,16.39418335,14.10020004,10.26179012,16.17076878,16.31335591,11.84889539,14.91080639
28505,14.30148536,16.04764283,11.2452936,13.13140652,13.07884994,17.82271919,14.37260256
28140,11.9603881,13.89504485,2.194033892,37.03759785,19.59712659,2.598083231,12.71772548
11737,15.09997044,12.12324198,14.50918988,16.0491105,15.90559913,12.96917056,13.34371751
12123,15.09997044,12.12324198,14.50918988,16.0491105,15.90559913,12.96917056,13.34371751
36876,13.87443324,14.44656355,13.28906137,11.92163651,13.56761767,16.41608002,16.48460763
5373,16.22431563,12.85593609,12.04020192,14.24593027,14.84555628,13.79032298,15.99773683
5828,17.07693786,13.75328094,9.802667596,13.66070823,15.27954397,14.09827456,16.32858685
11596,18.06262652,11.5432936,11.9539904,17.26839613,20.2677024,9.350576839,11.55341411
12504,17.17600744,11.44547794,12.19108737,15.11980062,18.51875694,9.604239872,15.94462982
36686,13.27242702,12.73684401,17.5568795,15.49964987,14.09444796,12.61295787,14.22679377
6909,15.97172234,17.8607006,17.76873684,18.95784016,18.33552869,6.489752123,4.615719253
25359,18.97018884,14.80595611,9.384750966,16.94683272,14.41181695,11.13524928,14.34520513
25054,16.00660873,9.206517358,8.743716286,18.97948444,19.53045983,11.75286505,15.78034832
2274,17.58437535,15.62349854,11.19260999,12.81127938,14.13410414,14.63628343,14.01784916
24623,16.96110576,11.2629754,8.444998285,18.9624418,18.42157019,10.3228504,15.62405816
1841,15.81456642,13.72743503,13.31411932,12.76671429,16.47989496,15.6084789,12.28879107
28728,15.2517423,19.19308114,11.30200867,14.41290339,14.87354583,11.57009004,13.39662863
27846,11.34536149,13.18053439,2.081212367,38.11775402,20.74689794,2.464484697,12.06375509
35305,17.69422924,11.6002188,14.12983808,16.83524069,17.5140199,11.43400454,10.79244875
34813,16.21301064,10.90165634,16.70048493,17.76836088,17.39995668,8.428180471,12.58835006
11,15.72666583,11.21142624,18.16728167,16.37861877,17.93713226,8.429999208,12.14887603
428,14.70137054,12.36332541,15.25009593,17.35365863,17.11137674,10.56318767,12.65698508
39253,18.68559652,11.23426667,17.53409194,16.5602825,16.59320599,11.68167533,7.71088105
11775,16.52415019,17.3606709,16.35464578,11.43876555,9.938127901,16.73769501,11.64594467
12673,17.70452091,17.3778195,15.75681246,11.5263583,9.785649212,15.67122556,12.17761405
12162,15.90421453,20.10609829,14.93025067,11.98828049,11.46552313,15.49411647,10.11151643
32140,18.92734369,14.2656765,10.57568278,16.99283264,11.30896517,13.17007861,14.75942062
32601,18.92734369,14.2656765,10.57568278,16.99283264,11.30896517,13.17007861,14.75942062
30937,11.53651252,12.76914191,16.11279126,14.63370867,15.67459096,12.7776609,16.49559377
30575,11.72229741,17.17738182,15.20547685,12.01347876,12.61145404,17.99310742,13.2768037
29880,10.14070616,16.89053671,16.01166738,13.34847399,15.44613606,15.73942062,12.42305908
30226,9.89662201,16.45073966,12.71949167,15.2840474,17.45886902,14.70068278,13.48954746
30551,14.69618707,17.3469707,12.55973447,8.553032511,13.08506891,18.42188123,15.33712511
30917,13.20906367,13.9486322,15.55646345,10.35943793,12.83509418,17.16143107,16.92987749
29860,12.65328003,14.70001574,2.321139162,35.93976158,18.18271587,2.74859598,13.45449164
27453,14.70247245,11.82127538,11.63025427,20.09425181,18.33860244,11.44971695,11.96342669
27148,17.82844335,13.56282701,12.6573541,10.83688085,13.23460276,15.84732576,16.03256616
26238,16.13126776,14.56203195,14.15994822,11.21405608,13.53505606,14.89778616,15.49985377
26693,16.13126776,14.56203195,14.15994822,11.21405608,13.53505606,14.89778616,15.49985377
7345,20.79014409,15.32312927,10.85233169,11.30990348,14.72852075,14.80002213,12.19594858
32080,13.93408138,14.76034602,16.29921661,14.2674879,18.29466827,13.0632109,9.380988931
32550,13.93408138,14.76034602,16.29921661,14.2674879,18.29466827,13.0632109,9.380988931
12742,14.03743595,15.56607567,17.06262774,14.33682604,13.05346363,13.28838281,12.65518816
17836,15.62686158,17.17362522,10.7953321,10.92132217,15.03981105,16.16249796,14.28054993
11843,15.36091952,15.54047416,13.38108212,14.00201096,13.25454576,14.58165914,13.87930833
13221,13.72655143,16.85172116,12.74299855,12.94032995,13.21131426,15.78325255,14.74383211
9278,14.84959441,16.93840105,15.45497084,12.80290857,12.51332155,14.53769989,12.90310369
9681,14.84959441,16.93840105,15.45497084,12.80290857,12.51332155,14.53769989,12.90310369
11139,15.94944673,13.98060723,14.01633054,10.98151024,16.9955613,15.89075413,12.18578982
10653,15.45247307,13.10276232,15.85917856,13.69902296,17.03773835,13.68421528,11.16460945
35830,16.39497625,12.81245108,16.33298555,15.40172771,15.91444175,12.41057972,10.73283794
36327,15.74284321,11.13030926,14.06101275,14.32703874,14.57570698,13.35463914,16.80844992
12987,13.88677157,13.09642753,18.70180675,15.43028008,15.36180535,11.60829591,11.9146128
30951,15.0748541,19.31981695,18.22161565,12.05225891,11.51066509,13.64362196,10.17716734
30588,14.9000917,20.70818354,12.54988725,16.9103551,13.71496762,13.08664819,8.129866593
21507,15.29012499,18.28345589,12.44272996,9.735274119,12.05525481,17.64666721,14.54649303
30232,12.76141497,14.82564209,2.340975619,35.7829765,17.94743162,2.772085482,13.56947373
29893,12.76141497,14.82564209,2.340975619,35.7829765,17.94743162,2.772085482,13.56947373
5112,14.26900316,19.34124884,17.58711385,9.521476917,12.46905184,17.14898295,9.663122431
9100,20.74237139,15.97938406,14.98903132,15.02083825,9.796933677,12.602461,10.86898029
9504,20.74237139,15.97938406,14.98903132,15.02083825,9.796933677,12.602461,10.86898029
34547,16.12866234,15.1194148,15.51183676,17.01571708,15.26971138,11.09674831,9.857909336
33186,15.97435644,17.53437824,14.09232254,13.08830749,13.32564592,14.56098048,11.42400889
34100,14.08145047,15.63932457,13.23097143,12.46090996,14.89246628,16.06635489,13.6285224
29368,23.54012262,14.03519428,10.49552479,20.8920378,7.261310463,9.508960085,14.26684996
18290,15.07625997,17.69000757,11.096832,11.15442407,18.75688209,14.22084867,12.00474562
16742,15.31260859,18.26485095,10.80558442,9.94286116,13.12913772,17.79994233,14.74501484
17813,18.91866166,12.43605876,12.80625027,15.7445802,14.85007234,12.62826036,12.6161164
36986,14.40570442,11.8848486,20.15904486,15.89435922,16.25322895,9.603659423,11.79915453
37242,12.76141497,14.82564209,2.340975619,35.7829765,17.94743162,2.772085482,13.56947373
7623,18.30386388,18.71926105,9.842916136,14.02447436,11.69235357,13.89163949,13.52549151
9953,12.85951395,17.61245174,12.95664215,8.394093934,14.96136218,19.18724068,14.02869538
10398,13.75671646,15.27067244,12.00973376,10.74136064,17.32078403,17.91688976,12.98384291
9549,14.05913438,16.31450493,16.02894976,9.159037814,12.02084644,18.5774403,13.84008638
3729,12.5199122,15.2747574,14.63161443,10.21546156,15.75593057,16.98593861,14.61638523
4653,12.5199122,15.2747574,14.63161443,10.21546156,15.75593057,16.98593861,14.61638523
10425,12.88104872,19.88523015,12.61930792,14.10573566,13.62437175,14.88257908,12.00172671
9986,12.89538411,19.17379064,15.05853982,14.57087612,10.61299995,15.03043535,12.657974
9149,12.81989916,19.85628252,17.29452726,15.08383032,10.75047911,11.84521076,12.34977087
9560,12.07947614,20.77324705,11.15058433,11.45874893,10.7136357,19.56016641,14.26414145
36407,16.90465445,12.96883125,10.38058816,17.76380531,16.64922979,12.64364089,12.68925016
11198,16.04177725,13.06522906,12.17277229,18.0291842,14.48189072,13.06087176,13.14827471
10735,14.69236871,13.12420626,13.88526614,15.4256328,15.74202653,13.42433981,13.70615975
35909,13.49661348,14.07791949,14.96617423,13.41018384,15.83639141,13.62473166,14.5879859
27831,21.83328474,17.31310647,5.853075931,8.820816693,13.98038618,18.86322152,13.33610845
24937,12.74268862,16.03311947,15.86012554,15.03127264,15.80455847,11.77191653,12.75631874
25621,12.64611134,16.02281871,12.90153564,14.09258588,16.44544129,13.97879764,13.9127095
17234,13.37836989,15.38462061,18.21223953,13.93496669,15.31572865,13.26810116,10.50597347
17626,13.37836989,15.38462061,18.21223953,13.93496669,15.31572865,13.26810116,10.50597347
15616,16.13569055,12.7955783,12.30700704,20.8531359,14.67083351,8.051062478,15.18669222
9300,14.167362,18.72615634,14.76309135,10.60640415,13.58770032,16.77812917,11.37115667
30031,14.25479149,17.69509633,17.8320329,13.05861008,15.55823471,12.71213126,8.889103229
30704,17.87418105,19.04409267,9.38450902,11.27119798,14.59836073,14.79595284,13.03170571
30344,17.8218385,13.05904841,12.55454563,14.74489953,11.428947,15.02338436,15.36733657
29612,17.41455586,12.74915041,12.55798016,11.78601214,13.69152164,15.10419942,16.69658036
26850,12.76141497,14.82564209,2.340975619,35.7829765,17.94743162,2.772085482,13.56947373
36262,18.91143506,16.22903388,9.436784801,11.96582738,12.49191299,16.41172184,14.55328406
7957,19.89007452,11.99592518,7.40682722,21.82568183,16.85867802,7.682746338,14.34006689
37774,19.61404672,13.42661203,8.129386188,21.36347812,15.30324566,8.827198978,13.33603231
38272,18.5407916,12.77792509,9.097598206,21.83596032,15.2004923,9.795317356,12.75191513
8412,19.62322356,11.4913908,8.724150763,22.21781197,15.3752625,10.58453343,11.98362698
39638,18.89552754,19.08006887,11.77654293,11.772317,11.8454896,11.24806562,15.38198844
39161,16.65079927,15.45357808,11.79781921,10.06447437,13.76997478,16.3263243,15.93703001
3012,17.23440046,16.61189447,12.20294941,9.731819156,13.85465704,17.01662463,13.34765485
9617,15.13197781,18.59885446,17.1228021,10.0142099,10.24690015,17.42216115,11.46309443
9217,14.76424764,20.19021936,17.93669954,9.744745333,10.79102666,16.20555878,10.36750269
10487,16.2645261,19.1267872,13.0438711,12.53185088,11.89591246,16.88470762,10.25234463
10064,13.93414566,19.14294772,16.68782679,9.751709066,12.37261717,16.28199352,11.82876007
26450,18.15833602,14.19218904,11.36597654,15.0778062,14.9481532,12.9699149,13.28762411
26945,18.15833602,14.19218904,11.36597654,15.0778062,14.9481532,12.9699149,13.28762411
21461,15.30093943,17.78362475,9.79352692,7.70574617,15.22123188,20.18298893,14.01194191
35596,16.42129675,12.13129796,13.30027875,16.2965396,14.94754366,13.51492449,13.3881188
35107,13.00675496,13.0262275,16.2142461,10.14574721,17.13530227,16.81739539,13.65432658
32255,13.52131353,13.31602866,17.22138075,18.00421075,19.68899993,8.3379085,9.910157871
32725,13.52131353,13.31602866,17.22138075,18.00421075,19.68899993,8.3379085,9.910157871
34084,16.69501941,14.76471603,18.95935772,17.23254083,15.3526965,8.004721382,8.99094812
34509,17.62332708,14.68382979,17.96368238,13.67654071,15.71504467,10.11086093,10.22671443
33165,16.29516127,13.8298307,18.41622147,15.67679131,17.99695445,8.172344862,9.612695929
33629,15.76840617,12.51115555,19.24604233,14.18901375,14.84124144,10.9686934,12.47544736
24572,11.95343314,14.72493335,8.641001228,12.5662143,16.48361174,17.98547357,17.64533267
12023,14.85281105,14.80704389,12.6403045,12.81847789,15.94576763,16.07341529,12.86217975
12466,15.17300615,14.55249118,14.54949497,12.65681645,14.32501197,14.3155184,14.42766087
12940,15.85605792,16.99818754,14.14474677,13.7595596,14.05919169,13.70068054,11.48157594
11549,14.28318474,13.84038662,14.67119939,11.87309439,15.13174527,14.80563078,15.39475882
29216,19.55077948,11.62392758,13.80542729,19.44846793,12.46501057,9.303483858,13.80290329
27889,17.29063422,11.00355902,14.90202648,17.33302139,14.94323976,11.23935011,13.28816901
28302,17.29063422,11.00355902,14.90202648,17.33302139,14.94323976,11.23935011,13.28816901
37953,12.17353922,14.62255236,15.70680847,14.02788053,14.09434793,14.58125462,14.79361687
8139,13.21968677,15.70691008,15.81269192,12.62736614,13.90209204,16.13690159,12.59435145
38426,13.28595163,15.01060988,14.30388259,12.29868704,14.79549444,16.62348294,13.68189148
36445,14.30181079,22.76719152,7.621955666,12.72778018,16.0396121,14.88614004,11.65550971
8076,20.96670171,11.61533994,7.401310015,18.43492167,14.62076277,10.9374899,16.02347399
37898,20.67707018,12.2929442,8.947570454,18.11036903,13.09969582,12.05984271,14.8125076
35416,16.29313849,18.6230285,11.59158201,15.94751697,17.56428964,10.45864205,9.521802343
37229,12.99596517,19.60473954,11.87481631,11.76237452,12.45125154,17.49360647,13.81724644
25715,12.60261115,11.22410998,11.8333903,18.54854758,18.89176563,14.13191594,12.76765942
14221,12.76141497,14.82564209,2.340975619,35.7829765,17.94743162,2.772085482,13.56947373
26088,21.37859625,16.77829354,8.099430665,22.32096699,14.79597449,7.447742367,9.178995702
26532,21.37859625,16.77829354,8.099430665,22.32096699,14.79597449,7.447742367,9.178995702
18016,21.72302918,17.46788307,11.6242246,10.91381051,11.99279743,17.17138771,9.106867502
34560,13.65537181,14.43400025,12.61164456,9.823583931,13.17154738,18.16856366,18.13528842
27101,19.27652842,15.33021541,12.97144845,12.62287601,11.90057344,16.65549696,11.24286131
40048,18.14808829,16.25331331,12.54409683,11.39822831,11.57927788,15.22874573,14.84824963
13709,17.24125684,15.55861543,11.06228279,8.614712527,14.06180373,17.28451392,16.17681476
29304,16.80946727,14.51190968,12.69007367,13.30966182,16.68181532,14.47194767,11.52512457
41589,21.74475706,17.46005122,7.917631032,21.77601726,16.39067115,7.569278489,7.141593793
17799,20.10899271,15.90791159,7.95382141,15.94010852,15.20745681,13.81422729,11.06748167
6600,15.18406037,13.40511514,11.65702581,12.58897835,15.99286519,15.9745342,15.19742095
7521,16.07667537,11.58233981,13.05374421,15.052367,17.94669606,13.27462459,13.01355297
18547,17.93167588,13.28514458,13.35552723,14.37615404,13.73444307,14.25016164,13.06689356
7040,14.98677212,17.03160893,8.008720353,12.22045891,14.94274013,17.51936459,15.29033496
8824,18.55948302,15.99599967,11.37517825,10.00579647,11.67315607,18.73200493,13.65838159
6923,17.86084676,13.42481305,13.42795273,13.6674501,15.20181586,14.93351787,11.48360364
9145,13.97679208,16.41118369,13.76102169,12.03286614,12.86403021,16.05480207,14.89930412
10421,18.07544867,19.99517991,12.59501148,10.82362532,12.57068499,13.89752904,12.04252058
9561,16.17440763,15.1512711,13.49803506,12.59975492,11.92241824,18.04339016,12.61072289
9982,15.42124695,19.21287875,14.37843376,12.81050005,11.12644702,13.82665917,13.2238343
19892,13.89655246,17.62361973,15.59404746,15.82418077,13.84408059,10.27465952,12.94285947
19560,14.49838587,16.56582346,16.46779267,19.93932262,17.54418042,7.075978556,7.908516405
18905,14.05719906,16.7896599,15.89707063,21.7235193,17.25824022,7.288703259,6.985607631
18456,12.76141497,14.82564209,2.340975619,35.7829765,17.94743162,2.772085482,13.56947373
17045,17.87239146,17.86738632,13.46640854,11.38963052,10.47197045,15.90011947,13.03209325
17440,17.87239146,17.86738632,13.46640854,11.38963052,10.47197045,15.90011947,13.03209325
28486,15.56131648,16.42626623,13.60027127,13.12406518,10.8889927,17.74309022,12.65599792
28085,12.19864119,14.17183664,2.237739442,36.64362479,19.12725557,2.649837517,12.97106486
12501,13.69901339,12.83747575,11.69968259,15.62677497,16.81435377,12.42059484,16.90210468
36595,11.44945857,13.66845012,15.46885205,12.31514943,14.86223045,16.67709484,15.55876455
10946,14.66585873,13.51890244,14.89305455,12.68376031,16.32118902,15.04406034,12.87317462
11370,14.66585873,13.51890244,14.89305455,12.68376031,16.32118902,15.04406034,12.87317462
11592,12.64955004,12.78031767,13.83896563,14.77202862,16.23543104,12.8480202,16.87568681
10280,18.81523624,15.2754202,12.44562609,15.62167934,14.94870708,11.58455754,11.30877351
13311,14.74298403,19.33343685,13.61600049,14.57506076,10.9879463,11.73040712,15.01416445
8652,17.07039606,21.58377439,7.529849532,9.842154384,13.49441513,16.94005564,13.53935486
8219,13.82987329,18.07785891,13.03108656,10.37605539,11.98164021,16.33282215,16.37066349
38038,13.78089579,16.69320272,14.43091038,11.24189895,12.47208984,16.33955935,15.04144297
38501,15.78997549,16.03381893,12.36921103,16.75875992,10.98282135,14.31538702,13.75002625
8490,14.29768217,15.38075851,13.53877797,12.547963,15.52244168,14.63673968,14.07563699
37853,13.93405127,14.91921471,14.25548905,10.62331561,15.25009358,14.04349945,16.97433633
8037,13.62933993,15.45900071,14.02437866,11.0232065,14.26976954,14.08121725,17.51308742
38356,14.9337308,12.9296412,12.85511405,13.63135901,16.61611243,12.17449778,16.85954474
37443,15.57476339,12.4511298,14.99208481,17.79457716,16.13848226,10.64683846,12.40212412
5435,14.52786707,12.99749561,15.11238795,18.49768652,14.88694992,11.41041371,12.56719922
34193,12.79476704,16.21838946,21.26673146,13.92856829,13.58618322,13.24687898,8.958481555
34678,13.93820399,18.34800221,11.10492446,13.65382005,15.07238349,13.57943243,14.30323337
26371,12.05197312,19.13080895,11.49159374,8.405976944,14.94168708,20.16880776,13.80915241
26797,12.05197312,19.13080895,11.49159374,8.405976944,14.94168708,20.16880776,13.80915241
15359,14.40535457,16.23859352,15.90588437,12.49296884,11.52224397,14.87600334,14.55895139
14562,14.54865172,17.44339637,14.56302715,11.89892843,12.05331642,15.26645339,14.22622652
30589,12.76141497,14.82564209,2.340975619,35.7829765,17.94743162,2.772085482,13.56947373
32128,13.65267186,11.6146757,19.76666282,13.55722687,15.42691389,13.25269526,12.72915359
32615,13.65267186,11.6146757,19.76666282,13.55722687,15.42691389,13.25269526,12.72915359
26081,16.13888362,13.49074562,12.22497765,13.966424,14.79939406,14.05565142,15.32392363
26526,16.13888362,13.49074562,12.22497765,13.966424,14.79939406,14.05565142,15.32392363
29555,12.76141497,14.82564209,2.340975619,35.7829765,17.94743162,2.772085482,13.56947373
8859,14.78279518,15.77567007,12.25638607,13.99575439,15.39449902,14.85321878,12.94167649
9707,14.24514379,16.15811518,11.92437599,12.64825126,15.82863221,14.98198068,14.21350089
8630,13.15188444,16.38526257,9.959668347,13.23508463,16.393066,18.05182668,12.82320734
38595,17.09767151,14.35439594,12.31558662,15.04353495,15.51015369,14.11986285,11.55879444
8724,18.38646527,14.95809991,11.07356661,13.00328522,12.84527195,13.42207083,16.31124021
13357,19.20781291,13.63649669,14.18887722,9.424125341,14.73128124,15.2759828,13.53542379
31273,15.34007853,12.92898133,14.76097719,14.25649156,15.44648084,13.13591326,14.1310773
31747,15.34007853,12.92898133,14.76097719,14.25649156,15.44648084,13.13591326,14.1310773
29154,12.76141497,14.82564209,2.340975619,35.7829765,17.94743162,2.772085482,13.56947373
5042,11.10482984,15.82808844,14.28676117,10.60426767,15.08339487,16.25364755,16.83901046
14716,12.62789009,15.15908831,16.45961289,8.84036561,16.42232411,16.65706924,13.83364975
15046,12.62789009,15.15908831,16.45961289,8.84036561,16.42232411,16.65706924,13.83364975
29129,13.48774201,19.84436143,11.01810586,10.90967811,12.3748255,19.02013768,13.3451494
28625,12.95580087,15.64133268,9.081751458,15.03861529,15.81297846,15.29541398,16.17410727
8519,17.26925649,13.88655831,15.48119149,15.24731731,14.91992311,14.0858909,9.109862383
12323,12.76141497,14.82564209,2.340975619,35.7829765,17.94743162,2.772085482,13.56947373
11505,21.53203977,14.0117085,11.19024872,12.28178331,15.49883672,13.63226842,11.85311455
36751,16.57503215,12.34025761,16.90397948,12.89124985,14.59147469,13.2075924,13.49041382
11080,21.79812643,14.3447122,12.91663454,11.1180268,14.44288298,13.68833443,11.69128262
36272,22.42236182,14.68763938,10.84087102,10.2247548,13.34049127,16.30690204,12.17697966
17105,14.95079421,16.19270097,12.26059856,12.83698524,15.22477572,13.26343807,15.27070724
17487,14.76795732,16.75398268,11.66012458,12.23557205,16.714921,16.85925696,11.0081854
18382,15.06060201,18.05191082,13.63737573,10.75631812,15.27258162,15.56352281,11.6576889
17953,15.98299301,14.51358268,12.16284951,12.64064055,14.94190168,13.36450853,16.39352404
25252,17.05447124,19.39058658,10.66853792,11.40686558,10.03025632,17.97888237,13.47039999
24902,16.58433262,20.24375552,9.658314122,9.962313409,11.77985738,18.95944108,12.81198588
25587,19.29943742,27.40401752,9.561427458,11.91694395,9.09036651,12.96398861,9.763818531
25946,16.8884247,21.02611412,9.007639581,13.14654848,13.65752658,14.06482687,12.20891967
8126,11.16521114,12.930436,14.64775275,10.74324471,15.83153067,16.17279848,18.50902625
38415,13.03406201,15.3634215,16.73722839,12.73224781,13.92959126,14.18573257,14.01771645
37932,11.83880447,12.60874494,15.59776645,10.92031808,15.5371572,15.86002177,17.63718709
8567,10.85989717,13.73785604,13.51297819,10.07824276,17.63067675,15.75607078,18.4242783
36552,15.87430023,13.46643455,11.23140164,16.31714596,15.89781506,13.85903623,13.35386632
38113,16.76169963,14.77618794,12.47164372,14.69944585,13.2090891,15.51119595,12.5707378
8288,15.84490521,14.65702669,13.83925626,13.62317754,13.49390317,16.6232071,11.91852403
28540,14.96252966,15.9216454,11.89147184,13.11128893,12.77663709,18.32263056,13.01379653
28145,12.31530021,14.30736588,2.25913957,36.45664669,18.89125822,2.675178654,13.09511078
41144,13.06806368,19.1156206,11.75087006,8.582898393,13.43831304,19.45106341,14.59317082
37736,15.02539551,12.77850908,15.13620165,8.56479177,18.1683043,17.03370953,13.29308816
40672,17.81858038,12.92154616,12.49421202,15.91925906,14.86591479,10.93903211,15.04145547
8838,16.50169623,16.55382992,7.673241941,8.109736841,15.29431495,21.77777035,14.08940976
36186,14.27101367,15.04532114,12.03679314,11.9839163,19.96374393,15.69046666,11.00874516
36768,14.98063381,14.00336664,14.35739453,11.76472144,15.3705167,15.64103354,13.88233335
5713,12.43007078,14.44070121,2.280193279,36.27681976,18.65495672,2.700109576,13.21714868
40134,12.83570915,13.66642569,12.28467481,11.84674618,16.40267164,14.76161861,18.20215392
16246,14.16841944,16.74808387,12.90149802,15.35778792,11.01672441,18.12996309,11.67752325
16657,14.16841944,16.74808387,12.90149802,15.35778792,11.01672441,18.12996309,11.67752325
10292,15.69918662,17.465496,12.71938543,10.93026759,13.36120728,14.01242918,15.81202791
4481,11.56848221,13.6746327,16.5929646,10.26899224,15.32075907,16.70818503,15.86598414
19859,19.30553528,16.07057437,9.44818303,11.70640354,12.12638376,17.64809874,13.69482127
19542,23.45461001,18.11892454,5.790666151,10.36744499,11.59026063,17.93518786,12.74290581
19518,16.43794535,18.859951,14.36047838,12.35231761,13.25548299,14.33771239,10.39611227
18842,14.98168908,17.14797397,14.70943796,12.21052365,11.7914206,17.3424955,11.81645925
41084,15.47774974,16.94465917,12.56935782,12.66500251,14.20164192,13.32716368,14.81442516
27622,18.58140913,15.00003657,10.2019319,14.6043343,16.0906266,12.23462295,13.28703854
27190,17.90679081,17.66579373,6.609378919,10.29641985,14.03992782,16.77914903,16.70253984
26290,12.76141497,14.82564209,2.340975619,35.7829765,17.94743162,2.772085482,13.56947373
30920,14.00601498,15.10027115,11.60869939,11.67378502,14.82122259,17.87773196,14.91227491
35590,16.05078822,16.76861909,10.53110154,7.115826338,14.74178321,21.56892717,13.22295443
2198,18.33563075,19.38654459,12.48347496,16.16309163,13.90054111,8.288429309,11.44228764
37717,15.37361298,20.49400175,15.0935334,11.14041378,12.10457489,15.81118195,9.982681264
5697,15.43654847,20.38465541,15.45802902,11.23795429,11.32867285,16.10419425,10.04994572
25311,16.25720496,19.34393887,12.66900895,14.49893068,15.72034074,12.2019268,9.308648992
25022,17.43196568,19.77106502,11.97276527,15.55828092,16.60608517,11.39732742,7.262510526
25675,19.43643632,19.81421332,11.84009904,16.45251839,15.99394096,9.747590727,6.715201251
6161,16.27278381,12.63366687,11.85772674,16.76569383,16.79837933,11.95664954,13.71509988
5521,18.94272685,15.92749911,10.61090698,13.44821437,16.36587914,14.25857941,10.44619414
5951,18.94272685,15.92749911,10.61090698,13.44821437,16.36587914,14.25857941,10.44619414
7553,18.49925153,12.95321367,12.34990724,14.97947902,17.55671919,12.42691676,11.23451258
7058,17.44391494,12.40032463,10.96808921,16.74837942,16.94933693,11.81276516,13.67718971
36433,15.41885423,15.38645047,9.221350499,11.51488427,15.87437928,17.90466459,14.67941666
30282,20.34551706,15.69762769,5.64823767,10.4873944,17.4039856,16.5080408,13.90919678
29984,12.31530021,14.30736588,2.25913957,36.45664669,18.89125822,2.675178654,13.09511078
30738,20.43369066,12.09858102,13.09595781,19.29348441,9.065985337,11.37143937,14.64086139
15083,14.75681013,14.81007646,14.68571583,13.48337643,15.21851156,16.06429738,10.98121219
29153,17.64891532,16.31489767,7.720550747,12.37272228,14.11734782,16.32779411,15.49777206
29579,12.04123508,14.8470337,16.33886796,13.24153296,13.04813691,16.6496327,13.8335607
28211,12.31530021,14.30736588,2.25913957,36.45664669,18.89125822,2.675178654,13.09511078
2676,15.96519619,14.42799241,10.49967817,14.35182609,17.97918675,13.7069645,13.06915589
38808,16.89807542,13.81142958,10.90020552,14.07010758,16.86146959,13.12030303,14.33840927
39296,15.5996603,13.65816232,14.78698965,14.03380389,14.42207536,13.72701507,13.77229341
3107,16.68494167,15.65625643,14.64258616,15.81537471,15.78657775,12.25825422,9.156009049
36820,12.76141497,14.82564209,2.340975619,35.7829765,17.94743162,2.772085482,13.56947373
23336,14.14789005,13.57124918,12.51581111,13.00183134,16.53270251,14.89324611,15.33726971
24251,14.88258246,15.85567344,14.11462969,13.01277125,14.96245428,13.70617632,13.46571256
22856,13.85770358,13.96821208,13.43160293,11.96039234,15.34992613,16.44911274,14.9830502
23801,14.39785698,13.91820976,15.01327445,11.38581153,14.77309319,16.32722429,14.18452979
24730,14.62202482,19.13298323,12.46825719,9.630300623,12.25845561,19.00943695,12.87854159
25130,14.62202482,19.13298323,12.46825719,9.630300623,12.25845561,19.00943695,12.87854159
16779,12.76141497,14.82564209,2.340975619,35.7829765,17.94743162,2.772085482,13.56947373
14479,12.92733839,16.5381746,15.94650909,11.92168597,12.49881519,16.39220282,13.77527393
15270,13.54172266,17.47773518,15.23129885,11.87208872,13.50571699,16.052469,12.31896861
14862,12.80042127,16.04081567,16.34228698,10.25655557,10.93477931,16.7434826,16.88165861
29364,13.73474518,15.30765871,12.54684825,11.93824525,13.62281447,17.79457137,15.05511678
19714,21.64176116,17.29574908,5.816783325,13.53123405,21.89119255,10.18559674,9.637683099
18269,18.19533145,13.78399521,13.46227674,11.58242626,14.9315767,14.37120002,13.67319363
29123,17.19507888,16.19835195,10.10664233,10.2228915,17.19010903,14.05549933,15.03142698
40568,14.26617551,17.99543331,14.05891164,10.97524263,13.28243723,17.24872057,12.17307911
11559,11.84851975,15.35831908,19.48767457,13.87711028,14.36547344,13.80925867,11.25364421
12031,11.84851975,15.35831908,19.48767457,13.87711028,14.36547344,13.80925867,11.25364421
10865,14.77455022,16.62818518,14.18938321,11.10738504,14.66510217,17.01956875,11.61582542
20245,14.72103061,17.28882063,14.21155647,13.03539449,12.04580375,17.30125693,11.39613713
20691,14.73807963,17.08378698,14.16825007,12.25937715,11.77643363,18.08983467,11.88423788
29405,13.45399916,13.34552211,14.55464577,12.49528704,14.35225035,15.15295578,16.6453398
29017,13.52313077,14.62512327,13.54619387,11.01785372,15.03653985,15.53548341,16.7156751
28156,12.77711547,12.9698595,13.23982144,11.40931611,13.80067286,16.07255559,19.73065903
28561,12.77711547,12.9698595,13.23982144,11.40931611,13.80067286,16.07255559,19.73065903
13899,16.71494098,15.11759512,12.73875304,11.002155,15.62312363,14.61328754,14.19014468
39775,15.35818597,10.66431403,10.48265434,17.95984137,18.98644042,11.00520059,15.54336329
13437,16.08530448,12.60002099,11.7680894,15.90150919,17.81339731,10.72586099,15.10581764
6507,12.66715816,20.91171594,13.1848029,12.82427299,11.26314589,15.01746056,14.13144356
7384,13.15158437,16.52414772,16.2186521,16.53919855,12.44449455,10.06249046,15.05943225
7804,13.65673696,17.47687386,17.09843556,16.69162094,12.27469782,11.57413028,11.22750457
27643,13.97104614,20.46864934,10.85368394,12.95983279,14.57024969,13.43108249,13.7454556
15334,12.88833141,19.26326869,16.00515852,12.60603515,11.48545832,13.44957654,14.30217137
14895,14.83042566,17.93845802,10.68370299,10.65971292,14.6652021,17.53979979,13.68269851
14528,13.13323263,17.01571595,15.92268792,12.4957213,12.41432244,13.62685156,15.39146819
3164,11.81606256,17.73038509,11.22239686,8.41767851,17.4986542,18.80265577,14.51216702
2753,11.54928581,17.91436042,12.17757766,8.320249687,16.07771541,19.82509783,14.13571318
36511,18.09585079,14.0307046,9.241995365,12.27454655,17.46243855,14.21732404,14.67714011
10851,16.14283617,14.02940074,18.69996523,15.34100945,16.05697791,10.76358048,8.966230027
36022,16.25656458,13.63915542,19.18544015,15.18074918,16.08184238,10.75872197,8.897526322
40179,15.57483078,19.06570705,6.10637319,17.20088541,13.28223747,11.70587637,17.06408973
14684,13.34195071,21.02169059,17.22511556,8.943366104,14.67666938,16.14410819,8.647099463
15013,13.34195071,21.02169059,17.22511556,8.943366104,14.67666938,16.14410819,8.647099463
7284,13.50925616,14.46979173,15.65713652,13.51085137,15.32349215,15.43168771,12.09778435
6406,12.81192083,13.71944167,16.44495118,15.16030152,16.88351346,12.65251028,12.32736107
6827,12.72686032,13.68699492,17.4558136,14.22371494,17.63474497,11.38476588,12.88710538
2047,10.82720546,13.86271614,17.91540227,13.96661385,14.74778571,11.56156376,17.11871281
40812,14.46776866,15.40690216,11.20877274,11.41093895,17.07775098,18.12975261,12.2981139
20077,11.01125349,15.81828587,13.91193156,12.37580366,14.31889343,15.43539371,17.1284383
41323,11.01125349,15.81828587,13.91193156,12.37580366,14.31889343,15.43539371,17.1284383
7892,19.39541324,15.66690082,11.39363003,13.75022178,12.39745252,13.73858579,13.65779582
26254,17.36620362,9.505480486,17.99363898,17.06945638,16.85882208,10.80022948,10.40616898
26673,17.36620362,9.505480486,17.99363898,17.06945638,16.85882208,10.80022948,10.40616898
27096,13.8982399,10.70561697,21.30286666,16.73057357,16.22336749,9.066508671,12.07282674
26187,16.19909724,11.28718203,19.89663912,16.04829474,19.29198629,9.499338795,7.777461791
26621,16.19909724,11.28718203,19.89663912,16.04829474,19.29198629,9.499338795,7.777461791
16106,15.17665568,13.23998685,10.14308668,12.72181582,18.53584968,14.62459756,15.55800773
16533,14.114956,13.69281225,11.40330603,12.06759669,18.02798194,14.76915267,15.92419442
13275,16.8896974,15.5370893,12.09861783,10.73854116,15.19067972,14.52469209,15.02068249
4311,19.33421174,10.83053401,15.53421107,10.07959826,11.02742994,15.02455525,18.16945973
39574,14.68615862,19.8343941,9.493810617,11.67930058,14.16606249,13.70097746,16.43929613
2973,13.065218,14.11003383,16.73702872,11.68335636,13.35588267,17.10759087,13.94088955
39122,12.38636544,14.45590547,16.91593696,12.09322985,13.39537297,15.59604346,15.15714586
11499,14.99108694,15.49037623,12.54613186,18.92905499,14.37556741,11.40709064,12.26069193
2730,13.31485884,13.19082093,21.24018098,11.87847687,14.41480868,14.36671572,11.59413798
3149,13.31485884,13.19082093,21.24018098,11.87847687,14.41480868,14.36671572,11.59413798
41243,12.97962737,12.63193277,18.75917702,15.58469215,15.45466056,12.83595424,11.75395588
20009,13.54016717,12.87257054,18.11194753,15.28592333,13.90006185,13.56519867,12.72413091
40747,14.1915132,10.44731558,16.03275534,17.09118395,15.9796118,11.20430059,15.05331954
22057,14.46314252,15.4664052,13.72879384,12.9850107,14.97525089,16.17602202,12.20537483
21163,14.38082476,15.1878994,13.83117509,13.07745796,15.21121937,16.09147833,12.2199451
22489,15.81603442,12.09026264,15.57827265,12.62124289,13.95259672,15.26272202,14.67886867
41595,16.21926908,22.0554901,11.40490962,8.884515819,16.94510511,15.81337467,8.677335596
20360,13.8536392,15.97891878,11.73527421,13.00541158,14.07891969,14.51174801,16.83608854
41091,13.412218,14.99098289,13.80073827,14.44974126,15.86116437,11.84360651,15.64154869
20774,11.58875656,15.26703079,7.32990242,17.61746949,15.46165146,14.44831388,18.2868754
4782,19.22608583,15.28952188,9.611866139,13.6527588,13.00482069,13.40195131,15.81299535
22185,18.07780615,14.85068032,15.22996665,13.69364041,13.50837712,12.00979018,12.62973917
21262,18.20581379,14.89474627,15.3398175,14.25907322,13.1801792,11.28940911,12.83096091
22657,17.23806709,17.43146688,9.809084659,14.36828846,12.60409059,13.11583279,15.43316954
22184,17.31252962,17.78768218,10.96009911,11.01927339,12.13358492,14.29406941,16.49276137
22902,11.04791426,16.07224671,14.88460234,13.77494498,15.99558479,13.86796842,14.3567385
23852,11.02638766,16.04411525,15.3185253,13.53416051,15.34137181,14.21349154,14.52194791
24290,11.91841782,15.76407208,11.46449201,14.68812139,18.3302328,14.01638536,13.81827854
20606,13.45639217,19.38337779,8.416896959,10.69965233,16.63216532,16.16377422,15.24774121
39236,15.07913273,14.77469234,15.04935772,14.71100264,12.12209473,14.34215001,13.92156982
4303,17.54756138,15.88504282,11.79587549,10.93686835,15.84087757,15.16306505,12.83070936
4466,14.80898773,12.08517495,14.46804852,11.33523381,17.84800045,13.25748279,16.19707175
4044,15.75725157,11.591401,15.08923623,14.96139105,15.14669243,11.99448838,15.45953934
3622,14.82461049,11.70400974,17.51608069,11.73973207,16.10394477,12.93378821,15.17783402
4905,17.68788233,13.58045443,11.13161899,12.99969177,15.02912329,13.145183,16.42604618
4430,18.32142282,13.10232022,14.01466771,13.74416023,12.20928362,15.20655699,13.40158841
40906,14.3638723,17.11663363,12.25667546,8.530185024,15.59608274,16.70726646,15.42928438
20622,12.33810487,16.3452284,13.08788964,9.669545317,14.24638269,20.33534225,13.97750683
20177,11.95466565,15.77038605,13.70682287,11.78408664,16.8386793,16.99334526,12.95201423
41419,12.73614966,16.11856593,14.0167265,13.20448729,17.25330423,14.32971938,12.34104702
4423,16.76898212,17.05603071,9.489997662,13.27813341,14.49342,12.38137269,16.5320634
3989,15.80335391,17.33312154,9.158248971,12.63197844,16.51117288,16.19301788,12.36910639
3548,16.56724124,16.90222081,9.236764798,11.8224747,16.23033425,12.8765473,16.3644169
31656,12.89193953,12.7479298,15.9637833,13.12213837,17.56678038,14.6267826,13.08064601
31174,12.8825058,12.60509255,15.88388443,13.21000054,17.36580389,14.58275064,13.46996214
13652,14.32625776,15.0162277,13.6827368,9.976811866,14.6538564,19.68937002,12.65473944
39990,16.70917708,13.64178443,13.08548378,10.89565698,14.03858524,19.0328157,12.5964968
14083,13.71445821,15.25840471,12.56185651,11.29768375,17.15564575,15.86633668,14.1456144
3858,13.44736035,12.2582646,13.9736529,16.22154342,11.30651389,13.79597417,18.99669068
4740,13.5882208,13.30631296,14.24556844,14.73919547,10.79510078,15.66936781,17.65623375
3533,13.20224804,15.16912422,15.39109022,16.05569013,18.43526142,10.48387559,11.26271037
4414,12.33202814,15.01408889,16.14199839,15.99019751,18.02757399,11.21371867,11.28039441
4889,14.10913465,14.85669766,11.53084259,15.87221676,16.60234107,10.54013172,16.48863555
4982,13.64223087,13.15456788,13.97926135,13.51809146,15.03365621,15.10436245,15.56782978
40920,15.37162102,12.67725428,12.365577,12.00958796,14.64456236,16.6082257,16.32317169
20202,12.90651253,15.7423325,8.46534696,9.092455423,16.78178329,19.02536422,17.98620507
20657,12.90651253,15.7423325,8.46534696,9.092455423,16.78178329,19.02536422,17.98620507
27207,15.33625036,14.51602727,15.85111763,13.82615456,17.52576005,12.17187716,10.77281296
26744,18.16019873,13.42168031,10.95110222,15.08809051,22.18486748,10.52619866,9.66786209
26317,12.31530021,14.30736588,2.25913957,36.45664669,18.89125822,2.675178654,13.09511078
41104,15.04312431,18.16710701,13.04382128,12.04447529,11.74225501,15.95902109,14.000196
3715,14.44928281,17.39685928,12.03893144,10.37480028,14.74884578,17.07768921,13.9135912
4593,14.43317224,17.930739,12.52547827,12.92281553,14.11480932,16.58818914,11.4847965
5041,15.45037951,16.35201259,10.29222362,13.88536309,15.4236623,15.11358002,13.48277887
4118,15.90682977,17.771373,10.33953789,9.835497414,13.9760878,18.5983545,13.57231962
21019,14.34163563,16.25354104,15.62425742,15.50514341,14.5503199,11.91178807,11.81331452
21932,14.34163563,16.25354104,15.62425742,15.50514341,14.5503199,11.91178807,11.81331452
41540,17.2481009,14.43147045,12.68268948,14.94587133,10.27366855,13.39753288,17.02066641
20323,13.01794097,17.0542483,16.27996123,12.84306935,12.62156519,13.79409272,14.38912224
20749,12.7568799,16.36708555,18.28910302,12.67630133,12.57114726,13.2523452,14.08713773
22375,17.98456974,16.11509932,14.45522436,16.13415488,14.25576386,11.37989467,9.675293173
41042,17.16638396,17.1682648,14.2157808,11.97278136,14.44681478,13.92865614,11.10131816
3135,16.55476305,15.48239927,14.02797378,11.30455647,15.79901666,15.01669744,11.81459333
3761,12.34041792,14.54298634,13.76810956,10.63380778,16.18424498,17.49320313,15.03723029
4637,13.18524546,14.12633056,13.55777476,11.7202095,15.662027,16.75771952,14.99069321
4161,13.04301746,17.30176237,15.5800789,9.788695558,13.90988781,18.01828277,12.35827514
15552,14.1639368,17.83810397,14.91551786,13.30652199,11.76501821,14.32071483,13.69018634
14662,13.48183959,17.59109108,15.70477176,13.08088359,11.47412686,14.711313,13.95597412
38828,15.69811855,13.42164838,11.89622835,14.09286818,18.49739474,14.73783572,11.65590608
39326,16.03508942,14.81646181,9.61474267,13.77181883,18.72327327,14.5752412,12.46337281
8024,13.26670219,15.59233991,15.67867056,12.86772423,14.43782178,13.6341682,14.52257313
8479,13.26670219,15.59233991,15.67867056,12.86772423,14.43782178,13.6341682,14.52257313
2697,17.31976769,13.97652981,8.375284168,14.08416749,19.21007262,15.15951172,11.8746665
39713,12.46688183,15.73153104,14.09076572,16.02878226,13.54220266,13.09280003,15.04703648
4710,10.97215297,14.28910113,15.10743107,13.75020868,16.82633821,12.19110181,16.86366613
3406,16.16964755,19.02011857,17.00427682,11.64606022,14.24595258,12.80375154,9.110192715
27687,15.57952482,17.48501568,12.99425057,14.05478937,13.52323271,11.91494042,14.44824643
27762,15.6480884,15.12966919,12.19966451,10.05645559,13.03546012,19.80205185,14.12861033
40915,19.23020153,15.82902769,7.778101306,14.14432497,15.8840066,14.00830107,13.12603684
2710,14.87297918,11.63152058,20.38217927,14.11367943,11.08481322,15.57322238,12.34160594
38829,17.80080717,10.03399077,19.25907747,13.94574835,10.39023325,14.07772579,14.49241719
3131,13.55220536,14.35877228,16.60327458,15.89958327,11.08880926,17.81401423,10.68334101
22270,15.06798254,12.81247489,12.499791,11.59740114,17.5014811,15.86997421,14.65089512
21348,14.45851536,15.5961706,13.3168275,11.53377456,14.69802677,14.97529781,15.42138741
21825,14.41792456,16.06366178,11.69387778,10.08022268,17.81589679,15.30530216,14.62311425
20908,13.75088503,15.51332135,14.45308523,10.14151804,16.44478154,14.58985282,15.106556
20742,18.95181993,15.07919643,8.133284916,11.97372227,12.70724427,18.01880984,15.13592234
41542,20.31602133,17.21676112,11.78884321,12.24674325,10.32532985,15.72731864,12.3789826
20333,18.9302744,15.60845097,12.90667068,11.85293058,10.42354289,16.64266108,13.6354694
22264,12.08861329,16.10946786,13.04637981,15.73196041,15.57240403,13.16112065,14.29005395
41371,12.10810686,17.89799912,15.90068404,11.5034581,11.66948082,15.43213722,15.48813384
41482,21.57314356,12.77866922,13.4611153,13.52143468,12.92501075,11.7652396,13.97538689
41083,18.59469921,12.41000042,13.85145126,13.57586608,11.589767,13.50069564,16.47752039
20056,12.32955518,14.36008435,12.70341188,12.38119442,16.93921847,13.69249156,17.59404413
5903,12.8291499,12.38395611,13.52713615,16.73991541,16.59114787,11.34107632,16.58761823
38925,14.88695139,13.78977992,14.16215382,9.267299573,12.48313129,18.3400307,17.0706533
2791,14.25317462,13.28910323,15.64739465,9.189706007,12.78166618,18.06098117,16.77797415
41302,13.13921574,12.60216437,13.868608,13.82609326,17.19502605,13.52749946,15.84139312
36953,17.36935045,14.04058288,11.22752743,18.78911746,15.11321929,11.79833701,11.66186548
31147,12.48957826,13.76722921,15.93040387,11.76741082,13.92136654,16.25780717,15.86620414
31625,12.48957826,13.76722921,15.93040387,11.76741082,13.92136654,16.25780717,15.86620414
21305,18.33674027,15.49411167,13.5559906,11.25740629,10.70243565,13.95570478,16.69761074
40803,15.96036607,15.70736388,11.32519398,13.7803301,15.6748829,15.14513766,12.4067254
21730,15.88454715,13.43271132,20.34603663,9.802451015,14.29491765,15.08320315,11.15613308
40869,18.3792295,12.83666029,12.7324585,14.86912728,12.58720907,13.29171688,15.30359848
4694,13.06090104,15.70610411,12.76144316,12.71865582,16.03190823,15.65051871,14.07046891
3786,11.8801382,15.94490336,13.85071864,12.64568471,15.04366237,16.42791188,14.20698084
39709,13.44846967,17.99698801,14.2650631,9.977469221,15.6223763,15.39553975,13.29409394
4198,11.87539722,15.49995312,15.82885598,12.03544914,16.04251505,15.23384501,13.48398449
22174,17.1233124,15.18586657,10.14323225,10.57158179,12.99719269,18.95560297,15.02321134
21307,15.59377531,13.8449519,14.59005348,12.00721105,14.52300842,16.57734437,12.86365548
21735,15.83870329,14.62928515,13.03693406,12.42298952,16.16295269,16.41830553,11.49082977
34952,16.94810039,8.928463698,15.42950735,18.61741292,17.24945832,9.454528644,13.37252868
19562,17.08377756,21.4077845,7.625307756,9.056543923,14.79636234,16.89452945,13.13569448
18904,12.76141497,14.82564209,2.340975619,35.7829765,17.94743162,2.772085482,13.56947373
3766,12.28979168,15.30007724,9.933309454,12.57441589,17.56979083,14.84231727,17.49029763
4168,12.28979168,15.30007724,9.933309454,12.57441589,17.56979083,14.84231727,17.49029763
5054,12.61714213,17.11201658,13.73804796,13.84396046,11.13536464,13.47541731,18.07805091
21579,16.54550535,11.0202746,19.54705811,12.32603173,14.52814384,11.27704396,14.75594241
27684,19.95073976,22.14055494,4.204645902,12.72111308,15.17369863,14.25502357,11.55422412
38358,15.52938388,15.05363724,13.53846802,14.92536048,16.69483731,13.68959264,10.56872043
20475,19.31545753,14.40285668,9.588162545,16.76655633,17.98659712,13.56589084,8.374478943
20002,14.84289716,11.98971077,10.40533966,15.51468808,19.53360634,14.04577521,13.66798277
41235,14.66886044,12.25989356,10.26457098,16.32213949,18.33215059,14.79237905,13.36000589
31811,11.73204696,15.10336529,14.53608392,11.26395169,14.89432225,17.59728766,14.87294223
31344,11.61455208,14.89756604,14.92330899,11.25690209,15.05217323,17.41170783,14.84378974
17747,13.61776786,11.64939181,12.85505502,20.21674519,17.39961832,10.47806944,13.78335236
40891,14.42444919,15.58612053,12.7869646,9.297469459,14.56255126,19.10062333,14.24182164
16877,13.47471142,12.33985385,10.15250242,20.16526484,19.00558666,10.6654756,14.1966052
2930,15.58330883,14.74053332,12.25086095,10.2830719,14.87243727,18.09810685,14.17168088
4823,14.96214728,15.48502827,10.13622415,12.20568156,16.40015528,17.58887642,13.22188704
39066,18.61310892,17.02609111,10.74389769,13.83671656,11.17050421,16.19074446,12.41893705
3050,17.4089118,14.4337079,11.08135661,14.61623977,13.55789636,13.34102768,15.56085987
22188,13.17434952,14.29500825,17.15168518,16.19545939,11.68794115,15.71271936,11.78283714
3191,19.30890865,13.631979,14.57927382,13.84635489,15.31009872,13.66995538,9.653429544
2785,18.7564419,13.9346288,12.59166917,16.38859225,14.42731412,11.67737132,12.22398244
5354,18.12814342,14.86085222,16.96461937,14.32309235,10.36806138,10.88333464,14.47189662
37381,19.22474207,13.84123565,17.08148022,13.78523383,9.611489398,11.52952943,14.9262894
17258,14.81437431,18.30009637,13.33258562,11.95214574,13.33198387,15.73533408,12.53348001
17693,14.81437431,18.30009637,13.33258562,11.95214574,13.33198387,15.73533408,12.53348001
2476,15.12623074,16.09167907,15.17704592,11.67539674,13.56864574,13.45349078,14.907511
25120,14.28888666,16.86705894,12.17442181,12.36215212,15.52969768,14.30389747,14.47388532
25788,13.35763529,14.91832727,15.4454781,11.97994162,12.48647831,16.22156203,15.59057739
24716,12.19712192,14.65141862,13.40417392,12.73097969,13.87856558,14.96168605,18.17605424
25444,11.77231936,15.67316486,12.46233178,12.29620199,13.66729584,16.73353423,17.39515193
23877,19.56156055,16.07284573,8.679757878,12.2658467,14.80395924,15.02992412,13.58610579
24308,18.56974534,13.82280139,16.47640212,13.40953177,14.43077362,14.05666148,9.234084285
7695,18.8622333,13.13953368,12.49214928,17.30776517,14.20843212,10.46391049,13.52597595
12921,16.74943726,17.68371683,13.48107442,11.96407003,13.79050852,12.59429841,13.73689454
40439,13.59752486,14.3559728,14.68720778,12.42108136,15.06000572,15.96803803,13.91016946
16235,17.29280841,17.1765488,15.22926642,12.93913437,12.32196453,12.60481744,12.43546003
18746,20.57684678,13.17890298,13.32410777,13.46271253,12.74632631,14.20455442,12.50654921
19125,20.69728859,13.38305604,14.78901047,12.94988308,12.16352903,13.21534603,12.80188676
35141,15.83000129,13.8987257,15.82158202,15.24795349,17.72845255,11.19842266,10.27486229
733,15.01639505,14.68865877,14.34033355,15.19080031,14.84829683,13.08838061,12.82713488
334,14.37051005,13.10614849,19.93098875,15.11462636,16.55995534,10.70463925,10.21313177
38897,14.21696468,15.36164101,14.3224054,12.00720411,13.70195458,15.88512403,14.50470619
13868,17.04252616,18.13897916,7.605451794,16.52430609,15.91685187,12.34345431,12.42843062
39739,18.64577333,13.59707982,6.713352485,18.85459099,17.54484428,8.738627328,15.90573176
13401,16.54049482,15.5102561,6.132627506,18.85092508,16.04953922,11.06451419,15.85164309
40240,14.40920831,12.40002943,8.603262299,20.03169233,20.0463172,12.9811969,11.52829354
29473,13.00482796,13.13983162,15.07591954,20.484177,20.42368275,5.880300324,11.99126082
33831,14.24631079,19.32992402,14.92427213,11.36057644,12.664735,13.92957849,13.54460313
2152,13.41725875,18.27809386,14.91321769,10.55805781,12.22193574,17.13766935,13.4737668
1265,13.34359513,18.63845494,14.98679653,10.32432708,11.99910886,17.32458231,13.38313515
23601,12.76141497,14.82564209,2.340975619,35.7829765,17.94743162,2.772085482,13.56947373
38392,16.79014837,12.29277392,14.54581394,13.67671477,15.31670109,14.93959347,12.43825444
37901,16.48655374,13.12187701,15.05102221,12.00116648,15.37193518,12.79301096,15.17443442
18474,15.98251684,17.32006046,12.65670548,13.64818878,12.8174982,11.78659225,15.78843799
10845,14.41788321,15.45427363,13.24261621,12.85381822,17.13623418,14.69207118,12.20310336
11282,13.03586524,15.69067646,15.23338257,12.07308929,17.38783719,13.80517709,12.77397215
36496,18.0716847,15.29413513,11.86965577,14.22784181,16.39683541,12.07263718,12.06720999
36002,15.98803954,15.41617389,11.6630049,12.07466811,16.1296202,15.37038596,13.3581074
12024,13.92797806,9.970511125,8.671166141,25.61141884,15.92960636,5.882808052,20.00651142
12312,13.92797806,9.970511125,8.671166141,25.61141884,15.92960636,5.882808052,20.00651142
40037,14.04658844,20.25982036,14.68987733,15.43641169,8.77280395,13.28455065,13.50994758
40513,12.42963652,17.00491016,17.18235201,16.11264155,9.485646723,11.74871913,16.03609391
10686,18.01906362,13.01177281,9.992041782,17.81248015,12.93899254,12.52368421,15.70196489
11164,17.50461219,12.9792413,9.838758912,17.37885161,13.029317,13.42573349,15.84348551
35862,21.15247054,16.07531633,8.56831039,18.79824519,13.90736528,11.28012262,10.21816964
36353,17.90999033,15.73357659,10.74906433,17.19264745,13.16366221,12.80885848,12.4422006
17837,14.61748972,14.87366427,12.25998057,11.12936997,14.59700448,18.81811384,13.70437714
16980,18.40262868,13.26663531,13.35675473,11.97567377,12.11735792,17.84056033,13.04038926
29350,22.13577095,14.55788358,12.31054264,10.17084666,10.12026407,17.22538449,13.4793076
29390,18.88050394,15.29190391,9.191342158,14.67131264,14.59561425,12.95518835,14.41413475
27870,15.23589536,8.500031499,14.84730553,20.22642227,18.78770818,8.857461383,13.54517577
28295,15.23589536,8.500031499,14.84730553,20.22642227,18.78770818,8.857461383,13.54517577
28754,23.41400969,11.95121055,9.730490039,17.72292274,13.67534245,11.88167221,11.62435231
18106,21.61959385,11.14558604,16.81031287,16.26329298,10.09970803,11.72277725,12.33872898
17180,23.21842615,11.614722,16.334756,15.92783325,9.419704583,11.70183265,11.78272537
6795,14.69111247,11.89925618,21.88003577,17.49669955,13.7788433,12.01333588,8.240716848
24448,14.10372615,11.83279547,14.36920573,16.41962393,19.58515263,13.41323969,10.27625639
11621,14.98363832,16.59600569,15.75229355,13.475292,12.76954476,13.03529353,13.38793216
12530,12.94431263,18.03256265,15.5627308,13.45786353,13.33735523,14.40975779,12.25541736
14011,14.79910669,17.24982388,18.15060495,14.07088146,11.18574728,10.08048881,14.46334694
13030,13.24176744,18.4267455,13.90374742,11.54203352,14.59611825,16.24279506,12.0467928
34042,17.76234642,21.76493681,12.29449329,12.14492895,12.00179306,13.00566888,11.0258326
34520,17.14842561,15.80105046,13.91894689,12.29956913,13.88617979,12.91002011,14.03580802
5511,15.28157052,17.17156814,13.55253522,14.55656421,13.14555401,12.70048083,13.59172706
37512,16.14846156,18.1397171,14.33716739,13.96378758,11.45369188,12.39174281,13.56543167
33215,12.90741312,16.73610438,18.2297086,12.23946797,13.37065601,13.34062089,13.17602903
33660,14.12772358,18.69019918,16.48948382,11.1703863,13.76764322,15.419155,10.3354089
34124,12.86412279,15.27557736,17.84378459,11.12230188,13.15368435,14.4843683,15.25616073
34582,13.35443516,18.5987931,16.0789891,10.96473312,14.82413343,16.02286818,10.15604791
6704,17.77912141,14.13020333,12.26692939,13.63200051,12.14743776,14.81375033,15.23055728
26360,21.49760128,14.30822503,12.50221492,12.41891795,13.1265125,13.69277294,12.45375538
26784,21.49760128,14.30822503,12.50221492,12.41891795,13.1265125,13.69277294,12.45375538
13362,16.57163872,16.15237316,10.51359935,16.9977944,16.02369375,10.57508923,13.1658114
40609,14.89866049,17.16465608,13.28901017,11.67764395,10.0191038,14.87216749,18.07875802
35344,16.12164775,12.63782525,16.85268908,14.25012919,14.28147737,13.30751061,12.54872075
30867,12.27676914,13.75694472,16.00623412,22.24526336,20.13529033,6.83204124,8.747457103
30502,13.56129508,11.13755609,19.17454209,22.04535639,13.85717951,7.526938859,12.69713198
29796,14.26800343,11.43197597,19.63371595,22.92642405,12.94037873,7.70722641,11.09227546
34781,21.33561798,15.60258921,11.48763701,8.543319813,13.50864785,18.44210251,11.08008562
23384,12.76141497,14.82564209,2.340975619,35.7829765,17.94743162,2.772085482,13.56947373
25235,20.09032062,17.99098013,10.60111851,11.83057409,12.35909175,14.56125464,12.56666026
27650,16.49835871,16.76357845,11.38042387,11.45371653,16.4074455,15.47423764,12.0222393
24875,17.89311537,17.9034009,11.66373312,11.05839154,13.61852073,16.07628222,11.78655612
25559,18.69671503,18.43888256,8.04075447,9.403338372,15.13607268,16.90560966,13.37862723
23041,13.5310395,14.6458971,16.77149376,10.51596654,13.16521875,17.21980155,14.15058281
23489,13.5310395,14.6458971,16.77149376,10.51596654,13.16521875,17.21980155,14.15058281
29367,22.15450672,18.04293168,9.873195452,10.18499565,12.15736597,15.10552409,12.48148043
11735,16.50318413,15.15145747,14.07749336,14.34457891,11.17821045,12.93278861,15.81228707
12121,16.50318413,15.15145747,14.07749336,14.34457891,11.17821045,12.93278861,15.81228707
7227,16.77070489,13.44167678,11.87828543,13.41620978,13.91964351,14.44560111,16.1278785
7701,18.25720773,18.30732283,11.40888772,17.96204229,13.00420745,10.9603441,10.09998788
6349,17.27964424,14.48317558,11.98250141,14.05152877,12.93502539,14.29130568,14.97681892
6764,18.86813351,9.991658112,7.387498129,18.95437848,14.53057097,13.21991223,17.04784858
33243,14.74453578,18.0263956,14.83652093,13.01464438,13.79596193,10.8293723,14.75256909
34156,14.78097784,18.8482049,14.3018978,12.54830539,13.90547447,14.62542154,10.98971806
36258,16.43627523,19.70695801,10.34364226,14.38393173,16.38485169,11.48436948,11.2599716
7639,18.96938122,14.54634095,10.61529674,18.20287575,15.42944207,9.619886634,12.61677664
35357,16.45102488,12.87898021,16.21569339,15.0578253,14.9228536,12.9058106,11.56781203
16288,19.27317766,20.66752918,7.415532902,14.12559666,13.41548492,13.07358965,12.02908904
16696,19.27317766,20.66752918,7.415532902,14.12559666,13.41548492,13.07358965,12.02908904
40946,20.18908779,19.65644408,8.534664156,11.6083941,13.74630315,13.30863395,12.95647277
41445,24.15873441,24.67497574,2.782866008,9.199862948,6.519158345,19.58049472,13.08390783
25353,14.43302866,14.43384425,15.00172816,12.18672986,15.97142481,12.90756956,15.06567471
25714,13.21258673,15.10176759,14.5895337,12.84366377,13.64572329,14.66915697,15.93756794
24614,13.78428187,13.25296012,15.04322313,13.91053159,17.42185099,11.71925255,14.86789975
2849,9.929452916,17.99704696,16.47684987,11.61841511,16.60091711,15.43726547,11.94005256
3241,9.929452916,17.99704696,16.47684987,11.61841511,16.60091711,15.43726547,11.94005256
25049,19.04169729,14.06205176,13.48102634,17.83519621,16.54621355,9.600976661,9.432838201
11759,18.07403805,12.74047784,10.56176126,12.75500364,16.01644723,13.17990288,16.67236909
12277,15.82849965,27.56664581,5.259261413,9.960898122,14.93359715,17.59664648,8.854451372
11891,14.24050404,19.87760525,11.51725926,8.774739919,13.79893944,19.22803024,12.56292185
36730,18.20715478,21.63472972,13.09583487,12.59212671,12.55281437,10.24107276,11.67626679
12328,12.76141497,14.82564209,2.340975619,35.7829765,17.94743162,2.772085482,13.56947373
28923,18.37358075,13.39649082,14.63491766,13.74830449,13.22173069,12.49967996,14.12529563
33827,14.97254566,18.85403167,15.48630571,8.639399905,13.08533515,18.30605839,10.6563235
16880,19.409317,15.68380248,9.30177092,16.73912422,13.45224555,10.97276559,14.44097423
17752,18.7124034,15.21973011,9.940449922,16.22741163,14.95173709,11.33155045,13.6167174
16254,13.98042401,14.13421174,14.04285,12.7510173,15.48989552,15.45841286,14.14318858
16665,13.98042401,14.13421174,14.04285,12.7510173,15.48989552,15.45841286,14.14318858
30730,12.68959381,14.5015065,15.11497815,12.21811814,14.19371986,14.70677246,16.57531108
5644,15.01344245,15.57627544,15.43363237,12.26302804,10.04959618,16.37370735,15.29031817
6052,15.01344245,15.57627544,15.43363237,12.26302804,10.04959618,16.37370735,15.29031817
7607,18.65644347,19.9164953,10.60209011,14.46681779,10.06391148,11.80494893,14.48929291
6246,18.8077205,17.89416712,8.218917978,13.09284872,9.542960151,15.58726551,16.85612003
7130,17.10042202,18.06412215,10.31613383,13.3144849,12.66171149,12.52367198,16.01945361
33419,14.909141,18.60029108,11.41430358,8.652396417,15.11705409,18.60212453,12.70468931
16633,17.69359655,17.53104975,8.930110409,17.82288312,19.45871169,11.07820095,7.485447523
16217,17.79377725,17.69493899,8.596601681,17.7816542,18.11958899,11.27375905,8.739679832
23969,15.75604931,17.3556069,11.96338767,11.8029307,16.10658955,15.34967686,11.66575901
40989,18.09225903,16.22100301,7.375167465,14.71892118,14.91745689,13.60419782,15.0709946
41034,15.47213122,15.32374126,14.518714,12.89320999,13.95221677,14.54373387,13.29625289
21018,13.42282059,14.47204694,14.39823553,12.92078648,14.92113717,16.54472323,13.32025006
21928,13.12319744,14.6662844,15.02587431,14.05660925,15.82821283,14.91769706,12.3821247
24102,15.38271289,17.12948451,16.30947713,10.92591997,13.43435858,15.15934629,11.65870063
22932,13.93096248,14.8315659,11.77233385,11.79101903,14.49838352,16.50622907,16.66950615
23396,13.93096248,14.8315659,11.77233385,11.79101903,14.49838352,16.50622907,16.66950615
22033,19.04481662,16.37967293,9.691643162,13.74778635,17.17632664,12.34388198,11.61587232
21149,19.31522448,15.24382432,10.87756399,14.39788217,17.16922829,11.58286331,11.41341345
22484,19.31495427,14.22284772,14.06606899,15.45971486,13.49834524,10.01530483,13.42276409
11850,16.88372915,19.4186665,13.43051955,13.6552166,9.819557468,13.92981844,12.86249229
12738,15.49682515,18.61091307,14.57834533,15.26716896,12.03355024,12.17620519,11.83699206
13222,16.31998276,17.7321427,11.59752482,13.04434732,11.21279332,15.90012766,14.19308142
12223,22.76307326,22.16262059,8.651626246,8.378644232,9.281705884,18.3007464,10.46158339
5735,14.93504696,14.10519148,13.91352548,10.01454441,15.37572654,15.21211311,16.44385202
19633,16.98268433,13.42069395,13.3427046,13.57452275,15.91565175,15.57862995,11.18511266
5267,14.11523524,13.12652649,15.56396671,13.09496484,17.04163768,12.40660413,14.6510649
37281,14.93096992,12.95019499,15.19470622,14.58974485,17.95903973,10.86822091,13.50712338
2579,15.33632278,13.80466963,11.83302089,12.6866593,14.94202135,16.051044,15.34626205
14878,11.0604064,14.68555174,17.63505274,19.33989831,15.41930873,9.291937531,12.56784455
18330,13.76843152,13.60531197,13.85360124,22.19338199,14.06122231,9.129611791,13.38843918
36135,15.7659896,20.8206467,12.08301692,9.880403372,13.39796068,17.2405887,10.81139403
1867,16.92115694,13.24232456,11.9099906,12.60911901,15.98818756,15.05660439,14.27261695
988,15.90792382,12.79669315,12.33197519,12.27584819,15.87903336,16.55934607,14.24918022
2304,17.2121098,16.04912342,13.20878885,14.30723973,13.91214966,12.97719505,12.33339349
1407,17.27704837,12.88259662,10.8382058,12.11619579,16.30544018,16.3972087,14.18330454
12879,16.28065497,16.71840167,12.94404038,13.58578246,11.78909548,13.78747592,14.89454912
11994,16.09111839,16.68747686,10.3601502,13.1243943,12.31536031,15.13587069,16.28562924
36734,21.88017035,25.03519865,5.999158618,9.804480931,12.8128192,14.82031905,9.647853203
35193,17.62913207,15.37885785,5.173093523,16.52763075,14.4803961,15.33051988,15.48036982
26960,17.0837628,12.70876996,12.49177758,18.77900605,16.03970166,12.39743691,10.49954504
27076,19.83077203,17.92749775,8.268002099,12.963541,11.97528135,16.17068529,12.86422048
27573,18.60174371,14.81145908,14.6466469,16.39307919,14.59889534,11.85821626,9.089959523
26255,16.26889758,13.2911502,14.86776479,11.21070477,14.99937428,16.22510844,13.13699994
26674,16.26889758,13.2911502,14.86776479,11.21070477,14.99937428,16.22510844,13.13699994
2057,12.97218553,18.10203321,13.46043236,10.79391258,11.94940933,18.76916717,13.95285982
33446,16.79342507,17.17720143,11.82835517,8.858438816,11.32406456,20.0783646,13.94015036
26002,15.7800099,17.74713967,9.5875976,16.67601569,9.914039939,17.18634875,13.10884845
25314,18.14481781,12.36673062,13.24905123,15.95671731,18.08162784,12.0274477,10.17360749
25025,12.08027388,14.03432279,2.216025942,36.83740688,19.36264274,2.624125297,12.84520247
32064,11.69917949,15.02357856,15.28452463,13.47472231,16.89804464,11.83147842,15.78847195
32545,11.69917949,15.02357856,15.28452463,13.47472231,16.89804464,11.83147842,15.78847195
29311,14.08011649,16.47875504,14.03989635,13.40237343,12.35542356,16.57695671,13.06647842
14151,15.49082337,22.96228528,15.58506153,11.90019344,12.15043344,13.10774696,8.803455977
2867,15.01362353,18.42718692,15.70586181,10.5118013,11.95263539,15.77864101,12.61025004
3258,15.01362353,18.42718692,15.70586181,10.5118013,11.95263539,15.77864101,12.61025004
36021,15.70990302,20.05575133,11.71091777,11.49928445,13.30102005,15.62258252,12.10054085
24161,14.36983095,16.51726789,14.24125635,11.16998752,13.27636844,14.53654646,15.88874239
10853,12.08027388,14.03432279,2.216025942,36.83740688,19.36264274,2.624125297,12.84520247
19451,16.27698106,19.58172472,11.7685258,11.36661887,12.20479959,17.18296996,11.61837999
18732,16.83789656,22.089278,8.664051583,9.870624687,14.42482882,16.59731041,11.51600994
7677,17.52210599,19.72284049,11.85347033,9.263505195,12.48850404,17.49207306,11.6575009
6754,16.61134811,11.80904337,12.76805761,14.95667984,19.07318551,12.06276967,12.71891589
6331,15.82122411,11.07549547,12.53451265,13.01447066,20.54856831,12.12919273,14.87653606
7211,15.49456797,11.00742876,11.01977178,15.15309707,20.30790867,12.59815758,14.41906817
611,21.95967788,19.2992045,5.840377464,14.56708186,15.63043141,12.94358645,9.759640433
34991,17.4458088,20.31259154,10.60944945,14.13316928,16.34713039,12.28442052,8.867429999
202,16.76689282,17.26600113,12.01386152,12.33406401,16.66339893,14.62149457,10.33428701
38316,16.62138372,16.0489092,12.87756977,13.51550272,15.2620241,14.26687138,11.40773911
3467,14.13407195,12.89056992,14.65675866,11.22862044,16.59744726,16.5687569,13.92377488
4355,14.32468938,13.52471593,12.7141208,11.83826553,17.21236732,16.43041824,13.9554228
4836,12.86749191,17.95140418,13.33347304,12.00246284,14.74191122,16.76511573,12.33814107
4851,11.68982223,15.06525753,15.30340932,10.79867696,14.30169635,17.67480223,15.16633537
4374,14.45922539,17.50428765,12.70057513,9.205204625,15.02640573,16.82619342,14.27810805
38959,12.55165292,15.25280147,10.95736892,15.13348875,15.42872361,15.22530016,15.45066417
39425,14.47639587,13.08193561,15.55017493,15.56044131,13.32572395,14.80861775,13.19671057
2824,13.51674226,15.16426789,16.02898639,10.7515301,13.83298476,17.98615606,12.71933254
3218,14.01174049,15.99995965,13.46363731,10.88723433,13.83401556,18.83457149,12.96884116
37468,14.5968291,12.20948513,16.27166785,18.92721218,19.13454186,9.99821217,8.862051695
5466,11.83918228,13.75423334,2.17179969,37.24375638,19.83042905,2.571754419,12.58884485
38833,14.55000862,13.33103005,11.90510475,11.42507945,16.75578618,17.14290013,14.89009081
39334,14.66521565,11.60111546,15.74873905,12.40328203,16.39243196,14.35982615,14.8293897
2707,13.6161864,14.40348185,13.15528372,10.33031186,16.1349692,18.57747069,13.78229627
5118,14.75035195,15.42296587,12.91913949,10.66385842,15.7835727,17.91742327,12.54268831
21546,22.32440428,14.97717887,11.81733332,13.10701787,12.2634924,16.11588109,9.394692166
37940,16.18486536,11.05583956,14.83648346,14.22262679,12.23263819,13.86416393,17.6033827
40890,16.93354078,12.89547678,13.58231706,16.68336557,14.139244,12.49263658,13.27341922
41335,14.7082605,16.99818887,14.09164712,12.19074503,13.26907286,14.51006258,14.23202305
20084,15.81857931,16.10601652,13.05369007,11.93007031,13.56546939,14.32480067,15.20137373
22502,13.8477421,19.5562691,9.149644542,10.53855996,13.85424321,18.36746515,14.68607593
41117,20.90399826,26.09566258,4.259472049,17.24839363,19.28504784,5.704627052,6.502798592
20835,12.76141497,14.82564209,2.340975619,35.7829765,17.94743162,2.772085482,13.56947373
19376,18.03933832,15.65336247,13.16303904,11.20015179,14.75820334,16.17897401,11.00693104
841,13.50827146,13.07318955,17.20259118,18.28135246,17.34539138,10.94744005,9.64176392
8035,12.80530005,14.57361382,18.29834599,12.51401059,16.38488647,14.32429112,11.09955196
8488,12.80530005,14.57361382,18.29834599,12.51401059,16.38488647,14.32429112,11.09955196
1733,12.92241587,13.21239969,17.52143335,17.23999377,16.72885119,11.25950986,11.11539627
35526,12.32231655,16.10140474,15.55511409,12.95888082,11.83093849,16.0160277,15.21531761
2190,17.53278313,12.28818543,12.62727411,12.74918182,14.74163281,14.06996484,15.99097787
39764,17.94313916,14.68219464,7.582827242,17.8514592,16.01294187,10.182858,15.74457988
13426,16.89946303,14.48261937,8.618860468,14.29244738,15.45516082,13.4253728,16.82607613
33696,22.15626579,21.12881732,10.13058568,19.79939368,16.16033701,4.635226753,5.989373768
22081,15.278762,15.29639018,15.85196666,12.71916308,13.55825765,13.83267495,13.46278548
21184,15.57631588,15.34390723,15.11399231,11.4096555,13.77905608,13.76801219,15.00906082
41147,19.37230172,16.68793255,12.40150542,16.0566929,12.2161268,11.88626081,11.3791798
31987,15.46972891,12.52810321,11.92160585,15.49659251,17.03049571,13.52433719,14.02913662
32479,15.46972891,12.52810321,11.92160585,15.49659251,17.03049571,13.52433719,14.02913662
35540,26.3823601,12.20562095,6.59153214,14.05893366,13.22451066,14.05765067,13.47939183
2188,17.18697047,10.92199327,14.82788744,17.99854784,15.31533565,11.15517863,12.59408669
35069,16.88163397,12.61659031,14.77933561,13.75623423,14.35572593,15.56206303,12.04841693
265,15.89359193,13.10516829,15.60042599,14.15114205,15.83142729,13.84698711,11.57125734
677,15.08788829,14.24502697,16.87967579,12.98392142,15.42706462,13.67979499,11.69662792
32115,11.1827996,14.01186583,17.04667035,14.87125588,13.82931154,12.4479091,16.61018771
32621,11.1827996,14.01186583,17.04667035,14.87125588,13.82931154,12.4479091,16.61018771
3303,12.92390735,15.73904291,15.93547506,11.3615875,12.35758677,16.51546644,15.16693398
39041,14.4788964,14.53841318,8.518648039,14.36189604,14.29254569,17.01979857,16.78980207
36847,15.57033952,14.05847919,13.45580053,13.34786076,14.32212434,15.20901045,14.03638521
37562,14.70320557,15.66393347,14.10213221,14.44769769,10.86626431,16.28699178,13.92977496
1449,13.53214821,16.43877095,15.03984709,10.86571071,13.76282028,18.38188863,11.97881414
15811,12.90170814,16.27070577,14.34106695,15.57631085,16.93588468,11.88129223,12.09303138
32110,14.38837386,21.19521056,14.08305797,15.10810773,15.72180082,10.43321558,9.070233468
32587,14.38837386,21.19521056,14.08305797,15.10810773,15.72180082,10.43321558,9.070233468
33897,12.81146619,17.75578291,16.82169203,12.89130359,15.10328831,11.14160538,13.47486159
34393,11.43707728,19.04136088,15.18125429,14.17660847,14.65639993,13.50344951,12.00384963
32967,11.92230281,16.78640222,16.67113631,13.60197659,14.78578787,12.15572021,14.07667399
27188,16.9521742,19.16137586,9.433660169,8.078083135,14.73242161,19.36576473,12.2765203
26299,18.34749114,16.35333602,12.82729053,10.74419851,14.29430073,16.6427433,10.79063977
26731,18.34749114,16.35333602,12.82729053,10.74419851,14.29430073,16.6427433,10.79063977
30939,12.76141497,14.82564209,2.340975619,35.7829765,17.94743162,2.772085482,13.56947373
40043,17.75644503,13.63072523,14.99675085,11.96704125,15.09394302,14.50180285,12.05329176
13707,16.96073351,13.58950011,15.51623413,12.03086411,14.73028475,14.83017186,12.34221152
14130,16.56673743,16.43656881,10.67231878,15.07030992,15.85880393,14.38985978,11.00540135
15646,13.43686049,16.98323604,14.73627812,17.3381449,12.74974249,11.41454802,13.34118994
10504,19.04917717,14.37088333,11.48748473,13.71624843,13.20174779,15.23882549,12.93563306
6428,15.03106272,16.09581657,12.63102841,12.85242137,11.79073171,13.72754016,17.87139906
7751,13.0780001,18.41822574,13.30260698,14.13603355,12.99331502,13.34242429,14.72939433
7323,13.85425289,16.10306659,14.46407503,11.66381673,10.75469122,14.99517118,18.16492637
32256,12.35561729,15.27059039,15.48229742,13.3500536,15.19011271,15.2598903,13.09143829
32720,12.35561729,15.27059039,15.48229742,13.3500536,15.19011271,15.2598903,13.09143829
8421,19.58250984,12.67004101,9.963611175,15.46849513,11.29196855,13.62332123,17.40005306
7968,20.02270825,12.19791988,8.650964265,18.1173472,12.22774861,11.38297888,17.40033291
37784,18.86689178,13.34890493,9.581726731,20.41036675,14.49507848,9.557480042,13.73955129
12763,13.43129689,20.66326154,14.52974632,14.26904914,8.28969973,12.462882,16.35406437
13230,13.48454062,15.94854635,19.08339149,15.145775,10.71312064,11.63338806,13.99123785
24612,14.69805556,11.85045215,14.82466486,13.8589738,19.72645006,13.56535384,11.47604974
25352,14.98194644,12.08136355,14.32414821,14.15073945,19.67667042,14.37019254,10.41493939
25047,14.63689528,14.50556562,12.38409745,13.48708291,20.02056674,14.44238234,10.52340966
38478,16.429842,14.93875098,8.55489013,16.31016579,17.43811022,12.74244863,13.58579225
25954,11.45903595,20.94717691,15.07002126,13.16920077,13.32122494,14.24386475,11.7894754
25583,13.06267731,19.13319081,15.26642267,13.03278175,13.3656893,11.12116467,15.01807348
24888,12.08027388,14.03432279,2.216025942,36.83740688,19.36264274,2.624125297,12.84520247
23524,13.6544134,26.04312589,15.65337284,12.86999147,14.16118183,8.927052355,8.690862208
38175,16.29334424,15.10452386,12.36460801,11.17150827,15.09152948,16.80945779,13.16502835
8334,17.15779284,14.89901503,10.77301504,11.04381937,14.25212467,18.46965438,13.40457868
10253,19.08789225,16.34649457,10.06947237,16.45164572,15.50713828,12.43484692,10.10250988
8755,14.64905538,15.90618814,10.95158687,8.744029904,15.42683969,20.47640193,13.84589809
2588,15.39947046,20.48373776,13.18919293,17.41823592,14.5037,9.562529921,9.443133014
9874,16.7139745,11.93707615,13.2091665,19.70317568,16.00869727,11.6003454,10.82756451
9042,16.52022777,12.82666808,12.61214906,19.41226025,16.38002305,12.34267839,9.905993405
9456,14.71438109,14.39979163,17.31312045,14.51994679,14.43778952,15.01537197,9.599598551
43,17.90862347,12.50944397,10.16906439,18.46151626,18.02242091,11.56004254,11.36888846
34843,17.218625,12.78391854,10.40041728,16.897198,16.89313401,13.19154262,12.61516454
35326,16.6785678,13.4190233,12.91570972,15.09837695,13.22084291,15.24875163,13.41872769
18796,12.39642201,15.12214871,13.35729856,15.36460442,16.24242986,11.35349255,16.16360388
19170,12.60949652,15.68107833,10.15739252,15.15555563,16.96285748,10.17021036,19.26340916
15737,19.21181804,14.37602549,11.59381555,17.38519322,13.95017179,10.11442505,13.36855086
9912,15.14518093,16.98880783,13.34806332,11.63931079,13.65979965,14.90358241,14.31525507
9064,15.32112373,16.26829534,11.05039234,11.66761231,14.75482048,15.08376143,15.85399437
9478,17.88590944,14.51599589,11.09084982,12.25760822,16.25457856,14.57996,13.41509806
10364,17.49042641,19.9140409,13.17774278,14.04927529,11.98652371,10.11419286,13.26779805
9073,12.25206525,14.36521354,14.57125634,13.33501912,13.70798355,14.72224049,17.04622171
9910,11.98928052,14.76676328,15.47960707,12.92329458,13.76634395,14.76400124,16.31070936
38704,11.85904325,16.36365343,16.2324969,9.074432011,15.46717701,18.11815964,12.88503777
8791,10.33650023,18.19465229,7.573472403,12.01637438,18.057332,20.52909504,13.29257365
30287,19.46967841,13.87357315,7.962278458,13.77752992,19.5622407,14.81201963,10.54267973
29980,18.00565401,12.28281514,12.94089459,12.68421924,19.48433604,13.91973401,10.68234698
30663,18.6174112,12.98025516,12.04769305,12.32568889,15.73624638,16.60112657,11.69157876
30997,12.65328003,14.70001574,2.321139162,35.93976158,18.18271587,2.74859598,13.45449164
31974,20.41796138,14.41139252,9.751733796,17.13470252,11.73008596,11.87981277,14.67431105
32466,20.46964177,14.53855774,9.788217726,16.92511379,11.87559666,12.00881636,14.39405595
11709,11.77069758,16.01000545,17.15680442,11.31887604,11.39381474,18.88078807,13.46901371
12618,12.01057352,15.93468377,18.07614135,11.25942896,10.36937765,18.69706099,13.65273375
12115,11.95260428,17.22697235,16.55670209,8.8211114,12.66422686,19.18065442,13.5977286
38154,15.29551381,17.59550325,12.86863433,12.71562836,14.95619846,13.99117051,12.57735128
16174,14.65759995,17.89855659,12.21620069,12.4459698,13.47247507,12.33868052,16.97051738
16597,14.65759995,17.89855659,12.21620069,12.4459698,13.47247507,12.33868052,16.97051738
8320,15.67240189,18.53614811,11.90872009,11.42558066,15.05336537,14.23306976,13.17071412
8198,12.84011759,14.39759315,16.01274013,17.79068766,19.20391521,11.44916614,8.305780125
22743,13.24553936,12.37393315,17.42888759,16.10880478,17.68969355,8.420499535,14.73264203
23238,13.24553936,12.37393315,17.42888759,16.10880478,17.68969355,8.420499535,14.73264203
38495,15.61158036,11.35026164,15.4686229,20.70417808,20.39196887,6.372102338,10.10128581
38021,12.97642737,13.68125841,16.25960959,16.90722211,16.62217527,11.26078696,12.2925203
27213,15.58866721,18.27370441,8.070083086,8.629420093,14.88758175,19.47756114,15.07298231
18322,18.01526844,13.51288058,12.16485358,12.39690958,12.10411396,13.94771946,17.8582544
25505,15.01449004,19.30806291,14.89114056,9.828623426,14.64994014,16.1424123,10.16533061
24780,11.9603881,13.89504485,2.194033892,37.03759785,19.59712659,2.598083231,12.71772548
25854,12.65328003,14.70001574,2.321139162,35.93976158,18.18271587,2.74859598,13.45449164
24535,12.16936605,14.75774272,14.19977705,12.10950881,13.22391915,15.51107838,18.02860783
17821,15.80687256,15.33633078,13.24971956,12.74805038,13.98552447,14.2066581,14.66684415
16954,15.45554696,14.12666451,13.12690582,13.43518134,12.41597161,16.502911,14.93681876
16340,12.88144147,18.01405642,14.70755477,9.8368182,13.47221547,18.49388566,12.59402801
16741,12.88144147,18.01405642,14.70755477,9.8368182,13.47221547,18.49388566,12.59402801
33157,16.47701595,13.26504987,13.46835562,12.51280609,16.44162226,15.51100037,12.32414983
33609,16.80092628,13.18449754,12.94197026,12.4132265,16.48683502,15.33166886,12.84087554
27667,13.34723462,14.44394437,17.13123755,16.64911348,18.6808169,9.708865747,10.03878733
27229,14.44081778,13.22971846,17.69221161,20.27919837,12.05201473,10.16347103,12.14256802
8560,15.0857118,18.31359202,11.88374704,11.73359668,13.15573439,17.87083654,11.95678152
38410,17.08068976,14.48933904,13.37244419,15.21602133,11.68601065,15.11785179,13.03764325
7794,17.47108074,12.64073914,10.50794525,12.26112864,16.46202863,15.79862546,14.85845214
6494,13.95740497,13.79964486,11.04522391,11.23205095,16.61744358,17.2846949,16.06353682
6900,13.95740497,13.79964486,11.04522391,11.23205095,16.61744358,17.2846949,16.06353682
37715,12.76141497,14.82564209,2.340975619,35.7829765,17.94743162,2.772085482,13.56947373
15869,16.72735025,14.51127621,10.21190897,15.72279736,15.68960768,12.42480039,14.71225914
3239,13.70406,15.92386393,14.66070266,9.506439974,15.10114644,17.86204682,13.24174018
39445,15.31272413,14.74903198,10.56927249,15.28810331,17.29840855,14.56820818,12.21425137
38988,15.89508627,16.5582447,10.43517951,13.55628759,17.29861073,12.52245355,13.73413766
2844,15.29309048,17.28037399,11.5166787,12.23500926,16.11397147,15.75554886,11.80532724
17026,14.77786551,12.57986419,16.8735293,15.22672571,17.20981969,10.36767373,12.96452187
23023,20.6238671,14.11950072,15.51726715,10.6282775,9.951415915,17.06551302,12.0941586
23467,20.6238671,14.11950072,15.51726715,10.6282775,9.951415915,17.06551302,12.0941586
10387,20.96881374,15.825739,10.34037657,10.97224669,9.688159667,14.92617559,17.27848875
24829,13.95371142,19.01679263,15.89326575,11.19540928,14.03870918,15.93501867,9.967093068
25202,14.31495567,17.75886979,17.15113534,12.06811245,14.61878055,13.4115719,10.6765743
25904,15.14049491,20.25281655,16.40638087,11.66646241,16.160596,12.03251764,8.340731626
25546,14.5826359,21.2869588,13.02825632,10.73378637,13.5061978,17.32647123,9.535693586
33820,13.27554097,16.50962009,15.32973973,13.25904429,15.06628723,14.72125859,11.83850911
34266,12.24339696,20.23298324,13.07993239,13.25206144,13.92505167,14.52719877,12.73937553
33334,11.52816409,20.37770981,13.00181053,13.21104071,13.68250867,14.24273799,13.95602821
2601,10.78544524,20.00131007,17.34840373,12.86110261,13.7072154,12.44395293,12.85257002
33773,9.615049613,26.99421232,8.668920167,14.95915381,12.61582339,12.6049526,14.54188811
25928,18.47343122,16.49702141,12.13992847,11.76342047,12.73630263,17.12849182,11.26140399
14727,19.0662954,22.41635325,9.567056374,21.9884888,14.99186212,5.785085261,6.184858801
15038,22.56640753,22.23428245,6.513484197,18.99287126,14.91262292,7.138373292,7.641958351
19844,19.31370076,16.6936237,10.15418096,10.32291932,13.86689773,17.14776605,12.50091149
2189,17.55092315,20.7962297,14.33563847,14.41227223,14.24139248,8.943158072,9.720385891
851,17.07307579,19.76701504,11.63856054,12.46019088,11.91993739,13.78701902,13.35420136
1295,17.07307579,19.76701504,11.63856054,12.46019088,11.91993739,13.78701902,13.35420136
260,15.79804077,17.38704042,12.75469175,10.72564264,13.88848518,18.1292792,11.31682005
35073,14.63544519,17.37405303,15.25063077,11.55496736,14.54394944,16.41369527,10.22725894
34672,15.5371662,15.72914534,10.16410788,10.06810992,14.60137919,17.01886254,16.88122892
33720,13.9757601,18.80222571,15.19724461,13.4219329,10.95240975,13.98050853,13.6699184
27807,17.71179481,19.81255546,9.284599841,11.0707318,12.33646915,17.07953136,12.70431757
24165,16.27481205,15.19017095,10.58234518,13.99174915,15.71570584,14.50227112,13.7429457
36009,12.76141497,14.82564209,2.340975619,35.7829765,17.94743162,2.772085482,13.56947373
36781,18.77369954,11.44685825,7.80672892,22.96133567,18.8308948,8.5979251,11.58255773
449,16.10035587,13.966751,19.56903449,12.46914459,14.31173525,12.95663524,10.62634357
34831,14.73822371,13.24645451,16.95282979,12.99735332,14.63029753,13.88330042,13.55154073
33,14.51929609,13.90024866,17.1212533,12.72789204,14.324719,14.43989194,12.96669898
27494,15.3540332,16.46277852,10.67662963,13.01224125,17.48889708,15.55152213,11.45389819
26135,12.68811151,15.11284573,13.92352027,12.33960284,15.40230468,16.01635275,14.51726222
26581,12.68811151,15.11284573,13.92352027,12.33960284,15.40230468,16.01635275,14.51726222
27042,13.36508454,14.52050863,14.63207537,12.8298576,14.1323372,17.17193603,13.34820063
2208,19.12936842,14.30934278,12.38373243,12.88026044,15.27032938,13.72770304,12.2992635
34373,13.57404271,18.28588811,12.18652879,13.27410853,13.17607104,15.81047678,13.69288404
15569,17.69835382,13.15496893,14.40250231,14.39043801,15.12881894,12.6450996,12.57981839
25999,22.31216358,13.66289315,14.26285127,13.0981485,11.29348454,12.97437781,12.39608115
1493,16.67665015,11.60426104,17.71764056,15.92675149,14.92586169,10.67284806,12.47598702
1082,15.9903412,11.73934479,18.57305047,15.49862977,14.39861405,11.89113866,11.90888106
2379,19.30641012,10.03014521,13.10597213,18.93649357,13.7218313,10.61381514,14.28533253
12271,13.00312435,17.78413307,16.05041589,10.78121544,12.53098328,14.79272622,15.05740175
12827,16.84062632,19.6786578,13.12951595,10.57598775,12.64808937,16.84133617,10.28578663
11900,14.36973483,17.70387102,15.10909453,11.33239502,13.42869822,15.18853474,12.86767164
11575,15.03755761,14.604988,15.0634891,15.46360398,17.50609281,12.98576469,9.338503805
12042,15.03755761,14.604988,15.0634891,15.46360398,17.50609281,12.98576469,9.338503805
14058,14.72384038,15.65348324,13.87998132,12.69035047,15.57014398,16.98146732,10.5007333
13617,14.31944153,15.05928702,12.23820784,14.78360938,14.23167358,16.9985962,12.36918445
34396,12.01437004,15.53432455,18.12295943,21.28946389,12.81571245,9.620089033,10.6030806
34513,14.93327395,15.62742081,15.6949162,15.36411596,11.91300111,12.66234747,13.8049245
1659,16.39448995,16.4751577,13.86900569,9.304193802,12.12998116,18.59629426,13.23087743
8872,16.31748453,14.26168978,12.3428811,13.7837304,15.56886116,12.26224588,15.46310715
9301,16.31748453,14.26168978,12.3428811,13.7837304,15.56886116,12.26224588,15.46310715
7846,18.68704421,13.45003332,14.54735446,11.65793117,14.8410886,15.08520544,11.73134279
34641,13.37343038,15.86832688,11.67444377,11.91813221,17.22278501,16.80785932,13.13502242
22801,12.94800147,13.58939764,14.07129232,11.968031,16.91874487,15.0916556,15.41287711
23291,14.74478252,13.42475909,16.60661553,10.82699968,15.01588422,16.31217442,13.06878453
23749,13.0964961,13.84937249,13.42627717,11.92109654,17.45762722,15.39523633,14.85389416
39114,14.5554567,15.34488051,8.991867521,16.00792042,16.49718345,13.15835328,15.44433812
39571,13.5541859,16.37851232,12.5798908,13.50476764,15.93280442,13.66545615,14.38438278
41284,17.68043967,11.53470936,12.22380309,18.2116267,18.92064438,11.79007779,9.638698996
8178,12.61367529,14.70274873,13.3440711,11.6495024,15.1357347,13.61140494,18.94286284
8617,12.61367529,14.70274873,13.3440711,11.6495024,15.1357347,13.61140494,18.94286284
20036,17.93886877,10.05782062,11.31470158,16.79235752,21.21369382,12.5850001,10.09755759
30691,18.03103147,14.30543883,7.903280076,16.28638173,15.08882456,16.63110847,11.75393486
29168,16.28944985,10.52453795,13.12562069,18.38871634,17.31093139,11.17214223,13.18860155
22242,15.20818102,15.03566775,12.73379706,12.73816775,13.95389163,13.97621981,16.35407498
7594,17.87953449,12.25663758,14.5316933,15.86113867,16.30234965,11.57849321,11.59015309
6210,19.70980739,10.87002897,12.54511252,18.28555228,10.39151665,11.23021251,16.96776968
7108,17.8777804,10.75148374,14.62436291,19.48605535,15.52738641,11.12753004,10.60540116
24232,12.36574034,13.31787624,12.86736704,16.30612931,18.30225173,12.18086132,14.65977402
22815,11.45977434,15.48747794,13.80576572,12.99740204,16.00279942,15.37321747,14.87356308
23769,11.31332087,13.66261255,14.95446156,14.11909402,17.20593184,12.9306125,15.81396666
23304,12.27686169,17.12611605,7.47982042,13.99761328,16.02598978,16.00514642,17.08845235
3041,17.18681001,19.00621406,12.35047918,10.26769678,10.76546685,15.5999915,14.82334162
3407,17.18681001,19.00621406,12.35047918,10.26769678,10.76546685,15.5999915,14.82334162
7044,19.19350182,10.27925928,17.86067989,18.02341655,15.78148645,9.966574671,8.895081337
2581,13.48517838,14.75279413,12.70825859,12.02812851,16.95802477,15.45897004,14.60864559
34630,14.09842839,13.47152893,14.57679989,11.9321923,15.42119606,15.72342541,14.77642902
25613,15.81952503,18.53876192,11.00308202,10.5304153,12.79737168,16.09783925,15.2130048
35067,18.64252239,13.33829088,7.325766804,17.06426603,17.60184461,10.82674025,15.20056904
262,17.57338856,13.02604988,14.33734037,13.27627972,13.66532439,11.35310159,16.7685155
35537,15.5394041,11.59257196,12.59565653,16.98519234,20.60869131,11.82447178,10.85401197
35632,13.97229857,19.63336439,17.20679574,11.7388964,12.65306701,12.64698111,12.14859679
35158,13.34171468,16.9285438,10.91788286,14.16246012,12.36460544,14.37183362,17.91295947
350,12.35863682,15.97998398,11.86958528,12.87051769,13.94705874,13.54661576,19.42760171
749,11.70237078,16.3652539,10.44578401,11.8836654,15.17889813,14.14621255,20.27781524
35257,13.33420452,15.15121513,13.53405582,12.63366486,15.97885964,15.87299415,13.49500589
34225,11.78918131,17.19020635,13.92636106,10.01890376,14.10938335,18.66193331,14.30403085
31473,14.45190795,16.00732219,12.04441612,8.778523094,15.58878316,19.76759626,13.36145122
31939,14.45190795,16.00732219,12.04441612,8.778523094,15.58878316,19.76759626,13.36145122
3269,12.74063331,17.62517474,7.381218198,10.08823603,14.25433284,21.9034551,16.00694978
20996,11.74312608,13.01504955,18.97622676,17.53443909,13.64806355,11.42060417,13.6624908
21889,11.24740252,13.16284345,18.42308689,20.07035817,13.72253442,10.75299134,12.62078321
21394,12.66598277,12.25971619,19.68095556,16.69083178,11.63621396,10.83968289,16.22661685
22961,15.98046159,13.88931168,14.17149425,12.7926736,14.40381168,16.29578277,12.46646442
23902,15.18967133,13.88134874,12.74081908,12.19639951,15.24130162,16.27791684,14.47254288
21561,12.39145086,16.59394883,14.97970818,13.59315328,15.09875335,14.96678014,12.37620536
10562,20.39838266,16.19661628,11.29353702,14.10740489,10.20850278,15.51573221,12.27982415
39603,14.61831014,15.72265332,11.93207113,12.7829675,15.00580763,14.04632134,15.89186894
39125,16.29915952,15.5537974,12.40765832,11.86046034,12.84759303,17.28063802,13.75069337
3977,12.92012465,16.92245761,13.78067846,9.744057689,15.47156815,17.1427245,14.01838894
34528,17.99183242,14.55635039,13.76076557,13.81330191,13.57923288,13.1878429,13.11067392
3867,15.77671337,12.84638088,15.1841688,13.87740727,14.96211246,14.70839989,12.64481734
4753,15.70259813,12.63563395,16.06478382,13.50426939,16.33026475,13.12446102,12.63798895
5229,14.11939075,12.65491562,13.86869079,14.76600211,17.20637868,12.69315058,14.69147148
35194,17.75418486,14.33298328,11.34865829,11.16122076,14.10371636,17.20984987,14.08938658
35684,14.15943818,15.09738876,12.12592932,12.80635491,11.95953917,18.66528021,15.18606945
40322,20.72817516,17.62203886,10.59266016,10.72882169,13.62870216,12.50964197,14.18995999
20382,12.18070923,15.50587304,13.53164405,11.97798937,14.31355407,17.48494687,15.00528337
41132,13.29015662,17.01677179,11.61565852,9.060270111,13.86913587,20.48956183,14.65844526
20795,12.38124885,17.09203993,12.78575981,9.501758027,15.92474223,18.71844958,13.59600157
41635,11.68951432,15.79919941,13.31659804,12.55492662,13.83484175,17.80423545,15.00068441
21848,15.62836292,15.07152163,13.99825761,14.33625082,15.12652235,12.23341484,13.60566982
18237,13.85168767,15.219341,11.8700798,12.46394002,16.04428036,17.68276289,12.86790826
20935,16.31442167,15.71774308,12.29760877,15.45659367,15.61830891,11.77785377,12.81747012
20193,16.5687612,18.95349337,11.50194911,8.571250509,13.12992093,18.96702626,12.30759861
20658,16.5687612,18.95349337,11.50194911,8.571250509,13.12992093,18.96702626,12.30759861
31091,13.96201696,10.27698863,19.34798224,17.97452279,14.23932025,11.17190087,13.02726826
31571,13.96201696,10.27698863,19.34798224,17.97452279,14.23932025,11.17190087,13.02726826
4628,12.49096595,13.51723893,11.96308423,12.48398616,17.52682102,15.95886228,16.05904143
3764,11.79896828,13.30246983,12.52209819,11.95419908,17.0574409,15.42603416,17.93878956
4164,13.12468069,13.45769994,13.85585822,11.20810331,17.81571187,14.8401487,15.69779726
29599,13.30841673,15.30639846,16.61641424,12.72955419,12.68647652,13.31199965,16.04074021
30328,13.06553354,16.26185354,15.61469096,12.48558398,13.73076286,13.97948051,14.8620946
38979,13.88839427,19.87131326,12.85520748,11.96129738,16.48477101,13.23307038,11.70594622
39435,17.81730738,21.1697146,9.689911431,15.44957903,20.67283702,8.609806258,6.590844272
2846,14.16236397,20.59952209,13.3043986,13.34938398,17.63576872,13.00421461,7.944348025
3442,12.86828936,16.36640392,13.82341858,11.43766271,14.3828671,17.48108797,13.64027036
3909,12.86828936,16.36640392,13.82341858,11.43766271,14.3828671,17.48108797,13.64027036
4807,15.33948312,20.63883092,14.69693815,13.41373443,13.30460271,12.42987199,10.17653867
20099,16.16148587,15.06824158,12.14581311,13.53826341,15.94914597,12.68922861,14.44782145
41344,16.79434492,15.72341669,12.23442222,16.66163286,15.89936435,10.22888833,12.45793063
40829,17.61665625,16.67424177,11.88015578,13.27839837,13.56377383,10.04902726,16.93774675
20556,16.23815533,13.55927305,12.45396844,11.77754855,16.18310411,13.83633693,15.95161359
22205,20.77041727,16.36083549,9.205247865,9.949150593,14.26511811,13.27753019,16.17170048
21555,15.72069425,13.64302404,18.58942639,12.84888564,12.05237995,16.78193889,10.36365084
35509,10.96218935,16.29220165,10.30424387,18.0444637,19.49587945,13.86758297,11.03343901
4801,17.15833103,13.57405279,11.72910743,15.10239266,14.15764713,14.37099282,13.90747614
41273,15.91744001,10.82358938,18.81955408,17.07989251,16.16083635,10.6772937,10.52139397
20034,15.51685771,11.11843304,17.66778788,17.65171499,18.30993963,10.10287596,9.63239079
22592,14.21486798,16.0999442,13.30562422,12.93153147,14.80143906,16.09733044,12.54926264
20844,16.54941954,21.21173415,9.816267174,8.984941606,17.58581173,15.38152767,10.47029813
4366,13.75996203,11.31715387,15.70958188,15.53809441,14.64190475,14.02658913,15.00671392
3486,12.78669755,11.37478093,17.99198795,14.81592633,14.94280149,13.85408427,14.23372149
3938,11.66606031,12.15218531,19.00587563,14.12066013,14.05779541,12.95250425,16.04491896
7730,16.31924262,15.78380173,13.14123488,12.97382706,13.26226484,13.37551162,15.14411724
7262,17.97751121,15.36158673,10.59580689,13.83266027,16.56635305,14.32341397,11.34266787
33681,18.88895779,16.70943841,10.47292404,11.60188926,12.68453783,17.02668892,12.61556375
33240,17.00285107,17.14255963,11.24800392,13.82912259,12.7339522,13.11366276,14.92984782
35652,18.33662129,11.46169054,9.821923303,9.217966172,16.48352613,20.02473335,14.65353921
16972,13.89511606,14.28012427,13.95825766,11.29241146,14.26689221,15.87669564,16.43050271
17835,15.0206121,13.37870556,13.95252332,16.23080909,14.04494085,13.88414328,13.48826581
18662,17.09345396,13.5243168,15.73799531,14.42447193,14.38733196,12.83541117,11.99701887
19366,18.10409121,12.80455108,16.15041157,15.86072169,13.5289987,11.58384258,11.96738317
19066,15.70988267,14.22242832,14.38369538,15.35352063,13.83828398,12.83575794,13.65643108
33602,15.36119033,12.77694723,14.18544291,12.42494408,17.12669297,13.23057167,14.89421081
18606,15.39634269,13.41926889,10.92602331,19.00262213,19.70006526,13.20731217,8.348365546
19026,15.39634269,13.41926889,10.92602331,19.00262213,19.70006526,13.20731217,8.348365546
37008,12.11557863,19.30680487,14.31800317,11.47554946,13.5797037,15.09311287,14.11124729
37516,16.49624141,13.05168046,9.226800555,13.6519371,15.28668879,15.05417197,17.23247971
5501,11.83918228,13.75423334,2.17179969,37.24375638,19.83042905,2.571754419,12.58884485
26232,15.21651069,13.25040319,16.48908744,11.9026352,13.19559099,15.53888986,14.40688265
26653,15.21651069,13.25040319,16.48908744,11.9026352,13.19559099,15.53888986,14.40688265
27121,13.5813688,14.33037897,14.32633879,16.22033347,11.70443571,14.69907388,15.13807036
1971,20.47684236,11.90550181,14.67670847,15.18444373,11.4427557,11.02004429,15.29370364
1096,21.85131957,11.88832364,12.5457879,17.7270548,13.50697736,10.8956866,11.58485013
37118,18.62575238,14.41312139,10.23230036,14.88960657,10.09747289,13.47269891,18.2690475
34182,19.31732847,11.47225347,14.68032106,15.58165495,16.05812418,11.76540781,11.12491007
587,16.06035946,18.76393176,14.51872679,13.08968856,14.44187871,13.04730128,10.07811344
34973,15.97607952,17.38597142,16.56413747,14.44696175,14.58032618,11.7702525,9.276271164
174,15.67358824,17.84342702,16.20485768,13.53113957,14.22174362,12.5106568,10.01458707
35442,14.80762119,18.3687063,14.69004517,12.14129388,10.63967354,14.35189845,15.00076147
27077,17.0024764,12.37997374,17.26025019,14.77810583,17.12626645,10.55380112,10.89912626
26171,12.43007078,14.44070121,2.280193279,36.27681976,18.65495672,2.700109576,13.21714868
33449,18.08790156,13.09254642,16.81755394,13.93806771,14.20378039,14.4471715,9.412978477
34383,17.21595056,14.72067324,15.12139346,12.79513653,15.11754897,13.72561752,11.30367971
33889,17.7247777,13.15895771,14.71952444,14.59902289,15.2813012,13.00680186,11.50961419
32963,17.20202492,13.39599271,15.06737308,13.25547024,15.42259039,13.54570041,12.11084825
7137,21.34609784,14.44166213,7.946360378,13.77117296,14.21662855,15.74777908,12.53029906
37119,12.76141497,14.82564209,2.340975619,35.7829765,17.94743162,2.772085482,13.56947373
38749,13.75914606,17.23319569,10.3125563,13.56451609,12.87559105,13.37049224,18.88450258
32956,13.9689142,14.02882003,13.25738871,12.57066263,15.16800013,15.85023757,15.15597674
34372,15.11448393,16.70340792,14.22410028,10.85471208,14.31885393,14.40755133,14.37689054
33887,13.52366326,13.06548922,14.74981431,11.69300537,15.05477583,15.55069061,16.36256141
18572,15.42965412,16.0010467,12.32340052,13.32906552,17.56981718,13.62784615,11.71916981
22071,14.41793013,15.94894099,14.85877853,10.11475686,14.59010239,17.30312365,12.76636745
18512,16.96247411,12.14513263,11.2537897,15.91994974,18.6705342,13.57023562,11.477884
10319,18.50437419,14.98836426,11.45957812,14.26927729,16.28248507,10.47863196,14.0172891
9859,16.2972748,14.32005055,12.99640584,13.51331892,18.10012868,13.11015204,11.66266918
2284,15.51374586,18.19369517,13.67067522,15.80461261,17.86819166,11.93679901,7.012280474
6219,12.25100765,11.23231392,15.63029143,18.72520504,19.87204331,7.172316486,15.11682217
6662,12.25100765,11.23231392,15.63029143,18.72520504,19.87204331,7.172316486,15.11682217
37593,15.81787126,13.78304598,18.66110022,13.89048689,12.60869973,12.90317784,12.33561809
23702,16.70870414,17.86131053,14.36770492,15.28784137,14.94253738,8.911442904,11.92045875
22747,16.65939306,16.97666698,13.90500993,14.01557716,15.27326251,10.26417478,12.90591557
9931,16.42719256,17.89140081,12.67516734,10.12824359,13.44918,16.2904735,13.13834219
16138,13.98243419,14.76110606,14.6015693,12.13231285,14.4873671,15.69270157,14.34250892
16557,15.48437029,15.85044516,15.71075499,11.46017437,14.66549635,15.04346091,11.78529792
32189,15.30064319,12.2581757,18.40729796,14.9498835,14.25864973,11.35185646,13.47349346
32671,15.30064319,12.2581757,18.40729796,14.9498835,14.25864973,11.35185646,13.47349346
18925,12.76141497,14.82564209,2.340975619,35.7829765,17.94743162,2.772085482,13.56947373
19249,12.76141497,14.82564209,2.340975619,35.7829765,17.94743162,2.772085482,13.56947373
9526,16.15185849,18.73454454,11.71888404,11.86919511,15.69813253,13.74614173,12.08124356
9965,16.39446365,18.04469851,11.50990569,12.94366779,15.36669349,13.92182777,11.8187431
9116,16.39505262,18.38712617,11.58565779,13.00173912,15.23546278,13.3481709,12.04679062
19353,14.26777118,14.36290726,14.71766719,18.18970351,15.73107876,10.93094983,11.79992227
15233,15.37508856,13.67666255,13.37468069,13.77317547,16.92253085,13.00390043,13.87396144
275,18.07246031,14.81013917,11.43340018,11.07661174,12.69094275,17.67911099,14.23733486
35094,18.07246031,14.81013917,11.43340018,11.07661174,12.69094275,17.67911099,14.23733486
37365,17.67549989,16.50698032,11.92582791,15.56253639,14.27534708,10.21524921,13.8385592
23190,15.32376824,17.38611167,14.07452854,11.27182118,14.8167035,15.39832988,11.728737
29160,13.0320105,15.8675498,7.512473004,25.18997492,16.66988679,8.564043286,13.1640617
35780,11.18164878,19.90205468,6.561242246,30.87486571,16.72849257,5.006927543,9.744768472
6934,15.5611628,18.24917701,9.031669226,7.196554156,17.77227174,20.25247958,11.93668549
15355,14.93904174,14.80498337,13.48007145,10.06381725,16.14051202,16.57692824,13.99464593
2597,9.947070143,15.00572601,15.68638531,14.64544932,14.30393819,15.07159015,15.33984089
25271,11.11297699,16.38337196,13.26636101,16.21776404,13.99044256,15.56149746,13.46758598
24929,12.08027388,14.03432279,2.216025942,36.83740688,19.36264274,2.624125297,12.84520247
7531,12.32780463,15.42372863,16.92812057,15.45806437,14.60212585,12.82907454,12.43108141
7932,14.34784667,13.11965229,13.58269698,13.06120032,14.37153094,15.13952123,16.37755157
13227,20.24599316,14.89318065,12.82018849,12.64130422,15.34442006,12.93553356,11.11937986
15826,14.70277189,13.94281175,11.68856344,11.49898127,17.15740274,14.54541298,16.46405593
14568,14.83333818,13.40648637,11.5472451,12.17479037,17.02257885,14.2448392,16.77072193
15365,16.51690676,14.92227778,11.21518396,13.83595519,15.81840934,11.0146151,16.67665187
35618,19.17360249,13.24828651,14.93322904,13.07375385,12.33434197,11.87045054,15.36633561
27328,12.76141497,14.82564209,2.340975619,35.7829765,17.94743162,2.772085482,13.56947373
26475,20.28072679,14.83659125,12.69677839,13.55824507,13.63772238,13.09574723,11.8941889
26888,20.28072679,14.83659125,12.69677839,13.55824507,13.63772238,13.09574723,11.8941889
27331,17.19137406,15.42886525,12.33502605,10.93611617,15.48307555,16.72530464,11.90023828
21736,21.51667361,25.23340044,5.005225321,12.40123019,8.966621161,13.75964523,13.11720405
15230,12.2306143,13.35718987,17.52821705,11.17425708,13.48108506,15.47924565,16.749391
14435,11.53349023,13.48656328,15.04771909,13.38015514,15.14122979,14.88735672,16.52348574
14827,12.03377634,13.39375888,14.38861861,14.19885933,15.22763157,14.43869547,16.31865981
15692,13.52124195,16.43181599,14.03801783,12.5897501,14.59551983,12.99495959,15.8286947
27890,11.83918228,13.75423334,2.17179969,37.24375638,19.83042905,2.571754419,12.58884485
6477,11.91622072,15.53147845,15.22459737,11.68706351,12.86197328,16.02360289,16.75506378
7332,13.64561111,19.12875849,13.54386648,11.00866056,12.5921755,17.28128437,12.7996435
6878,11.76191674,14.67267079,16.06093336,12.20955831,13.02596686,15.73112565,16.53782829
7252,17.20970089,15.12768251,11.53735054,9.042642165,13.50500519,19.68785443,13.88976428
40674,13.45924419,14.88293167,14.26840554,15.17238238,16.87911285,14.06591838,11.272005
27016,14.59292148,12.43797274,16.04561402,14.56462341,14.82344502,12.55197617,14.98344715
26106,12.17770252,13.24358481,16.68971902,13.53760159,17.00742518,11.04718582,16.29678106
26538,12.17770252,13.24358481,16.68971902,13.53760159,17.00742518,11.04718582,16.29678106
35144,14.77063589,14.46469193,16.05438962,15.46065252,15.10429873,12.50480907,11.64052225
729,13.77797993,12.61467468,12.91004149,17.28244257,24.45282735,10.76961344,8.19242055
35624,12.72514401,13.97291769,14.79665888,14.92240164,16.56065508,13.1873929,13.83482981
26212,17.55836301,12.9599195,12.80184111,15.22167997,11.17710987,14.70329775,15.57778878
26652,17.55836301,12.9599195,12.80184111,15.22167997,11.17710987,14.70329775,15.57778878
26242,13.57715698,17.56561112,15.00350831,12.26336994,15.36758618,13.44156441,12.78120306
26681,13.57715698,17.56561112,15.00350831,12.26336994,15.36758618,13.44156441,12.78120306
24881,15.29283436,16.79687527,10.96737704,12.60278428,13.28724527,16.05745536,14.99542841
25572,16.46787037,16.7124725,12.68601822,12.47183075,12.72953331,14.6063823,14.32589256
11960,14.10534427,14.9594423,16.49713531,11.98539519,13.59256245,15.85656451,13.00355598
12389,14.10534427,14.9594423,16.49713531,11.98539519,13.59256245,15.85656451,13.00355598
9722,17.3648953,13.09047926,10.63516943,18.15001621,13.58012142,12.55244603,14.62687236
8879,17.6849045,13.25108513,10.65258524,17.23332584,14.49534644,12.46253508,14.22021777
10195,17.16070374,13.77354957,11.67504983,16.57628665,12.13209135,14.62516358,14.05715527
9309,19.1285269,14.91844737,12.72785352,13.92126436,12.14590201,15.23918827,11.91881758
32017,13.94884169,12.81584477,16.29987552,20.07401558,19.81248012,7.712074837,9.336867488
32509,13.94884169,12.81584477,16.29987552,20.07401558,19.81248012,7.712074837,9.336867488
15532,19.73781877,12.71834255,13.70822983,14.75662005,13.00232177,13.44808707,12.62857997
14753,22.20007873,12.12671513,14.80767291,13.62995449,12.1290232,13.39701453,11.70954102
15075,23.62632601,13.56470108,9.821532666,10.94858976,14.79755269,15.59042002,11.65087778
34303,15.02037529,17.23807236,12.42298288,10.85139826,14.84830557,17.5038108,12.11505483
33378,15.37933132,16.52596483,12.05281709,10.47112748,15.40274514,17.56475738,12.60325676
33835,17.80476145,15.04390618,14.6370028,9.374701915,13.23233426,18.40650341,11.50078999
29237,15.04857784,14.89504055,11.25667646,10.32057526,15.68617135,16.67643479,16.11652375
13604,13.04924731,15.06684397,13.84281144,13.65698943,15.36572828,15.79894502,13.21943455
40450,22.04212433,15.45594809,5.321634126,8.399194915,17.57335625,18.01899412,13.18874817
39955,16.97864981,14.79600246,11.45311206,13.62146418,16.44421862,14.22951643,12.47703645
14047,13.88541588,14.42574151,12.69848186,14.53015802,15.51669467,15.52209682,13.42141124
32965,13.38612545,12.949984,16.83399844,12.78783749,17.00564458,12.39435419,14.64205586
33453,13.38612545,12.949984,16.83399844,12.78783749,17.00564458,12.39435419,14.64205586
32451,14.87232818,14.23693464,11.43030632,9.722994765,13.5748941,17.88890878,18.27363322
32904,14.87232818,14.23693464,11.43030632,9.722994765,13.5748941,17.88890878,18.27363322
14667,15.7633784,13.58806467,10.3727844,12.65012046,13.17294004,15.94860182,18.50411021
14984,15.7633784,13.58806467,10.3727844,12.65012046,13.17294004,15.94860182,18.50411021
7598,14.52948265,14.88325204,14.53640326,14.47523898,14.54712667,13.78893272,13.23956369
6220,13.20007314,14.35474934,14.37472394,16.78651446,12.66165137,12.07828985,16.5439979
6660,13.20007314,14.35474934,14.37472394,16.78651446,12.66165137,12.07828985,16.5439979
37616,14.97216107,21.70921598,11.25852123,14.30420338,15.16610958,13.30246659,9.287322177
5601,11.46973299,13.32502365,2.104027286,37.89297882,20.52073423,2.49150117,12.19600186
27802,22.39030314,17.84765408,10.09745861,13.88904466,12.30555582,14.00810384,9.46187985
27342,18.50463004,15.06890654,13.36776961,13.56314416,14.16961848,13.86844192,11.45748925
26500,19.40748515,15.82486874,8.539291479,10.44709607,14.48877462,17.03860337,14.25388057
26881,19.40748515,15.82486874,8.539291479,10.44709607,14.48877462,17.03860337,14.25388057
27804,14.51474954,13.44756252,16.78458643,18.75614975,13.5290629,11.56065026,11.40723861
30805,12.65328003,14.70001574,2.321139162,35.93976158,18.18271587,2.74859598,13.45449164
15388,13.56153996,15.02889257,14.44842274,11.74728965,14.79793859,16.93729858,13.47861792
14579,14.23094133,14.78848362,14.2078319,11.70693248,14.81790474,17.06417296,13.18373297
15871,12.54185224,22.01360707,14.03396548,11.42893783,15.75430535,12.8302821,11.39704993
27287,10.68997039,15.73638239,17.57458447,17.70689651,12.89243836,13.05960093,12.34012695
27715,11.45456585,16.76251561,12.34413962,15.14658604,14.54882778,14.8367702,14.9065949
26390,12.65328003,14.70001574,2.321139162,35.93976158,18.18271587,2.74859598,13.45449164
21464,13.45547679,12.58466312,13.33273873,14.02343284,17.68244174,12.24778925,16.67345752
18759,14.31623092,15.9470491,15.98731486,12.53813663,12.57007508,14.87831983,13.76287358
19144,14.31623092,15.9470491,15.98731486,12.53813663,12.57007508,14.87831983,13.76287358
18282,15.11352428,13.92710712,14.51482801,15.34437101,15.39044181,14.66383739,11.04589037
18942,12.76141497,14.82564209,2.340975619,35.7829765,17.94743162,2.772085482,13.56947373
19630,12.76141497,14.82564209,2.340975619,35.7829765,17.94743162,2.772085482,13.56947373
19920,12.76141497,14.82564209,2.340975619,35.7829765,17.94743162,2.772085482,13.56947373
38474,17.51133497,17.06940238,15.32215731,11.23017467,13.00350274,13.26026567,12.60316226
25837,21.95113626,13.20827727,2.928181381,11.57207844,17.92089405,17.36433136,15.05510124
7415,16.82177301,14.10023198,11.07623473,17.12557609,12.71895758,12.94647504,15.21075155
6536,16.69427434,13.42875446,11.56008504,17.53793274,12.85799294,12.3424199,15.57854059
18375,16.32369883,14.38001137,11.96782561,14.45716445,13.08190507,12.86060772,16.92878696
34723,17.47902954,17.27144097,11.52590984,15.12785813,14.5178836,13.38164897,10.69622895
32439,10.95226568,14.54464393,13.8449748,14.8692213,14.2851446,12.33695415,19.16679554
32898,10.95226568,14.54464393,13.8449748,14.8692213,14.2851446,12.33695415,19.16679554
17946,22.73674423,19.98869198,8.632232714,16.46976192,13.04063222,11.88655425,7.245382684
9255,19.43578248,19.49405122,12.73693404,12.316104,12.65426811,12.97279355,10.39006659
9653,19.43578248,19.49405122,12.73693404,12.316104,12.65426811,12.97279355,10.39006659
15598,17.16016421,15.00824106,12.6045767,14.2342688,14.93070119,10.67470013,15.38734791
14059,15.44079522,17.36613602,10.02139801,11.88164297,14.88499084,16.89923987,13.50579708
13618,15.65114451,16.06169362,11.3862332,13.33228288,16.43582301,14.50967897,12.6231438
39969,17.13996717,15.28313302,11.65357113,12.60672126,15.21034467,13.94449955,14.16176319
38738,16.19088041,19.7170565,13.43372018,16.24872462,14.28106824,10.12990891,9.998641141
8792,14.2667288,19.23217688,13.94915532,11.68805325,15.64179941,15.05469652,10.16738981
35779,19.25290846,11.70186633,10.39885494,8.651118872,15.63345136,19.43900478,14.92279527
35254,11.15619981,24.26331095,4.221981599,10.90040171,15.38894691,16.93208917,17.13706986
40778,17.99682612,11.26415472,13.54099107,16.69057331,13.55332082,10.31034224,16.64379173
20042,17.0838375,13.00900403,12.84494701,13.19120136,14.3347792,13.27743128,16.25879963
20516,19.85184452,14.37282095,9.419182386,11.95739812,13.84036663,13.48800289,17.0703845
41275,13.68759841,13.05641904,13.44287596,15.11817383,14.62297589,14.22588078,15.84607608
22865,15.95157686,13.54776211,13.99841161,12.29255214,13.69886737,14.99375612,15.51707378
23808,18.84156856,11.94031187,13.66239054,12.14435987,13.15337586,12.68023181,17.5777615
23346,15.11307185,12.60239275,16.75026375,11.82818682,14.36679191,16.06819826,13.27109466
19327,17.66627516,13.76170483,11.92323333,12.57466748,16.50920259,14.22705146,13.33786514
34457,15.96982109,19.67787292,11.21479015,14.65977445,12.48365126,14.53182271,11.46226742
33553,15.07540833,20.00700462,14.18865212,10.97772347,14.14215701,15.90790963,9.701144818
33076,15.66321212,20.40129266,11.76467436,11.77246574,14.54972004,15.68201117,10.16662391
35318,16.78227355,11.57680421,9.186515657,17.35910355,17.53159284,15.12591925,12.43779094
34823,13.98664587,11.40567206,13.65487546,15.74019225,19.86343366,12.91267861,12.43650208
437,13.83242432,16.76693083,12.56664036,12.34152208,15.67508585,14.69564493,14.12175163
21,13.08657191,13.07466312,12.93469089,15.85932009,20.19627736,13.23443251,11.61404412
21615,15.40483905,13.99535275,9.078289408,8.243602705,17.97858647,19.57823048,15.72109914
22793,12.29558902,13.59929137,16.63597538,12.53286132,15.8898698,13.76646878,15.27994432
23286,12.29558902,13.59929137,16.63597538,12.53286132,15.8898698,13.76646878,15.27994432
38591,15.60754828,12.88925734,15.5759421,12.12751569,16.22896577,14.43918281,13.13158801
9742,18.09003794,14.21298016,13.53866264,12.74004483,15.08672989,13.83526057,12.49628397
38128,18.92149789,13.15632174,12.58101963,9.999747489,19.10561054,14.0078407,12.22796201
38448,19.97218369,14.0195415,12.31526752,12.60490076,12.43815568,14.3687361,14.28121474
33247,11.87317286,15.46577278,11.06406121,13.9033326,14.69017168,17.55016322,15.45332565
33684,11.87317286,15.46577278,11.06406121,13.9033326,14.69017168,17.55016322,15.45332565
7823,14.32845883,19.16180677,12.76310719,13.68399688,10.22038044,15.69823157,14.14401831
4039,15.2094377,17.63147813,11.76564765,12.24976283,16.71734005,13.7249708,12.70136284
37670,12.86046316,13.90478015,3.23074299,19.71213105,21.15840399,12.36589917,16.76757949
6738,11.15212894,18.49136038,13.72692111,13.28837672,14.76175507,15.24120957,13.33824821
37149,12.76141497,14.82564209,2.340975619,35.7829765,17.94743162,2.772085482,13.56947373
17885,14.96544814,20.20265187,17.93836815,12.91522219,12.25569834,13.33152404,8.391087268
17051,15.14309807,20.44972352,15.11535553,14.97664914,11.93792202,14.20987364,8.167378082
18343,15.575873,18.12348312,14.88595285,11.10329068,12.82930273,15.29490169,12.18719594
17438,14.44791843,19.2385292,11.4090821,15.54612743,16.64976582,13.78057601,8.928001009
24812,12.43007078,14.44070121,2.280193279,36.27681976,18.65495672,2.700109576,13.21714868
25518,12.43007078,14.44070121,2.280193279,36.27681976,18.65495672,2.700109576,13.21714868
14301,12.33896389,15.51958379,15.68027231,10.25772146,15.51610293,18.23098419,12.45637143
13852,11.9603881,13.89504485,2.194033892,37.03759785,19.59712659,2.598083231,12.71772548
40468,14.17868302,13.64202786,17.24154589,11.45685187,13.92692241,14.43175985,15.12220911
19534,12.99885447,14.95349334,14.16758642,11.87493326,14.41845719,14.67810216,16.90857316
18858,12.1520956,14.78312052,15.44496835,12.35686777,13.52109922,14.8501627,16.89168584
15820,14.22640491,14.9740025,13.524761,11.49054905,15.34496146,16.72963374,13.70968734
15368,14.81952375,15.52791744,16.31563494,9.290451497,14.56706839,18.31384157,11.1655624
32338,13.58896651,14.14360665,15.54224056,14.03691647,16.17061218,13.80376223,12.7138954
32808,13.58896651,14.14360665,15.54224056,14.03691647,16.17061218,13.80376223,12.7138954
32230,11.81604416,14.60432361,16.17814785,10.99138186,15.44479728,17.20777758,13.75752765
32695,11.81604416,14.60432361,16.17814785,10.99138186,15.44479728,17.20777758,13.75752765
7025,12.76141497,14.82564209,2.340975619,35.7829765,17.94743162,2.772085482,13.56947373
34344,16.74370283,14.87498862,11.40896141,11.9179746,15.38579576,14.87576698,14.79280982
1496,18.23015329,19.92084449,8.358728914,9.410189384,12.80755698,18.73828199,12.53424496
6573,13.97425809,13.44405584,13.08187451,15.05931156,15.09074098,13.24732585,16.10243316
6974,13.97425809,13.44405584,13.08187451,15.05931156,15.09074098,13.24732585,16.10243316
38599,14.11261095,16.22033805,15.27532074,13.1844719,11.3114704,13.36735647,16.5284315
17649,12.76141497,14.82564209,2.340975619,35.7829765,17.94743162,2.772085482,13.56947373
17958,14.20382276,16.83976342,10.55782165,11.96941449,18.76695029,14.27006012,13.39216728
17096,12.19864119,14.17183664,2.237739442,36.64362479,19.12725557,2.649837517,12.97106486
6190,13.4586066,17.06085218,9.938253093,12.82856658,16.27483932,13.38656714,17.05231509
6635,13.4586066,17.06085218,9.938253093,12.82856658,16.27483932,13.38656714,17.05231509
37054,14.45407328,20.83228227,11.67645954,15.23202918,12.50166679,12.72409748,12.57939146
37557,12.76575012,18.8036356,12.81691448,11.08872763,11.94630117,15.44691421,17.1317568
5566,14.87811183,21.18624539,14.32965959,11.80852576,9.452376202,14.45801396,13.88706727
14974,17.75454119,16.73540931,14.60400329,13.07737108,13.82832884,11.19453554,12.80581074
14628,17.07905944,16.27895189,14.98473842,12.60435364,14.09805017,11.8994574,13.05538903
35361,17.81508895,14.40978234,11.86932319,12.97526796,14.95248703,13.14258857,14.83546196
34879,16.81348086,14.12574687,11.85885157,11.87904364,16.72781779,14.34786548,14.24719379
494,16.47035512,13.94385561,13.02808716,13.40141506,14.67057087,15.26668589,13.21903029
81,15.49774477,12.98939389,15.01206928,11.88315021,15.5682504,14.70180136,14.3475901
26000,12.65328003,14.70001574,2.321139162,35.93976158,18.18271587,2.74859598,13.45449164
7302,14.23105095,14.10366921,12.17967913,14.25943669,14.21928999,17.75387719,13.25299683
6859,12.86410194,12.91649121,17.68424872,12.12851072,15.3696663,12.74862405,16.28835706
6446,12.65472398,13.86280106,15.54051808,14.1909916,15.00909436,15.10966301,13.63220791
7750,12.54685659,14.55636583,15.08748223,15.24272755,14.83263978,13.32810767,14.40582035
38555,12.00141495,17.69124492,11.18564459,11.61713911,14.37631565,18.57245056,14.55579022
10193,16.11608317,16.88590552,11.01607083,11.17548014,12.90515674,18.71505339,13.18625021
19868,12.89893884,14.37526308,14.7487059,17.12869547,14.64489585,10.22423105,15.97926981
40332,20.5785542,13.89527726,13.43826549,11.436522,14.2183246,10.4647621,15.96829434
34380,15.41387207,14.27415757,15.68972497,11.31096084,13.82173013,14.78955003,14.70000439
33450,14.04931474,13.97799281,13.96229259,11.40375827,12.41297872,18.88829563,15.30536724
27834,22.83448349,17.19073169,3.446551943,8.401703532,13.70327683,19.00840123,15.41485128
19591,17.62890308,14.25138553,12.52943601,16.44246371,14.92590263,15.15720128,9.064707762
18953,11.83918228,13.75423334,2.17179969,37.24375638,19.83042905,2.571754419,12.58884485
18866,16.95881182,17.0563137,13.73182722,12.21985311,13.83864087,14.95004923,11.24450405
19204,16.95881182,17.0563137,13.73182722,12.21985311,13.83864087,14.95004923,11.24450405
19243,21.95423641,18.95776939,7.422122645,9.535597301,10.21673459,17.87785805,14.03568162
24049,17.40144153,14.81611096,12.51017181,11.9852106,13.41617995,16.05189784,13.8189873
29084,12.76141497,14.82564209,2.340975619,35.7829765,17.94743162,2.772085482,13.56947373
33636,15.54982243,18.76450803,12.49743397,12.13936648,13.31274019,16.51493342,11.22119548
33161,15.40304506,17.60565625,16.15675608,12.90960048,14.18973641,12.01059994,11.72460578
34048,15.46256462,15.89270132,15.08831275,12.48877051,13.29357745,12.58536403,15.18870931
5769,15.07602522,11.36796791,14.21001726,17.92919325,17.53368292,11.80842808,12.07468536
37319,17.43144149,12.38680043,7.593187409,19.54126442,18.20929543,12.30691437,12.53109645
5307,16.17927606,11.50550432,10.46150199,19.17699477,18.39673602,11.07091136,13.20907547
35436,15.15260224,13.88408846,11.93498938,20.80300348,14.80068744,10.34273646,13.08189254
32028,12.52483694,13.28075562,13.73917144,14.85602096,16.21750365,13.63628368,15.7454277
32521,12.52483694,13.28075562,13.73917144,14.85602096,16.21750365,13.63628368,15.7454277
18578,17.34297034,16.02820974,10.69053523,13.54653699,15.49855941,13.63355292,13.25963538
18188,12.76141497,14.82564209,2.340975619,35.7829765,17.94743162,2.772085482,13.56947373
25420,10.69146765,14.50109795,16.65442974,14.46840335,17.15230251,13.03516676,13.49713204
15599,11.60141168,13.58112733,17.25046766,14.74342039,17.13761672,9.407381783,16.27857443
24681,11.58106492,15.07282212,14.04280096,13.93002711,17.13247577,13.23298604,15.00782308
13631,11.8341847,15.08823608,18.61885497,11.38799689,15.183497,15.34702811,12.54020225
14068,11.8341847,15.08823608,18.61885497,11.38799689,15.183497,15.34702811,12.54020225
25095,11.158287,17.80553019,12.85349044,12.97055088,15.12280875,16.26401348,13.82531925
38650,15.54765348,11.63628614,20.26655525,20.38124918,15.86574041,6.762432571,9.540082968
15936,16.82093958,14.30722346,9.922698352,10.04386816,14.67697782,16.12047082,18.10782181
19852,16.3026347,18.85589272,10.17889117,14.87410212,14.75102203,11.29007649,13.74738076
8402,12.91351877,13.93743009,11.43996576,19.10888489,21.16674606,9.444522218,11.98893222
37763,15.79761009,12.48984567,14.48785741,13.22100331,18.39453399,12.90872916,12.70042036
7945,14.19388011,12.97292856,15.33590222,13.03535748,19.50144906,13.36984164,11.59064092
38262,15.14522873,13.68880337,12.52344319,14.63328672,18.36734542,12.61826878,13.0236238
27154,15.81320537,13.72824051,10.70505134,15.16300943,19.73655081,14.61728941,10.23665313
27582,18.35761062,16.12375812,10.68991393,14.37063123,15.36907109,14.25652984,10.83248517
2126,12.38844074,16.24649137,14.05515605,10.42610628,13.84454086,16.13204193,16.90722277
2557,13.80676105,16.06135719,15.32326573,12.64975694,13.69522637,13.71519597,14.74843676
33624,13.57938629,13.16078171,15.11082829,11.10735882,16.08066572,15.27902172,15.68195745
755,14.90615792,11.88383197,18.94037229,17.61672831,15.72378958,10.87392494,10.05519499
358,13.82634011,12.46294037,19.5004465,16.33019523,16.18358156,11.26991093,10.4265853
35179,13.37972727,13.16257238,19.91829333,15.12171028,15.5751054,12.12249751,10.72009383
35672,13.18647624,12.72155487,14.48894073,17.48467486,17.48331038,10.6475691,13.98747381
25284,12.76141497,14.82564209,2.340975619,35.7829765,17.94743162,2.772085482,13.56947373
16922,19.94891463,11.90385259,12.42428791,14.30591407,11.52443749,13.04706364,16.84552968
17786,19.94891463,11.90385259,12.42428791,14.30591407,11.52443749,13.04706364,16.84552968
16720,13.27645029,18.18885768,8.592015953,8.846368088,17.68924828,20.00887366,13.39818605
32192,15.31345026,14.94249883,14.46250107,9.457126006,12.39449906,17.30489008,16.12503469
14955,13.04275587,19.19849202,14.56033025,14.67945969,8.879638984,15.61086547,14.02845772
37912,19.03596051,18.93830821,10.43647816,13.48558707,15.11925823,10.41935763,12.56505019
8095,18.22241041,17.22347055,11.22951744,13.4779474,15.21838535,11.92506809,12.70320076
38398,18.46474266,14.77211983,11.25933322,15.53427232,13.2023299,9.849936916,16.91726515
8547,15.7762249,15.01061964,14.07721799,13.33893064,16.19708468,14.56826623,11.03165593
15966,21.79061957,19.35466586,13.80487765,14.2353726,12.17723853,9.014887419,9.622338362
15483,17.24127694,15.79461378,11.77882053,14.68379979,16.00711634,10.77104826,13.72332435
14614,16.70658597,15.69154308,12.01443381,15.1158484,15.58204279,10.9264819,13.96306405
4435,15.21990052,19.63374299,12.71457385,17.58374795,14.24937369,11.36962011,9.229040896
4922,15.53312372,16.99980407,11.37878416,11.67902502,13.43866383,15.63992047,15.33067873
3573,14.52261051,16.58742169,13.90694019,12.50005732,12.427105,15.57779933,14.47806596
4006,17.68535982,13.02595957,13.03107635,10.17199378,11.83803381,16.19703846,18.05053821
3378,13.36282696,14.13776196,15.75036444,11.2219022,14.50514896,16.7097152,14.31228029
4452,19.57803218,13.32105814,13.14932762,15.2396561,12.2913875,11.27366831,15.14687015
3563,19.46439529,12.75215408,12.7837484,15.92815327,12.77416883,11.04273287,15.25464726
4313,21.93546192,13.60479029,12.04201659,11.93920743,9.831364813,13.41545249,17.23170647
3384,14.84267014,13.89495343,16.08132312,10.09208362,13.66955788,17.63787619,13.78153563
22371,14.03766153,16.23995668,14.82039564,12.69869227,11.87922648,16.71946897,13.60459844
21036,14.63257566,14.92382541,14.44256876,12.03415796,15.07503351,14.28511521,14.60672348
21933,15.15458175,16.52858864,11.42043279,12.24597881,15.34276087,14.69388684,14.6137703
21420,13.47048,15.59734018,14.47001987,11.73070354,16.28134556,15.48929598,12.96081488
25345,18.10051775,11.68721154,8.71617963,16.6941482,20.20821399,14.05866666,10.53506222
40300,13.23233097,8.471233804,15.23039207,18.05677799,20.64868864,10.02188324,14.33869328
37991,15.7938861,13.07316523,14.92718196,13.78610499,14.76932044,14.42124439,13.22909688
38460,17.62797771,13.72926955,14.28144061,14.06658338,13.15989132,14.48583517,12.64900225
4650,14.18037471,12.78748924,15.54515432,10.61949803,16.45801193,15.50038454,14.90908721
5088,13.20118629,14.78510596,15.35281854,12.80269595,16.07218667,15.74337466,12.04263193
3732,13.67989722,13.06181721,15.6596369,10.73250576,16.18999416,15.60450986,15.07163889
20296,12.86839927,14.65058257,15.88990147,11.99995366,15.79527682,14.64177194,14.15411427
20729,12.86839927,14.65058257,15.88990147,11.99995366,15.79527682,14.64177194,14.15411427
21734,17.97047308,12.5567883,15.72452718,12.44019867,9.735104013,16.05283106,15.52007769
41053,16.60422483,17.73837135,9.193853387,9.54280137,14.58673088,17.94786925,14.38614893
41699,16.86110331,14.86205903,11.81988393,10.44910339,13.65922399,17.58719966,14.76142669
20825,17.36041855,20.24143928,6.693560387,12.50857927,15.06378979,15.29317342,12.8390393
20404,16.62819605,16.2327709,11.69388802,9.509547983,14.7186449,16.56005963,14.65689252
31348,14.65628584,14.54129353,15.50894912,11.77477218,11.67313322,15.97425991,15.8713062
31822,14.65628584,14.54129353,15.50894912,11.77477218,11.67313322,15.97425991,15.8713062
31397,17.99476744,13.63748252,14.19507365,10.89200816,12.76209923,17.14880768,13.36976132
31862,17.99476744,13.63748252,14.19507365,10.89200816,12.76209923,17.14880768,13.36976132
5094,15.05505415,14.39172535,11.52763604,10.69077004,15.42664214,17.94008796,14.96808432
31341,12.57164739,16.74124416,15.21477805,9.873816312,15.19634863,16.7082875,13.69387796
31813,12.57164739,16.74124416,15.21477805,9.873816312,15.19634863,16.7082875,13.69387796
4536,20.86584029,16.49200888,11.13187009,13.45372357,12.82605423,12.83435354,12.39614941
3642,20.95226524,16.35251693,12.11850497,12.58515684,12.30661865,12.90788066,12.77705671
4990,19.91685003,15.65433618,10.99292491,13.30762989,13.82177084,13.50274365,12.80374449
31261,14.98024268,14.31267163,14.65914214,11.14314044,12.33049881,18.86547294,13.70883135
35738,12.86375989,16.10325367,13.16624463,11.16369039,13.29628016,16.75664071,16.65013056
10594,17.27949873,12.37716138,15.659683,16.91197517,14.46860988,11.57338445,11.7296874
3342,14.9917834,20.8259874,13.41436666,8.484964608,13.87019466,17.34188933,11.07081394
4371,12.69901814,17.1814727,15.32894397,11.83162807,14.62311256,14.20075205,14.1350725
3491,13.333614,17.94954063,13.90951214,14.16296093,16.26659823,12.17088686,12.20688722
17199,13.28920309,12.20929582,18.84330101,19.77561618,14.45771834,8.071348646,13.35351692
18026,13.86429238,11.79830077,18.79392053,19.36861207,12.48878716,9.456082662,14.23000443
22172,13.28125157,15.58516699,13.06583535,13.97237442,13.04217871,17.22253666,13.8306563
22617,16.272684,13.37541169,16.12492012,15.00048539,15.14940111,12.44831866,11.62877903
21293,12.99730548,16.50334987,12.21958201,12.42570103,13.88585331,18.6877806,13.2804277
21691,15.12970314,22.27842125,2.686351601,6.723107904,15.2488892,24.2174837,13.7160432
461,17.58249337,13.11867734,10.78781642,13.69810017,13.32367862,15.54094665,15.94828744
50,16.60348558,13.0162412,12.59255332,16.77510304,16.15842552,13.09717595,11.75701539
34850,15.88448412,13.49553839,11.1343601,18.28872518,17.22648418,13.01644825,10.95395979
3791,13.201342,15.38721658,12.27001534,10.82070202,16.24246102,19.49994287,12.57832017
4194,13.201342,15.38721658,12.27001534,10.82070202,16.24246102,19.49994287,12.57832017
3669,17.95170001,11.96817765,13.42113639,12.89648734,15.78715182,12.28706327,15.68828352
4089,17.95170001,11.96817765,13.42113639,12.89648734,15.78715182,12.28706327,15.68828352
22398,15.57345666,14.15587574,13.1843496,10.96419506,16.13010007,17.26048397,12.73153889
21948,17.4687538,15.93528949,9.110487507,11.22298336,14.74300555,15.5025604,16.01691989
25380,15.77579033,15.18183873,15.29977306,14.85055297,13.42432545,11.67635813,13.79136132
25743,15.93911624,16.59003294,13.61109735,13.58546399,15.19958478,12.77796,12.2967447
39712,17.12471393,18.27379936,14.21545315,15.30625568,9.263339508,12.22894257,13.58749581
4682,16.70366966,18.07645606,13.23277487,13.67750903,13.00778191,11.18278884,14.11901963
20740,12.76141497,14.82564209,2.340975619,35.7829765,17.94743162,2.772085482,13.56947373
272,18.12140179,17.19550634,9.846970743,9.747011822,15.18975468,17.1909752,12.70837943
860,18.10766265,15.45967872,9.519807103,12.74352099,16.60075367,14.78739189,12.78118496
1301,18.10766265,15.45967872,9.519807103,12.74352099,16.60075367,14.78739189,12.78118496
35091,16.21007621,16.1535329,11.44751804,9.650025554,14.29275725,16.27979583,15.9662942
2192,16.51654989,18.04631296,14.20832061,12.62618063,12.26763615,10.87207364,15.46292613
24279,15.77232106,12.40735169,16.51139722,16.29987084,13.66055836,13.58833758,11.76016324
7787,17.71395406,15.55769213,12.1035008,13.67997676,13.23650241,14.86435409,12.84401976
6479,21.85996347,17.59395878,9.620167031,13.06223447,15.08118432,12.0890518,10.69344013
29369,18.17525049,12.43276763,14.82475535,15.45994799,13.75009907,14.70452928,10.65265019
2903,15.21633975,13.61761341,15.55598069,15.85561981,13.1293188,12.67203026,13.95309727
3272,16.53128702,14.29936614,12.31731595,16.08769476,13.68024785,12.85210784,14.23198044
39484,14.37874248,12.33968018,16.39831273,15.36639576,16.09828731,13.67250171,11.74607983
11652,11.68705201,11.47021464,19.91523838,24.22631354,14.5490982,7.184804062,10.96727917
26397,16.56639579,15.93740816,14.90827801,11.73719087,12.89842602,15.22992834,12.72237282
26817,16.56639579,15.93740816,14.90827801,11.73719087,12.89842602,15.22992834,12.72237282
27721,13.58859341,14.06478653,14.51249576,16.54456073,11.56999623,11.54790099,18.17166635
36763,18.95836973,14.74354257,13.52384556,14.34228672,9.6453997,15.11690421,13.66965151
41409,15.16591041,15.40884983,11.61993536,12.30075375,16.45961504,16.45494773,12.58998788
20171,15.51010929,15.49699197,10.93779597,12.32722522,16.40649084,16.11458303,13.20680368
26895,17.13147713,17.20580786,5.963452029,19.53532073,17.37825103,10.3790877,12.40660351
26428,12.43007078,14.44070121,2.280193279,36.27681976,18.65495672,2.700109576,13.21714868
38526,12.45964165,14.54513396,11.42608433,9.884599029,17.06044756,17.05100004,17.57309343
26054,12.92317014,11.73806285,15.72015147,16.24260068,15.82336273,11.89909946,15.65355268
26506,12.92317014,11.73806285,15.72015147,16.24260068,15.82336273,11.89909946,15.65355268
38056,15.78590425,13.66005764,9.34801786,9.984616317,15.56239981,19.7107817,15.94822242
25467,16.51144091,16.30784436,9.748778863,11.37694012,17.35031972,16.73158061,11.97309542
25815,19.9972168,16.48116834,8.095857922,17.04923523,17.77241345,10.86193542,9.742172827
24746,15.87934263,15.15763152,9.968008763,11.4284257,18.4958469,16.25905809,12.8116864
25146,16.03642349,13.55564145,12.1684917,10.18590509,16.88104159,16.64512017,14.52737651
35451,15.16858373,13.37796736,10.18798435,16.43512448,12.8445268,16.2235863,15.76222699
39659,11.64608882,15.39922535,13.53702591,16.73528034,14.81161282,13.59507961,14.27568715
23511,12.76141497,14.82564209,2.340975619,35.7829765,17.94743162,2.772085482,13.56947373
29945,12.76141497,14.82564209,2.340975619,35.7829765,17.94743162,2.772085482,13.56947373
30644,12.76141497,14.82564209,2.340975619,35.7829765,17.94743162,2.772085482,13.56947373
27001,15.83968075,15.46672894,13.72573105,14.94085304,16.39184633,11.95646798,11.6786919
26089,12.7941495,12.9814025,17.41597119,13.69586821,15.65041512,12.40728269,15.0549108
26531,12.7941495,12.9814025,17.41597119,13.69586821,15.65041512,12.40728269,15.0549108
30061,13.04357577,15.54681706,13.57424698,14.21774719,17.35604148,15.13710673,11.12446479
29649,13.04357577,15.54681706,13.57424698,14.21774719,17.35604148,15.13710673,11.12446479
37083,17.53323532,11.6303074,8.212914124,19.37524977,17.67108638,10.34490923,15.23229778
17345,21.40978281,17.77771891,11.68443261,14.15579937,13.23001235,11.76960025,9.972653697
37316,13.28723925,12.82506392,16.00337282,12.95238276,15.42816562,14.70842555,14.79535008
5303,13.21137128,13.44775611,15.72625507,13.57553578,16.77476569,15.09831687,12.16599921
36814,13.71976527,15.77606304,14.37214749,14.04418407,14.58420291,14.83495785,12.66867937
5765,13.64446634,13.08355547,15.2764075,14.00695308,16.88256049,14.43678905,12.66926807
35676,14.09511233,18.78759745,12.30432781,14.3853173,13.69515494,12.28575465,14.44673551
23686,15.17668377,18.27402766,12.38340439,13.35519666,14.54695318,14.09623684,12.1674975
22730,14.62231751,17.82486028,11.5696105,13.08694047,15.09436926,14.89809331,12.90380867
36880,18.27087886,17.23141963,6.181733584,14.45608515,13.55641927,15.41441885,14.88904465
10071,13.90359151,17.50350075,17.78979356,10.65418277,11.57084216,14.21153332,14.36655593
27281,18.18942496,20.11668436,7.842628522,16.12986141,13.57048387,11.78544174,12.36547514
23728,14.78818358,11.64118054,12.33665204,14.91839284,17.61751198,14.25619086,14.44188817
22781,13.99509319,11.40329889,12.77281419,15.13179327,19.62171202,12.12202942,14.95325902
38560,14.92900091,11.88620906,9.474007564,19.45068538,18.92360575,12.81240774,12.5240836
23272,12.81883635,11.78097748,14.17003606,18.50669419,21.52427982,10.67646736,10.52270874
11162,16.49495865,16.29208517,10.68190567,10.93987626,14.99131931,17.59786521,13.00198973
10689,13.16798434,15.09741552,13.72166281,11.19717906,17.1679881,17.40619069,12.24157947
35868,12.6455987,14.24690621,15.89304545,10.87034969,17.4667914,16.32026123,12.55704732
19640,14.0515063,14.32604794,15.07667096,12.98333891,16.12134805,15.90666598,11.53442186
6277,15.48567463,17.80697789,13.01045998,11.92890066,12.34251444,16.40350302,13.02196937
7154,15.90795186,17.48722953,12.98482185,13.69424669,13.68634023,14.13550476,12.10390508
24367,14.37573913,19.31353869,13.84830426,16.3066187,12.05090993,11.52059409,12.58429519
35341,14.60553142,11.25497796,18.0725565,14.74102965,16.16581951,11.55592548,13.60415948
34848,14.3216005,13.51181028,16.11081306,13.1072988,13.2275257,16.73477474,12.98617692
58,13.18886554,14.88966229,15.22524913,11.41643569,13.55229954,18.98514595,12.74234186
469,12.15917041,15.76839325,13.00670264,12.26377389,15.20027347,16.98551757,14.61616877
28665,28.05672584,25.09640044,0.09163445,21.17428989,18.01873587,2.618922979,4.943290528
17031,14.80095594,13.21682921,14.85258755,15.26285209,18.2763355,11.44184192,12.14859779
17430,14.80095594,13.21682921,14.85258755,15.26285209,18.2763355,11.44184192,12.14859779
19841,12.58646637,18.37651048,4.671232515,14.13733359,24.92302239,10.63239869,14.67303596
24035,13.00774947,12.46466415,18.76376074,14.13861593,11.98881321,12.54591248,17.09048402
10291,12.80960609,15.68174363,15.32446681,15.74735011,14.52871435,12.12699402,13.78112499
9009,11.47522125,14.19658031,17.34018441,12.80204286,12.35707594,14.76725787,17.06163737
9853,12.57164077,14.40934259,14.87568658,13.747539,12.23057307,14.41037533,17.75484265
26868,12.65328003,14.70001574,2.321139162,35.93976158,18.18271587,2.74859598,13.45449164
10758,19.18511073,14.26084515,14.32919312,14.94343601,12.27326617,11.99570914,13.01243968
35927,18.62954713,15.88417098,12.61655535,14.97628512,12.29632832,12.2469637,13.3501494
11225,19.25116837,14.08602081,14.75157998,14.02713794,11.89597047,11.93737097,14.05075147
23005,14.91173278,16.41254369,11.89019518,11.29890797,15.98626778,16.74608453,12.75426808
23943,13.80124213,15.47436708,13.66256786,11.04917211,15.5894837,17.35425229,13.06891483
24369,13.23427568,15.42353382,14.49826755,12.84571811,15.5021786,14.73573693,13.76028931
38624,13.24395771,13.87268749,17.26412149,12.05267515,14.00826186,16.97760164,12.58069466
34799,13.77641649,9.348612071,17.65621419,17.62715694,20.41018028,8.568853504,12.61256653
35293,13.59568146,10.50349685,11.1912793,21.31607247,20.3171069,9.072743958,14.00361905
0,12.98309526,9.53327191,16.9758056,16.32036461,19.74949313,7.790981415,16.64698808
418,12.69940093,9.46656682,13.51439129,21.69854442,21.41591154,6.041977646,15.16320736
34608,13.60367165,18.65373886,12.91971084,14.3180706,18.31877208,10.69755829,11.48847768
18730,17.90428986,16.5079747,10.73539889,10.53832334,14.75358658,16.41872192,13.14170471
19454,18.7430022,16.40797001,10.07631685,12.65118802,16.27044966,14.72088825,11.13018501
25959,41.10459663,16.64290234,0.080299901,10.05143605,5.627080652,13.26581517,13.22786925
6951,16.06413966,20.27590451,11.80285349,14.69548647,13.6205054,14.75212103,8.788989428
30552,12.76141497,14.82564209,2.340975619,35.7829765,17.94743162,2.772085482,13.56947373
26395,16.35505378,21.26057568,9.863187194,10.95364677,9.531509285,18.20982143,13.82620587
26812,16.35505378,21.26057568,9.863187194,10.95364677,9.531509285,18.20982143,13.82620587
6589,18.74196788,17.52296417,13.97024244,9.111981229,12.58568826,16.73456645,11.33258957
6999,18.74196788,17.52296417,13.97024244,9.111981229,12.58568826,16.73456645,11.33258957
29478,13.71684386,17.50419512,8.689810901,9.588250025,14.34220129,19.10304336,17.05565543
6967,14.40717543,24.46858682,8.256211873,9.438490901,13.4353851,18.20565604,11.78849383
27759,18.6936729,18.28556422,8.056887313,10.35822633,10.77318655,17.62769012,16.20477256
15614,18.98492505,16.70330404,7.067074406,15.68375534,18.4851235,13.01218278,10.06363489
16689,11.28022617,19.29605942,15.78504475,17.27654996,15.88005321,12.53435263,7.947713868
34699,14.5612118,17.02808149,10.51912502,9.968206885,14.77667139,18.10764397,15.03905944
23316,13.49424657,20.67889732,6.868185206,11.80082338,14.75843858,20.73034638,11.66906255
23787,13.53066213,19.61639363,16.36726731,13.15511397,15.26484642,10.64801424,11.4177023
22836,14.35660663,19.05583618,16.92929063,13.24698189,14.32647632,10.54396987,11.54083847
17809,19.78975691,12.74666432,11.68873772,18.96257402,16.01225406,10.43742373,10.36258924
16946,20.18268892,13.75504749,9.698163277,17.55272483,15.67757034,11.72891152,11.40489363
28821,14.78455259,12.39959834,15.94441321,16.84936151,12.804561,13.64357165,13.57394172
19573,12.65328003,14.70001574,2.321139162,35.93976158,18.18271587,2.74859598,13.45449164
19002,15.80312944,14.68119816,12.55786478,12.15786999,18.70344034,14.71251619,11.38398111
19283,15.80312944,14.68119816,12.55786478,12.15786999,18.70344034,14.71251619,11.38398111
24265,13.21654654,16.51288411,14.44016155,8.604980573,15.49863327,18.69736936,13.02942459
19693,17.59737911,11.476153,13.53598531,16.16790555,14.73170386,13.2976498,13.19322338
11978,14.87063633,12.7102309,11.36436438,23.28570613,14.08638426,8.33278954,15.34988847
12359,14.87063633,12.7102309,11.36436438,23.28570613,14.08638426,8.33278954,15.34988847
36232,12.58992546,16.13239532,13.6448562,15.07536066,13.18057881,12.31636047,17.06052307
11024,13.73986281,16.53243441,19.04254733,15.05651515,12.82428654,11.82612591,10.97822786
7504,12.65328003,14.70001574,2.321139162,35.93976158,18.18271587,2.74859598,13.45449164
1354,13.64774013,11.78303582,15.54394742,15.48222741,19.05972676,12.70035015,11.7829723
926,13.65304963,13.20631316,14.29934464,12.04876328,18.61860948,13.49389553,14.68002428
1807,14.96655109,13.41576058,11.34975426,12.54241875,18.7569236,13.93495143,15.0336403
11404,13.17889334,14.0380631,16.59985745,12.98725808,13.93627634,12.8574034,16.40224828
33315,14.26385754,14.23378002,13.39832178,10.35767803,15.03505585,17.50592103,15.20538575
34232,15.2982038,15.70071438,11.60605934,11.0654424,14.25251535,18.2073862,13.86967853
30750,13.72461683,15.2833731,9.683271239,22.82541358,20.31926479,9.376026987,8.788033483
28793,13.41080038,14.94724796,12.77776046,11.59282888,16.72791409,17.13240778,13.41104046
27910,11.60924255,14.60853586,14.47643647,10.40676471,15.61135785,16.84843794,16.43922463
28333,11.60924255,14.60853586,14.47643647,10.40676471,15.61135785,16.84843794,16.43922463
25760,15.40707237,14.86113415,10.99608752,10.81407983,16.47883251,18.08334193,13.35945169
31016,19.32746153,13.69967606,14.22182663,13.3170352,16.69387558,12.16693099,10.57319401
35400,17.53222337,14.38411184,10.97189724,15.24934589,16.84378536,12.37074331,12.64789299
131,17.10672266,12.52839675,11.67046342,13.57476025,17.09979313,12.04465486,15.97520894
34924,15.97233802,13.44384013,14.77971584,13.58143764,15.01790585,14.27532609,12.92943643
17880,16.86941277,15.55975526,10.87484412,13.56060661,13.12226092,17.00067422,13.01244609
17008,15.74869935,14.28377255,9.803275677,13.52653554,13.53320986,16.4962947,16.60821233
14372,12.40954864,14.24734467,17.23351045,14.92620545,15.39881375,12.44297166,13.34160539
15187,12.40954864,14.24734467,17.23351045,14.92620545,15.39881375,12.44297166,13.34160539
13715,11.83620215,16.92991973,14.38769166,12.19153846,15.58264188,13.84398614,15.22801997
14138,11.83620215,16.92991973,14.38769166,12.19153846,15.58264188,13.84398614,15.22801997
15654,14.86452295,12.75454079,18.87177931,16.25734916,15.41125693,10.47402929,11.36652157
13147,14.38582735,15.42992883,17.14879256,13.21077139,14.21925651,13.72915241,11.87627094
30648,25.71660136,15.13322843,11.805477,11.993589,9.048325122,13.29859247,13.00418663
29954,12.19864119,14.17183664,2.237739442,36.64362479,19.12725557,2.649837517,12.97106486
9990,16.98482941,17.33081375,19.15197649,14.24059471,9.362300009,10.83536476,12.09412086
9140,18.43941394,17.12458649,16.55107155,14.61455876,10.0906574,9.107746935,14.07196493
14314,20.80717146,10.57105347,8.755638876,20.23703733,16.65210678,8.795272999,14.18171908
15116,21.08414231,11.93621045,5.758502736,20.42921002,16.93099899,9.18960793,14.67132756
14228,17.46211578,15.97795039,12.29881013,7.627134669,12.95684608,20.07501366,13.6021293
31997,16.53517511,14.60404255,14.01763614,14.08355618,17.34735661,13.02008854,10.39214487
39433,12.93685966,16.38614227,13.39361741,11.00142758,15.22189944,17.53305717,13.52699647
1434,13.53314302,12.69827933,15.76631946,10.69888012,15.76259048,14.89866824,16.64211936
1906,16.47055421,14.21253517,11.38065627,11.04686274,14.87805291,15.78740769,16.22393102
2319,13.748658,14.64904952,13.39450826,12.1971462,15.17579089,16.58733938,14.24750774
1036,14.32387032,12.89514827,12.62292332,11.44945469,16.0038913,15.15186731,17.5528448
31463,15.84453994,14.48208622,16.47997282,10.63095325,13.06054691,14.13794852,15.36395234
31929,15.84453994,14.48208622,16.47997282,10.63095325,13.06054691,14.13794852,15.36395234
15669,17.7879233,14.81682956,14.138762,15.70133123,12.49816314,12.43996344,12.61702733
15189,16.65627072,12.4904487,14.03684666,15.44161007,14.04087916,12.82269954,14.51124515
14393,15.39992137,11.92672656,16.06407246,14.7582148,14.48087513,12.93721971,14.43296996
30712,17.65538514,14.33013974,12.52738959,15.90912576,13.66860751,12.16935015,13.7400021
10306,16.5353753,16.10475099,13.34186023,14.37900857,13.3533794,11.40420698,14.88141854
17866,18.03311311,17.31524535,9.576912098,12.43844568,15.32072055,12.88616789,14.42939531
17004,20.29565202,20.11771372,11.26467338,12.29932063,11.60506965,12.6357214,11.7818492
8602,15.63757255,17.588224,6.709091408,14.82166205,15.86701539,16.62129698,12.75513763
38457,15.88482384,13.67849808,14.70847046,12.61157295,13.82021005,14.26307962,15.033345
8167,15.66355874,13.29844414,14.32777227,12.72015588,13.998304,14.17391179,15.81785318
37990,15.27058034,13.07602515,15.44544669,11.53432096,14.31613355,15.33708798,15.02040533
7690,12.8866129,15.65449588,14.38807571,9.970739649,15.21490666,18.02049456,13.86467464
2218,15.15296723,14.36271753,16.05416071,13.55690224,13.30878402,14.02318695,13.54128132
35634,15.34349329,17.98371846,13.03762356,11.85330602,13.83367701,13.01172364,14.93645804
1773,14.55919785,14.09709379,13.27757147,10.98728078,16.40271396,14.6614637,16.01467844
892,12.17838982,14.87513598,13.64157924,11.54895673,15.93528337,15.65149791,16.16915694
1322,11.96500353,17.83795737,15.18006206,12.89549464,15.16387885,14.9496717,12.00793185
25472,14.55864458,16.71923315,14.11941212,15.09712721,11.76498916,14.89368201,12.84691177
24756,11.90799248,16.38500193,14.77649561,14.96250767,13.95376547,14.27583691,13.73839993
25154,10.72368507,16.39823585,17.35792875,12.71489441,16.13477769,13.41290977,13.25756847
10410,14.93395603,19.46015787,14.51056744,12.37834287,12.11111647,14.53002445,12.07583488
9552,13.51952724,20.44701125,19.56774434,12.64868535,12.61335817,11.8808051,9.322868555
9134,13.88023498,19.6699891,17.5533308,13.96716079,15.10118254,11.13018877,8.697913023
9959,14.71851293,19.54779394,16.54748981,15.34961921,16.00472137,10.1777016,7.654161138
27556,14.6540328,12.63295073,15.5369106,14.05970416,15.46883852,13.50843364,14.13912955
18138,17.80936202,13.05416977,15.16210165,12.77797388,14.86282093,14.81075403,11.52281771
11458,12.76141497,14.82564209,2.340975619,35.7829765,17.94743162,2.772085482,13.56947373
24953,12.76141497,14.82564209,2.340975619,35.7829765,17.94743162,2.772085482,13.56947373
25282,12.76141497,14.82564209,2.340975619,35.7829765,17.94743162,2.772085482,13.56947373
27584,17.40184041,15.63695354,12.53933296,14.63681968,12.1059152,13.63271976,14.04641844
27155,18.70641578,16.28068718,11.37029619,12.67516934,13.88800984,15.39317328,11.6862484
9413,19.39466146,13.0428776,16.38408813,11.40176735,12.7226004,15.15971442,11.89429064
9105,15.78617018,16.53454405,12.71307226,11.56913033,13.25072626,13.42539762,16.72095931
10394,15.31568583,19.34479626,12.07487741,15.49136028,9.854850442,15.61312869,12.30530109
9978,15.57512169,17.41321423,12.99957931,12.23902612,11.12087092,14.38415971,16.26802803
9517,15.91074366,15.86904923,14.22219025,11.62717885,13.42303074,12.34069271,16.60711457
5778,13.59633728,17.32825919,14.72050296,15.35775089,13.68323787,13.58149332,11.73241849
39311,13.28964102,17.69902805,13.67166088,12.48647033,12.74490936,16.90721813,13.20107223
37817,18.81449373,15.2513982,11.21396202,15.62999697,12.61033386,10.10163037,16.37818486
5320,11.34536149,13.18053439,2.081212367,38.11775402,20.74689794,2.464484697,12.06375509
39322,13.03150034,18.7564784,16.3061356,13.10566439,15.53382734,12.50012826,10.76626567
634,16.95692547,17.0997623,7.561337886,17.98270063,13.60317967,10.88308505,15.913009
35011,14.83508372,14.86248033,9.661747229,15.3158865,17.84842238,13.79103875,13.68534109
222,14.36197635,15.69636018,8.939776728,16.26393252,16.89890056,13.65842861,14.18062505
24197,18.05881424,15.22757488,10.79946152,14.51259724,16.78086378,12.30007421,12.32061414
31672,18.00506946,14.37881263,12.09783893,12.30406191,16.03197069,15.07994839,12.10229798
31191,17.82126871,14.29289494,12.41405156,12.12431515,16.11056525,14.9742133,12.2626911
31313,14.47512031,12.27437731,13.69292311,14.28873593,17.22778326,12.19822375,15.84283633
31783,14.47512031,12.27437731,13.69292311,14.28873593,17.22778326,12.19822375,15.84283633
36293,17.05889881,13.23870868,10.09489785,13.26124637,17.85995427,14.10755582,14.37873819
10618,15.68411988,12.96215802,12.72155204,17.22715975,19.39051368,10.96090721,11.0535894
35802,17.42404641,11.39819484,11.19079765,17.70496846,20.55818942,8.762353321,12.96144991
11109,15.86935447,14.61562597,16.54933149,13.08818933,15.43035136,13.03230801,11.41483937
19053,18.47707992,20.69181808,6.992923395,13.82005365,12.06891479,13.00210681,14.94710336
24219,14.75670885,17.05561544,9.690890127,12.30198822,17.45264319,14.81118879,13.93096538
22816,13.6264168,16.39050239,12.91004104,9.901795855,15.46624321,18.25985219,13.44514852
23764,14.09080584,15.20094497,13.07638206,11.08295227,16.660921,16.73663321,13.15136066
18642,12.19864119,14.17183664,2.237739442,36.64362479,19.12725557,2.649837517,12.97106486
29994,15.37420918,19.01630328,14.00871829,14.36563349,13.54001418,9.879624775,13.8154968
30269,15.50407126,18.7292853,13.98465774,14.64958059,13.92306196,9.573466998,13.63587615
30632,12.76141497,14.82564209,2.340975619,35.7829765,17.94743162,2.772085482,13.56947373
25732,16.99186824,14.92931203,12.00972586,15.54912595,14.73103321,11.29751699,14.49141772
25067,21.86040883,14.64583279,9.233790079,15.28379438,15.35330978,10.82296704,12.7998971
21447,20.14459916,11.39106321,4.273105374,16.03497232,15.27890783,17.93519893,14.94215319
31460,11.48339781,15.60515648,21.0326325,14.73164916,15.57732542,11.51227384,10.05756479
31926,11.48339781,15.60515648,21.0326325,14.73164916,15.57732542,11.51227384,10.05756479
41202,14.88652654,15.95117146,12.27038797,12.23227982,14.2502112,16.58910322,13.8203198
4131,14.07350618,19.7252454,15.92152449,12.06245964,12.16826328,14.61922009,11.42978093
5055,14.41807739,18.34974853,10.84513622,13.45685168,14.04350622,16.84931767,12.03736228
4621,14.44396935,16.95018948,12.0919614,10.72440252,14.08465986,16.07663378,15.62818361
3728,15.17724969,18.25408021,11.80088948,12.28317647,12.63809122,14.6317294,15.21478353
31314,11.52316131,15.89277712,17.08399693,16.4872565,13.21585865,13.15742301,12.63952649
31785,11.52316131,15.89277712,17.08399693,16.4872565,13.21585865,13.15742301,12.63952649
31714,12.91281765,15.67510544,13.25887163,14.57666418,13.7742923,13.70883596,16.09341285
31247,12.63767731,15.21371746,14.14615523,14.73004105,13.59952965,13.25448893,16.41839037
4642,16.60293601,14.58425014,14.1307212,10.80021143,13.48068422,17.62947986,12.77171713
5083,13.95495999,14.37495071,12.96098029,12.22073685,16.45436015,16.5645533,13.46945872
4660,18.16124434,16.1834052,10.40333745,10.9415401,16.13266004,15.46077208,12.71704079
3735,18.13820665,16.25404209,11.00717384,10.2887567,15.84485909,15.85021568,12.61674596
32175,12.82052662,12.70592849,12.94305675,15.30342635,18.60457048,12.5501549,15.07233641
32653,12.82052662,12.70592849,12.94305675,15.30342635,18.60457048,12.5501549,15.07233641
13376,21.6781602,14.98744065,9.839131693,13.10362065,11.54594582,16.48605754,12.35964345
1703,17.01531538,13.33343631,16.19801868,12.87448613,13.89045362,15.44588254,11.24240734
21685,16.52465023,16.59712385,8.649491242,11.28848116,17.07402515,16.59815652,13.26807183
31459,18.21523613,14.94187721,15.62023885,11.53283112,13.0732222,12.63026111,13.98633338
3741,13.72254999,15.32882913,13.49091757,10.78852625,13.60322949,16.5106218,16.55532578
4634,13.46784444,17.88350662,11.82725584,11.14265811,12.0369164,17.82703869,15.81477989
4142,15.56980858,14.82820837,10.95514501,9.592630894,17.4075731,15.75238499,15.89424906
3788,13.25813447,18.29598393,13.19037136,14.73491438,15.45034199,11.96127107,13.1089828
4200,14.52516888,18.26008281,11.17402753,11.39026793,13.52236562,15.52098618,15.60710105
5121,12.67017614,16.69732138,15.85160563,14.67032214,13.1082208,12.06919709,14.93315682
4695,13.37514654,18.74506083,16.2367878,15.75154544,15.0161815,9.949170114,10.92610778
40828,14.60264763,13.95688416,12.77268955,10.66949631,13.69595205,18.27979383,16.02253648
25940,19.89030452,21.84914184,8.471963055,13.58087777,14.75539389,11.03638671,10.41593221
41678,13.1625552,12.51383617,15.52293238,17.64305336,17.43936316,11.80442976,11.91382997
20410,13.37389972,12.80427956,17.17856111,16.97125135,16.29747242,12.55518815,10.81934768
417,13.62905122,15.97251157,9.928311441,14.12566457,19.60564535,14.18348384,12.55533201
821,13.62905122,15.97251157,9.928311441,14.12566457,19.60564535,14.18348384,12.55533201
41198,12.68902639,14.22572034,14.10593071,16.65972837,15.79999704,13.33935151,13.18024565
31366,14.0737079,13.32605659,14.93369458,13.71747545,17.75397926,13.8656229,12.32946332
31836,14.0737079,13.32605659,14.93369458,13.71747545,17.75397926,13.8656229,12.32946332
31209,16.81853245,14.07005937,10.45871058,10.0373801,12.84320877,17.38564128,18.38646744
9130,13.28362661,16.97233327,16.4207054,12.79175009,14.90880077,13.28032037,12.34246349
9955,14.25163064,16.86167452,12.82280954,14.26023173,17.38039181,12.70983893,11.71342282
9524,12.921485,18.67703371,14.4440192,10.02965177,12.54501625,18.29920654,13.08358752
38590,15.98911898,17.56313706,8.591401868,10.51379375,14.34626708,19.48704651,13.50923476
4619,16.8295001,21.05334523,13.76596893,13.90458859,12.76311171,11.79543873,9.888046707
37179,19.18908093,11.0357092,6.33146409,13.22007725,16.42320811,19.90071912,13.89974131
19393,15.25899007,15.51745827,13.26773718,13.00624822,12.95366927,15.06500174,14.93089524
6369,15.80789756,12.6520742,13.78261675,15.35803474,16.04853078,12.56505684,13.78578913
6791,15.80789756,12.6520742,13.78261675,15.35803474,16.04853078,12.56505684,13.78578913
18685,15.65161345,16.11093545,10.96727476,13.61877768,13.10423459,14.92341101,15.62375305
16319,13.43026857,17.13069422,18.12717904,14.14678384,10.8789806,12.82490542,13.46118831
10233,13.31667981,16.60469017,13.93552645,11.57240813,14.34731477,14.63574186,15.58763881
11593,14.72691932,14.52778396,10.3299657,13.25540445,17.20757059,15.20429941,14.74805657
11371,10.03380927,18.14631924,9.056885862,11.27701193,13.48780737,17.42081651,20.57734981
12502,13.28273958,14.58378123,9.703129301,15.66926114,20.03632667,13.287912,13.43685008
10947,12.31530021,14.30736588,2.25913957,36.45664669,18.89125822,2.675178654,13.09511078
36303,19.53935931,11.66826884,14.76055971,17.79181675,14.38902628,10.17849902,11.67247009
11111,19.02152753,10.70132763,10.71567482,20.72785523,20.20920398,11.15256816,7.471842667
35806,19.00433936,13.47398647,12.9993673,20.7024277,15.49220497,10.18915669,8.138517506
10624,18.33635479,11.27854555,12.58223146,21.79361724,16.79655704,10.83203402,8.380659914
27144,14.58420867,16.44523111,11.57248952,15.992503,13.01346068,14.48363541,13.90847162
10373,15.90785274,14.20929826,12.75638569,11.89808278,16.49624348,13.65741293,15.07472412
9079,15.72781494,14.67833803,15.19116312,14.41401661,16.3749107,13.4527128,10.16104381
9929,15.99445341,13.3905732,16.31505253,13.46792734,16.5516443,12.58922898,11.69112024
12702,15.8911193,14.05626166,14.88161294,12.13412469,14.15277247,14.79124052,14.09286842
1643,16.37627763,14.40011786,14.95345343,8.707048627,13.02377075,18.82973194,13.70959977
11805,15.4745495,14.58729566,14.48040217,12.10212962,13.36099935,15.37257088,14.62205283
12176,19.30463493,16.25577421,6.049331891,9.192870954,11.80119457,21.31310052,16.08309293
7158,17.37961093,14.01264635,14.12740082,15.19465262,11.86059289,14.26194948,13.1631469
38585,12.912927,14.38742642,15.2628852,15.32902191,16.11800868,13.3630329,12.62669788
38106,12.83466751,14.6267591,18.4997186,15.94979791,14.44942567,10.49777367,13.14185753
9321,12.68443586,16.61179524,18.9176596,14.30610523,17.26892843,11.30436915,8.906706499
9751,14.19819781,13.97420313,14.9257677,15.71449361,15.68147448,13.08201009,12.42385317
8899,14.37860199,12.95482179,17.32084028,14.00686749,14.02704546,13.34565089,13.96617209
30725,19.82208762,15.01004665,10.66797792,13.31145183,16.51618706,13.99133445,10.68091448
30358,19.37190085,12.59560324,12.78690982,15.1876838,11.87794885,12.30556539,15.87438805
30044,16.18732933,12.72033941,20.10851945,12.86145548,13.83102806,13.18086973,11.11045854
29635,16.31170526,11.58644033,16.70152009,14.44428247,14.64087279,11.21229839,15.10288066
8818,13.71017507,15.30909292,9.63909494,17.76852517,14.07070811,14.9190841,14.5833197
38684,13.53752016,12.76659015,18.6623532,14.14695444,16.90410864,12.64836994,11.33410346
38199,12.5340423,15.16554315,17.42289373,13.8593138,17.17532257,12.96314506,10.87973938
30902,12.76141497,14.82564209,2.340975619,35.7829765,17.94743162,2.772085482,13.56947373
37745,12.33174124,13.47372155,15.2138341,18.22263885,14.70214691,11.34585477,14.71006258
7962,16.57268066,12.6139233,10.95693515,20.90294295,14.56857789,8.393990417,15.99094963
37779,17.03938203,12.08530809,10.81865641,20.86309677,15.62238687,8.057909015,15.51326082
28488,15.39145972,16.20583775,10.99085181,9.719297408,12.11265378,20.36988044,15.21001909
12860,17.52589977,12.93467564,13.49452959,13.04311243,12.33171085,15.5771803,15.09289142
31042,13.4396525,10.91764217,19.87757374,15.75748127,13.90265585,12.07709643,14.02789803
31523,13.4396525,10.91764217,19.87757374,15.75748127,13.90265585,12.07709643,14.02789803
29788,21.23174536,16.21721073,8.107786741,11.66887365,14.71201379,14.82971664,13.23265309
30156,21.23174536,16.21721073,8.107786741,11.66887365,14.71201379,14.82971664,13.23265309
41502,18.13332337,19.07574162,13.47015385,11.59046438,15.76670936,12.01474091,9.948866517
10272,18.53508595,13.36012055,13.31915951,13.79342189,12.34175767,13.35017441,15.30028002
11778,12.3332881,14.73535615,13.83943628,11.23524267,11.43456644,18.33493372,18.08717663
12165,12.3332881,14.73535615,13.83943628,11.23524267,11.43456644,18.33493372,18.08717663
37206,16.83243682,18.39493021,10.92990111,12.14128152,17.33446039,13.5044653,10.86252465
37701,16.30749381,17.3806417,10.61550533,12.82144022,14.58991564,15.95175389,12.33324941
6849,14.4044997,13.57250064,14.64869572,12.82176223,16.32021172,15.84129587,12.39103412
10582,17.52388087,14.56730415,13.59141683,14.84334422,14.072899,12.85983872,12.54131622
10137,16.02376662,15.22485042,13.24264254,16.25449922,16.63682329,10.11385318,12.50356472
9770,17.74082295,11.34845323,14.70817771,14.60595724,16.42767094,12.13458199,13.03433595
8919,17.16126341,11.76519002,15.68711754,14.15791916,16.37464326,11.73787368,13.11599293
33192,11.99859665,19.37254635,16.12674545,13.06861964,13.833344,11.96853308,13.63161484
33647,14.33415427,16.89819881,18.60724079,14.25213322,10.83228396,10.5851265,14.49086246
39932,13.40381059,15.63109358,13.70463423,11.11626012,12.64993783,16.09777477,17.39648887
19706,12.97786539,16.90635527,15.83558128,15.71875901,9.978531381,14.38710779,14.19579987
19245,20.32015212,13.53216847,8.91879663,12.1232213,19.24448509,13.61200065,12.24917572
19626,17.19017934,16.36451422,6.357051056,7.412386844,17.05600608,22.31848499,13.30137747
18938,12.08027388,14.03432279,2.216025942,36.83740688,19.36264274,2.624125297,12.84520247
21334,16.15969021,19.33859725,12.744273,12.57386005,11.38380479,15.21512574,12.58464896
21771,16.15969021,19.33859725,12.744273,12.57386005,11.38380479,15.21512574,12.58464896
41185,20.07889955,16.64233053,5.133874916,25.69446636,15.88039244,4.020595812,12.54944039
14524,13.62673545,15.56480911,11.98706999,13.18358776,16.52919693,16.24712792,12.86147283
14891,13.62673545,15.56480911,11.98706999,13.18358776,16.52919693,16.24712792,12.86147283
7878,12.43105006,16.53988108,15.02160824,8.633404718,15.75728096,18.34675952,13.27001542
40108,18.61775738,18.00281973,7.113631875,18.91286836,10.42755531,13.62455165,13.3008157
15733,21.32786978,15.30638633,13.42288203,11.53006869,10.95428912,13.49529678,13.96320727
10595,12.68664845,16.77009902,15.4457057,10.73403922,13.41230989,15.85372119,15.09747653
10149,12.80199924,14.73443,14.38930851,13.1102247,15.71563972,12.50719877,16.74119906
9276,13.14758833,16.9960728,14.63115052,12.85461095,11.7063089,13.89851549,16.76575301
29413,12.01313979,16.29521895,12.94922115,19.08393156,13.21610073,10.73496206,15.70742576
6995,14.01179586,15.35359274,15.40684933,9.150025914,16.85420984,17.09553606,12.12799026
24278,14.03039198,14.33887961,16.24570776,14.02292425,14.40679325,14.1614166,12.79388656
27872,14.83958315,17.15067471,11.46183204,16.56618233,16.66636557,12.91958078,10.39578143
28300,14.83958315,17.15067471,11.46183204,16.56618233,16.66636557,12.91958078,10.39578143
28755,13.01928398,15.88390563,13.45662709,14.00806793,16.70526986,14.47674675,12.45009877
30890,15.07735822,14.79046191,12.30273471,11.24662391,14.68541723,15.90115287,15.99625115
29813,12.05508462,14.99699636,14.95107879,10.06175218,15.13151289,16.38707236,16.4165028
30523,13.21750427,15.38793073,11.83105764,11.67195272,15.70322781,17.97894624,14.20938059
30193,12.37781843,14.10264158,15.57743093,11.12258467,15.20943435,15.11991682,16.49017321
30944,12.57880732,14.88028296,10.80172555,15.38715623,15.96846173,13.77278507,16.61078114
6560,13.71841126,15.13148463,15.71629423,10.16061588,12.46364789,16.35881027,16.45073583
6957,13.71841126,15.13148463,15.71629423,10.16061588,12.46364789,16.35881027,16.45073583
6291,12.87618558,15.40512086,16.05729132,13.17023578,13.68983904,15.77110342,13.03022399
6723,12.87618558,15.40512086,16.05729132,13.17023578,13.68983904,15.77110342,13.03022399
37650,18.78050108,17.2397767,13.5455911,16.90712295,13.61068455,12.96854427,6.947779352
28446,14.24175157,14.56684177,10.13129763,15.69567974,16.45667014,12.47043094,16.43732821
28071,11.71686227,13.61212741,2.1493611,37.45539704,20.06228911,2.545183579,12.45877948
16191,19.57484722,16.27334966,7.335242174,20.99597156,16.02323871,11.27574603,8.52160464
16608,19.88296538,16.13156455,7.593929741,20.93998571,15.6928327,11.01144972,8.747272204
19450,11.10192556,16.66587088,15.24565822,11.99715586,12.00062653,16.55440295,16.43436
19752,12.27854707,12.47317775,16.12504799,12.14587031,13.54259611,14.65337552,18.78138525
37026,12.46694473,15.39152574,15.17217824,11.33106312,14.16897431,17.85574282,13.61357104
40584,19.44675213,11.61685974,16.06334215,15.80094428,13.31878283,9.416104667,14.3372142
7826,16.55084072,12.40126079,18.09967937,12.75758431,14.38497811,13.15902841,12.64662829
16349,16.47108569,14.5671581,10.11922742,13.69986942,17.8231854,13.08882621,14.23064775
7935,13.1061796,18.63846854,16.077733,15.99399728,11.0166558,13.3532735,11.81369229
24513,16.79863301,17.63782012,10.78621697,12.6677301,12.85841549,14.23770346,15.01348085
23555,14.21447844,15.3783547,12.60267848,9.849486919,13.39596819,17.70261668,16.8564166
24066,17.79543402,15.62565197,10.01415756,13.8132232,14.43793214,13.62409054,14.68951058
7308,15.80125713,13.96300363,15.94346154,9.78594059,14.14648695,15.02572833,15.33412183
40508,13.03837737,13.93262554,15.97355465,16.36792656,11.10816817,14.64800826,14.93133946
7314,13.60105747,14.22915157,15.19326032,13.94772496,14.61688767,14.55531175,13.85660627
16710,14.29516929,13.02850423,21.1204507,11.68488438,13.24541799,14.60522785,12.02034556
34435,15.68417771,13.7644602,12.6541756,12.82723401,18.19163189,15.31276964,11.56555095
33031,13.87528993,17.92842052,16.99379732,10.57543315,12.49591466,16.16238405,11.96876037
33510,12.51413041,17.47706284,12.01176604,8.643313512,16.91065138,18.29140704,14.15166878
6504,17.06973063,18.9478041,5.931022168,17.87631786,13.15213507,14.49565574,12.52733443
6904,17.06973063,18.9478041,5.931022168,17.87631786,13.15213507,14.49565574,12.52733443
11259,12.16239288,15.74949997,15.53175097,16.68470546,13.50534704,17.19592808,9.170375605
10809,12.76141497,14.82564209,2.340975619,35.7829765,17.94743162,2.772085482,13.56947373
7830,14.14928857,14.31734023,15.00326461,13.58041027,17.09678553,13.67941429,12.17349651
7396,13.13343867,16.44894986,15.71201269,13.66273079,16.0194582,12.86793981,12.15546999
24034,13.11006839,20.70717343,13.28929765,9.004089715,13.63493445,17.75301317,12.50142319
23095,13.46617033,21.08300808,13.62246592,8.224337569,13.26370716,18.13810795,12.20220299
24469,15.69045191,16.39760338,13.25769661,12.10565431,15.23465509,15.94998609,11.36395262
11320,13.93435812,14.02023636,13.41854438,14.16134972,17.64001226,12.59388544,14.23161373
36039,13.87772837,13.99809206,14.51622383,11.14228732,15.06416831,14.54211385,16.85938626
10883,13.01135912,15.13510938,12.50972206,10.55161254,15.33905188,16.94212439,16.51102063
12951,19.39434422,15.35976002,9.281465546,16.17882865,16.30391703,10.74284084,12.73884369
13322,14.50189764,14.91931141,8.989954496,13.6935705,15.54046328,14.43287374,17.92192893
19351,14.20794449,13.9643419,14.14449596,14.05796191,15.70100235,14.00624908,13.9180043
18631,14.62401929,14.34957806,13.30584705,12.22999491,13.89134616,17.67404754,13.92516698
10541,17.68456992,19.21927216,12.35536707,16.54279467,13.06115114,10.61493944,10.52190561
19937,14.51266825,16.97562764,12.09998696,10.25574766,15.56257214,18.21831129,12.37508605
32135,11.46402264,12.91026711,17.39991169,15.94819808,19.68651753,10.29998832,12.29109463
32643,11.46402264,12.91026711,17.39991169,15.94819808,19.68651753,10.29998832,12.29109463
29161,19.40516696,12.13835093,14.3626115,15.7967999,14.32769199,11.05974755,12.90963117
35889,12.43840835,14.37410713,15.48579293,13.49320365,15.70007478,14.11501524,14.3933979
10698,12.51717696,14.38195083,15.64927209,13.49516882,15.65010255,13.82144535,14.4848834
28716,12.82672774,13.07518719,17.00229358,13.69830644,16.468352,13.51480604,13.41432702
27841,12.08027388,14.03432279,2.216025942,36.83740688,19.36264274,2.624125297,12.84520247
11174,12.76141497,14.82564209,2.340975619,35.7829765,17.94743162,2.772085482,13.56947373
6882,15.78504051,14.17299616,11.50407982,14.81336208,18.45595156,11.91102769,13.35754218
6482,14.1510036,12.83511581,13.79645073,13.35587033,14.7943347,13.85183891,17.21538591
37224,14.25498704,14.69513364,12.70590614,12.58262572,14.22119654,16.24969319,15.29045775
28978,15.0001913,14.95174193,11.76577434,9.514522712,16.92982424,17.58831046,14.24963502
34195,15.25374687,19.9587774,11.6825875,11.76199365,14.07145258,17.29735172,9.974090281
27268,12.76141497,14.82564209,2.340975619,35.7829765,17.94743162,2.772085482,13.56947373
9544,17.34830615,19.48448474,10.42453746,10.39426518,14.90737176,13.93414314,13.50689157
9128,16.5422832,18.99581464,9.05744607,14.40153644,17.73880173,11.47468088,11.78943704
9964,16.00312444,17.4982016,13.43565432,15.38984704,18.05632831,8.767158293,10.84968601
7721,14.12541112,12.37265045,14.90257778,15.52027664,17.29561295,12.62153974,13.16193131
6825,21.05571875,25.33074896,6.91906395,8.97705925,16.39825652,14.47759584,6.841556742
7272,15.58774009,14.02928865,14.07098052,15.41696788,12.63361201,13.80380087,14.45760997
7544,15.70181667,12.61905548,16.33643889,13.73137803,15.77508593,10.85696669,14.97925832
9453,15.14062621,12.57010274,15.00575004,16.62769769,18.42049335,11.4195836,10.81574636
27718,18.98253199,15.02546517,12.8098763,12.26050974,13.87963819,16.18456305,10.85741555
25708,13.61531881,14.93782116,8.248670059,16.85562788,13.82267018,14.50186804,18.01802387
6484,11.83004578,15.62218647,16.72342172,14.99296418,16.5598591,12.98697149,11.28455125
6891,12.06472858,15.67294113,16.91972012,14.3520197,15.77669878,13.52930564,11.68458604
7357,12.96828081,13.91754075,15.2134316,16.16640948,13.90951547,12.13437715,15.69044475
7785,12.47678142,14.77712611,13.75585687,14.96611365,18.13184382,12.43388527,13.45839285
29565,21.41110662,12.58325348,6.386669473,16.50547907,15.3680411,13.14754281,14.59790745
10885,13.0169355,13.12157009,14.10861397,16.88433601,15.68985645,11.62255402,15.55613396
11316,14.52450676,13.42383113,14.90693596,15.59226034,15.42508008,11.05306109,15.07432465
7243,17.65171121,14.46179136,12.42353401,11.4006421,19.50233378,12.68051773,11.87946981
37681,16.50667867,15.28879249,20.50823848,11.94513884,10.98366672,13.97397807,10.79350674
7681,14.84277596,13.06913348,15.70308557,15.89718854,15.99380505,10.56618516,13.92782623
40558,13.66344994,13.88543903,14.53533532,15.12672711,16.06010312,11.73465424,14.99429123
13733,13.80903159,15.58453767,14.8551857,14.59027689,11.75108655,12.28964659,17.12023501
40071,13.84028882,16.2452311,16.79295261,15.33704613,11.67622335,11.62083708,14.4874209
14147,13.14127863,15.89998602,15.04448795,13.57152233,15.20194576,13.16494338,13.97583593
16215,17.06556148,13.78236752,15.41386164,15.30047917,13.54692513,14.63077975,10.26002532
29120,19.25512151,13.48319961,13.07639819,13.39523044,15.82929963,12.62157118,12.33917944
28233,17.67723283,13.80400432,13.69308356,12.34831344,15.18936258,14.49698167,12.7910216
28682,17.67723283,13.80400432,13.69308356,12.34831344,15.18936258,14.49698167,12.7910216
8253,16.27776196,12.77982944,13.71917637,17.9408548,11.44907357,11.14333357,16.68997029
38529,18.05384698,13.30474831,11.39729364,14.62203626,11.23789591,15.88789981,15.49627909
38087,17.52442444,12.48617358,12.63828856,19.00616075,12.04265416,10.62716208,15.67513643
8678,16.57987078,13.9279465,14.45765802,15.24457858,11.75630996,10.81612117,17.217515
37737,12.78234688,16.7681629,10.69406791,16.13602562,11.75124357,16.45185653,15.4162966
27329,16.20221303,18.4877731,12.07544032,12.41734444,14.2169818,14.70638569,11.89386162
9871,18.07968452,15.96724806,10.9876992,13.84230014,13.96232149,14.85294243,12.30780416
38691,14.20679833,20.75602318,15.52026756,11.84590417,13.68682728,14.23246885,9.751710636
9025,16.9155837,15.5335305,11.49181821,13.57831079,15.67037755,14.36135665,12.44902259
9440,15.47413857,12.95304632,15.35970583,11.7194532,17.70971127,14.1812032,12.6027416
9425,16.4242956,14.34555441,12.90478684,15.43848685,11.47399592,13.92378819,15.48909219
8994,18.37310986,13.2841759,11.90209154,17.59404361,11.83280288,11.81791611,15.1958601
9852,19.80389542,13.61104097,10.32716351,18.38321007,11.62311932,11.09657429,15.15499642
10308,13.231074,17.14186281,14.07283331,17.56062914,14.68574261,10.57989659,12.72796155
672,15.68362232,11.34657176,17.28601849,13.46289109,10.89433223,14.84360212,16.48296199
847,17.26825452,12.83955393,15.8604236,13.95058386,12.05811035,16.15820309,11.86487065
1735,17.26825452,12.83955393,15.8604236,13.95058386,12.05811035,16.15820309,11.86487065
22539,15.3765881,18.40672707,13.08546218,15.05581301,16.38181709,13.3784063,8.315186247
40941,16.33602533,17.54780727,13.15319053,14.75678668,12.66716879,14.01313849,11.5258829
40272,18.30366056,14.20971345,7.870636918,16.78191874,13.70057766,13.71764303,15.41584963
2736,16.88195753,18.27050994,9.753963165,11.27244231,15.40171326,15.88595057,12.53346323
3156,16.88195753,18.27050994,9.753963165,11.27244231,15.40171326,15.88595057,12.53346323
35102,12.74243594,14.3045008,15.52644673,15.30403735,13.95634068,12.98200614,15.18423236
4539,12.08547153,19.66431281,12.19135272,17.26552029,15.56494895,11.50867011,11.7197236
3653,12.14140956,19.72231369,12.04802958,16.66561812,15.36073573,9.987432045,14.07446127
22544,13.50205048,20.94802188,13.81499403,11.30938499,14.37744968,14.18239919,11.86569976
4616,17.95850332,11.77406146,14.22293132,14.59583023,10.32746303,16.22595988,14.89525075
16550,16.25581934,17.00029388,14.728939,13.55422369,12.21168555,11.9969536,14.25208493
16108,14.11370427,16.68584499,17.52691337,12.97285641,13.13567359,13.07309764,12.49190973
31451,19.85523401,15.15783134,10.64750668,13.27183396,14.76221585,13.00018316,13.305195
40937,19.94647323,15.09295813,11.18916132,12.67983434,12.07632999,12.72854619,16.2866968
41443,15.17446366,16.1312578,11.29502016,12.19525963,15.74735617,15.17454685,14.28209573
20209,16.08356987,15.75674456,11.33420408,12.66111924,16.3556083,13.89534247,13.91341148
4382,13.76420036,15.58106187,14.30683273,11.99625457,15.1480811,16.08879892,13.11477046
3503,12.90514909,15.18673065,16.08042142,11.65727289,13.66094867,15.46806996,15.04140732
3946,13.59205797,16.47089718,14.1113009,10.71196953,12.33563591,16.92063852,15.85749997
4858,12.00764436,13.6557506,15.74798887,10.65671839,16.50873546,15.88598897,15.53717335
19654,15.93073452,15.93737169,11.77619592,12.89331487,14.57852413,15.22044185,13.66341701
19318,11.19214485,18.01560382,7.262274875,24.47275893,16.81811809,8.451387375,13.78771206
18594,9.865219463,18.49913663,9.100700085,23.90843051,15.10284511,10.16358679,13.36008142
41552,15.60165176,16.11017394,15.28937421,9.661580555,13.46635019,16.72906877,13.14180057
16031,15.30621996,11.65149802,12.06450325,17.36328908,17.33465931,10.6772738,15.60255658
16483,16.17130285,13.08587253,14.40820616,15.10774793,16.69757692,12.39379155,12.13550205
38779,14.21660822,12.32874173,16.94629506,20.29050825,16.43742495,8.27831682,11.50210497
3725,18.37002726,13.41910116,12.69522374,17.06310662,13.09185362,13.09774258,12.26294502
4140,17.42202538,14.13191914,12.86616792,16.25360536,12.86642272,13.84628769,12.61357178
4611,18.63406259,12.6439527,11.01447292,17.598053,13.15688483,13.61643937,13.33613459
22101,13.65974179,10.88768068,16.92053617,18.04118035,12.55527285,13.72762474,14.20796342
40753,13.71122479,16.19699873,14.52612112,12.54602841,16.85601981,14.02763529,12.13597185
41251,15.62846748,16.3105239,12.72455074,12.27854507,15.03392173,14.80130927,13.22268181
20489,15.90976042,15.36938208,14.93678436,11.28282603,13.13951804,15.8475219,13.51420718
4965,13.40950972,16.74230567,16.23074174,12.33104982,11.4684314,14.58897755,15.2289841
30291,19.0588177,11.38487613,9.665846195,18.68406228,19.60550934,9.929310162,11.67157819
30667,18.75220921,11.28297104,11.47627964,18.42120944,16.62034592,9.618618702,13.82836605
29968,18.55954858,11.17786022,12.33694935,19.2325026,17.3826395,9.432857644,11.87764209
9325,14.46857432,14.5360173,13.56273348,10.09885381,15.17111593,16.2497468,15.91295835
10210,18.69285984,16.04998897,8.407364755,18.90670257,13.95398156,11.95094019,12.03816211
9745,15.33530213,15.05733617,14.03380503,11.24823015,12.98340998,16.64497668,14.69693987
8898,14.65077701,14.0251329,14.09798204,11.52437269,14.58569493,16.28955724,14.82648319
9593,23.38241032,24.27900213,8.746306612,17.97946077,15.12435647,3.551418852,6.937044851
13336,14.66967184,22.64125747,12.05046282,10.25417935,9.461782776,17.38720739,13.53543835
10574,16.68440264,20.72773529,13.38458549,13.10557864,12.54227304,13.31586029,10.23956461
24045,15.18486748,13.5896443,12.37125512,12.19035181,15.27413068,17.03190691,14.3578437
5050,12.98871406,21.70315227,15.43779156,12.94890317,13.32727119,15.12478771,8.469380034
10258,17.71071939,17.91995826,11.12806877,16.4041256,18.59672495,10.02061894,8.219784089
9371,16.82917904,19.77577394,12.45483675,13.523018,15.03191288,13.20515079,9.180128606
9804,18.29348697,19.79890903,11.61299819,14.50208547,14.85949527,8.908883484,12.02414159
8953,17.37786163,19.69425536,11.53946485,13.56462872,16.26731915,12.19377598,9.3626943
23426,11.69371295,13.32001774,15.80660778,17.25950428,11.90838757,12.14247669,17.86929299
19103,17.07571296,12.60965954,8.51372115,21.95120838,22.35867567,9.945293761,7.545728534
19732,15.77292506,12.55260887,12.13974633,16.1181988,17.94959815,12.45422324,13.01269954
18709,14.22670105,12.73274412,12.57809656,17.18705779,19.42087171,11.27556905,12.57895972
19409,13.27225895,12.76072164,12.22478551,15.39632521,19.59447309,12.81719589,13.93423972
31284,12.28657213,14.64362585,11.77618697,16.01546698,15.66406191,11.2230805,18.39100566
31756,12.28657213,14.64362585,11.77618697,16.01546698,15.66406191,11.2230805,18.39100566
1430,20.32719909,12.67626792,12.5509746,16.46172218,11.10005162,12.36306636,14.52071823
15103,16.6811881,16.25831279,11.15190936,8.943626404,14.60817231,17.81317741,14.54361363
36725,13.71565109,16.73839133,6.977716869,16.23614963,18.19761535,13.63145355,14.50302217
13276,10.63285596,15.68558664,13.94251991,15.38718522,14.33156454,13.13703069,16.88325704
11896,11.30745935,16.90578507,15.86097053,14.18736864,10.81229857,14.77686487,16.14925297
12818,10.52341424,15.00970636,16.81470975,13.28790938,12.11206553,15.67580397,16.57639077
8751,17.71067634,14.1603888,12.21649966,14.61255638,12.51056653,12.66618738,16.12312491
9776,18.4019421,17.24447004,11.98078234,17.06623204,15.7721508,10.98898053,8.545442149
12798,12.89487841,20.42269145,11.96616323,13.01770785,11.92998231,15.80034698,13.96822977
11890,12.5625172,21.3141562,11.13232401,12.62434379,11.61660473,16.63580161,14.11425247
12259,12.05868045,22.10893307,16.20969034,13.62775183,9.719784781,15.40272187,10.87243766
13256,13.8174747,20.04306345,11.42921291,15.9519548,12.79222428,12.71361755,13.2524523
17802,14.33888427,14.52690852,12.75484216,19.33730882,14.58910583,13.48568736,10.96726304
38679,18.59992611,14.42888163,9.826426385,11.94136855,14.13634503,18.46146975,12.60558255
9414,14.30207738,17.01077678,7.732546761,13.59931269,14.44927554,15.80006414,17.1059467
9397,16.12009333,17.09004414,12.32642087,10.65137754,13.15939872,17.36421789,13.2884475
8985,16.859152,16.83729949,13.1784956,11.38407671,14.17368093,15.31920022,12.24809505
10278,15.57571028,16.64395596,11.87755546,11.36314635,14.9663927,15.66341025,13.90982899
9823,19.22738682,17.92257896,11.88400187,10.61624691,14.96457247,13.67726122,11.70795175
13364,13.41576206,17.54623215,13.91285,12.43058959,13.13878216,17.57237506,11.98340898
29236,19.24586256,13.41606057,11.42990281,19.04615286,17.79197121,10.07236212,8.997687865
26125,16.82296272,13.69358048,14.19527048,14.19697017,12.987327,13.85151837,14.25237078
26567,16.82296272,13.69358048,14.19527048,14.19697017,12.987327,13.85151837,14.25237078
27036,19.70855376,15.75143711,12.59231456,14.38392522,12.60464234,13.38578764,11.57333936
25698,10.88089387,12.51714421,16.11484014,17.10623057,20.36555024,12.86963375,10.14570721
10392,14.5669931,19.2509583,13.58514484,13.21449555,14.11211347,13.18237321,12.08792152
12033,14.3291724,12.0592982,15.45746683,17.46703972,14.2723381,11.12305597,15.29162878
34324,14.78033184,15.61959397,13.75763603,13.12056633,14.33442111,15.22178336,13.16566735
1813,13.98408437,13.95435451,12.91214973,13.36438797,17.13366709,14.53730856,14.11404777
760,14.37238424,20.30706836,10.01157943,14.28437327,10.46859792,17.76746941,12.78852736
13372,19.41681277,12.92987758,12.84796945,11.45492457,17.0640683,14.07866879,12.20767854
16435,13.02843085,13.92610499,13.76722974,11.68033418,17.6440432,14.72997213,15.22388491
11056,13.87916873,13.2215811,16.83667778,11.98561513,12.01359618,16.60665877,15.45670231
11520,13.87916873,13.2215811,16.83667778,11.98561513,12.01359618,16.60665877,15.45670231
30312,16.69066073,10.6966987,18.7299631,16.48896678,12.69134859,10.01451758,14.6878445
13023,19.6650575,14.05886683,12.23525863,15.24422997,10.80577799,13.51951594,14.47129315
15835,22.42847293,19.12732821,10.62102991,18.46276062,16.41236626,6.809793319,6.138248741
32157,15.92371662,15.06558375,11.29901088,13.17956326,18.88074819,12.78152537,12.86985193
17748,18.96771576,15.21279934,12.93537721,17.51577645,15.7663008,9.033496832,10.56853362
16878,18.96036362,14.97355006,10.68922514,19.87249217,15.82207575,8.328062685,11.35423057
26036,16.73379465,14.2705753,13.31609788,14.87614489,16.21422439,12.75478407,11.83437882
9041,20.04501014,17.51618928,11.14464592,11.2960932,13.2429053,14.64302806,12.1121281
9452,20.04501014,17.51618928,11.14464592,11.2960932,13.2429053,14.64302806,12.1121281
36107,15.47408941,16.54873825,12.90173489,12.79685833,13.58928982,14.27948448,14.40980482
10964,15.70685743,15.99701151,11.10548539,13.32083034,13.4043501,14.33155562,16.1339096
36613,15.94156878,16.53027931,13.48655136,12.83984846,15.18452152,11.98864599,14.02858457
16202,17.29381557,16.05890373,7.214440378,9.153384681,13.21761259,17.9569296,19.10491344
16616,17.29381557,16.05890373,7.214440378,9.153384681,13.21761259,17.9569296,19.10491344
17810,22.54431916,15.93315812,10.44651973,12.57117256,14.13909926,14.2524745,10.11325668
13027,17.06748531,14.64183093,15.38614154,14.83955354,11.79439982,14.77560748,11.49498138
36381,15.51577783,12.19380491,13.56046367,15.13946829,17.53744668,11.22524577,14.82779285
11189,17.11885616,12.39817872,13.05398032,18.28773527,21.10325669,9.764190653,8.273802185
10248,12.9532451,15.93970347,14.17467691,12.07443523,15.53547974,13.86718192,15.45527763
38180,11.7121351,16.07762747,14.64573948,13.33259505,16.4419987,14.9781335,12.81177069
8330,11.49354982,16.76971517,14.06415339,13.68027743,16.71236103,14.82373783,12.45620533
8756,12.95074433,18.7800479,10.91421051,12.97820818,17.29134444,12.64761037,14.43783426
23973,23.17486266,17.24917716,9.718391513,10.23820611,13.36386766,13.12361163,13.13188328
27394,14.41055908,16.00398461,11.37080601,9.24277043,16.9750252,18.50340609,13.49344857
26416,11.83918228,13.75423334,2.17179969,37.24375638,19.83042905,2.571754419,12.58884485
33374,12.32960665,21.79129654,15.3982705,12.73126494,14.54348534,15.24918894,7.956887093
34289,13.14554376,21.37165429,15.68708511,13.57808342,12.41135394,15.39524368,8.411035803
33830,13.06871492,19.23768373,18.23939319,8.736532609,12.40532646,17.78625558,10.52609351
27456,15.84639675,12.71161581,13.61262694,16.22672417,16.14609234,12.99675847,12.4597855
2598,11.77055763,20.47836478,17.42612955,12.76769696,12.21746492,14.08240892,11.25737723
10068,16.06158455,14.12417239,13.14440306,9.858072092,14.43079343,17.61283236,14.76814211
9214,14.46199873,14.26246682,14.08923177,10.97604456,14.44211593,16.09428909,15.6738531
33625,12.24142245,12.00416109,8.736599637,19.50321633,13.80633957,14.02669879,19.68156214
34693,15.0891903,14.16179908,12.17055182,11.61344334,15.56505809,16.79566055,14.60429683
31683,12.61965169,13.2052087,13.88880107,14.41383191,13.89440497,13.19548428,18.78261739
31206,12.36025793,13.51546337,14.21213765,13.81597758,13.50374303,13.55517009,19.03725035
11130,21.15447941,11.64774155,8.551445843,17.6201055,17.52188863,10.13309105,13.37124803
12925,19.11065728,13.04638713,14.73179392,15.4068329,14.58844514,8.921522031,14.1943616
10650,18.26519714,11.79315826,12.46808639,15.00396365,17.59094261,10.81820519,14.06044676
35832,18.29973104,12.04457342,11.47706088,15.52206473,16.92306443,11.34908042,14.38442509
15913,19.88413308,11.46258708,15.92573426,14.69999919,12.46182796,9.31212123,16.2535972
29053,12.65328003,14.70001574,2.321139162,35.93976158,18.18271587,2.74859598,13.45449164
8989,13.18247174,16.75174726,12.55273199,12.42395263,14.02364535,15.73674232,15.32870871
10286,12.98367063,16.90520139,15.08336753,14.03522929,12.88755593,14.87934277,13.22563246
9400,15.08367066,15.45117591,10.50573437,12.96354833,15.95738714,14.54911832,15.48936527
9838,13.45933724,15.68197754,14.22781396,12.97779808,13.19340447,14.52589349,15.93377522
9967,18.80985734,13.8729276,14.55810281,14.3750301,11.75460361,15.05012005,11.57935849
16043,14.54024968,16.09211525,13.94162337,13.08270689,17.59996489,13.38020618,11.36313374
16498,14.94472945,17.18257994,9.19008424,14.39202923,19.02046839,16.40863162,8.86147713
27530,12.27270154,13.58035406,12.5777813,17.01072371,14.71827156,12.3162675,17.52390033
26190,12.90084797,14.48821655,15.68232243,11.3991024,16.0000788,13.84789201,15.68153984
26626,12.90084797,14.48821655,15.68232243,11.3991024,16.0000788,13.84789201,15.68153984
28676,27.83153397,20.59435572,6.980254809,12.30842733,8.828312517,12.65237587,10.80473978
34788,19.52016996,20.30567828,12.26357105,12.2353773,9.887399941,14.57643259,11.21137088
33814,15.94011953,24.25337924,12.39729062,15.88849125,10.60709417,11.71126105,9.202364142
9557,17.12667286,15.1564963,14.06410967,11.04928224,14.56085289,16.11281075,11.92977528
9143,18.54314018,16.16897785,11.13174287,11.96078194,14.95290323,15.01453769,12.22791625
30371,15.96688602,15.39196642,10.95649905,13.20398383,13.96439476,13.19253342,17.3237365
29646,16.33816518,16.24838157,9.795141883,14.40418187,15.15572426,12.46723318,15.59117205
30055,14.81733623,16.56186097,12.61633948,13.6426341,15.96240028,14.76086905,11.63855989
11025,13.47368083,15.68155517,13.73420773,12.86976068,15.37265447,15.89152848,12.97661265
11452,15.42309757,18.99247545,9.469910969,13.44570209,16.24786827,13.85053009,12.57041557
36246,13.84753917,14.69857453,13.4347188,12.88050484,15.73371428,16.25165772,13.15329066
40324,15.12017464,16.37442774,15.24588401,16.33440724,13.32556565,10.95908136,12.64045935
9536,18.15675799,14.27586038,13.50809397,13.56507613,11.45482613,14.70012849,14.3392569
8995,16.9586921,11.18730424,16.91316767,15.80637332,12.88284628,12.7087507,13.54286568
9858,16.9586921,11.18730424,16.91316767,15.80637332,12.88284628,12.7087507,13.54286568
31092,18.09639762,15.0726818,12.22966134,15.27734219,12.83515814,15.78565051,10.70310839
31572,18.09639762,15.0726818,12.22966134,15.27734219,12.83515814,15.78565051,10.70310839
15944,13.51642989,18.23940495,14.93064269,13.28257205,11.63784946,14.70182765,13.6912733
38174,18.4933295,16.62072352,12.35417115,13.31335469,15.484704,12.86165077,10.87206638
8941,14.47142953,13.82306704,13.73266175,12.39804589,19.71828727,13.67855017,12.17795836
9789,14.47142953,13.82306704,13.73266175,12.39804589,19.71828727,13.67855017,12.17795836
10245,15.74569882,15.06292863,12.00476548,12.35292636,14.63322817,13.5852692,16.61518333
22880,14.29091097,14.91866512,13.98494558,9.949969194,16.05397073,18.10966692,12.69187149
23358,14.29091097,14.91866512,13.98494558,9.949969194,16.05397073,18.10966692,12.69187149
37666,15.37538656,15.15232559,10.68763684,13.70673928,17.70057753,14.33250305,13.04483115
37802,14.921199,11.54072457,15.42401609,20.96325345,19.01288314,8.22026152,9.917662222
7989,14.21903396,14.44042522,16.53082085,18.28401978,14.37012168,10.74222854,11.41334997
38302,16.54743816,9.757737157,16.2273258,19.99541259,16.81012459,9.806932203,10.85502949
8444,16.44580734,16.26758501,11.32335207,16.33964692,18.36864032,11.54964434,9.705324003
36845,13.09140911,18.27575933,14.24043657,17.32390477,14.30445185,12.33045135,10.43358702
218,20.28333715,15.11348377,10.86655732,16.34294113,11.3726636,12.9491762,13.07184084
628,20.28333715,15.11348377,10.86655732,16.34294113,11.3726636,12.9491762,13.07184084
1718,14.60357551,17.4005258,12.94792532,18.73543556,12.3282617,10.60641093,13.37786518
35483,13.37839443,19.10937809,9.942310449,14.33749809,10.04004384,15.4079624,17.7844127
37782,16.24162326,14.70383278,10.51322138,19.56789149,14.60858748,10.64821175,13.71663186
35389,14.46550152,14.45497912,11.46872935,14.58760464,16.13550018,15.78206379,13.1056214
7961,16.38629219,15.60167671,11.05153269,18.21740149,13.5548151,10.90287184,14.28540997
10264,18.31767916,17.07715893,9.67986849,18.3090936,14.25926707,10.85124809,11.50568467
37899,13.88351532,12.24473754,11.51363964,15.15888577,19.17408305,12.87172289,15.15341578
4819,17.29213775,13.10982239,15.20602443,13.42201955,16.31732847,12.26646417,12.38620323
8082,13.48409635,12.67215147,10.29682194,15.09836866,19.22260347,12.68255977,16.54339834
8537,14.41188799,15.93609549,12.08179135,11.50656911,17.22942821,15.63581725,13.19841059
38386,18.72043307,15.46979737,10.84962495,13.68166031,12.99127749,14.07887743,14.20832938
25581,20.76899117,14.11574537,8.195403253,15.52387094,11.09096406,13.7816571,16.52336812
24890,12.54278339,14.57164568,2.300869471,36.10444201,18.41866769,2.724593458,13.3369983
24548,19.38998038,13.80100941,8.45402667,16.31712277,11.4007645,16.90182442,13.73527185
8865,15.10074426,13.3466738,16.2608953,13.35481924,18.57160089,12.49039451,10.874872
9713,15.9377474,12.92688003,15.26856456,12.86312005,16.80148408,12.26739315,13.93481073
9297,15.04331135,13.26735942,14.26568343,15.205455,18.26804562,12.79177071,11.15837447
10184,16.52766032,12.83460428,11.43192347,16.63071,13.63326409,13.32544133,15.61639651
32410,16.21425544,14.36353076,12.69113501,13.11517636,11.85331765,16.13859224,15.62399254
32881,16.21425544,14.36353076,12.69113501,13.11517636,11.85331765,16.13859224,15.62399254
3879,15.40133807,18.44649102,15.73605288,11.4378729,12.46444067,14.14500546,12.368799
4284,17.09871241,19.26343214,14.15968792,10.48473793,11.34908954,16.67317572,10.97116433
17295,15.93934708,19.16562214,14.55652912,11.63437291,12.75590983,13.50601033,12.44220859
17663,15.93934708,19.16562214,14.55652912,11.63437291,12.75590983,13.50601033,12.44220859
16806,12.76141497,14.82564209,2.340975619,35.7829765,17.94743162,2.772085482,13.56947373
37023,12.76141497,14.82564209,2.340975619,35.7829765,17.94743162,2.772085482,13.56947373
32138,13.89168209,15.18213802,14.74717275,11.18924422,16.69424832,15.88831691,12.40719769
32638,13.89168209,15.18213802,14.74717275,11.18924422,16.69424832,15.88831691,12.40719769
34034,13.9302442,17.5918854,13.61229137,14.4506317,15.15777402,11.04247684,14.21469647
33123,12.84095079,18.53565674,13.92062376,13.33936589,14.00450344,12.28655472,15.07234465
34502,16.01136528,20.58411273,14.56325287,12.52954664,13.85858302,10.40326365,12.04987581
33592,10.98570295,21.58881712,20.71654106,12.82365167,13.3325112,13.63822744,6.914548554
22850,19.31278116,13.8042645,13.448467,12.67109656,12.86187124,13.76094296,14.14057659
23803,18.43622728,15.03222157,12.72782347,13.01644704,13.94129258,13.99983162,12.84615643
20579,14.16470842,16.80283954,7.813472443,17.23103361,19.75104087,14.36339455,9.873510559
32296,13.00933016,17.55300905,15.02626725,9.723169162,13.87194865,18.4644295,12.35184623
32762,13.00933016,17.55300905,15.02626725,9.723169162,13.87194865,18.4644295,12.35184623
22013,14.39409301,18.04559282,12.52719938,12.99408705,14.20202714,14.65030731,13.18669329
21517,13.5877745,19.77975019,14.36214062,10.81306411,12.075185,17.06003427,12.32205132
31061,12.95087419,10.28790266,20.76523661,20.73192551,12.46934181,6.17566657,16.61905265
31544,12.95087419,10.28790266,20.76523661,20.73192551,12.46934181,6.17566657,16.61905265
21127,13.41005765,17.93593252,14.62615304,11.77457449,13.7643317,14.94800944,13.54094116
444,22.35642641,15.97394063,8.90136093,15.02505615,12.00094375,13.88855033,11.85372179
29,19.81124329,12.55676072,5.069729196,21.84877705,16.07077147,10.76693608,13.87578221
34828,18.03542662,14.12386585,8.734765417,19.94668686,15.43428031,10.76338723,12.96158772
35319,17.26168374,14.81982737,9.479000295,21.07930738,16.32471093,9.822993594,11.21247669
829,14.767958,9.371282454,19.4552109,21.01238482,12.5511892,10.9512461,11.89072853
31377,13.61595587,15.48430527,12.28010162,10.96906659,15.9886227,16.55639299,15.10555497
31842,13.61595587,15.48430527,12.28010162,10.96906659,15.9886227,16.55639299,15.10555497
40761,17.82154249,11.97848541,13.75230104,20.87968659,12.68257036,8.863258168,14.02215593
38666,20.68296539,9.307532178,9.785492575,20.94244284,19.12633759,8.580560022,11.57466941
2747,17.17906878,12.62259417,11.08191994,19.80214621,16.03289146,10.12501368,13.15636575
38873,17.54239694,12.7552702,10.89848673,19.03032619,15.18666793,10.48940048,14.09745153
39362,18.25001514,12.21811452,12.24092138,17.84939003,17.47738462,10.65990724,11.30426707
21708,13.6784138,15.55213556,15.27441987,17.91598939,14.02111662,14.12927698,9.428647786
31405,12.26717508,16.39749863,12.72233496,12.92050021,15.52142399,16.37727626,13.79379087
31875,12.26717508,16.39749863,12.72233496,12.92050021,15.52142399,16.37727626,13.79379087
40943,15.49932408,18.29889736,10.01643978,8.34959102,15.73743363,19.56723001,12.53108413
21857,18.70336029,18.13087261,10.03653203,12.20996128,14.1176081,14.8197145,11.98195119
22303,15.33973931,13.78146325,8.070569819,15.8831964,18.44061199,16.03107153,12.4533477
40732,17.60312725,12.52658637,9.325548395,19.76542009,13.91067785,12.46335374,14.4052863
2702,15.15439137,12.60005075,15.62742256,17.01844052,15.85800622,10.54441367,13.19727492
38831,15.15439137,12.60005075,15.62742256,17.01844052,15.85800622,10.54441367,13.19727492
655,16.28234281,13.19508357,18.60047587,14.34203863,13.34206049,14.19810504,10.0398936
35521,16.09621012,14.1324226,17.17216819,12.50424518,13.83992872,15.31753733,10.93748786
37640,15.84219883,17.79191157,12.22728199,18.50297871,14.53943698,10.07244104,11.02375088
5634,16.41573968,17.79231214,14.102814,16.79091713,13.7856069,10.07946666,11.0331435
39595,18.31519581,18.24841896,8.659581058,18.73634865,16.69134774,8.483207995,10.86589979
40716,13.44709384,13.7517599,15.81204952,14.32794955,19.1443585,13.4352577,10.081531
35796,12.45649402,11.54582612,14.97559952,17.50173343,19.38959258,10.00383762,14.1269167
10607,12.61012503,10.81414629,8.061110568,23.78669049,21.32624472,7.817897803,15.58378511
11103,17.25067414,11.76930019,1.147523492,17.45987691,27.54237489,11.19185627,13.6383941
21892,16.98304517,13.10533601,15.35403332,14.16791107,18.44812791,10.16989147,11.77165505
20977,16.30657452,12.71919319,15.66130797,14.78720396,18.74506586,10.23182222,11.54883228
3122,12.79417111,16.92181225,11.82791234,11.23359191,14.02276214,16.71568534,16.48406492
38825,12.82887207,14.68509124,15.26379496,13.82489556,15.07761394,15.11324927,13.20648296
2696,12.31347772,15.07565504,13.95786017,14.08434251,14.58067245,15.60174091,14.3862512
39324,12.51424718,16.10112877,13.19444194,14.48857669,16.71793085,14.66665804,12.31701653
20219,13.36587169,13.81535362,13.86331829,13.38218688,13.68433405,14.54951621,17.33941927
20673,13.36587169,13.81535362,13.86331829,13.38218688,13.68433405,14.54951621,17.33941927
21636,5.304087703,29.40097211,0.81877937,11.73450563,23.5048439,19.46417319,9.772638098
18810,17.63518745,18.63789556,11.06767388,14.47051627,16.73229511,11.30618954,10.1502422
19175,17.67306965,17.61174893,10.7582381,12.17412476,15.84108388,15.67740225,10.26433243
19495,19.44539272,18.45111099,11.68869862,16.35377934,14.35173726,9.772380304,9.936900774
22151,17.46918064,14.97737624,12.21483417,10.09019228,13.00243254,18.32794556,13.91803858
21317,14.20511516,14.18781673,13.75202876,12.3659902,17.49688686,15.83340858,12.1587537
21788,12.96135745,14.83683913,15.67208766,13.64075073,19.06069559,12.68533118,11.14293826
18285,15.62352387,15.2954251,14.09796441,14.23621584,12.53313433,14.47634412,13.73739233
10847,19.66181264,11.56928173,13.95062268,15.47088671,9.683323539,15.10021972,14.56385299
11284,19.66181264,11.56928173,13.95062268,15.47088671,9.683323539,15.10021972,14.56385299
34210,13.66502757,15.28873938,15.25371209,13.30791737,14.85359206,15.83734834,11.79366318
7891,14.10058784,21.26906494,14.62863001,13.44143772,13.25136554,15.49259136,7.816322581
27765,12.65328003,14.70001574,2.321139162,35.93976158,18.18271587,2.74859598,13.45449164
18830,12.54278339,14.57164568,2.300869471,36.10444201,18.41866769,2.724593458,13.3369983
13183,19.29633277,16.10520382,17.60473895,14.22294689,12.3577885,8.995273437,11.41771563
11814,16.11264945,14.43010879,13.78247654,12.74637778,14.91523177,13.7759592,14.23719646
12185,16.11264945,14.43010879,13.78247654,12.74637778,14.91523177,13.7759592,14.23719646
27397,17.75347774,13.94773388,15.19711225,11.88888415,14.77480798,14.91486775,11.52311626
2415,16.13963224,15.84322309,13.62118866,11.2873293,13.98282738,14.26121483,14.86458451
2022,15.28056921,16.98752386,12.54586862,10.97215521,14.00111608,14.61417348,15.59859354
16017,13.38600123,12.09757333,13.72701189,17.30922275,15.87739072,10.71634695,16.88645314
31977,13.06844073,13.83744358,13.96915535,13.44437037,17.00551099,13.63133156,15.04374741
32469,13.06844073,13.83744358,13.96915535,13.44437037,17.00551099,13.63133156,15.04374741
22944,17.47543308,15.32528143,12.38915161,14.39257705,13.66291403,13.93552731,12.81911549
23866,18.05938575,14.61440333,10.85721017,15.77031633,14.1111123,14.5036084,12.08396372
23406,17.19613761,18.44700587,11.61487927,10.44408135,11.69573866,14.61226249,15.98989476
36371,15.76787193,15.63735544,14.78949382,14.12024664,13.91934634,12.06078149,13.70490434
5326,17.57319145,13.00846072,8.875536508,18.54208336,16.81199841,10.2063136,14.98241596
36323,16.09448978,11.88005224,16.48302879,17.08299663,13.52715126,12.56659233,12.36568897
5780,19.56754045,12.81932933,6.752413584,19.06657172,16.58937849,10.29148618,14.91328025
37328,17.29869128,15.14766884,9.692384859,17.59694369,14.73985402,10.70439643,14.82006088
17604,17.79487315,19.62540187,14.67088887,13.80651249,10.9960356,10.67503849,12.43124952
18010,12.65328003,14.70001574,2.321139162,35.93976158,18.18271587,2.74859598,13.45449164
13345,16.47830971,15.07470519,11.55628593,10.2349552,13.66161846,17.53383933,15.46028619
6962,16.03243207,15.42280682,17.20040784,21.12030311,16.00046335,7.411111552,6.812475258
29392,14.45092053,18.74185027,18.081938,10.71378367,14.63165137,13.45526717,9.924588985
6557,15.90300382,16.99041071,13.10803765,16.99052108,14.06964983,8.370698246,14.56767867
7851,17.71671639,19.57967859,9.292592249,13.72820311,15.17611043,11.20647259,13.30022664
7463,15.26270064,15.30971695,14.70457878,11.23394152,13.90581569,13.03368215,16.54956426
30683,13.26491814,12.28800285,19.66527599,17.87358938,13.80560191,11.69810847,11.40450325
25030,20.05465953,19.46168232,8.670880031,18.1717397,13.31282633,11.99005616,8.338155933
25328,20.8256427,19.91160666,8.373352426,16.60634773,12.95064462,12.4360516,8.896354255
28200,12.62173245,23.96350862,12.98261633,16.95528006,19.32842163,8.569794661,5.578646252
28601,12.62173245,23.96350862,12.98261633,16.95528006,19.32842163,8.569794661,5.578646252
37271,15.29273148,8.597453299,20.43444054,19.65361769,15.45084903,8.647677122,11.92323085
5258,16.02047019,8.985681295,18.38706677,18.74090451,17.59768606,7.664934179,12.60325699
35299,16.04127676,11.17681349,16.65790864,14.76267192,16.12218934,12.03551084,13.20362901
5729,14.78205827,8.415319621,11.57606019,24.88272537,21.09568561,6.39427388,12.85387706
18337,19.81846417,21.39975581,4.409864462,8.532896349,11.75841847,18.97292898,15.10767175
28661,14.74999413,14.96031583,11.88322805,14.28739808,14.24214457,13.53965664,16.3372627
28224,12.19864119,14.17183664,2.237739442,36.64362479,19.12725557,2.649837517,12.97106486
2030,12.48304104,13.65120123,14.45924915,14.22010761,15.73032167,12.93421964,16.52185966
15316,13.15072956,15.11205468,15.11851621,14.37175694,13.53515609,14.12146324,14.59032328
15767,12.48804229,13.58370898,16.93018795,13.43047787,13.47879215,13.96149914,16.12729162
25279,11.73895804,20.46397007,6.48416366,9.648950795,14.46807608,21.48978182,15.70609953
24951,12.65328003,14.70001574,2.321139162,35.93976158,18.18271587,2.74859598,13.45449164
28248,14.34213633,13.70310046,14.47239681,12.38803844,18.43193198,13.70783066,12.95456532
28655,14.34213633,13.70310046,14.47239681,12.38803844,18.43193198,13.70783066,12.95456532
29131,17.05420261,20.11765842,10.62444303,12.93818035,11.25071797,13.18437346,14.83042415
11508,17.68172065,20.09687539,11.02911132,11.1751852,11.06727692,15.78039254,13.16943798
27968,12.71180395,16.35512163,15.9883785,12.15037759,13.61440056,16.02243333,13.15748445
28388,12.71180395,16.35512163,15.9883785,12.15037759,13.61440056,16.02243333,13.15748445
28835,11.57144657,23.0343446,9.702024424,10.64222616,10.28041146,19.70535727,15.06418952
21056,12.31052596,17.73813891,14.07134476,12.11243479,17.35515058,14.38129591,12.03110908
21440,12.31052596,17.73813891,14.07134476,12.11243479,17.35515058,14.38129591,12.03110908
7195,14.33277561,15.74447941,14.11676814,13.18692315,14.22843916,15.91217193,12.47844261
6303,14.25515964,15.55576499,15.24401611,13.27568596,15.24929073,14.94715423,11.47292833
18041,19.22048336,22.30847425,2.441623522,10.81307374,12.50761861,18.5061989,14.20252761
12691,10.81727804,12.37459624,17.29617898,15.28581412,17.00010954,11.11611444,16.10990865
12169,10.39836434,13.62521888,22.99032674,16.18788718,14.8405833,9.322582488,12.63503708
39495,15.55795481,12.23130906,12.66214298,13.74663985,16.55105703,15.77417046,13.4767258
24171,13.41557548,14.21366679,18.26025792,12.39896096,17.91572881,12.34649521,11.44931483
28806,16.0083353,15.23657782,12.52076267,10.94421615,15.0827967,15.65527102,14.55204035
27938,16.4819073,14.74323624,16.69054363,11.30588959,14.59726644,15.14230307,11.03885374
28357,16.4819073,14.74323624,16.69054363,11.30588959,14.59726644,15.14230307,11.03885374
29259,12.65328003,14.70001574,2.321139162,35.93976158,18.18271587,2.74859598,13.45449164
6010,16.4323472,20.61712727,9.083929475,11.34200065,15.79050627,15.58766324,11.14642589
19675,14.23327914,15.18462573,11.01938287,14.75677425,18.77073859,11.31287363,14.72232577
7085,13.11531573,15.30134245,13.01168628,11.51300731,18.62381813,15.5094441,12.925386
19347,18.14656365,25.15643057,8.529263747,12.82566925,12.98415652,11.8839495,10.47396677
6195,12.29243584,15.92445298,11.94826095,14.53628491,20.26234445,13.68652072,11.34970015
6637,11.52331582,17.52252488,12.99182997,10.26267346,15.13127274,19.16222712,13.406156
5593,11.71686227,13.61212741,2.1493611,37.45539704,20.06228911,2.545183579,12.45877948
35499,19.79498782,12.76162306,9.530944984,16.88037801,11.56348369,14.28016694,15.1884155
29335,15.22638286,17.38122278,13.55506095,16.28848964,12.44582593,13.62070796,11.48230988
28061,13.76612848,14.24590501,15.30874241,11.21576755,16.31828416,16.74341636,12.40175604
28470,13.76612848,14.24590501,15.30874241,11.21576755,16.31828416,16.74341636,12.40175604
28908,13.55333091,13.95665551,15.03443643,12.80638858,14.67423851,15.54026954,14.43468052
14821,11.2528364,11.97396669,14.50008425,18.63007534,18.84391536,11.22701815,13.57210382
40561,13.01800208,14.98684488,13.09242022,14.16766778,14.7636853,12.8486549,17.12272485
15200,13.00924087,13.0082232,15.17275774,15.05945819,16.27827924,12.14829685,15.3237439
14414,11.94428079,12.71744154,15.73091062,15.56633978,19.28245195,11.29290213,13.46567319
7933,14.75104856,20.0914545,13.97985171,18.09203636,13.50543599,12.22053219,7.359640695
24134,18.75413773,15.47080441,9.938002338,11.89021414,16.80608788,14.69235921,12.44839428
1772,18.4938208,14.12168935,12.97137777,12.57221862,15.98823177,12.79226262,13.06039906
22123,12.44790014,15.27459981,16.10704384,8.843804308,13.86039844,17.42114005,16.04511341
22536,14.10806132,17.65659517,13.21180805,10.46518346,14.01161978,17.71609016,12.83064207
40844,13.5470745,14.10800994,11.30725684,14.44347636,17.63565578,14.3704626,14.58806397
41350,13.29775218,13.94781506,14.32232988,12.43523952,16.00360052,15.75343266,14.23983018
20109,14.39152667,14.74985189,13.82182151,11.29748086,14.15790338,17.10199855,14.47941714
21455,11.7111801,19.86059591,6.884920678,8.483961217,15.40496806,18.98755971,18.66681432
21277,13.68377123,20.59566209,13.3741441,13.65433832,14.44510782,13.05307643,11.1939
21665,12.05054794,19.82355743,17.04907344,14.78544088,14.45710202,9.852638547,11.98163974
22233,15.29010903,20.9712104,11.55746786,13.4195368,14.98594489,14.16452888,9.611202126
16814,20.92443397,16.13641668,9.74230526,10.70294298,14.85453631,14.79243814,12.84692666
20561,15.89805122,14.64673308,14.72627626,8.40245154,13.15318857,19.4098711,13.76342823
20101,14.52284942,14.58463097,15.76720576,8.994750758,14.27068332,18.54723283,13.31264695
22254,16.0248156,11.72094038,11.30834085,15.2627268,17.019004,13.19554758,15.46862479
41337,13.3461871,18.51459589,11.3145929,11.51181387,14.04970983,17.95071187,13.31238854
21402,24.21941979,16.17525136,16.46676205,12.81082259,5.385459462,13.07299774,11.86928701
3621,15.61065556,14.38029675,12.94140082,12.35460369,15.41396858,15.88150794,13.41756667
4465,16.87816085,15.61783077,12.7557152,14.22583805,14.52493823,14.86909639,11.12842051
4023,14.62986614,12.69480502,12.14944014,12.97091329,17.26363514,14.87103178,15.42030849
4947,15.51637558,17.51646236,11.39764853,11.56299425,14.7349624,16.76105487,12.510502
20306,13.20322613,14.09554402,16.40099251,9.59486866,13.93772973,16.35914392,16.40849502
41515,13.20322613,14.09554402,16.40099251,9.59486866,13.93772973,16.35914392,16.40849502
39325,13.4215105,15.80052857,13.56443168,11.87031731,12.85357278,17.68562773,14.80401144
3124,11.26682065,16.02619086,17.82534257,10.15573481,13.94217797,17.28196447,13.50176866
38827,13.09821354,14.85265978,12.69990119,10.39282392,16.52349538,17.55344621,14.87945999
2698,12.79336361,15.45086853,13.78838446,11.09730823,16.16543037,17.48561574,13.21902906
22102,15.29490066,14.9881186,14.11267577,12.89261527,12.60213406,15.15841578,14.95113986
21205,15.93851714,15.28871533,12.58463083,13.43548382,12.03469689,15.33683906,15.38111693
31248,19.26554185,13.45210756,11.92111427,15.24567273,15.82436357,11.02347344,13.26772657
31722,19.26554185,13.45210756,11.92111427,15.24567273,15.82436357,11.02347344,13.26772657
35431,15.16933766,14.21235622,18.27905588,10.6020047,14.27568321,16.743236,10.71832634
34959,14.65692512,12.10085091,18.06429153,12.79650786,13.24289839,14.55644735,14.58207883
150,13.97428181,13.6610468,16.07917288,11.77703567,14.67844225,14.99802281,14.83199777
22842,16.49878271,12.28564421,18.86240787,14.27639086,18.42143689,10.62146983,9.033867628
23322,15.81558347,13.18780332,18.82764316,12.80569637,19.29826292,10.97236716,9.092643605
11770,11.5798428,13.77940091,16.10669615,13.46140022,16.27432784,12.94409094,15.85424114
12150,12.85102489,13.31775117,16.87710634,12.63671315,16.7774544,15.00906458,12.53088547
13138,14.2805764,15.51552588,10.66769513,12.74339904,14.26075989,15.58667699,16.94536667
12685,13.49218199,13.54628074,15.1425826,13.38024819,16.14565025,14.623467,13.66958923
11958,15.77932259,15.63206312,14.34463725,11.51007614,15.33365267,15.02357871,12.37666952
12386,15.77932259,15.63206312,14.34463725,11.51007614,15.33365267,15.02357871,12.37666952
5499,17.39943945,13.47984137,12.95831739,14.22385547,15.01501438,13.55666991,13.36686203
37511,16.42775498,14.06118271,13.61841568,13.28274668,14.66875836,15.208513,12.73262859
37014,16.2324421,15.29629877,12.75483414,10.96612982,13.56670229,18.17383058,13.0097623
27794,15.56262571,13.42191113,15.04417597,13.0327139,12.17107955,16.75053239,14.01696134
18315,16.59516574,14.26491343,13.8265641,14.86570997,13.66405808,14.01140734,12.77218134
12215,17.34823546,15.76001797,9.990271601,9.545799861,14.51551655,18.9170315,13.92312706
40592,18.50528583,21.74391343,12.57606258,11.66661077,13.04882811,13.34897856,9.110320719
13306,13.97094853,14.28468109,15.40708582,10.89707636,15.95487009,15.4210169,14.06432121
25240,13.80851083,24.93038028,11.67559036,10.94789475,12.48811943,16.81083305,9.338671309
25569,13.97484943,18.988401,16.44906021,12.11123187,15.63698248,14.17790462,8.661570384
25934,12.15533023,18.58467824,17.77201989,11.98363766,14.2209485,13.31872221,11.96466328
24883,12.19864119,14.17183664,2.237739442,36.64362479,19.12725557,2.649837517,12.97106486
37069,14.63229647,13.46340115,15.68027466,19.76324626,14.90528811,9.690646596,11.86484676
36547,13.743673,17.09269473,12.34180666,12.52740741,15.52385585,17.13879047,11.63177189
1312,16.89138799,13.99767445,17.50915431,14.15264455,14.14368147,11.87686668,11.42859055
16197,16.93350378,16.17322291,9.610616093,9.245861029,16.30481172,18.84753588,12.8844486
26385,13.18759887,16.39234481,13.12074381,12.47344862,17.14505039,15.14154437,12.53926913
26807,13.18759887,16.39234481,13.12074381,12.47344862,17.14505039,15.14154437,12.53926913
21512,22.44009182,19.6481839,5.758376165,11.32683297,13.19763454,16.74662873,10.88225186
30294,15.50000526,18.84279423,12.9623222,9.787783253,13.83933527,17.4972116,11.5705482
29963,15.50000526,18.84279423,12.9623222,9.787783253,13.83933527,17.4972116,11.5705482
11312,20.33079685,15.58836516,13.73988104,11.36370775,11.84771093,13.22959512,13.89994314
36054,18.79283678,11.29398051,11.8544457,14.28409854,14.37584522,12.83707447,16.56171877
36542,15.44162091,14.75883821,13.5849428,13.14515574,14.2667243,15.34965606,13.45306199
11532,17.88337594,16.66764067,9.657040335,8.312046291,14.70839307,18.72706046,14.04444324
27476,17.73145647,13.27093877,14.53892513,13.40741555,15.73733564,12.13756076,13.17636767
23530,17.54987058,19.84288243,7.839823494,12.91895662,9.715385236,15.32244763,16.81063402
26068,11.95748026,15.002809,13.3256158,16.21174518,18.94151665,13.4047247,11.15610841
26517,11.95748026,15.002809,13.3256158,16.21174518,18.94151665,13.4047247,11.15610841
27439,12.59739824,16.31710144,14.90506164,14.92984422,17.62813339,13.67239912,9.950061953
26980,11.44673358,13.13887233,17.30740593,14.41315734,16.81315883,13.32054887,13.56012312
39040,13.95691669,13.78742935,16.3181027,10.64215738,12.07638866,17.79970119,15.41930403
36557,12.83835705,16.71342688,12.66820591,12.75058181,13.66439222,17.88810517,13.47693097
36075,12.76141497,14.82564209,2.340975619,35.7829765,17.94743162,2.772085482,13.56947373
39991,14.23698295,15.87258758,13.88441525,11.05131667,15.18435556,16.70358506,13.06675693
6417,15.74629476,13.31226571,12.08835944,14.83516834,19.64102537,13.80095549,10.57593088
6839,15.74629476,13.31226571,12.08835944,14.83516834,19.64102537,13.80095549,10.57593088
13642,13.50206556,14.97254395,14.79263933,11.06509027,15.71085526,16.56898384,13.38782179
40492,14.53508843,14.90977835,13.34639722,13.88136193,13.0615439,14.28969619,15.97613399
10474,16.12981,17.77554214,14.68059465,12.11783821,11.68362157,13.80893226,13.80366116
5919,16.34894416,16.74255585,14.28526388,12.30129904,11.62130924,13.56891219,15.13171564
7054,15.26491471,17.74492303,14.30233587,14.24085834,14.81288272,11.55433042,12.07975491
6151,15.52471676,17.20119443,13.7808829,14.79772455,14.49190246,11.76737285,12.43620605
7543,14.44866299,15.43595962,11.66710904,11.23909675,16.24938954,15.16832037,15.79146169
5488,11.83918228,13.75423334,2.17179969,37.24375638,19.83042905,2.571754419,12.58884485
18506,15.1854197,18.54445647,12.60571097,15.56752998,13.14073394,11.48334853,13.47280042
19600,16.82907412,14.55482047,12.17014616,12.00997951,13.46617071,15.15781637,15.81199266
19962,19.80836627,15.26810107,15.70144493,12.93922117,11.63762408,12.4929759,12.15226658
19287,21.51439401,18.36793921,7.286550655,9.239067009,11.73963622,18.5110672,13.34134569
19006,12.65328003,14.70001574,2.321139162,35.93976158,18.18271587,2.74859598,13.45449164
16422,14.82303557,17.01699856,16.26318347,14.3745101,11.75363407,13.16773282,12.6009054
35850,19.51744082,13.91925126,12.26189889,16.88355051,10.43443109,12.63571153,14.3477159
2178,18.36750401,14.58024188,13.59205022,16.54288087,12.20135928,10.97360637,13.74235739
10668,20.01015203,14.40368326,10.66339725,16.01094791,10.31196738,13.6874582,14.91239397
38729,11.43996431,16.81739146,12.70164199,11.40914364,14.05012837,16.5606497,17.02108054
10049,12.73700084,18.22297584,12.27200994,14.81651703,13.27474342,13.78408831,14.89266462
36658,15.4789922,13.94837494,12.01559984,10.34102497,14.00011253,16.43704054,17.77885498
12549,14.95482606,15.88253914,9.820662007,11.21093243,15.82614605,19.05518814,13.24970617
13044,16.92896776,14.59330295,9.916737306,12.68789859,16.65604904,14.00056372,15.21648063
10988,14.30556678,15.03290962,12.38192774,10.06631664,16.39652522,16.65170756,15.16504645
11395,14.30556678,15.03290962,12.38192774,10.06631664,16.39652522,16.65170756,15.16504645
13582,16.86778932,13.85452881,13.4279831,12.11751013,16.46607895,14.24287228,13.02323742
39939,17.3484735,12.88757939,11.83223627,12.40176494,16.15354582,15.64658152,13.72981856
14028,17.22527242,14.77992827,11.00520115,11.28147652,16.47657968,14.88822326,14.3433187
16265,16.15066548,13.40022376,15.54656209,12.93650343,13.16851223,14.48311369,14.3144193
33536,17.0419068,15.41115472,14.36104302,10.86232003,13.71177311,15.78642601,12.82537631
29981,21.62150904,17.57268462,5.729469163,21.46577215,11.53961539,12.42823169,9.64271795
30670,15.37935971,17.09436529,7.191761598,22.51787157,16.29937277,9.643604993,11.87366407
24584,12.54893402,18.80373619,15.29734371,12.18914078,12.87510059,15.93699709,12.34874761
7081,14.30586967,13.44557917,15.13221149,17.96375567,13.6530415,13.07645061,12.42309187
6191,14.17083972,14.00698586,14.80009157,17.20646658,13.3010393,13.92573322,12.58884374
31599,12.75408289,13.24591021,16.9544811,12.38791792,17.22667248,14.05685034,13.37408506
31120,12.67742496,13.19909793,17.37672843,12.44355073,17.0837637,14.00760269,13.21183156
26974,15.25207674,12.24898459,13.77473064,14.52171597,17.23310632,11.47907537,15.49031037
26067,15.20435199,12.59148935,15.6680241,11.94591252,18.36857176,11.46617078,14.7554795
26513,15.20435199,12.59148935,15.6680241,11.94591252,18.36857176,11.46617078,14.7554795
7114,16.60827003,16.40454325,13.33352366,14.0303617,16.28343876,13.00979998,10.33006262
6228,16.36467208,15.52366103,11.34888521,15.35417231,17.89212217,12.78645828,10.73002892
6044,12.76141497,14.82564209,2.340975619,35.7829765,17.94743162,2.772085482,13.56947373
11933,13.01422189,13.7481794,16.49820584,11.69807123,13.66317561,15.38318734,15.99495869
12417,13.01422189,13.7481794,16.49820584,11.69807123,13.66317561,15.38318734,15.99495869
28644,20.94220236,15.24171912,8.649367907,17.59075442,19.22676213,11.17037204,7.178822033
11573,17.16163031,13.76889484,7.436792238,13.70302267,18.17078366,12.20020942,17.55866687
12961,14.44139987,14.38749481,14.49658183,12.48806201,14.56903354,13.60209361,16.01533433
12477,14.92201488,14.90661253,10.04318259,12.7458861,17.73183562,14.53254347,15.1179248
10911,14.8704955,15.67506347,10.95318193,11.43700637,15.36413697,14.08290932,17.61720644
11347,14.8704955,15.67506347,10.95318193,11.43700637,15.36413697,14.08290932,17.61720644
16227,12.40252749,14.64660382,14.59816961,14.23192241,13.65822121,13.00109807,17.46145739
36629,11.3469839,15.62184819,13.51848259,12.58455662,13.04634148,17.48432196,16.39746525
10995,15.47076914,14.81184793,14.65479838,9.94702392,13.71717841,16.22629002,15.1720922
11406,15.47076914,14.81184793,14.65479838,9.94702392,13.71717841,16.22629002,15.1720922
36156,19.45016635,21.11287366,10.68847086,9.939425399,14.16355798,15.86723799,8.778267761
38568,15.10895306,18.04753357,8.137823918,18.72004002,15.18513839,13.4449406,11.35557044
38125,18.47552724,17.40305342,10.33171524,11.49262293,14.63903378,12.16134472,15.49670267
49,14.88969343,14.96606828,14.36197654,13.83844237,14.53700095,14.4168824,12.98993601
34849,14.88969343,14.96606828,14.36197654,13.83844237,14.53700095,14.4168824,12.98993601
35337,14.2678587,15.45877222,14.86435306,12.81570335,15.15465932,14.23910293,13.19955041
36543,13.3021194,13.69517552,14.59833701,10.42580669,14.94629486,19.31823853,13.71402798
1000,13.56471231,12.03855634,14.64892478,11.29250766,14.55601746,17.74324841,16.15603304
1880,13.73358275,12.26170744,14.70179306,11.64000213,15.17161496,17.27761283,15.21368683
1423,13.29455294,14.77647338,11.27637026,10.15706935,14.23909143,21.14734078,15.10910185
13038,17.17111967,13.05208138,14.73409927,14.3801885,17.37473631,11.96883557,11.3189393
12567,17.79451299,15.28380314,7.63056414,12.52919953,19.68012368,15.62252677,11.45926975
24053,10.81702666,18.06729677,9.041625134,11.64341969,17.90760291,19.00421021,13.51881863
24497,12.51628147,13.89080427,16.24001608,12.74067423,13.75994656,16.47979508,14.37248231
17288,17.83661172,13.89403985,11.67424857,19.08540345,13.35757855,10.62571655,13.52640132
12341,19.87291015,21.29795648,9.64361838,11.91349416,15.51586729,12.43845387,9.317699678
28845,15.35343241,19.86226257,13.29762868,11.03042253,12.35640736,13.52281702,14.57702942
27964,12.31530021,14.30736588,2.25913957,36.45664669,18.89125822,2.675178654,13.09511078
39486,14.54368248,11.96414395,15.41503407,19.17047143,16.40956962,9.679719378,12.81737906
39006,14.85745337,11.40805979,15.5349262,19.83535795,16.31981862,8.869708295,13.17467578
31188,14.77785711,14.24988666,13.25598599,15.33188829,17.17405262,13.054552,12.15577733
31665,14.77785711,14.24988666,13.25598599,15.33188829,17.17405262,13.054552,12.15577733
16004,14.97713483,19.48118304,14.54161077,17.47714872,13.3145966,10.36980201,9.83852403
569,14.09385701,17.85400322,9.628159037,8.103824412,16.28226467,20.38011765,13.657774
17919,15.60402064,15.81304526,14.37100749,13.09903878,15.63964636,13.69707749,11.77616398
17077,11.22074875,13.03576487,2.058353194,38.34568652,20.97077902,2.43741582,11.93125181
8799,15.26235421,13.75374136,18.83176314,8.896527142,15.80823052,16.5112074,10.93617623
17631,19.82954809,17.35147598,9.515018055,10.66679611,13.3984255,14.55144784,14.68728843
3816,13.01771068,15.92715808,13.45678396,8.913971339,15.79473013,18.37331808,14.51632773
4712,13.96256276,16.19955362,13.78543908,8.738739472,13.18160096,18.66499978,15.46710432
4219,12.69601399,15.19362873,12.77696827,8.238466287,18.19156101,19.15708575,13.74627597
21449,12.65328003,14.70001574,2.321139162,35.93976158,18.18271587,2.74859598,13.45449164
17959,12.76141497,14.82564209,2.340975619,35.7829765,17.94743162,2.772085482,13.56947373
39300,18.35166237,12.62098706,13.07319064,17.05732031,17.23497521,11.02315103,10.63871338
20422,16.25034417,17.54322681,9.548018308,8.656755815,16.26160064,18.28044225,13.45961202
20884,16.25034417,17.54322681,9.548018308,8.656755815,16.26160064,18.28044225,13.45961202
38826,14.2016728,13.59717136,16.05624131,17.48846121,16.79135243,11.31016012,10.55494076
3121,15.72250969,14.70138255,12.09241378,11.83035239,14.99128118,18.03951264,12.62254778
2694,14.63157706,14.07217594,14.25916851,14.79910158,16.70847205,14.0299432,11.49956166
3178,16.48293367,14.37428782,10.66668758,13.73874927,13.99263379,15.95981798,14.7848899
4263,15.49358496,14.36908425,14.98503575,12.0805084,12.91898474,16.20505696,13.94774494
4811,16.88769376,17.25710563,12.21771017,13.52427454,12.74678458,12.93734152,14.4290898
3452,15.10209772,17.86329928,15.23827824,14.49826348,14.87252567,11.1004204,11.3251152
4338,14.02152578,18.25226296,17.79859752,13.93436199,15.28820905,12.34348729,8.361555421
3918,17.2549059,15.96056839,11.98105336,15.65829985,13.35053861,11.82576842,13.96886548
3754,12.97006319,17.43257043,11.93846862,13.02727683,13.24947178,15.14550726,16.23664189
4160,12.97006319,17.43257043,11.93846862,13.02727683,13.24947178,15.14550726,16.23664189
4985,15.63211431,15.39182242,11.83893544,15.26732907,13.73155273,14.32803058,13.81021544
4068,17.80030923,16.36090971,13.30733897,12.48232596,14.04961146,14.22182558,11.77767908
3656,17.42416174,17.27283855,12.076474,12.42491684,14.58621095,14.72185752,11.4935404
4538,17.30135256,17.60876305,11.44071615,10.67538023,13.26418613,17.90228184,11.80732004
26494,18.09057389,13.89367725,14.38978394,12.41196804,15.67696726,12.10615534,13.43087428
26875,18.09057389,13.89367725,14.38978394,12.41196804,15.67696726,12.10615534,13.43087428
27356,20.5089918,18.33837547,9.272387518,20.68236398,15.59563716,6.600926233,9.001317831
19660,16.51309079,16.56610748,9.992876023,13.7334,14.70012766,13.3613405,15.13305755
5954,13.91848003,20.27885515,14.97705323,10.98524161,14.3351011,15.37475425,10.13051462
5518,13.96933772,20.27871215,15.11130824,10.96026209,14.4171341,15.03010655,10.23313915
37499,14.57735559,22.19490649,9.028131281,14.99462776,12.32416076,10.4945222,16.38629591
16335,16.10084269,17.92085337,9.633848472,13.97500725,13.06052892,17.89912844,11.40979086
34511,14.92193203,12.81857699,15.44302289,12.36602908,15.63739387,14.0688842,14.74416095
25902,18.38542007,16.90259365,9.610424539,10.63115919,16.67554174,16.43109456,11.36376624
34046,17.44173196,14.66796205,13.60764869,13.43271812,11.94863549,15.45475722,13.44654647
28508,12.5134706,16.57934278,13.9022925,11.47481161,16.5535427,16.44450311,12.53203671
26310,15.3783198,15.41176936,10.25514412,17.87580178,17.31986066,11.89215076,11.86695351
26725,15.3783198,15.41176936,10.25514412,17.87580178,17.31986066,11.89215076,11.86695351
2625,15.86491638,12.58812179,16.62408146,16.00261871,13.97235216,12.40955516,12.53835435
3069,15.86491638,12.58812179,16.62408146,16.00261871,13.97235216,12.40955516,12.53835435
34805,14.98054667,11.82086172,14.9461924,23.77517537,17.13294729,6.32921613,11.01506042
6,14.68739607,10.83781134,13.69368604,25.83000181,18.25600921,6.11368047,10.58141507
35300,14.55463182,12.48720857,16.60965865,17.15212841,15.82852887,9.700495743,13.66734794
30487,18.57553528,13.9052905,12.18690531,18.21483138,13.40705951,8.969732081,14.74064595
12984,14.83243993,14.01108473,14.26827124,12.98881631,12.84245233,15.20866692,15.84826854
15828,12.87496917,19.76645683,14.51306552,12.89162112,11.92812734,13.88093023,14.14482979
35655,16.4584858,13.03413661,13.89599753,12.35188315,13.83758472,15.89789587,14.52401633
6084,17.72631071,16.20003005,14.99182511,12.29405492,10.99551048,16.44400531,11.34826341
7220,18.12853081,16.56626624,14.13865331,11.48234072,11.70219684,14.14714951,13.83486257
6339,19.27294847,17.8513658,11.40384691,11.94594712,11.54388978,13.97965831,14.0023436
7682,17.92076428,15.76253838,14.1698457,14.601488,11.72071426,12.84914839,12.97550099
5680,11.9603881,13.89504485,2.194033892,37.03759785,19.59712659,2.598083231,12.71772548
19811,18.40919513,14.69064592,13.72951,17.56494543,12.14056646,10.578138,12.88699906
19503,14.16671612,20.94226566,16.68675457,13.20999306,10.88822592,12.81465956,11.29138511
18804,14.01970548,17.2358269,19.78354117,12.85594873,9.733350042,16.50440349,9.867224182
26999,17.03076011,13.74281967,12.99322261,12.15883775,15.22042734,16.02453534,12.82939718
12858,13.96485859,14.4243377,16.52274864,10.89903861,14.960922,17.09579591,12.13229854
11973,16.86256878,14.71572351,13.76129348,10.04357405,13.53272254,19.02402294,12.06009469
12354,18.27048115,15.26244687,13.19051746,10.56387179,12.68823351,18.90531763,11.11913161
18361,17.12519753,18.21295739,8.672759421,11.22864096,13.81798608,15.87931175,15.06314687
17921,15.17748947,15.5213486,11.25056839,16.09427861,16.46410006,12.76217488,12.73004
17063,15.49869009,15.57010601,9.938920821,17.08907608,16.31312385,12.23566527,13.35441789
25813,18.49219076,18.48204858,9.072737355,13.72634383,14.92279561,11.52867147,13.7752124
25465,18.94678988,20.09653818,10.22300374,11.55392821,11.22093276,14.5654805,13.39332673
24740,18.05424435,16.61797534,13.36448572,10.49007956,13.11940061,14.24974261,14.10407181
25141,17.94924156,17.79417035,8.814389766,9.679056546,14.92791286,17.05811486,13.77711405
36752,15.62379411,12.55500207,15.62738676,13.39051652,11.42503013,15.73465626,15.64361415
15958,19.31497,16.66076912,11.25499213,14.0249279,11.92528299,11.27596489,15.54309296
16372,15.85068668,15.02540828,12.14031482,9.793759156,15.13418769,18.22355518,13.8320882
16758,14.66748772,17.01376882,9.322559704,9.488199358,14.07150535,18.43883095,16.9976481
33137,14.00040446,19.97320856,16.22601913,14.68287197,12.81822835,12.8911294,9.408138146
34085,13.68956505,19.93869503,16.47289948,14.25691747,12.401641,14.07697541,9.163306561
35051,21.20775116,12.28793295,13.3348729,16.04576698,9.390814975,13.4943411,14.23851994
1745,14.12296852,11.02012568,16.10178864,12.21442463,13.90103975,15.8340309,16.80562188
856,13.39826756,11.06247493,16.46580908,12.07404916,14.53822299,16.22698185,16.23419444
28936,12.32865479,14.96385821,13.71341513,19.46214341,16.99394782,12.77419753,9.763783102
27594,14.85751029,13.14719634,13.75090517,17.19002092,14.51809024,13.45904032,13.07723673
28087,13.21143964,14.48075851,13.37435553,11.1534536,15.32732599,17.36947961,15.08318712
28484,13.21143964,14.48075851,13.37435553,11.1534536,15.32732599,17.36947961,15.08318712
27552,15.85261729,19.58342496,14.37115965,13.42146591,12.45223352,12.43978103,11.87931764
26200,12.24694234,16.5509779,12.76216455,10.73450737,12.73363948,18.7873385,16.18442985
26650,12.24694234,16.5509779,12.76216455,10.73450737,12.73363948,18.7873385,16.18442985
27114,14.61009625,19.35216714,17.96355767,15.49625019,11.06614058,12.81014841,8.701639764
28064,19.37807734,13.07178848,9.99726168,11.3676369,15.62552682,13.67738936,16.88231942
28460,19.37807734,13.07178848,9.99726168,11.3676369,15.62552682,13.67738936,16.88231942
15876,18.84867811,19.01307749,13.93194154,20.02700871,15.26609521,6.755035771,6.158163162
15394,17.79264458,20.51654774,14.42432548,20.83106569,16.29816302,4.960742851,5.176510651
13798,17.16732115,20.05405819,12.9835435,13.12611972,16.73949847,10.4672594,9.46219958
14214,17.16732115,20.05405819,12.9835435,13.12611972,16.73949847,10.4672594,9.46219958
14595,17.65580773,20.15785604,13.69472751,16.46156453,15.43977067,8.852774688,7.737498826
36707,15.8881817,19.30259586,14.02084159,10.56653413,11.62374954,17.64704254,10.95105466
52,18.54994634,11.35930971,14.6442313,15.41633233,14.21330358,11.54485313,14.27202361
34856,18.42428873,11.20356677,15.28348486,13.73171905,15.22501029,11.79501026,14.33692003
39976,24.73351073,18.26817536,5.051469095,8.935246554,13.69353288,15.18566735,14.13239803
16257,11.22781474,15.24359489,14.42481917,12.99089249,15.92928411,12.42868602,17.75490858
29235,12.10090515,14.44601313,14.02379336,16.24313792,17.12173948,9.317591369,16.74681959
28787,12.92816041,15.06653665,15.71322939,12.95991032,10.98478896,15.30835809,17.03901618
34603,14.99124993,13.05103237,14.26959735,13.68256614,14.51704277,14.73705898,14.75145246
1368,16.57648504,16.56397353,11.69711395,11.93752024,16.12229996,15.32262188,11.77998541
2263,16.49477674,19.25853617,12.42656896,14.22797662,13.57177259,12.85238869,11.16798023
34140,13.2808262,12.68977742,12.7282366,14.85370307,14.78066676,16.60466105,15.06212889
33211,12.57332404,13.37922025,13.59468557,14.00714799,14.21748537,16.94562447,15.28251232
36915,16.90044919,13.95878495,20.65541256,14.18529316,12.90496825,11.42773041,9.967361478
5370,14.52318903,14.23231178,13.50670484,12.28756267,16.39673919,14.86067988,14.19281261
5826,12.98234119,14.00338187,15.8549786,13.80968788,15.51921329,13.72671462,14.10368257
37366,16.07615691,14.80028753,11.80586293,11.53350527,15.53068404,15.53217052,14.72133278
36874,17.95202055,13.2761538,8.867485594,19.29982805,17.00584592,10.01678997,13.58187611
27698,17.39868542,16.06776894,7.818697673,12.66202814,15.59202548,12.34991317,18.11088118
41316,13.11518494,16.36658884,13.58297562,11.69893731,15.98784748,14.39097458,14.85749123
20079,13.38238069,16.07642609,13.72230918,13.38443316,16.33730489,13.46296108,13.63418491
40823,15.98007051,15.88000962,13.18488275,13.10940707,15.06982089,12.73402888,14.04178027
3916,14.44437398,17.34377324,12.46745203,11.74006001,16.14798075,15.11979873,12.73656126
24169,18.90514517,19.00033262,9.500074851,13.92720397,15.665274,11.94634903,11.05562036
22378,11.07765287,14.17531244,20.10249739,12.31666346,17.60004582,13.41440996,11.31341806
31141,12.73337042,15.32801645,14.46324116,11.3174412,14.73048799,17.70949018,13.71795261
31618,12.73337042,15.32801645,14.46324116,11.3174412,14.73048799,17.70949018,13.71795261
31992,13.30939673,14.73546829,14.82441337,12.92537691,18.14951488,13.05415604,13.00167378
32483,13.30939673,14.73546829,14.82441337,12.92537691,18.14951488,13.05415604,13.00167378
13911,14.15787177,14.99574007,12.48052184,13.0109056,17.42917041,15.59838037,12.32740994
10881,14.15292601,14.10788398,16.34385068,13.08383137,13.86528606,14.03316934,14.41305255
11314,14.45523215,16.56290826,16.2282498,11.33305078,14.46262807,16.88193124,10.0759997
34382,13.35425464,20.48260975,15.02373317,10.57432459,13.57951077,13.78707344,13.19849364
33452,12.84160665,20.54804036,15.88284153,11.53494853,9.763667017,13.94175026,15.48714565
32961,13.33778132,19.48333511,12.6031026,14.43974661,11.29226185,13.08932867,15.75444384
33891,12.54066824,15.69644378,13.10900504,15.94433029,14.52059022,11.48356914,16.70539328
1517,14.6323846,21.38240194,12.51487605,10.42033406,12.99749109,17.14100839,10.91150387
1976,13.518567,14.60398059,15.36756237,11.48138753,13.00867143,17.91486614,14.10496495
34348,15.00513205,18.96471528,14.55064733,13.57128856,12.77218009,12.47747372,12.65856297
33282,12.74593866,16.98067985,13.93244013,12.11699904,14.04504568,17.58694618,12.59195046
34199,12.9140562,16.68263315,15.71175924,11.67427566,14.08852348,14.44631519,14.48243709
34661,13.21066844,17.14055866,16.3662034,11.63541902,14.16478161,15.10870349,12.37366539
26643,17.68506245,18.25042753,8.896492065,12.28552619,13.33125505,16.01821384,13.53302287
27108,15.63133165,16.17512935,14.31014874,15.45281526,14.824604,10.95171293,12.65425806
26197,11.71686227,13.61212741,2.1493611,37.45539704,20.06228911,2.545183579,12.45877948
38443,15.88021495,11.38862338,19.02642597,14.0383217,11.03048294,14.76374584,13.87218522
8581,12.59793334,15.07103745,10.93705778,18.07500537,15.50534197,13.6954114,14.11821269
10609,13.20976328,13.34726711,13.87261433,14.42024869,17.4867752,12.09379216,15.56953923
36287,15.01659034,13.77182893,10.86204974,18.73426683,19.53982616,10.56047932,11.51495868
35794,14.23367965,12.8641935,11.5337373,15.97667614,17.3150894,11.76023186,16.31639215
11101,13.27944882,13.54979706,15.17173325,14.7615291,16.28031483,12.41837191,14.53880503
15549,14.82761747,18.00009404,15.26246674,11.37214409,13.11992754,16.06062353,11.35712658
41558,15.01974472,12.5333382,9.863446374,10.00672734,14.471641,17.68584612,20.41925625
26863,12.76141497,14.82564209,2.340975619,35.7829765,17.94743162,2.772085482,13.56947373
9646,18.37566777,16.32930815,11.58901169,12.43132758,12.12247992,13.54115728,15.61104762
27366,12.65328003,14.70001574,2.321139162,35.93976158,18.18271587,2.74859598,13.45449164
4893,14.18730389,14.77099088,14.9199903,11.709379,14.49183231,16.27540392,13.6450997
30924,15.99705578,17.69544016,10.89712435,11.89971018,13.0671596,16.96560246,13.47790747
35465,17.74101341,17.64522786,11.32545128,13.81050918,15.74487141,12.04672433,11.68620253
610,17.05446282,12.9638482,13.5719799,12.2087971,15.88893967,16.78413714,11.52783517
201,14.50713536,13.25731897,14.3008435,12.93776065,17.17209844,15.7378731,12.08696999
34988,13.6165507,14.87297397,12.54063858,11.99766331,16.28614718,15.99703753,14.68898873
32040,11.86594558,13.44449976,17.82236785,14.75848449,17.05957229,12.75764953,12.29148049
32532,11.86594558,13.44449976,17.82236785,14.75848449,17.05957229,12.75764953,12.29148049
25576,32.1243571,24.34835931,5.268344299,8.714543656,12.44344101,12.23603537,4.864919259
5612,13.20142155,13.89591856,17.62610293,12.28980947,14.6382724,15.45357095,12.89490414
6037,13.20142155,13.89591856,17.62610293,12.28980947,14.6382724,15.45357095,12.89490414
7100,13.98504318,10.45663596,16.16968847,16.8711299,17.95733599,10.28428159,14.2758849
7591,14.16260478,11.57903724,15.24494652,14.96932479,15.48801615,12.84238715,15.71368337
6214,13.5117189,11.15196945,16.54237263,15.68279173,16.11522677,12.16547819,14.83044233
28547,15.09602526,17.05530716,13.40506158,10.31074723,12.07787612,19.4472198,12.60776286
8816,12.40140477,14.57052326,16.61023083,11.11409641,14.60199236,17.78807066,12.91368172
35787,15.87162201,12.7293057,8.960032319,21.10861801,13.73472286,11.51972068,16.07597842
29486,14.68246804,14.46562046,16.87033814,12.29777375,14.54348606,14.61803454,12.522279
26059,14.14469817,14.31701564,11.36067546,11.18696426,15.62228534,15.59758821,17.77077292
26507,14.14469817,14.31701564,11.36067546,11.18696426,15.62228534,15.59758821,17.77077292
26967,16.3212755,16.19940068,13.61762616,12.99113127,15.23609915,13.01414444,12.62032279
27425,14.63822893,16.41282793,9.847354463,11.37790806,15.74107849,17.91963578,14.06296634
29139,12.76141497,14.82564209,2.340975619,35.7829765,17.94743162,2.772085482,13.56947373
19966,15.73039525,16.82792363,13.01198779,10.82302673,12.91974347,15.05331555,15.63360758
19594,17.52479073,16.61658697,10.58331651,9.111748519,14.13563759,18.54667234,13.48124734
18948,12.65328003,14.70001574,2.321139162,35.93976158,18.18271587,2.74859598,13.45449164
34283,11.31809185,20.26542036,17.35382215,12.23918192,15.31890612,11.9595409,11.54503671
35679,17.06567867,15.59180833,5.661807816,13.54848418,15.65993647,16.02622244,16.4460621
2264,16.74574321,14.68730452,9.858733826,13.27686484,15.42657767,15.22866539,14.77611055
25775,18.00622443,13.53869034,13.95663845,15.01184528,13.99991094,13.19657067,12.29011989
6333,16.4109216,12.55462966,13.68311109,13.08643167,14.23713537,15.40459544,14.62317517
7200,14.79352775,13.5288489,12.51294445,12.58527114,15.07605323,16.2956567,15.20769784
15880,13.48888172,17.71110592,13.82800749,12.89144625,13.69433154,13.3373255,15.04890158
6405,19.90522806,14.69676002,12.03915169,11.07480388,14.05542376,16.56638166,11.66225093
6835,19.90522806,14.69676002,12.03915169,11.07480388,14.05542376,16.56638166,11.66225093
30848,14.41701461,13.19705263,12.50148731,15.05129299,18.61242034,12.88546283,13.33526929
27173,12.11716746,15.90104941,16.53552974,14.36493231,16.21851341,13.83920546,11.02360222
27609,12.09058631,14.7116402,11.06965168,17.55458273,16.02623463,13.35958644,15.18771801
26718,14.62060042,17.53992629,15.69625393,13.33510755,12.64146624,14.05213054,12.11451503
26279,11.9603881,13.89504485,2.194033892,37.03759785,19.59712659,2.598083231,12.71772548
15849,19.35133386,13.72032285,11.77480937,13.26869134,18.08640422,12.79844967,10.9999887
15137,14.38011147,14.380575,10.96835393,12.83207012,18.81587917,12.84950519,15.77350511
15617,12.79561449,16.2040432,13.3874477,13.6373111,14.54528806,14.92003705,14.51025841
14342,13.97534593,14.88272704,9.453362909,13.46651639,18.61797373,13.98135198,15.62272201
25964,12.22843968,15.25164976,15.2545374,12.20903495,16.38635765,11.84105148,16.82892909
29400,13.4407233,14.85147732,13.64053193,10.91887565,16.40704395,16.2195004,14.52184746
13591,13.38793874,16.20498709,14.51428735,14.17048325,13.46094591,15.9132619,12.34809575
39945,13.44447777,16.73605711,15.5245462,13.98121204,12.21612287,15.86595452,12.23162948
15582,14.60228225,14.12934872,15.15601564,18.84063629,13.110274,11.77315282,12.38829028
14036,13.91958741,15.70062477,14.46709569,11.87471865,15.37622411,15.89040052,12.77134885
33548,13.41223517,20.83548565,11.30098305,10.72563388,15.2699766,14.39583416,14.05985149
34170,14.00028944,23.41851643,9.371299902,11.08699761,12.64317515,17.48953265,11.99018881
1222,12.68534374,23.41848826,13.0602362,11.86022771,16.75033774,13.40437802,8.820988338
33251,13.39955431,20.37551945,11.19249976,10.83431318,13.13197974,18.0749626,12.99117096
2543,11.42194344,20.38119871,14.70960547,11.96015418,16.19614187,12.09672645,13.23422988
33693,13.36362466,16.22480166,13.4250131,9.276412283,12.6094006,19.42862906,15.67211863
2109,11.53116354,24.65873441,13.55022793,14.11444386,16.29070019,12.01735128,7.837378788
33505,18.89496076,15.5074402,13.86460642,11.49924905,11.27776219,15.27767557,13.67830579
31411,15.64267698,16.70807471,13.38091592,9.95150615,14.3535419,16.7529004,13.21038395
31882,15.64267698,16.70807471,13.38091592,9.95150615,14.3535419,16.7529004,13.21038395
37732,12.76141497,14.82564209,2.340975619,35.7829765,17.94743162,2.772085482,13.56947373
6510,20.20386734,15.67626055,4.574932753,14.2639136,18.90380425,13.56210103,12.81512048
7399,18.52960756,15.25823709,4.939031298,14.89793312,18.57673204,10.73514291,17.06331598
30189,15.4835051,12.84037142,15.949737,11.40126861,15.58626012,15.59915002,13.13970774
29829,15.4835051,12.84037142,15.949737,11.40126861,15.58626012,15.59915002,13.13970774
34555,11.98716199,20.12933564,11.25152527,13.94185661,16.85092642,15.18779353,10.65140053
19896,16.85498764,14.76748996,10.02679171,16.87575854,16.25208737,8.59605944,16.62682534
19563,12.76141497,14.82564209,2.340975619,35.7829765,17.94743162,2.772085482,13.56947373
12913,16.69161505,15.97217877,11.95243738,15.95793763,17.5526833,8.585496846,13.28765103
11943,16.48708952,16.71715917,10.46660184,13.52085894,17.37705003,8.876557581,16.55468292
26473,19.17842183,12.81577304,13.19048977,16.92248011,14.80227419,11.62971012,11.46085096
26900,19.17842183,12.81577304,13.19048977,16.92248011,14.80227419,11.62971012,11.46085096
27327,12.76141497,14.82564209,2.340975619,35.7829765,17.94743162,2.772085482,13.56947373
7526,21.09781776,19.0640679,9.28278182,11.15089811,11.07635883,14.5511624,13.77691318
10919,15.76195117,15.6161993,12.35774831,12.14900909,15.86946095,16.00103585,12.24459533
11349,15.76195117,15.6161993,12.35774831,12.14900909,15.86946095,16.00103585,12.24459533
24209,18.06097915,13.78327375,8.319411096,15.75537528,16.76795652,13.02578492,14.28721928
28253,18.54690612,15.25432512,14.52986287,13.25209481,12.55631399,11.67816881,14.18232828
28705,18.54690612,15.25432512,14.52986287,13.25209481,12.55631399,11.67816881,14.18232828
909,12.17045425,10.7281141,17.54645592,14.48090066,13.78082483,13.09182294,18.2014273
19931,13.62441761,21.86339056,13.0344722,13.95048568,12.35395574,12.37573849,12.79753973
12808,16.58096654,16.92570397,12.88689524,14.71377604,16.33730627,9.757114003,12.79823793
15279,13.24918816,13.73458135,15.51234874,13.31330056,14.25024754,15.19629626,14.74403737
14478,13.03908072,14.95064669,15.67930312,13.00319901,12.52833817,16.70038969,14.09904261
15735,12.15106323,14.80350646,12.43553436,12.64820555,13.63868894,16.24955587,18.0734456
1982,17.45977582,11.48197837,14.21449242,13.84557687,15.93907232,13.19229828,13.86680591
1102,18.06698063,12.35415847,14.00905074,13.63903113,15.95027399,14.50125324,11.47925181
33403,18.28719371,12.7527832,12.82763344,14.97015443,14.57827505,11.29094157,15.29301861
11546,18.24826685,15.39946714,11.09225613,15.91687989,13.88512493,11.20878465,14.2492204
12022,18.24826685,15.39946714,11.09225613,15.91687989,13.88512493,11.20878465,14.2492204
12936,16.00126234,16.68598434,11.03852546,15.03894001,14.17741719,13.40466772,13.65320294
30017,13.22436245,15.64059615,14.55116868,13.91148237,16.43878723,13.16015741,13.07344571
29594,13.22436245,15.64059615,14.55116868,13.91148237,16.43878723,13.16015741,13.07344571
27330,10.69790457,15.8436891,11.88063549,12.27053466,14.12604879,16.62573065,18.55545673
25642,12.76141497,14.82564209,2.340975619,35.7829765,17.94743162,2.772085482,13.56947373
10587,12.06536942,22.82474264,8.588971879,12.41889728,12.65209004,13.22666818,18.22326056
27433,16.83433174,12.12961559,9.198635262,18.35606373,15.5987936,13.20034117,14.68221891
30717,13.63772651,13.7000969,13.37164807,14.25299521,14.50819266,14.08249692,16.44684373
9288,19.00524379,16.99344617,13.24048413,10.30973704,10.91900196,15.59479895,13.93728796
19572,12.65328003,14.70001574,2.321139162,35.93976158,18.18271587,2.74859598,13.45449164
36909,19.36348048,18.6160764,10.30548836,13.60126343,12.42321219,13.53760307,12.15287606
13247,16.47111772,13.01937766,15.34328143,18.33792018,12.6563513,11.18818802,12.98376368
31055,13.58176245,16.17367718,14.41686681,12.57900146,15.46832331,14.72521071,13.05515809
31536,13.58176245,16.17367718,14.41686681,12.57900146,15.46832331,14.72521071,13.05515809
11864,14.75927892,15.29870396,13.19691539,16.71357245,15.61079564,11.45389322,12.96684042
12236,14.92615581,16.77732042,8.963472615,16.99598663,13.83032159,12.40291153,16.10383141
1112,15.59784093,13.4668165,15.487434,11.46256098,13.08204129,16.10115948,14.80214682
2384,17.29989003,13.19838927,17.18711843,10.63945586,12.66846711,17.71497411,11.29170519
1520,14.17957686,15.36323743,15.90304633,11.74124907,13.33065036,16.8755054,12.60673456
31304,10.64003278,15.74234671,14.62369824,14.15992078,16.55109552,15.13346117,13.14944481
31774,10.64003278,15.74234671,14.62369824,14.15992078,16.55109552,15.13346117,13.14944481
34224,13.06293195,16.8454908,11.65338428,9.977929967,13.32813489,17.9017699,17.23035821
2591,13.434445,25.52200823,12.47974352,13.4468139,11.18200124,15.01201085,8.922977263
33303,12.70902184,16.22764302,13.27759468,10.47675469,15.79877105,18.42809062,13.08212409
33757,12.36212632,16.41897475,14.46979256,8.694712303,16.62609255,18.74474669,12.68355483
1425,12.61226431,12.18968862,18.18160235,14.49717509,14.17272624,13.69782578,14.64871761
1008,12.4885663,12.20755287,18.22245864,14.49826203,14.20897681,13.69705507,14.67712829
12952,14.12958791,11.96925295,16.01045108,15.97137921,16.00107068,12.86958731,13.04867087
33362,13.72195743,18.8185039,13.09010842,10.57946573,12.80071137,15.36851128,15.62074187
34308,13.30192772,21.19381976,14.78515059,10.63432382,11.13811478,14.29247139,14.65419193
33836,15.06732564,16.64278542,12.3391384,10.40712553,14.35073375,14.87550385,16.31738741
10009,15.087573,13.24944784,15.00740423,15.12385808,16.57893847,12.44516296,12.50761543
6125,12.76141497,14.82564209,2.340975619,35.7829765,17.94743162,2.772085482,13.56947373
34733,13.84177232,15.17846195,13.42776435,10.99002487,15.9951505,17.42945952,13.13736649
33306,12.67976912,15.48294425,16.13723306,12.12904571,14.55536253,14.42020897,14.59543636
34226,13.82835249,16.18103242,14.51274989,12.0883222,15.54453684,16.15059495,11.69441121
33752,12.9718793,15.68899828,14.64313627,11.79455438,13.86322031,14.94911009,16.08910137
34695,13.05152368,16.85488648,13.25538,12.66176333,14.95013467,15.48132485,13.74498699
33940,15.95874565,12.76144355,11.05780779,12.85323505,17.70330032,14.06401681,15.60145082
33007,14.65151297,14.8377226,12.44913568,11.17148804,15.76371721,15.45634951,15.67007399
34421,15.62242908,12.97002346,13.37033054,13.51365355,18.30181265,13.88746392,12.33428681
33487,14.28086683,14.93797266,11.05146329,10.6095774,16.31837257,15.52807034,17.27367692
32104,12.18762421,11.58195534,17.8417035,20.44612079,17.02932807,6.198868906,14.71439918
32566,12.18762421,11.58195534,17.8417035,20.44612079,17.02932807,6.198868906,14.71439918
34996,15.53118268,14.4516923,11.26564359,12.81015208,13.07252427,15.40017451,17.46863057
35461,15.28553104,17.45442859,14.50220222,11.48963064,12.82160354,16.67455206,11.7720519
192,14.87813537,13.48473027,11.63236998,11.82639208,14.83357682,15.90590217,17.4388933
601,12.67642184,12.79201536,13.44828628,12.93804361,15.02666401,15.00614726,18.11242165
34746,12.91652962,20.3790029,17.77888303,12.08265872,12.90638364,14.14085394,9.795688148
6832,16.24505602,16.23910312,10.63424321,9.988748775,17.06625196,16.17571117,13.65088575
34080,14.80295848,13.77641619,16.32420006,14.74191454,16.6636178,12.52212869,11.16876423
33153,14.64161343,14.07999918,16.27770304,13.97774542,16.11467596,12.96318999,11.94507298
25299,24.1415017,23.79448159,0.682876542,10.47463168,7.874523797,19.74152241,13.29046228
25001,12.76141497,14.82564209,2.340975619,35.7829765,17.94743162,2.772085482,13.56947373
7292,16.22909305,13.10434846,12.88016851,15.19292703,18.40039062,13.68492269,10.50814963
10552,18.69192006,11.96460934,15.61399365,17.35245289,10.72141474,13.25568502,12.3999243
14233,12.76141497,14.82564209,2.340975619,35.7829765,17.94743162,2.772085482,13.56947373
37744,19.21651058,17.17226449,7.164396364,8.133915945,16.93646631,17.05524702,14.32119929
8888,12.41130336,13.53933597,18.58293384,12.81050593,16.67811514,13.29524947,12.68255628
9740,11.65620066,14.8352104,14.4014581,14.9931439,16.63953867,10.70070306,16.77374521
32020,12.56145611,13.60086723,15.13747535,15.66461122,17.33235633,11.52533796,14.1778958
32503,12.56145611,13.60086723,15.13747535,15.66461122,17.33235633,11.52533796,14.1778958
18391,14.90210537,13.07640399,15.25228503,11.29908471,14.64814326,14.50945812,16.31251954
18013,17.0470017,21.26406694,9.514159159,9.492151109,13.92358021,15.95502594,12.80401495
22742,16.81955428,15.87641705,12.8798071,12.4453651,12.55911916,14.21011637,15.20962093
23700,17.72525476,15.51364746,13.30102337,13.68290093,14.24752122,13.38803036,12.1416219
23234,12.65328003,14.70001574,2.321139162,35.93976158,18.18271587,2.74859598,13.45449164
32431,12.96419584,14.06594621,16.84306756,12.54988966,14.96192339,14.18014683,14.4348305
32884,12.96419584,14.06594621,16.84306756,12.54988966,14.96192339,14.18014683,14.4348305
18521,15.40549642,14.86480849,12.68672982,23.75865515,17.35980162,10.02120076,5.903307741
11497,10.2067959,20.03225333,9.800837296,18.64021009,8.495245757,11.27615979,21.54849784
18056,12.76141497,14.82564209,2.340975619,35.7829765,17.94743162,2.772085482,13.56947373
37639,20.58274707,16.05109335,10.57320907,12.00571943,15.55727697,12.51981799,12.71013613
6267,20.92365265,15.34175523,11.32521346,14.81636902,15.51078582,8.336454901,13.74576892
6701,20.92365265,15.34175523,11.32521346,14.81636902,15.51078582,8.336454901,13.74576892
37137,15.98816765,17.14947608,15.50847168,11.81390639,12.75202733,16.13154497,10.6564059
5640,11.83918228,13.75423334,2.17179969,37.24375638,19.83042905,2.571754419,12.58884485
18515,18.41149664,18.40436419,12.110143,14.10405396,13.75496492,11.51175224,11.70322504
23928,17.52245039,13.63213719,15.89788124,12.04872859,12.1955991,17.62644875,11.07675473
16683,21.48508238,14.90674333,7.114641346,9.847644568,14.85403931,19.1092628,12.68258627
7742,19.49051448,17.37408449,9.984113582,17.04276113,11.84918991,13.28971043,10.96962597
37409,19.16153715,12.37895992,16.16756463,17.70108221,13.22474923,11.08238263,10.28372423
5402,18.16582346,13.21136831,18.39428969,14.01249172,12.69814268,13.29267043,10.2252137
5855,15.33834738,14.34280361,17.07973131,13.33174745,16.11214247,13.20772485,10.58750293
34766,13.54497411,19.28827051,13.86934509,14.00395274,13.75288484,14.0839609,11.45661181
25512,20.34878606,13.17705662,13.10757596,11.3839404,12.56778602,12.06850859,17.34634634
25858,13.51347272,16.00824245,15.588112,15.25818224,12.65912541,12.39903274,14.57383245
28031,15.19687475,12.28183033,10.86408928,16.14090877,15.20921757,14.40522283,15.90185647
28427,15.19687475,12.28183033,10.86408928,16.14090877,15.20921757,14.40522283,15.90185647
38006,20.20319166,16.41675717,7.998560139,10.6275123,16.18336946,14.90770682,13.66290245
23604,22.09355591,16.0202455,9.807022639,14.01174152,9.265783358,15.22832965,13.57332143
3926,15.59299271,15.58708343,15.12049974,11.34286206,12.27195024,14.61030144,15.47431038
3469,15.06401173,14.21924923,13.61068797,10.29520186,15.04984696,14.62528439,17.13571786
4352,16.00292891,14.30171706,13.7563291,11.31600219,15.23583188,14.07469687,15.31249399
11435,12.76141497,14.82564209,2.340975619,35.7829765,17.94743162,2.772085482,13.56947373
39227,15.50136954,18.63569735,10.50763256,11.45514296,16.05162112,15.71470662,12.13382985
3885,15.77440843,19.43858015,15.71954928,13.87300227,10.4024736,11.4702173,13.32176897
4288,15.77440843,19.43858015,15.71954928,13.87300227,10.4024736,11.4702173,13.32176897
6340,16.7551348,16.42451133,11.94851284,10.25400893,15.47067498,16.73561035,12.41154678
7225,16.74082768,15.57046011,10.94205965,12.57305941,17.52373747,14.78598048,11.8638752
37182,21.87139628,20.22177401,8.827745248,8.776624697,12.73674874,15.38850574,12.17720528
27014,18.11006914,12.38012081,14.21507715,15.1668463,13.13538199,12.13338148,14.85912312
34179,11.90315253,19.36861386,16.15215782,12.5111623,13.86077527,13.78995472,12.4141835
34653,13.7416789,14.35750718,14.07036194,13.54792094,14.17237076,14.8776997,15.23246058
850,12.51182119,10.97826745,20.19793379,16.23695057,13.92145353,11.34242414,14.81114934
2186,15.36970384,11.32014441,20.30398426,15.40968498,15.71531167,9.859362654,12.02180818
1292,12.22374203,11.84559646,19.50155949,15.23889962,14.12724431,12.20795278,14.85500531
8156,11.02390347,14.38713351,14.89835735,13.87853531,14.57961472,13.30754093,17.92491471
8595,11.16860587,14.49994605,14.63030283,13.51645473,15.18416424,13.34071886,17.65980741
9703,11.34293152,16.76161295,13.82307058,14.80775362,16.38676375,12.49491647,14.38295111
10171,11.74463494,14.463919,16.61855004,15.35487148,16.36554158,10.85312657,14.5993564
8854,11.27313376,16.89153916,11.94516478,16.83240525,15.92358996,12.29893033,14.83523675
5124,19.76373457,14.45051903,12.23724267,15.02880535,13.48546964,11.79096321,13.24326553
4686,19.78627336,15.63642036,8.347945115,14.73658958,13.483161,12.21666878,15.7929418
34771,14.0926142,22.189764,11.84208702,14.92473422,12.79689225,14.06095423,10.09295409
20643,14.12035598,16.78240028,14.84645191,12.47448376,14.17195099,17.02288404,10.58147303
40911,18.90848804,19.96995809,10.14197199,10.39500689,14.13097973,16.03385054,10.41974473
21840,15.94324043,15.48304529,16.38816302,12.14191595,14.27832201,13.71995993,12.04535337
20925,15.50674115,15.20937254,15.86968828,13.18880527,15.24368869,13.48716,11.49454408
20185,10.48047851,12.17575196,1.922556765,39.74121977,22.25927431,2.276611364,11.14410731
34049,19.58009885,16.27593103,7.69164315,12.07538763,19.16654054,13.85603224,11.35436656
33147,18.10962141,16.54953025,8.784643516,11.77513389,18.46223342,14.78093123,11.53790629
33614,17.1178321,16.01661547,11.44730879,11.00722741,13.63469811,18.10246459,12.67385354
2568,13.59435266,19.00125423,14.69008769,12.98937705,14.66908802,13.24169714,11.8141432
33188,14.21749543,19.80620696,13.6110711,12.58466441,14.56778268,14.54217632,10.6706031
34105,13.27004667,17.8428127,14.64559736,12.55895953,14.9913836,13.432623,13.25857713
33639,15.18620673,19.27225088,15.28767463,13.55276838,12.39501572,13.6308397,10.67524396
14312,14.44340124,15.18916136,12.95439433,17.64882817,19.43418666,9.555327108,10.77470113
39901,12.30660815,13.77061244,19.45833107,11.32057118,17.83207567,13.87785866,11.43394282
14784,14.59222059,13.88995029,14.07597636,18.39970933,22.36134174,8.015645538,8.665156154
15112,14.26198979,16.17265017,13.24893314,14.99575464,16.43579721,12.8908248,11.99405026
26201,15.60291381,12.63521837,17.71435829,13.673279,13.78103768,14.86663724,11.72655561
26637,15.60291381,12.63521837,17.71435829,13.673279,13.78103768,14.86663724,11.72655561
2445,11.86657561,14.61661854,14.3742897,15.93811353,17.65032519,12.4475231,13.10655435
35256,10.71062563,18.21531964,14.19212193,10.99386059,13.09904285,16.64815976,16.1408696
1561,11.87203924,17.88335291,11.00909638,12.18737192,13.10015774,16.93434001,17.0136418
29090,15.65653804,13.47705561,16.49577512,15.18032375,13.08263729,14.2928913,11.81477889
28251,17.47185141,12.38263401,14.96722747,14.94045413,13.18417999,11.44472786,15.60892514
28713,17.47185141,12.38263401,14.96722747,14.94045413,13.18417999,11.44472786,15.60892514
32130,15.46889673,13.36613081,13.91589067,17.15567901,15.19202556,13.4042109,11.49716632
32597,15.46889673,13.36613081,13.91589067,17.15567901,15.19202556,13.4042109,11.49716632
34919,24.53354498,11.56805499,7.0104887,11.74242684,11.00609366,15.47141147,18.66797936
1290,12.48107093,12.18202443,17.39846407,15.91353922,13.07076172,13.42575709,15.52838254
848,13.67971196,11.79609385,17.21979867,14.91293468,15.42502893,10.96781765,15.99861426
2185,14.57124648,13.2609098,15.09205191,12.02192585,16.09645135,14.1938068,14.76360781
1736,14.5777185,11.15005362,16.53384638,15.99599798,16.99811358,9.7350215,15.00924843
25167,12.33679632,15.17618006,18.00372578,10.6246283,14.00434373,17.90318436,11.95114145
11487,22.97255141,16.27655096,10.64464601,9.678658868,12.72450318,14.11251457,13.590575
11069,20.1216422,15.04535251,10.2143257,9.599817966,13.55353115,19.2855991,12.17973136
7714,14.78039587,18.260873,15.6366208,14.61606917,12.03544119,13.57505037,11.09554961
30450,13.24450919,21.29009205,10.86770107,10.22777048,13.8106645,19.2852377,11.27402501
6799,12.65328003,14.70001574,2.321139162,35.93976158,18.18271587,2.74859598,13.45449164
29724,12.65328003,14.70001574,2.321139162,35.93976158,18.18271587,2.74859598,13.45449164
5946,14.61949403,20.05955781,12.04271543,11.03048196,13.53060791,16.28675127,12.43039159
37012,11.56498365,19.5802596,14.8541121,14.44532026,13.7217655,11.75550914,14.07804976
37520,13.80071544,17.36601369,12.21158383,12.38377426,15.27999166,16.11514565,12.84277547
5510,13.39583166,17.04397741,14.1808372,11.10686164,14.80525028,16.70031354,12.76692827
18405,18.46577021,12.6648942,15.61790536,13.77161979,12.47960604,14.93186445,12.06833996
12787,20.51913364,21.00573943,7.66314562,15.97457841,16.33092823,9.119206806,9.387267867
12244,15.03809982,14.62152859,9.387853256,12.73551537,17.66044561,13.58333903,16.97321832
11880,14.73649624,14.27994972,12.16768302,12.87861697,17.45015243,12.36947344,16.11762818
17907,14.83508979,17.19074194,17.38407714,13.86934204,13.11917847,13.10323344,10.49833718
17039,14.8113591,17.13269555,16.54809749,13.57349074,13.1541097,13.64647337,11.13377404
16370,13.32435379,19.33287425,17.42232374,12.81664119,9.396171117,15.13375411,12.5738818
16756,13.32435379,19.33287425,17.42232374,12.81664119,9.396171117,15.13375411,12.5738818
34327,15.90144826,13.11738123,14.91673108,14.73836263,12.93656745,15.10846164,13.28104771
33382,20.0700583,13.15192603,10.98026704,17.23312178,14.70959319,12.21567559,11.63935807
951,16.27939074,14.33763692,12.84655715,13.56537692,16.79187594,13.9299628,12.24919952
1836,17.19139768,14.80349218,13.15821825,12.56602922,16.35604932,14.69208771,11.23272564
19906,21.41866369,27.82541753,1.718215834,18.84589533,19.33347886,7.075746431,3.782582335
33967,9.806737189,21.64317152,15.1142086,14.57970362,11.49918442,12.68949056,14.66750409
33038,9.854919428,21.74505928,17.22279502,13.84238083,10.46898791,12.63035995,14.23549758
34451,10.3835094,21.28220505,16.66258437,13.6391211,14.07584319,13.63385382,10.32288309
38797,15.25211934,15.6393987,12.0507092,11.93565316,16.11630728,15.53900598,13.46680633
40250,16.07542846,11.40111901,17.18007741,12.31232847,12.57257542,13.72128729,16.73718395
2663,15.48375353,16.27424653,10.83078568,12.82150075,15.23750502,16.87172615,12.48048233
39291,14.25395161,17.21162271,11.33924599,11.78918927,15.37802101,17.76274004,12.26522938
151,12.25110007,17.08001584,9.658002969,11.25019595,16.18818911,19.32707934,14.24541672
566,12.25110007,17.08001584,9.658002969,11.25019595,16.18818911,19.32707934,14.24541672
10110,15.30265215,20.27231569,17.12769391,10.62068345,12.60050425,14.27573298,9.800417564
40985,15.4704001,17.5280451,10.51135996,13.25132874,15.83046576,13.09936829,14.30903206
33093,15.22297181,15.76230457,10.8039116,16.20362457,18.24045347,13.06859907,10.69813491
34023,15.22297181,15.76230457,10.8039116,16.20362457,18.24045347,13.06859907,10.69813491
12216,18.48185529,15.37413459,13.75618248,11.03134008,15.32585204,13.7930609,12.23757462
13205,15.09792503,14.17799654,14.28002852,13.10737692,13.90573638,15.51097448,13.91996214
28225,17.67721478,13.97043464,12.31033008,14.60191366,10.6837462,15.15244194,15.6039187
28651,17.67721478,13.97043464,12.31033008,14.60191366,10.6837462,15.15244194,15.6039187
32344,12.85659983,18.20369085,12.72859498,11.99198011,13.34569168,17.29651097,13.57693159
32810,12.85659983,18.20369085,12.72859498,11.99198011,13.34569168,17.29651097,13.57693159
13155,12.45158128,14.62627023,13.80925378,10.82433726,16.00358676,15.51629436,16.76867634
37475,14.61021035,14.1885965,15.28466592,11.21428866,15.16929009,15.80396445,13.72898403
5469,14.18556209,14.64734436,14.46122286,11.51667043,15.27882741,16.00716264,13.90321021
16134,17.99847738,13.60795269,12.83457152,16.85408425,12.43403272,13.08114744,13.189734
16561,23.97262829,15.18292491,8.181474224,12.44868692,11.43252296,13.41535676,15.36640593
29426,15.48179965,16.40828523,14.28430383,12.54948639,12.92121009,13.34274038,15.01217443
15062,13.58503013,20.22359776,14.00414941,11.42179451,10.07781999,17.52138407,13.16622413
14742,13.3580545,19.06665779,13.38998228,13.41489968,11.3115527,16.18332864,13.2755244
15452,13.30486127,18.29000632,15.59368974,15.11328666,10.39875686,14.79885489,12.50054425
15072,15.85251213,13.07415153,10.08367492,15.92507352,16.5435419,12.22470127,16.29634474
14749,14.82872847,14.14954581,13.00403948,14.40347619,16.0122476,12.68761716,14.9143453
15497,14.35231272,17.07613522,15.49215234,15.20663576,14.12262447,11.3047421,12.44539739
24715,11.88532758,23.04373832,15.01486004,14.24482125,14.5677059,14.91916848,6.324378432
25119,11.88532758,23.04373832,15.01486004,14.24482125,14.5677059,14.91916848,6.324378432
15648,15.98325986,19.1856859,13.50144376,18.95868007,10.3546772,10.23941102,11.77684218
17303,11.48159573,15.25476668,12.83689385,12.73886985,16.35001473,15.72397015,15.61388901
17718,11.48159573,15.25476668,12.83689385,12.73886985,16.35001473,15.72397015,15.61388901
15436,12.23502815,15.6185194,12.53683916,13.75269615,15.47600582,12.49709041,17.88382091
40196,13.85083498,22.75612382,12.25428363,9.506213345,13.70246561,15.23385324,12.69622537
15987,12.97338993,16.17185327,13.20376049,14.59611605,13.69267501,14.42603805,14.93616719
14612,12.74549912,15.52916895,10.29603873,14.25231313,15.1221727,13.58160779,18.47319958
13817,12.19864119,14.17183664,2.237739442,36.64362479,19.12725557,2.649837517,12.97106486
2032,14.12125299,13.27243798,12.07859437,19.67722146,17.66852534,8.411009091,14.77095878
1149,15.51102476,12.9320807,5.464637474,24.31402417,23.7714761,7.311707544,10.69504924
35757,11.53293761,15.74950835,10.24156656,13.66845657,16.26658742,14.19367212,18.34727138
400,10.62730762,14.94180927,17.39073371,17.17068002,15.45588848,12.54201127,11.87156964
791,10.62730762,14.94180927,17.39073371,17.17068002,15.45588848,12.54201127,11.87156964
22435,20.15197919,13.17365979,13.59430126,13.93805822,9.93082385,14.07563064,15.13554705
7898,12.01445465,20.15772689,16.11775634,13.1963795,15.53528077,12.07298835,10.90541351
7491,13.45781045,22.59170146,14.545185,10.05414426,15.99395242,14.49152989,8.865676519
14401,18.08888236,11.72355302,14.92001878,16.36860426,11.08463657,14.52399242,13.29031258
38724,13.36004131,23.0896202,14.35709907,12.58819889,12.04435858,17.50230741,7.058374538
40080,13.54049888,14.43370574,12.8538916,9.866196422,16.49527016,17.49990124,15.31053596
26685,12.20420991,21.44690302,11.82606789,16.30011611,8.299661425,16.79333309,13.12970856
26249,12.65328003,14.70001574,2.321139162,35.93976158,18.18271587,2.74859598,13.45449164
17427,11.46952468,15.32717163,10.93971857,15.10139759,17.65653562,12.267522,17.23812992
17016,12.87422758,15.9093489,11.17356378,15.08425675,15.47629176,12.46803545,17.01427578
17877,13.34430202,15.26405994,9.751814764,16.43028582,17.64918946,12.5320226,15.0283254
34686,16.83409057,18.74385949,13.21763345,11.93599958,14.21023983,11.58276914,13.47540793
993,17.42889255,12.97744159,14.63512217,13.87157545,14.60214587,14.72167633,11.76314603
1865,17.10552772,12.03940438,15.74240826,14.8396516,15.34942759,12.74187794,12.18170252
33784,13.70275111,20.13979302,13.46223524,14.258771,12.00034141,14.57015728,11.86595093
26756,17.13451365,17.24055106,10.43719037,10.02042608,12.99215692,17.70791969,14.46724223
25886,10.67682486,21.04006781,17.83062232,13.67029599,14.31022444,14.84083801,7.631126578
25547,11.25934403,21.11392608,14.75105328,12.29010253,14.44026271,13.5005395,12.64477187
24847,10.82993334,21.85089524,14.39131306,12.21817108,15.54478744,13.69876826,11.46613157
25217,10.78670422,22.84616335,16.68383969,10.82581785,16.63775261,14.80229739,7.41742488
34133,13.89708298,12.39857934,15.52273426,14.12359466,16.94534881,11.86702926,15.2456307
33213,14.08743979,13.78803398,14.36048925,13.54051462,17.02747892,12.57177506,14.62426839
34588,15.77611895,12.05813142,14.46512656,12.52577768,15.33632137,15.38690727,14.45161675
25318,13.74885623,17.70837476,9.65653636,15.79586454,14.75351658,13.39512451,14.94172701
25639,18.00261043,16.62438973,11.97249442,11.6049867,15.39587659,16.17030018,10.22934194
25015,12.19864119,14.17183664,2.237739442,36.64362479,19.12725557,2.649837517,12.97106486
5790,13.49250037,14.44075117,15.32115181,14.44097067,10.76770129,14.3990586,17.13786608
37325,13.1147407,12.50964161,14.283772,15.49208762,14.67448652,14.11938834,15.8058832
36832,14.35698618,15.44401531,17.31902039,13.38708387,12.24699203,14.3479724,12.89792981
5332,11.99102107,12.02929493,17.59610903,15.64680396,12.69425712,14.21137162,15.83114228
34423,16.85322508,11.39700524,16.26423417,16.23048632,18.16864965,9.421423497,11.66497604
1383,11.03262836,13.46961065,16.01735484,11.09167669,13.72973638,16.75178964,17.90720343
1835,12.37855084,13.29775597,15.72129502,12.68933025,16.54335591,16.07244472,13.29726729
955,10.76908379,13.6067245,14.57619016,11.95825044,13.88639799,16.87455272,18.3288004
2278,12.86554317,12.52598285,16.01487716,11.45109977,15.36668989,16.20464633,15.57116083
33612,18.25087817,16.17661901,12.55508556,8.750314428,13.96540206,17.46482634,12.83687443
38265,19.23812744,14.44107295,9.968005876,16.12964735,14.38434131,11.31121608,14.52758898
37767,18.65971092,13.19118118,15.1112861,15.31116369,13.87781047,10.10151925,13.74732839
7948,19.2870787,13.22514406,13.28746496,17.06327387,15.12417061,9.799985761,12.21288204
59,11.80040508,13.62358159,16.80393734,12.14022161,15.76314225,13.51270629,16.35600583
467,11.80040508,13.62358159,16.80393734,12.14022161,15.76314225,13.51270629,16.35600583
3391,12.70870975,18.87123064,11.55728358,9.817759426,13.74835332,18.35121443,14.94544884
3026,12.90901115,15.60044896,16.43945961,11.8489325,14.12637424,15.36465771,13.71111582
39185,13.05204763,15.38739329,15.78360183,11.93881578,14.11068686,15.52716906,14.20028555
20785,23.8957078,17.6108338,7.192523436,11.27917478,11.20367447,13.83321719,14.98486853
21855,18.89941376,14.5194208,9.356744412,14.42563594,13.13234928,14.0183805,15.64805532
31968,18.64787045,17.16465282,8.89964368,12.0745985,13.53309816,16.93352812,12.74660827
31497,18.64787045,17.16465282,8.89964368,12.0745985,13.53309816,16.93352812,12.74660827
22426,17.99891654,13.37412445,13.39162586,14.55912442,14.37364197,12.91768549,13.38488129
4631,15.04890397,13.7516688,10.4947132,10.79013574,15.50135749,15.51872365,18.89449715
2760,14.92021972,13.88243714,13.97908655,14.62306722,14.22662825,12.83878002,15.52978111
3173,14.92021972,13.88243714,13.97908655,14.62306722,14.22662825,12.83878002,15.52978111
4725,20.69876577,19.28448322,7.071880538,10.71354455,13.03084369,17.09811484,12.10236739
5188,17.46240505,19.16379112,11.43654252,12.70735267,12.76574498,13.55507739,12.90908628
38705,14.69701847,13.18460524,8.287889241,13.9094025,16.6639284,15.12766752,18.12948863
3709,12.86002092,15.35103954,16.79997346,12.27258085,11.55920578,14.82113338,16.33604609
4120,12.86002092,15.35103954,16.79997346,12.27258085,11.55920578,14.82113338,16.33604609
21476,21.55704639,19.33711314,11.70453506,6.429305988,13.78436382,18.54257747,8.64505813
41587,17.64831856,19.81996083,10.50984233,15.03756443,15.59306173,11.42250569,9.968746429
41092,19.58976595,21.08586088,11.13163014,12.07862657,15.94435636,12.84092617,7.328833934
20355,17.42513042,21.0129407,10.19818343,13.47686781,14.78951827,13.28500411,9.812355264
41025,16.79778189,17.46411721,13.52603661,12.43641262,14.17718098,14.95901463,10.63945606
41539,20.94819189,19.16762558,14.33158505,15.72571907,16.38167781,6.512159739,6.933040846
21304,17.79186037,12.71311122,12.8912001,9.572317099,12.38463403,18.72586944,15.92100776
22225,21.45701601,13.35679402,11.39855032,9.919046378,10.17006022,18.13887014,15.55966291
22217,12.82768123,15.53244444,15.91148112,11.27848912,14.62289934,17.54105461,12.28595014
20883,13.95447734,18.7379508,9.047105156,9.597677637,14.18604411,18.6760994,15.80064557
31478,15.45319207,14.50853156,18.74003301,13.1076587,10.86162204,16.33791233,10.99105029
31947,15.45319207,14.50853156,18.74003301,13.1076587,10.86162204,16.33791233,10.99105029
35404,18.19011313,12.58446678,11.09540566,18.43686647,15.88143525,11.78243828,12.02927442
39282,17.99478617,13.42578135,10.84333197,16.01852214,14.34838583,13.71230407,13.65688848
24207,13.42259759,14.29913986,14.61927037,10.87604107,16.74736206,16.24160202,13.79398703
32032,13.96144148,13.88586058,11.04250622,16.7925827,19.39222101,14.27889011,10.6464979
32520,13.96144148,13.88586058,11.04250622,16.7925827,19.39222101,14.27889011,10.6464979
21664,12.76141497,14.82564209,2.340975619,35.7829765,17.94743162,2.772085482,13.56947373
21520,16.22392219,22.63700821,9.470316599,9.800699138,12.3185363,18.16210615,11.38741141
22458,17.16384617,17.59270749,10.93254884,10.88437254,12.61392624,17.18811623,13.6244825
22014,15.79978766,16.18578655,14.61599096,12.16529748,12.43541067,16.23210474,12.56562194
41107,13.14157932,19.23841667,11.83579825,7.449850137,12.97340045,21.07873682,14.28221836
21126,17.03859675,18.10551003,10.16081926,12.38769338,13.62303729,15.77643508,12.90790823
22569,13.8667783,15.59406254,11.07756312,11.09058373,17.66490096,16.31506245,14.3910489
40807,18.14728979,17.02160354,7.528628662,10.48777771,15.59666346,18.91747309,12.30056375
22634,13.92706734,17.99431858,13.2425913,9.418217813,13.64285275,19.33094691,12.44400531
22462,14.79950511,19.57356051,13.59414263,12.1561162,14.96442189,14.01661936,10.89563429
22015,13.686177,18.54231946,14.03578883,10.39796976,13.03237445,17.15028618,13.15508431
21117,13.58140346,20.06534611,13.3718404,9.524381556,13.0165312,18.64022103,11.80027625
21994,15.75480599,14.00460877,13.75700303,13.05131652,15.18848966,14.43110457,13.81267147
21099,15.82257232,13.3631635,15.02559856,13.03669165,14.6180782,13.75835914,14.37553664
34866,20.38742774,10.82222303,8.286388005,22.28226287,15.50699246,8.283765406,14.43094049
68,20.1771421,10.85690486,7.889986364,21.77414035,15.18296957,8.398946417,15.71991035
480,17.80264394,11.42929343,11.50706267,18.08826656,13.22824538,11.42840674,16.51608128
31634,15.61365718,17.33742748,10.43386458,10.45501345,11.85447303,20.73127097,13.57429331
31156,15.46560488,17.44659261,10.53793428,10.43969434,11.75605694,20.88892899,13.46518797
24178,14.70475619,13.147782,15.47255846,11.53576825,15.02809621,16.12513237,13.98590652
1413,10.89070344,18.6119965,10.56097401,10.39745229,14.59857347,20.1503374,14.7899629
22437,13.4898146,10.99641268,20.19560028,11.1721623,12.7093719,13.18639398,18.25024425
21487,13.14426984,15.44100931,17.69610363,12.467529,15.22326216,14.90303395,11.12479211
22575,13.61492995,17.503008,15.28021897,10.77126643,12.84221312,15.45637035,14.53199317
22629,14.64579742,15.0467758,15.07786949,13.64405783,13.64322896,13.25588952,14.68638098
3631,18.10015058,11.41824228,17.01937741,13.40257935,12.28835944,14.14949759,13.62179335
4969,19.40593139,13.38506794,14.75833899,16.34819936,10.39603773,12.78327509,12.9231495
4052,20.64251605,12.70508052,14.97020031,11.65069145,13.3641332,15.25193597,11.41544251
4290,21.62681514,13.00596928,12.06554152,12.64859814,13.53437224,14.40537337,12.71333032
31549,20.07055595,17.13550257,10.32619049,10.40868438,11.97039876,17.17061843,12.91804942
31071,19.71339445,16.14227259,12.73446451,12.52181322,11.16278968,15.46421893,12.26104661
4362,16.61052853,17.42384818,12.80575428,13.04588132,15.15880872,11.94319629,13.01198268
3937,14.79400092,16.87253813,15.30221712,12.25048113,14.99021267,14.7203063,11.07024372
3485,15.28855201,16.8024329,14.18982766,11.32691801,15.69830831,13.30113315,13.39282797
4842,14.25225325,17.76961806,14.97340291,14.32475385,15.21015361,12.14374817,11.32607016
34122,16.02220345,15.56210957,14.60122208,15.10595055,14.14417817,11.35532977,13.20900641
33206,15.43462818,15.22130115,15.3382021,14.56539097,14.04874728,12.10112389,13.29060643
34591,16.86616835,14.77212667,11.77392376,13.67893878,14.26083066,12.45191308,16.19609869
3933,15.65319059,16.95048591,11.17379501,13.64428666,14.6189311,13.61882109,14.34048964
3476,15.49733736,16.22767693,11.32624972,12.64504092,16.2029433,14.55838874,13.54236302
4837,16.01003347,17.51434703,8.331947359,11.33860113,15.14179295,15.46546987,16.1978082
4348,15.96370677,16.48574154,11.50924121,11.75854972,16.29958462,15.66148239,12.32169375
22401,12.78794578,15.56612574,14.48574387,10.87381079,12.40569081,16.79593987,17.08474313
4924,19.10420288,11.9187961,13.52536531,17.88855682,13.76551157,12.60710161,11.1904657
21269,17.36507366,14.12991986,11.95843628,13.78886887,14.82086975,16.13370966,11.80312192
22199,17.36507366,14.12991986,11.95843628,13.78886887,14.82086975,16.13370966,11.80312192
38187,17.81288743,16.65200263,9.221474032,9.686086633,15.75467024,18.71066178,12.16221726
20358,14.67918323,14.66717223,15.01267241,9.843408457,16.32874739,14.78190717,14.68690912
20769,14.67918323,14.66717223,15.01267241,9.843408457,16.32874739,14.78190717,14.68690912
22425,15.21516876,16.19798273,13.40237957,14.28961282,13.02281711,15.44434234,12.42769667
22641,15.27472635,11.81994035,13.56971447,16.17107918,14.71132413,17.31688404,11.13633148
21709,14.73309896,12.00287402,10.8651322,17.51878722,13.42846033,14.80950136,16.64214591
5235,13.02062777,12.11183932,15.42660106,15.79230395,13.81966326,13.83955105,15.98941359
3892,12.7016382,15.07925777,14.04335,10.60932433,15.28092243,17.4089109,14.87659638
4767,13.42592897,14.93915062,11.27547986,11.6303153,15.33202027,17.66792693,15.72917806
5174,13.20944773,23.16777037,10.7645534,13.34085214,16.26897975,16.13616161,7.112234987
2949,19.38165803,14.27890233,12.65011622,11.91518558,13.38100516,15.66084724,12.73228544
4867,19.81888539,14.3852206,15.44151283,12.22560535,13.46150646,11.86280423,12.80446514
39103,20.1156832,13.93761439,13.27212816,11.69700059,14.65759973,14.2170079,12.10296602
21046,16.72890173,14.26052871,11.73719999,14.09020891,19.04442312,14.11688737,10.02185018
21955,16.56174779,14.25076678,12.07138607,14.00468492,18.95770784,14.00397863,10.14972796
4977,11.66720428,13.80836206,14.03941183,20.64631038,13.96248735,11.27411842,14.60210568
2982,16.02667521,13.21116016,17.89085756,14.89449522,13.46272247,13.30654593,11.20754345
39148,17.00539636,13.1992707,16.23747265,15.07903983,14.07679895,13.12293352,11.27908799
39612,17.65837598,12.03208543,17.65793192,18.14605976,17.50685184,8.172753758,8.825941322
3542,15.13760986,13.28151988,16.1976178,17.02808213,13.048058,10.50081358,14.80629874
3974,15.13760986,13.28151988,16.1976178,17.02808213,13.048058,10.50081358,14.80629874
21796,14.05943387,15.72273402,14.89299004,10.12951501,14.90098026,15.63238852,14.66195828
2816,11.68253833,13.794224,11.55374637,16.59688158,19.96856131,8.872193716,17.5318547
39416,14.4780954,15.80248341,13.38228462,11.07497262,15.84202529,12.71008347,16.7100552
38960,11.36984959,13.12271732,12.18648306,19.3686303,19.94610722,7.131030391,16.87518213
13312,14.00417286,18.6054693,12.25307192,11.5434047,12.94226679,17.09521643,13.556398
38098,18.69205285,14.61569703,13.60525434,15.80259894,12.5771105,11.47288524,13.2344011
31335,13.06377692,14.40826055,16.25650862,13.87428545,14.66856731,14.44382114,13.28478001
22971,16.2928984,18.1151192,12.15177293,14.805463,12.6912916,13.71334644,12.23010844
23428,16.2928984,18.1151192,12.15177293,14.805463,12.6912916,13.71334644,12.23010844
5137,14.6368377,16.98964551,10.56530855,9.365476357,15.43158645,20.09520193,12.9159435
4670,14.7884697,19.41390207,12.1668467,9.781165795,13.83020945,18.43315684,11.58624944
4373,17.95732748,13.39410723,13.88754536,12.59335076,16.49612921,15.22155967,10.44998029
3498,16.27898845,13.58534583,17.19204925,14.29282892,17.61108198,12.92837423,8.111331337
3954,13.96977952,14.19855157,16.80030066,20.550145,19.3380102,9.456433066,5.68677998
5062,15.9326691,13.08811351,13.46734266,13.49461705,12.76266553,16.25656677,14.99802538
5145,11.73799787,16.66558623,12.42372154,13.82201311,16.44130055,14.43251537,14.47686533
21052,12.45882567,14.57076362,18.6360894,14.29634362,15.96087035,12.02313929,12.05396806
21436,12.45882567,14.57076362,18.6360894,14.29634362,15.96087035,12.02313929,12.05396806
3698,11.42816369,15.65656959,17.82272147,14.4568636,16.21367994,12.79621858,11.62578314
4555,11.878927,14.74596834,16.9786281,14.70968513,16.51580479,13.10138834,12.0695983
2802,11.92172072,14.01198209,16.48753739,11.89319788,12.66351876,15.2198519,17.80219126
38928,12.49762524,13.54603129,14.25893051,13.16216698,12.41605597,15.2384377,18.8807523
3290,15.41536248,19.15618946,12.19760321,11.02026219,13.50090764,14.84534313,13.86433188
39505,14.49988136,13.56534669,17.58819591,17.63559042,11.85777745,10.51861798,14.33459021
39036,11.27449765,16.67388874,21.1679863,14.53147003,13.3151371,10.22461155,12.81240863
2909,11.89169571,18.48778235,16.33237253,12.740897,15.42489231,11.22587978,13.89648032
4185,14.93260387,14.25311969,12.60078979,11.54189334,16.55053101,14.90601893,15.21504335
3797,15.07821058,15.90611183,12.755171,11.88404267,15.88389734,13.94000828,14.55255829
4673,14.44329893,16.13401986,14.83058251,11.82996044,16.10465292,13.91802604,12.7394593
40411,19.29784963,13.98713344,11.92372656,15.80646893,13.32558924,9.825819071,15.83341312
3549,20.16189686,15.51769129,12.68502754,13.90222777,11.95484982,14.14217866,11.63612807
3990,21.19586323,15.72450704,11.40144522,10.88242347,12.12657573,16.02813135,12.64105396
40849,15.00511905,13.16469025,11.68583299,11.16304528,15.70019581,16.05618707,17.22492954
7216,16.40996005,19.76779264,11.04529265,15.38889644,11.31757874,9.550484082,16.5199954
30804,14.40155772,20.28658914,12.07794472,11.56180923,11.94268454,12.93363059,16.79578406
6341,16.1596041,20.02168229,14.49118576,12.30330771,9.895571841,9.951140596,17.1775077
30442,23.21864487,15.46787133,7.517705464,22.75259419,11.54307081,4.876104215,14.62400912
31125,16.73259023,13.10431436,13.92417155,13.77974715,16.2876603,13.82662917,12.34488723
31606,16.73259023,13.10431436,13.92417155,13.77974715,16.2876603,13.82662917,12.34488723
34740,20.03655639,19.17184897,11.56567024,14.34502311,14.40234678,6.747707572,13.73084694
7855,15.0566847,21.67509985,11.14603746,10.90365868,13.2303252,17.50382336,10.48437076
31745,21.90894883,14.26208803,9.909640726,13.39445465,14.92970034,14.01140553,11.5837619
31265,21.50030614,13.63963845,9.135727563,13.5659572,13.88986365,13.24702001,15.02148699
36645,14.22824216,15.87931265,8.938565368,11.58487772,14.19969962,16.39843599,18.7708665
36145,16.43183128,15.921076,12.8322122,9.53034612,13.84615984,17.62741503,13.81095953
24284,16.49350898,18.20645376,13.20636556,9.71518834,14.80949725,15.91133096,11.65765515
1654,19.21374462,15.6447407,10.92970915,14.09986369,10.68642313,12.48139963,16.94411907
30965,12.43923875,14.96788999,6.000124516,13.98103829,21.14616984,12.52775624,18.93778237
13057,21.21145675,14.86794389,10.69093697,17.14603527,12.98405469,10.51843389,12.58113854
37103,10.84040848,18.57239798,20.46168354,14.73057796,11.29848945,12.73339061,11.36305199
37594,12.72845566,18.30583589,16.60989551,13.38790083,11.19628221,13.91327386,13.85835604
6035,17.070408,20.74757592,9.125105464,13.95085689,16.04148025,10.67977298,12.38480048
5622,13.15243536,16.52944921,16.13756296,13.18569269,11.77412426,12.99378101,16.2269545
39367,16.46576921,8.571613092,13.24849224,23.43962188,20.65252411,5.899104553,11.72287491
27351,16.73506575,13.1428541,14.69812894,11.60403153,13.17247234,15.00070886,15.64673846
26840,14.42491319,24.89174392,7.007073065,11.88288021,16.40420929,19.26551484,6.123665493
26420,12.76141497,14.82564209,2.340975619,35.7829765,17.94743162,2.772085482,13.56947373
12275,13.32201675,17.20883486,14.78645227,15.5500539,14.06683741,11.79397421,13.2718306
13297,12.70570356,15.79350716,14.95722842,12.76818417,14.70011086,17.08798215,11.98728368
12820,12.98258419,18.31671964,18.1252452,15.07994257,12.65876258,11.8533391,10.98340672
11907,13.33370808,17.69647323,17.22119564,15.06512772,13.23347806,12.10951036,11.3405069
25225,20.35777353,14.89168234,15.26328348,15.45494824,12.12344729,9.566122658,12.34274246
34136,15.20430985,16.07784815,15.01254696,12.20508225,14.02676242,13.48493441,13.98851596
33204,15.53592791,16.49721167,13.67670624,12.79096357,14.08108305,13.35633107,14.06177649
24860,12.54278339,14.57164568,2.300869471,36.10444201,18.41866769,2.724593458,13.3369983
7840,12.50710312,23.16118183,16.06409663,12.79199638,10.95387805,14.2541378,10.26760618
10040,15.38868068,15.11793457,12.82575477,12.79162017,15.06472172,12.31338156,16.49790653
9188,14.79345988,16.41990556,10.93261794,11.87174063,12.99331923,15.80506766,17.1838891
10458,13.89123642,15.06884595,16.07983188,9.662229869,16.10535704,16.69190003,12.50059882
7358,18.50270842,13.49443229,10.25210329,15.90649652,14.33490017,12.50142387,15.00793544
12985,15.74379236,14.01101492,14.83425468,12.47715405,14.05957043,14.00576168,14.86845188
12503,18.238342,13.0347472,12.65196672,13.95227392,15.17697367,11.29113015,15.65456633
11595,17.83447745,13.15183921,10.45048991,16.62964652,15.0650416,11.02028312,15.84822219
12697,14.77854939,17.02622314,16.15049752,15.63276452,12.88982767,11.14619484,12.37594292
11779,15.91941121,16.32874906,16.42362682,15.96676008,13.25669615,9.58848067,12.51627601
12166,19.19064508,19.2323705,11.01163792,19.44869531,18.05501521,7.345087051,5.716548923
8679,15.04477883,19.53011354,15.48448574,10.80406439,11.88083858,15.23024157,12.02547735
38082,18.03275235,17.37101586,14.23998771,12.74209634,13.54928625,12.45410592,11.61075558
2306,16.39858417,15.79615296,11.68310682,13.79959364,13.31640829,13.47463796,15.53151615
8254,15.64662885,18.7327388,14.90401454,11.12101653,13.15399125,14.65185275,11.78975728
16009,16.48308692,20.21368637,13.88835975,14.81320321,14.45760459,9.961288811,10.18277034
16466,16.91289889,18.11320861,12.28634777,16.7186082,16.40225857,11.95968115,7.606996811
12142,15.08995945,19.41760454,15.34521211,12.9797206,10.93130381,11.88361149,14.352588
13121,17.39406479,14.92129493,11.31435554,13.56316305,14.81901414,12.40019038,15.58791717
11747,16.58171512,19.03686114,12.48139833,13.82053716,13.39310493,11.24972721,13.43665611
12656,16.68403673,18.00993701,11.86427771,13.05044311,13.82085531,14.34441011,12.22604004
16471,13.05939893,13.22153954,13.74850435,15.75133281,19.61421093,9.548844035,15.05616941
16014,13.21114986,13.91929306,15.10180474,12.90337456,17.4815963,11.45913977,15.92364171
36878,14.10825589,16.13527408,15.7755781,9.563523516,14.81109873,17.43910616,12.16716353
39348,14.21582303,17.80064563,13.52857628,10.71436431,16.47983656,14.75989921,12.50085497
14905,13.20638668,17.80411164,14.79489091,11.50768982,13.343227,14.96005071,14.38364325
14537,13.0744713,17.90257129,13.77465634,11.63777022,14.52331209,15.02248114,14.06473761
15327,15.1138039,18.53005731,12.27835613,12.32187101,12.3451245,14.24431957,15.16646758
7563,14.35684606,14.18084171,13.79466936,14.35304652,18.46282078,11.17114193,13.68063365
33959,17.64027824,17.96541923,11.47609093,12.93089299,13.51945403,13.59773203,12.87013256
2016,13.59959249,22.12368175,11.7799303,11.36623389,13.58087204,15.64397693,11.9057126
2428,16.63408353,22.35572904,12.98581724,14.20482047,12.71350816,11.93628078,9.169760783
13264,15.04213079,15.05446098,10.86433408,13.01136156,15.93817719,15.77863404,14.31090136
18088,14.76837458,16.83697178,10.00535352,12.4789696,13.03564948,19.14411771,13.73056333
17214,13.97128532,16.03983035,15.42635851,14.06949937,15.0307903,14.08121987,11.38101627
17558,14.77982679,16.21616392,14.86782912,14.83292141,16.09086293,12.4596369,10.75275894
25034,15.79447062,10.61274363,16.98087848,25.71843158,22.79991659,3.101545298,4.992013801
25693,15.43942779,13.19247014,10.91866898,19.83222712,19.7200318,6.491017461,14.40615671
24590,15.44368217,10.4371211,15.44913561,21.68943814,21.69666394,3.625411781,11.65854726
25331,14.3931277,11.10680751,19.32399989,21.80479914,19.5394025,4.85123133,8.980631934
36159,12.08191777,11.86484769,19.35521626,17.15255721,12.21084331,10.74800009,16.58661768
11000,12.56557965,11.83096988,18.83924965,17.08978767,11.88923572,11.2837523,16.50142513
36685,13.60336641,12.53453233,15.45811386,18.75216785,15.58973004,10.90938629,13.15270322
17696,11.11177046,15.18064366,15.90681391,13.40036351,13.12825457,12.97499273,18.29716116
17308,11.58521526,15.61379108,13.76440909,14.76899291,16.01395369,13.64259356,14.6110444
18079,12.8963911,15.10269031,13.69119779,13.73341067,15.81412542,15.75126323,13.01092148
2267,14.23500408,12.29160033,17.4665439,13.2000845,16.64860809,12.95581795,13.20234114
25974,17.2167018,21.11915181,14.07784772,15.16429651,11.79405685,10.46446058,10.16348473
24910,14.7826457,18.03519073,14.0737746,12.93701069,15.77038189,15.29768205,9.103314346
25604,14.40043037,18.98397094,14.74616031,12.63706802,14.72871436,15.32414446,9.179511556
40032,18.0551039,13.24542626,11.93819696,14.31049839,17.27259054,12.98067604,12.1975079
13699,15.23432226,12.71867805,16.67723372,11.47166723,16.08100503,14.05960003,13.75749368
15635,18.94550014,13.83499482,13.51999246,13.69577023,12.54815429,14.5411515,12.91443657
35315,13.2916466,14.65772128,10.84137899,14.15882315,16.54010466,14.41970132,16.090624
441,12.90466642,15.75659829,15.97023009,11.3692548,14.43501102,16.75691638,12.807323
25,12.63741529,14.84287547,12.75145227,13.6669841,14.99607782,14.88584334,16.2193517
33328,12.00356742,19.85156176,15.67546998,12.08333026,13.70309979,13.00622312,13.67674767
34254,11.18667008,19.03228466,18.21453706,12.85119575,12.81614545,12.7452545,13.1539125
28774,14.61698981,15.24252475,13.74495882,14.9233335,12.16152366,13.607663,15.70300645
30770,15.21569274,16.67089564,9.400945395,9.154790646,13.75925431,18.74647344,17.05194783
27902,12.32172084,15.81374455,11.33113879,10.76892392,16.45192188,15.85415172,17.45839831
28314,12.32172084,15.81374455,11.33113879,10.76892392,16.45192188,15.85415172,17.45839831
27564,12.17003383,15.10059996,8.781917643,16.2878706,17.17884762,13.11188297,17.36884738
27277,15.83274706,19.61542754,11.63764545,9.490663522,14.65014672,16.83332935,11.94004036
1743,17.46443944,13.6821218,13.01008269,17.34478161,14.24731792,10.53493732,13.71631922
35563,16.00396843,13.01657681,11.83193075,17.10491042,15.08979278,12.81432223,14.13849858
3152,12.77381427,15.5097033,11.77840172,12.14309881,15.81877435,17.09971987,14.87648767
29277,15.68181831,14.24922163,13.22657585,14.02112363,13.59454419,15.84027833,13.38643807
30148,14.45115387,12.8093589,17.46192305,10.43337548,13.82814809,15.23476389,15.7812767
28844,20.06072001,14.7249116,8.228009262,14.47977617,13.37455437,13.24735846,15.88467011
29761,14.45115387,12.8093589,17.46192305,10.43337548,13.82814809,15.23476389,15.7812767
1247,13.32943704,16.14894938,13.75505722,13.02514529,15.75261041,16.46419337,11.52460729
34541,14.08359229,15.53201116,12.94367891,12.58471781,16.33583575,16.89074219,11.62942189
33544,13.66737361,16.44680519,14.07537157,12.73950324,13.19541394,15.26343218,14.61210027
34004,17.19453698,18.80909667,13.52404697,16.12998728,13.26091167,12.10570252,8.975717911
34466,16.32906693,17.27239827,13.80745831,13.30723592,15.26858608,13.78331678,10.23193771
33071,14.87788871,17.21719617,16.73543159,14.22803364,13.63237152,13.83134619,9.477732181
17615,13.6818392,16.10045688,14.28026062,11.67350494,14.80226807,17.56958855,11.89208175
29431,15.68067782,14.85769982,14.00740791,12.62591718,14.83860513,16.28360202,11.70609012
32404,13.13131384,16.77704025,14.70842218,12.14042803,14.13661347,15.61233021,13.49385201
32861,13.13131384,16.77704025,14.70842218,12.14042803,14.13661347,15.61233021,13.49385201
23528,15.82373888,16.98987408,15.77411732,10.36043349,9.900467539,17.65076486,13.50060383
6676,17.08723007,11.81310886,12.47752271,15.03337372,14.07270077,12.7286768,16.78738707
32083,15.30139288,14.67946369,14.38252584,10.66689174,14.54644411,17.08307562,13.34020612
32576,15.30139288,14.67946369,14.38252584,10.66689174,14.54644411,17.08307562,13.34020612
26296,18.71834938,14.34232853,12.98207699,15.58847315,9.634167039,16.33856432,12.39604059
26728,18.71834938,14.34232853,12.98207699,15.58847315,9.634167039,16.33856432,12.39604059
22912,12.4748474,18.88126754,13.70578859,10.31870075,14.17930094,16.48718835,13.95290642
23382,12.4748474,18.88126754,13.70578859,10.31870075,14.17930094,16.48718835,13.95290642
7512,16.69215217,15.25803603,11.11089553,8.308238182,16.13762149,16.43005281,16.06300379
19583,16.83956962,12.46709429,8.236034993,14.76585364,20.57286713,15.50798058,11.61059975
19251,18.03198487,11.0003506,14.63451667,16.8474117,18.14912963,9.936965682,11.39964084
19917,20.31099405,10.49173415,10.91050731,17.00120169,14.97713726,10.55284771,15.75557784
18966,16.92183511,10.98900243,11.10677792,16.28438157,21.18203167,14.02702052,9.488950787
6379,11.97611892,14.30929749,17.41373039,14.86016539,13.50380294,13.04770726,14.8891776
15128,13.32583902,12.30654317,15.06182172,16.36440999,14.72526411,13.76423613,14.45188586
7257,12.64316664,15.00541624,16.70986387,12.80710049,13.28783687,15.15272093,14.39389496
14331,14.79374061,14.23644574,14.31382933,14.17935868,13.09052685,14.9001792,14.48591959
15609,13.94635289,15.12995931,14.36533214,15.22027994,12.68536739,14.74922876,13.90347958
6798,12.27029876,14.786289,17.33650393,15.83373459,12.73409613,11.53798235,15.50109523
14344,16.18230186,13.35366708,14.47662767,14.42131057,16.28205162,13.14692232,12.13711888
13672,13.64948317,17.19636814,9.779498293,8.852559437,13.52226366,18.82284356,18.17698373
14097,13.64948317,17.19636814,9.779498293,8.852559437,13.52226366,18.82284356,18.17698373
15144,16.08363527,13.9170946,12.24619066,12.38290049,16.4023754,14.67924297,14.28856061
15804,12.15777675,19.38823634,21.27359978,12.13069025,13.67390648,13.98810908,7.387681323
26020,14.38352506,21.18120873,14.32752718,11.48268473,14.36104923,13.39137044,10.87263462
38686,15.21835308,14.76859327,11.56556926,13.73486675,16.66389676,15.25314934,12.79557154
23894,13.14994031,13.32151749,17.03636595,13.14652036,13.8454124,13.85093878,15.64930471
9013,16.02268464,13.2123641,9.767826802,12.87883036,19.13071565,14.07253464,14.9150438
9427,16.02268464,13.2123641,9.767826802,12.87883036,19.13071565,14.07253464,14.9150438
22945,12.87609407,13.84346606,15.21853232,12.98634407,13.74625069,14.54838061,16.78093217
15881,11.86983574,19.82257812,12.96629791,13.82949151,12.59115867,12.41262729,16.50801076
28151,12.25404768,17.88141981,12.58578787,9.592697643,15.07110128,18.715243,13.89970272
28543,12.25404768,17.88141981,12.58578787,9.592697643,15.07110128,18.715243,13.89970272
25023,14.05943108,15.3284746,13.52059633,12.5681578,13.33735156,17.76832592,13.41766271
25312,14.05943108,15.3284746,13.52059633,12.5681578,13.33735156,17.76832592,13.41766271
36280,17.46287065,14.17768307,8.916541676,21.42066761,13.82631274,8.069282745,16.12664151
35788,18.29503875,12.5270271,10.43668303,23.13126036,15.74256044,7.260992051,12.60643828
10601,18.0832471,10.6301777,10.98392039,25.93248108,18.11846955,6.613014691,9.638689484
2620,16.75839891,11.34487271,10.49094766,22.80522697,17.90997825,5.422871724,15.26770379
3064,16.75839891,11.34487271,10.49094766,22.80522697,17.90997825,5.422871724,15.26770379
35236,17.51140692,14.69634236,11.42360448,17.79816073,13.40167738,9.909497169,15.25931095
1474,12.91457923,16.93709868,15.57311381,10.77453049,12.93921868,15.70649967,15.15495944
1065,13.30528946,17.60597721,15.67277989,12.9625332,15.71620526,12.86550307,11.87171191
35725,13.39926146,21.28317972,15.96620101,11.06105473,13.59395117,16.22415693,8.472194989
1942,13.6193418,18.70092492,15.41135439,15.35547889,16.84303795,11.33614983,8.733712222
13285,17.19346765,17.67853406,9.946885558,14.08212343,11.95245825,13.71821145,15.42831959
21294,16.16057155,8.35077117,23.2025654,17.43207517,12.38458822,10.73899672,11.73043177
17061,14.68213314,14.71093538,14.2369654,11.34722247,16.42234288,17.24358525,11.35681549
17453,14.68213314,14.71093538,14.2369654,11.34722247,16.42234288,17.24358525,11.35681549
24635,11.93631796,16.14167583,14.53925897,9.932065326,17.19119056,17.14060575,13.11888561
25064,11.93631796,16.14167583,14.53925897,9.932065326,17.19119056,17.14060575,13.11888561
1903,12.17162015,13.80394264,16.26928963,12.11012724,15.90310745,13.82536334,15.91654956
25727,14.25351622,14.54045614,10.46200213,14.92899935,18.51952178,14.61850107,12.67700331
29464,14.14528079,15.62454908,13.59280329,13.26954374,14.6045952,15.97439104,12.78883686
26034,20.34437089,16.03146741,11.02438539,8.815590786,15.20092594,15.31389342,13.26936615
13956,11.80735964,15.59025346,15.56322485,13.24341205,15.5759381,14.10116282,14.11864908
13498,12.2798007,14.10872673,15.40927055,13.03102848,17.64257318,13.78034499,13.74825537
39839,12.87520272,13.99353457,15.07282576,11.66352749,17.22679548,15.27908168,13.88903229
37637,17.51032267,18.06449355,9.856195263,13.47186345,12.09308145,15.13446884,13.86957477
5635,18.93796591,18.06562329,8.985499308,11.68341924,12.47516713,16.8813699,12.97095522
37126,17.36613254,16.45199302,11.34678793,14.59760465,14.40717907,13.70821998,12.12208281
29496,14.4404378,15.00398225,13.4436931,16.16699452,13.77587218,12.62863014,14.54038999
29061,12.65337983,11.58783555,15.09977922,17.48911922,20.02608927,13.85869129,9.285105624
15507,20.10452526,13.08799833,8.667813911,15.86137936,19.10631674,11.86645453,11.30551187
34551,16.60788463,15.79828022,10.95467988,10.95448109,15.42055804,16.61007182,13.65404431
22720,13.51972153,15.67265002,13.67264508,13.80111029,16.87731856,15.02820111,11.42835341
23679,13.2039582,15.24754707,14.87277473,11.58588304,18.21422571,15.09441849,11.78119274
38432,13.54546396,18.76720501,13.44657995,12.84483621,13.40105361,15.86166368,12.13319759
23211,12.93908367,13.31669419,14.55083297,20.03215944,16.76200592,12.08449759,10.31472622
7780,18.49515102,15.87527474,9.616146602,13.38891229,15.50735073,14.62239132,12.49477331
7329,16.90087031,14.96461449,13.10006431,12.17741777,14.817689,15.83317039,12.20617373
21726,14.81830106,21.98810407,12.10279319,9.671830174,14.88121537,15.14359341,11.39416273
6803,10.8420784,16.37651366,9.858538199,16.89281829,17.78106147,14.46880628,13.7801837
13356,12.80285885,16.32402418,14.63685214,9.011392852,13.18399528,16.81743644,17.22344025
16443,19.56670928,17.89731316,8.577796436,15.66124646,16.96624605,10.07707999,11.25360862
16794,20.96114375,20.14295619,5.465430237,16.89216411,15.98726709,8.740486653,11.81055197
25400,17.37679611,15.05242457,10.55174896,11.08097796,16.65975919,16.48480939,12.79348381
24659,11.83918228,13.75423334,2.17179969,37.24375638,19.83042905,2.571754419,12.58884485
171,17.11740058,15.85918269,11.36211349,10.60390466,14.46951156,16.79788615,13.79000087
583,16.90455545,15.31188013,12.55649629,10.21126309,14.54527695,16.41410092,14.05642717
36827,20.28008864,24.06109202,8.179473709,14.8550124,13.8717484,10.62246026,8.13012458
26928,15.31230538,19.79896033,9.09493755,8.187131636,12.81247357,19.42071378,15.37347776
26445,12.43007078,14.44070121,2.280193279,36.27681976,18.65495672,2.700109576,13.21714868
14278,20.43365954,16.14912294,12.55452776,12.29843212,11.6612852,14.71820253,12.18476991
39890,15.79737572,15.70125573,15.80259109,15.31448787,16.45176754,11.44236669,9.490155361
13538,16.40885587,15.91486714,15.08171953,16.98218121,17.56110763,10.55499528,7.496273332
36596,16.01215262,15.02001843,9.705655332,12.41725654,16.93092815,17.57637118,12.33761775
35546,21.34458061,14.24864124,13.102791,13.03270818,11.26968377,14.09056833,12.91102687
8160,13.83113785,15.013935,17.60392666,12.16369923,12.51888455,13.95127643,14.91714029
37996,13.83113785,15.013935,17.60392666,12.16369923,12.51888455,13.95127643,14.91714029
40987,10.46335025,18.87477223,12.67101947,10.76017236,15.47304337,18.30828252,13.44935979
25441,12.95801093,14.84596948,16.38612892,11.3730451,14.43494259,16.02235863,13.97954435
24711,11.9603881,13.89504485,2.194033892,37.03759785,19.59712659,2.598083231,12.71772548
15726,15.00787976,17.09644389,13.00566977,20.08683268,14.1672733,8.284522995,12.35137761
12790,14.8821236,22.41372884,15.25847932,11.41567467,12.42995954,15.26680069,8.333233343
7524,16.69541918,16.24198344,12.87666479,16.75066361,14.87897198,9.655979034,12.90031796
6592,17.26321577,16.53115856,11.50255844,16.81147203,14.79067235,10.9633324,12.13759045
6123,16.25108329,22.56376756,7.732512893,14.6574428,14.24957628,13.79932734,10.74628984
13650,13.04784465,18.83636025,11.60856546,9.562747124,11.83958688,19.32063478,15.78426085
14079,13.04784465,18.83636025,11.60856546,9.562747124,11.83958688,19.32063478,15.78426085
16286,14.07877297,15.90111512,13.61257282,12.40179325,11.73718137,16.73944347,15.52912101
17314,9.216703828,17.72533129,14.07003232,17.63769857,16.68496922,12.25409912,12.41116566
17690,9.216703828,17.72533129,14.07003232,17.63769857,16.68496922,12.25409912,12.41116566
25468,16.60923219,20.23950851,9.504797786,14.00709739,14.51050654,12.18682067,12.94203692
25833,17.41937847,13.89589824,13.48104194,12.83910973,16.14400907,14.18206977,12.03849278
15215,14.2112203,12.2370981,14.7305474,16.53641429,18.01191936,9.674331872,14.59846867
24750,13.21001137,17.08851161,10.41189713,12.10708177,13.36785308,16.61058524,17.20405981
25150,10.61811424,19.10651694,13.07706957,10.47874102,17.33059224,16.7119677,12.6769983
24685,17.29960827,13.7492717,14.15134626,13.52068246,14.91696161,14.83175183,11.53037788
25419,16.80023782,14.52618134,13.41348328,13.02552491,14.38040637,15.67900969,12.17515658
25098,16.93211943,13.66625888,15.81257587,11.68487405,14.52255877,15.64122306,11.74038994
25862,17.2843668,19.05371378,8.537324775,15.76620533,13.62881308,11.23785538,14.49172084
25180,17.19389174,20.65300262,9.899940563,13.5525286,13.46468923,14.10850991,11.12743733
25496,15.27205072,20.98652294,11.74273506,13.26043749,14.9801832,12.25610115,11.50196943
24802,15.48642644,20.98848979,12.28478232,13.40002369,13.91424618,12.89170122,11.03433035
37513,13.14337274,14.37099203,15.37846028,13.12093416,14.11806785,15.1262874,14.74188553
5508,13.27056379,14.68312288,15.57577953,12.57476234,13.88786139,15.334238,14.67367207
5940,12.76141497,14.82564209,2.340975619,35.7829765,17.94743162,2.772085482,13.56947373
33162,12.68259096,18.11394474,18.35876528,12.2961029,14.2244554,14.31944032,10.00470039
33632,12.68259096,18.11394474,18.35876528,12.2961029,14.2244554,14.31944032,10.00470039
7867,15.46520544,16.12433215,12.81631512,15.42757472,15.49994988,9.044847725,15.62177497
7449,19.39993389,20.50096767,8.453684818,14.72506967,14.53398536,11.48861774,10.89774086
16089,18.17394248,13.53391801,10.71453238,14.91663737,16.16225247,11.41990944,15.07880784
35997,21.83502931,20.53746965,13.97205712,11.51625189,9.162900694,11.54710864,11.4291827
37006,19.32914558,21.78511016,11.78250267,18.21952707,13.54172114,6.097798323,9.24419506
32030,16.86099573,13.53917464,8.077875162,13.55670708,18.98983204,15.17237244,13.80304292
32523,16.86099573,13.53917464,8.077875162,13.55670708,18.98983204,15.17237244,13.80304292
1644,16.7819009,16.84065534,11.09456191,10.57919668,12.43389475,18.9696742,13.30011622
34011,18.24257187,18.10892522,11.16853683,13.83394813,16.44744264,10.57637627,11.62219905
7975,17.99128474,12.11635571,12.96147778,15.24600347,11.77248359,13.2080306,16.7043641
37787,18.78078451,12.13763979,14.45592252,13.22797199,12.39966856,15.60821575,13.38979687
16817,17.5203578,17.38160867,13.36594644,12.93320921,12.21194836,14.23329789,12.35363164
16458,14.28542498,15.13924342,14.04079623,11.33038778,15.515386,17.11406732,12.57469427
30948,17.76129023,18.1945657,5.038049762,7.000479144,16.14356171,21.7882297,14.07382375
41687,21.03936983,15.48041822,17.21262352,10.05220965,9.968701822,15.73230809,10.51436888
8199,14.21738448,13.29804668,13.01377058,14.19280437,18.62535618,12.63448854,14.01814917
38034,14.25054922,13.2167116,13.51676768,13.62895147,17.81170467,13.08385753,14.49145784
31119,11.53645341,16.53239355,12.39228117,12.38358189,16.86348013,14.05557873,16.23623112
31597,11.53645341,16.53239355,12.39228117,12.38358189,16.86348013,14.05557873,16.23623112
31502,16.42472726,14.96433607,12.2284129,13.53216346,14.73485836,11.17423328,16.94126867
31957,16.42472726,14.96433607,12.2284129,13.53216346,14.73485836,11.17423328,16.94126867
4377,18.88739544,14.23196014,13.62956013,16.80420157,11.47131793,11.6917241,13.2838407
21562,17.83119365,16.67474759,7.881374355,12.89390031,13.35118754,16.43564265,14.9319539
22294,13.40106023,14.12474152,13.67847704,12.11383465,18.05731295,15.12899474,13.49557886
20667,12.53808239,17.54803732,13.24537123,9.80769123,16.96272803,17.96553325,11.93255654
20215,12.42087931,14.29462959,16.81599012,12.34389086,16.69743602,15.52809112,11.89908297
41442,12.47441434,13.76709483,17.04545323,12.53073536,16.57854444,13.82700118,13.77675662
3023,13.99050855,17.00388424,13.13203129,12.66695792,13.7318404,13.8834083,15.59136929
39177,14.75023943,14.21973995,11.98937179,14.35208303,17.81902106,13.11047299,13.75907175
39652,14.30295844,18.21500603,13.75015217,18.13810379,13.27576412,10.73149655,11.58651889
3387,14.72829163,18.6811327,13.12809248,10.834784,11.14987359,15.4688776,16.008948
21784,12.65328003,14.70001574,2.321139162,35.93976158,18.18271587,2.74859598,13.45449164
4729,12.0881338,18.82211767,18.24222831,10.92313849,9.619374084,15.73309494,14.57191271
21750,12.60571321,14.29993455,16.21404261,14.6325902,11.16591371,16.88978401,14.19202172
22655,16.02164284,20.91981606,10.96366149,13.53631834,13.05948275,14.89199492,10.6070836
36522,13.67136706,17.16313751,13.90968894,17.0278385,10.67277869,15.8433243,11.71186499
37043,13.1427528,19.00159976,15.33084037,15.78233853,11.87748704,12.06202551,12.80295599
37539,12.37400925,20.96289582,17.54542575,11.36127927,12.61448867,16.14198592,8.999915324
10880,13.46826313,20.80973448,12.42658989,11.59097806,11.54091381,16.24221763,13.92130299
11310,13.46826313,20.80973448,12.42658989,11.59097806,11.54091381,16.24221763,13.92130299
5539,12.52477524,21.01880886,19.2653479,11.0444887,11.55246212,15.87329799,8.720819198
18424,18.41723038,14.0872389,10.98174692,8.843006039,15.56279246,17.1667053,14.94128
33788,15.02558906,14.69338682,14.9982817,9.25755808,16.99932436,17.03840406,11.98745592
31260,12.7439892,21.59777125,9.008962504,10.83526773,14.38383536,17.08221951,14.34795445
31734,12.7439892,21.59777125,9.008962504,10.83526773,14.38383536,17.08221951,14.34795445
37123,15.58213241,20.50374642,13.58061008,11.52701723,12.84441889,14.63355306,11.3285219
28678,14.1587007,18.53197908,14.93076917,9.775511225,15.12286269,15.09762804,12.3825491
30850,17.25538906,11.60232652,13.71903731,15.82116177,13.40479868,13.75245986,14.4448268
33131,14.18308211,14.75016708,12.76165626,10.88063802,15.48790527,17.38660555,14.5499457
34071,14.25179015,12.93213656,15.51550242,12.21957649,15.48778133,15.73275943,13.86045361
33175,10.94739873,22.43680215,16.4370298,12.62785097,14.26720959,12.49385158,10.78985718
34109,10.94739873,22.43680215,16.4370298,12.62785097,14.26720959,12.49385158,10.78985718
35354,16.71775027,15.15639781,10.56099766,16.58089259,14.26260021,13.96275584,12.75860562
37839,13.19829358,13.42955055,13.97947833,13.29859277,15.08246949,15.51558714,15.49602813
27322,19.59959566,15.81987611,5.953762895,13.45017318,9.970017222,23.32208686,11.88448806
14506,14.25181867,18.9093074,12.61686668,14.63463667,13.20650636,11.84668833,14.53417588
14881,14.25181867,18.9093074,12.61686668,14.63463667,13.20650636,11.84668833,14.53417588
3904,17.36740584,17.32856272,11.00443478,14.0442137,16.57471841,10.76261288,12.91805165
39391,15.35553174,17.16785159,11.00563483,14.44334265,16.04124802,10.46470947,15.5216817
38909,14.9316794,17.11714408,14.0862192,13.92220774,15.85052513,11.58273003,12.50949443
2780,13.91379075,17.83633069,14.91531813,13.71640385,15.09955788,11.76560411,12.75299458
32046,12.23327848,16.04928747,14.8830232,12.45709044,16.04086237,15.85007302,12.48638501
32534,12.23327848,16.04928747,14.8830232,12.45709044,16.04086237,15.85007302,12.48638501
9162,17.47475941,16.45030706,10.29213136,9.961492077,14.58854331,14.98588987,16.24687691
9569,17.47475941,16.45030706,10.29213136,9.961492077,14.58854331,14.98588987,16.24687691
9500,17.39826504,12.72175729,17.11648884,16.26439815,15.94486482,11.83228702,8.72193884
26487,15.8480119,16.88252944,12.07939331,11.99174126,17.07057158,15.14710358,10.98064894
26933,15.8480119,16.88252944,12.07939331,11.99174126,17.07057158,15.14710358,10.98064894
7426,13.0432803,14.75531607,13.05244492,14.07543378,16.25011351,14.39156111,14.43185031
7833,17.7702589,14.33377052,13.14559754,12.1320101,14.20832648,15.52964487,12.88039159
6537,12.7885628,14.90227427,13.43800458,13.15506425,14.02025231,17.06765763,14.62818417
9455,13.48766949,15.18295373,14.95740687,15.35032051,10.80741707,14.44125734,15.77297498
35276,13.16811692,18.45742512,4.197273225,10.90512682,17.28182584,18.26444336,17.72578872
18006,12.76141497,14.82564209,2.340975619,35.7829765,17.94743162,2.772085482,13.56947373
11965,19.79535074,19.69071308,11.57982878,16.46416263,17.1087338,7.44376895,7.917442006
12378,19.79535074,19.69071308,11.57982878,16.46416263,17.1087338,7.44376895,7.917442006
8588,15.79599857,18.81627183,10.25177527,10.16852821,13.16876702,16.27915506,15.51950404
38436,15.72642828,18.50659579,13.38125256,12.91461415,13.54947054,11.97320014,13.94843855
8150,15.45050505,18.68634557,9.893635594,10.27486579,13.94879123,16.24819031,15.49766645
37961,15.71627853,16.68519371,11.60225806,11.56216844,14.20914281,14.69650214,15.5284563
1135,10.54876288,14.01670172,15.83409958,14.72389136,14.77102193,14.54262972,15.56289281
2425,12.17484979,15.13653785,11.2685231,14.78208063,16.68470277,13.27548194,16.67782392
2008,11.19919002,14.25598534,13.81795061,13.78313803,16.0486795,16.01815631,14.87690018
40600,18.09122116,19.4086398,11.5166753,18.77761218,10.60999592,11.30239545,10.29346019
7641,16.01944307,11.69937301,15.19158835,14.87398381,16.17379186,13.25359136,12.78822854
39821,13.11287325,12.83912863,10.64187163,17.62344894,15.09351234,11.89690087,18.79226433
13485,11.67298323,13.53953208,8.038025242,19.61315847,16.85215288,10.47456996,19.80957815
13944,9.924344962,14.16622066,13.48414542,23.47341854,19.62059126,8.657839238,10.67343992
40338,13.45462862,14.76325305,15.35755012,18.27092249,17.69761155,8.408167007,12.04786718
4701,19.25956851,14.97899726,11.03606487,9.093327095,13.98005083,17.59724347,14.05474796
19222,15.46205249,17.36700895,14.64419104,11.80393229,11.56366717,15.8102233,13.34892475
18897,12.08027388,14.03432279,2.216025942,36.83740688,19.36264274,2.624125297,12.84520247
335,18.87444637,14.91965085,10.41055925,9.955366626,13.90011101,15.1591123,16.78075359
734,18.19437415,14.91558908,11.93172498,10.91411948,14.12242276,14.52115728,15.40061225
2207,18.00631188,15.93773499,12.00780804,12.76950623,14.19346968,11.85576387,15.2294053
1758,17.16512971,14.49992241,14.25503719,14.61269706,13.41234898,9.929165593,16.12569905
872,16.2345031,15.80608472,11.67003756,14.91383904,14.1342691,10.88102573,16.36024075
16378,14.83321442,16.4458888,15.55168402,13.49999346,11.24616778,14.15598306,14.26706846
9998,16.37684624,14.68558635,15.45434361,11.28196516,15.21382525,14.29691141,12.69052197
31212,15.9222916,17.40858673,12.22809835,8.965356117,14.22866061,18.42787306,12.81913353
31687,15.9222916,17.40858673,12.22809835,8.965356117,14.22866061,18.42787306,12.81913353
15702,16.82316604,22.17419515,10.58369091,14.46453256,14.51177357,12.74588265,8.696759114
12714,16.10313359,14.75358424,11.70158229,14.09366019,17.05007635,11.82941073,14.46855261
31300,12.22989717,14.97144992,18.65794853,10.23578488,14.97193134,17.06723154,11.86575663
31769,12.22989717,14.97144992,18.65794853,10.23578488,14.97193134,17.06723154,11.86575663
23779,17.42552575,14.53407521,14.05750372,11.74021064,11.7756069,16.45909698,14.00798081
40398,15.7728635,15.51919855,11.96850976,14.00026923,15.20464324,14.61843727,12.91607845
11580,13.33687483,13.18530545,16.53058471,13.36815675,15.21600136,12.96304745,15.40002944
36589,17.31872872,17.20886694,11.67192682,10.04592196,12.48159254,18.43867546,12.83428756
12488,13.67530443,13.31648634,16.2858086,12.60584569,14.75557227,13.80900496,15.55197771
11350,12.76141497,14.82564209,2.340975619,35.7829765,17.94743162,2.772085482,13.56947373
1062,12.84978313,18.88880815,16.50557183,10.41027642,12.2885986,15.50839639,13.54856548
33393,14.75918569,21.40754752,11.32049716,12.02230764,16.75095418,14.23179948,9.507708342
2357,12.72871157,19.82116698,14.54411674,12.56082102,15.10610708,14.11051271,11.1285639
1934,12.14594607,19.83596302,16.57059158,11.41223904,14.15591108,14.46824554,11.41110368
37181,17.49481508,13.88318798,10.62165779,16.49353839,14.72121883,14.95561592,11.82996601
32428,15.36332002,14.33466069,13.85124954,14.03030253,12.90183034,15.02379707,14.49483981
32912,15.36332002,14.33466069,13.85124954,14.03030253,12.90183034,15.02379707,14.49483981
261,14.45565934,13.91434351,16.25218352,12.99429798,14.03517426,15.34985951,12.99848188
35075,13.88530309,14.18254636,16.71215032,12.14409124,14.1405569,15.90589446,13.02945764
1293,13.75905434,15.87121138,10.88456594,9.01236692,15.30682849,19.06994793,16.096025
18014,12.54278339,14.57164568,2.300869471,36.10444201,18.41866769,2.724593458,13.3369983
19123,15.36408074,16.31274879,14.28806586,10.29676958,12.76839521,18.08390943,12.8860304
18740,16.06547637,14.52610798,14.08167006,10.38782727,12.28363249,17.71044947,14.94483636
19440,17.02624093,14.18295926,11.96727266,10.21106873,13.29327043,17.64928737,15.66990063
19767,17.00359501,15.78461614,9.941048274,13.41281732,15.46297597,15.47867885,12.91626844
33740,14.03755787,16.59586752,14.4880686,12.79357295,14.32743304,13.68421152,14.0732885
34702,13.69287164,16.06939237,13.05609547,13.97450416,16.52447259,14.35046033,12.33220344
17851,12.01072286,15.81037872,15.1579198,11.3679225,10.45740434,18.0748187,17.12083309
17000,11.98086284,16.6860504,13.94167444,11.2691299,10.56714802,18.56203472,16.99309968
26346,15.06255961,13.85105879,13.9086666,10.57068871,15.32620211,15.97241542,15.30840875
26776,15.06255961,13.85105879,13.9086666,10.57068871,15.32620211,15.97241542,15.30840875
7494,18.00352283,22.60382922,6.118567002,8.900983208,16.23878857,13.86824227,14.26606689
7899,13.25875677,16.91183096,15.9096397,11.02248279,12.8549912,16.51761745,13.52468112
18892,11.62166537,16.57836426,12.86442529,10.15609686,14.25020545,18.31384089,16.21540189
19224,11.62166537,16.57836426,12.86442529,10.15609686,14.25020545,18.31384089,16.21540189
5956,13.96048821,15.11242402,14.03523787,13.05705403,14.55676643,14.83924156,14.43878789
37506,12.52974664,16.02315816,15.00737235,12.3830625,13.62874168,15.05536552,15.37255313
5523,12.75462232,15.62139065,14.73553503,11.63160334,12.80579736,15.97546696,16.47558433
37016,12.61438229,15.75351956,15.5564218,12.445589,12.83234837,15.58666715,15.21107184
7453,21.91414254,18.21697795,6.354196023,12.99955967,13.58454683,14.24233515,12.68824185
7875,21.61962287,20.49979051,6.559821835,14.8499596,16.17566317,10.48232376,9.812818267
26939,12.76141497,14.82564209,2.340975619,35.7829765,17.94743162,2.772085482,13.56947373
27815,12.76141497,14.82564209,2.340975619,35.7829765,17.94743162,2.772085482,13.56947373
24525,16.60838129,18.73162314,9.59687024,13.62875872,15.65298963,13.90252531,11.87885166
25972,17.0617851,14.77832915,12.27249644,13.94687461,14.7019896,15.44763873,11.79088636
25592,14.2408962,19.06222575,9.636671334,13.90982128,13.36814655,15.04646277,14.7357761
24884,12.76141497,14.82564209,2.340975619,35.7829765,17.94743162,2.772085482,13.56947373
26833,12.76141497,14.82564209,2.340975619,35.7829765,17.94743162,2.772085482,13.56947373
27311,12.76141497,14.82564209,2.340975619,35.7829765,17.94743162,2.772085482,13.56947373
27239,17.26170876,16.11424545,8.869794301,21.07736439,14.82741501,10.28607361,11.56339848
13094,18.52128436,17.89653581,9.598359941,12.2920138,14.23140751,11.2416475,16.21875108
37944,13.54394436,13.0825272,15.96973253,14.24768305,14.51357568,15.83877018,12.80376701
8115,14.49207043,14.04393506,12.60127496,14.66564242,15.84742101,15.18716777,13.16248835
38414,12.95393764,12.01219746,15.08635995,14.95246879,16.51850444,13.40579912,15.0707326
8562,13.76575899,14.46481652,10.91107693,17.46036538,15.47846926,15.44914584,12.47036708
2575,12.64023026,18.37561683,14.2528369,14.6271096,16.7525845,13.30867779,10.04294412
30483,16.44069552,17.96673289,10.9984856,12.16774378,15.72922306,14.11077626,12.5863429
29771,16.65427663,17.35878176,10.55221849,12.5305181,16.22846621,14.02407987,12.65165894
28853,17.55517844,19.18573143,13.42393926,10.26616654,12.76073394,15.9655992,10.84265119
30847,13.03815876,21.81505435,12.90483218,10.57963511,18.7151528,13.63513564,9.312031161
1277,15.61456992,14.27735167,13.72388678,14.4442756,14.19700359,16.01580715,11.72710529
1701,15.61456992,14.27735167,13.72388678,14.4442756,14.19700359,16.01580715,11.72710529
19167,14.20942002,17.45030768,13.72989552,9.525990461,15.46221401,17.05514034,12.56703197
19790,12.81616615,17.81045782,9.744273262,12.7819007,14.66374933,16.38259108,15.80086164
13676,13.52208752,15.55954596,14.42548992,10.34509056,13.32482348,15.83295132,16.99001124
14103,13.52208752,15.55954596,14.42548992,10.34509056,13.32482348,15.83295132,16.99001124
18020,20.38221284,14.53871249,7.983927807,13.43626946,16.58375448,15.69235074,11.38277219
7743,15.60252579,16.37713823,10.99119167,11.8330475,15.0418436,17.11132334,13.04292988
16706,15.27790145,14.53401096,12.69494471,13.33743015,17.79993481,13.80861946,12.54715847
16305,14.02207311,14.83808296,13.79337925,12.61880447,16.6559689,15.4206852,12.65100612
18441,12.76141497,14.82564209,2.340975619,35.7829765,17.94743162,2.772085482,13.56947373
27646,20.45927886,19.42076898,10.74367798,11.68801521,10.95798159,13.53656415,13.19371323
7862,15.27992956,18.07856078,17.22166949,11.73065129,13.05161189,14.70889746,9.928679528
7443,15.57239681,18.69934929,14.31195193,10.76092115,13.08365979,15.08550923,12.4862118
8517,13.08046664,15.76741297,12.0693071,8.805216418,15.6079651,17.03153168,17.63810009
40269,13.39580678,21.70584553,19.90976653,12.57336179,13.26223335,16.99395004,2.159035968
15560,15.22594576,14.94433003,11.11448447,14.96115366,15.83210617,13.06670028,14.85527965
37884,13.32373099,17.25757599,14.1244392,10.73568046,14.97147101,17.84680949,11.74029287
8064,12.59166879,15.97966979,13.49548587,9.89645653,14.69108203,17.25401983,16.09161715
13014,11.31054663,15.30724339,16.88724903,13.0484877,15.51349664,14.63582034,13.29715628
11614,12.44399729,13.17674189,17.76593507,12.71571319,17.29748759,11.79947432,14.80065066
12524,12.51169212,13.10464664,16.93566244,12.77559312,17.31201736,12.21211563,15.14827268
12052,12.24106859,12.71446855,19.71835167,13.73320658,14.95103426,13.31472441,13.32714593
9846,15.17322111,14.52762838,12.67723304,13.40259202,18.85588863,13.97833263,11.38510419
8991,15.19714969,14.60882732,15.0724231,12.4991196,17.15864749,14.79234015,10.67149265
10301,12.25083942,14.40786316,17.09204684,13.22193758,15.15734131,14.21845349,13.6515182
9407,16.16464732,14.45930902,15.37869855,12.72072647,16.46225281,14.49772343,10.3166424
38255,16.83505258,12.05986496,13.56912367,15.39926406,16.39377305,13.72305345,12.01986822
37756,15.51279669,12.60718928,15.58444799,16.26304427,18.0335456,11.67207479,10.32690139
8396,13.22334979,12.22282589,16.65771258,19.70612858,16.08654544,9.858026163,12.24541157
7938,14.37931864,11.36093445,16.48747972,18.24520749,17.2687905,10.69007823,11.56819097
17415,14.50158573,21.66522923,16.27159922,12.57531317,11.86660295,13.86670433,9.252965366
17870,15.4345377,19.27260157,13.75309377,15.12061447,13.76424583,9.20556959,13.44933707
17018,14.04533201,19.74098201,13.5257444,13.5541337,12.64336891,12.44136859,14.04907038
18325,15.21390392,17.35823266,12.43955787,14.53147768,13.82825407,14.61540066,12.01317314
36302,22.73503276,11.21532144,13.42071733,13.38669021,13.42215393,9.639972975,16.18011135
18383,19.85016734,17.49301239,16.51851923,13.83030968,11.1149073,10.47043167,10.72265239
19869,16.76129335,14.65330328,13.25791168,12.74232643,13.79690821,15.79055431,12.99770274
18884,16.97892082,13.96808743,15.79190199,8.998841279,13.10053481,19.04602631,12.11568736
19553,16.97892082,13.96808743,15.79190199,8.998841279,13.10053481,19.04602631,12.11568736
18560,17.2942759,16.85672747,16.88418275,10.20915207,11.34713894,17.81578452,9.592738358
32002,14.79764766,12.09142063,16.82473712,14.88518405,18.34779442,10.8674234,12.18579272
32494,14.79764766,12.09142063,16.82473712,14.88518405,18.34779442,10.8674234,12.18579272
10235,13.7062429,16.66233169,14.59785019,11.96006083,13.78975819,16.70388965,12.57986654
9768,12.7521622,17.04469748,14.07340388,9.381525219,14.98808493,18.63693406,13.12319223
36112,13.26044091,17.25821388,13.9419174,11.23411561,13.96230215,17.75264261,12.59036744
36606,14.97980434,17.90634312,9.913596498,7.929684418,15.62097198,19.50635089,14.14324874
25960,17.0370133,15.99931513,16.1568524,12.22485311,16.49782499,11.59948895,10.48465212
25262,15.9056143,20.19401089,14.27366888,9.288096777,14.64106252,14.98623212,10.71131451
24923,12.08027388,14.03432279,2.216025942,36.83740688,19.36264274,2.624125297,12.84520247
13213,15.96777409,16.62375947,16.79843927,14.10416912,9.760015235,14.28119064,12.46465218
38143,10.7487641,17.05528756,15.28355623,19.3676694,12.27494373,9.440970196,15.82880879
38601,16.11656941,16.27719565,9.842359435,17.87410821,13.42874187,11.52429771,14.93672771
32146,18.29204887,14.79322067,10.42822836,16.61257259,14.37557617,11.94754106,13.55081229
32628,18.29204887,14.79322067,10.42822836,16.61257259,14.37557617,11.94754106,13.55081229
37489,15.15961627,20.12870671,7.230282344,11.62809479,10.91585803,20.55059368,14.38684819
36966,17.05565237,13.66426016,15.09848145,13.15659422,12.01291565,14.32690469,14.68519147
5929,15.88808773,14.35267789,13.19923601,8.591815978,13.63385909,18.34000363,15.99431968
28764,17.79823836,16.71608637,12.3914046,15.26030454,14.31033742,11.95303691,11.57059179
29215,16.51988921,15.27382907,12.39314808,13.17128319,15.43693261,13.06897347,14.13594436
27884,14.85877907,15.51107404,12.07137014,13.59707847,14.86571617,13.87940443,15.21657768
28311,14.85877907,15.51107404,12.07137014,13.59707847,14.86571617,13.87940443,15.21657768
2754,17.37117222,13.85443916,14.21445017,13.0841338,13.96086493,14.51469952,13.0002402
38882,18.08814496,14.69392345,14.14093432,14.18800671,12.75382534,13.23778734,12.89737788
37276,18.15012057,12.06167118,13.45565859,17.91608724,19.59499235,11.13266129,7.688808788
5732,19.51458234,13.15719294,12.14984283,17.96970414,14.08575717,11.69131357,11.43160701
5263,18.61113785,13.45821504,12.30260933,17.44821144,17.57798514,11.0928406,9.509000609
36283,16.11577846,12.98484504,13.08779039,18.95084404,16.28806779,11.33233851,11.24033577
26885,12.76141497,14.82564209,2.340975619,35.7829765,17.94743162,2.772085482,13.56947373
9081,14.49570987,12.87006108,14.26546326,13.66044971,14.93542195,13.70062868,16.07226545
9490,14.03398531,13.19774754,15.38792026,13.72848716,14.42280778,13.12018104,16.10887092
9926,17.22336126,13.64622557,11.57138695,14.5632569,15.28754582,14.58066537,13.12755813
38226,13.87932703,19.41357414,17.21843409,15.96421786,15.99443454,8.618305404,8.911706938
8369,12.41439546,20.51729314,18.27016646,15.76689232,14.98556847,10.2969827,7.74870143
8789,13.96794443,20.79475888,15.43868381,17.27554446,13.29608408,12.01363499,7.213349352
10335,14.3971422,19.01117683,12.36906825,18.34091366,17.35460872,8.035146948,10.4919434
7702,19.20553462,16.28083222,14.10174547,14.43742741,12.74545016,11.181123,12.0478871
7234,17.90019888,13.4682234,13.04969009,14.46034595,12.22731107,14.70166068,14.19256993
37651,13.2135513,16.08196278,12.26806148,12.34982839,15.42741164,16.44456522,14.21461919
5653,14.33049443,14.02484756,13.17044697,13.30333407,17.7681867,13.3695808,14.03310948
37143,10.95863708,17.74359043,14.03658091,12.71376123,10.24006146,16.2209618,18.08640708
6717,13.64801339,18.05270578,9.33914896,8.255735913,18.22492499,19.75463047,12.72484049
33884,16.75117659,18.98539723,8.860849286,11.62531827,13.72978424,13.8393651,16.20810929
18244,17.19133901,15.45869192,12.83353994,12.13115317,13.44669051,15.42367887,13.51490658
7414,12.73420477,14.52916372,11.06303404,13.86806843,14.34363506,20.69004964,12.77184434
30868,19.61995739,14.18941159,9.597016269,16.29607969,15.66387465,12.03669248,12.59696794
30174,15.93196228,13.03026631,13.86589338,12.33800328,16.6490027,13.14652164,15.03835041
39434,16.3319323,13.93285874,15.9515389,14.15282009,13.67636535,13.40869436,12.54579026
19853,14.16020185,17.53762078,9.682174986,13.86077315,15.68652407,14.70067337,14.37203179
31060,18.30324184,11.48326001,13.24520687,14.05311115,16.05342694,10.74314649,16.11860669
31540,18.30324184,11.48326001,13.24520687,14.05311115,16.05342694,10.74314649,16.11860669
6991,11.10365384,17.57588566,12.16042879,11.64476616,12.47239705,19.5314942,15.5113743
41044,12.60350434,14.15620426,16.7858681,10.59415594,13.76568203,16.73339095,15.36119439
41524,12.29043411,15.42862414,10.79623573,9.927964314,15.23370289,18.39199504,17.93104379
29257,14.45081336,14.1729797,12.73571372,16.03583297,16.60092934,14.11250124,11.89122968
28809,14.42294875,15.19500967,11.67042179,13.12262981,18.3034901,15.13474405,12.15075584
27936,12.35161341,15.92210024,10.25423323,15.8188587,21.72702767,13.05700352,10.86916323
28352,12.35161341,15.92210024,10.25423323,15.8188587,21.72702767,13.05700352,10.86916323
7251,17.39849257,12.04157445,15.41216228,12.21677241,15.73376759,14.08132962,13.11590109
7707,18.63908943,16.24316221,10.97578019,11.52684994,14.10225505,15.13625609,13.37660709
6800,11.96211178,13.30014632,16.90405701,13.30140276,14.79902006,12.89892242,16.83433965
6380,14.95308239,11.89963262,17.43230876,13.22200286,16.27448744,12.72928329,13.48920264
6399,11.17855116,14.52333927,17.31482503,15.20266478,16.67694568,11.8010228,13.30265129
7265,11.64996617,15.28444037,15.80725387,15.3452742,14.80282031,12.77884635,14.33139874
6813,11.83199684,13.98490887,16.21902164,14.83385837,16.88968598,10.58890477,15.65162354
6824,12.61499912,17.04880817,12.69663103,10.29944014,17.09114676,16.71434065,13.53463414
7277,11.58867469,16.17514811,14.4745903,13.39445473,16.37308846,15.0279501,12.96609361
6408,11.59576794,17.57874186,14.23595272,11.71818374,14.98525775,17.01769616,12.86839983
7727,11.9440407,18.32334336,9.879059716,10.7609954,12.31690891,17.92858853,18.84706338
25354,18.27898499,13.28425038,11.53022455,16.63815565,16.04485129,11.95612034,12.26741279
25712,17.07865755,14.74588015,11.13786679,15.05206878,16.69720811,11.94402707,13.34429154
24615,15.72749682,12.99220043,12.88861033,13.6490333,16.72063046,14.58726813,13.43476054
25050,12.9123698,12.90896013,11.993793,16.11544992,18.69845596,14.34575295,13.02521824
10904,15.19738777,14.53746312,14.93293694,13.7831679,16.32030265,14.36962238,10.85911924
11340,15.19738777,14.53746312,14.93293694,13.7831679,16.32030265,14.36962238,10.85911924
641,16.53203709,17.61735089,12.78899216,17.96339469,15.83347488,11.38533932,7.879410965
26350,13.99688756,17.74292411,13.54301136,10.37358995,11.15281179,19.00426114,14.18651409
26772,13.99688756,17.74292411,13.54301136,10.37358995,11.15281179,19.00426114,14.18651409
15611,17.50689798,14.99779975,14.11689123,12.73782584,12.15774,13.43243719,15.05040802
16786,16.52884513,13.08507096,12.57767169,14.51194209,16.1662159,15.20458253,11.9256717
18537,18.29460417,13.26236404,10.29833567,16.15135441,18.79226137,11.33265362,11.86842673
16454,13.69803683,12.06805758,14.2467528,15.74994934,16.64299018,12.66684011,14.92737316
11075,13.93481335,18.14917326,10.62814087,9.141319597,18.23704142,17.71459514,12.19491637
11542,13.93481335,18.14917326,10.62814087,9.141319597,18.23704142,17.71459514,12.19491637
10452,14.03938064,19.34931163,16.40966906,14.68662154,10.66358808,12.69683981,12.15458924
10008,13.44932489,20.03649299,12.40275361,12.60352208,11.05697666,13.5618731,16.88905667
9167,12.63563988,19.75524338,13.05767668,14.10182539,11.11871123,12.79082773,16.54007571
9566,10.74984333,19.10702069,18.29782104,14.80535784,11.52282882,13.88829653,11.62883176
32070,17.32604026,11.88759681,9.972318281,23.97268527,19.52155024,7.58847541,9.731333731
32551,17.32604026,11.88759681,9.972318281,23.97268527,19.52155024,7.58847541,9.731333731
36516,15.51659479,16.48707045,13.25411038,14.70291999,14.63821865,16.31736022,9.083725519
38992,17.52497194,14.16820753,11.44102644,12.80136335,17.94173439,14.52046909,11.60222728
3446,19.31965672,12.44498712,12.3389352,14.97164782,19.7053545,11.7916867,9.427731927
3915,19.31965672,12.44498712,12.3389352,14.97164782,19.7053545,11.7916867,9.427731927
39466,15.90016637,15.99606523,10.06705086,13.56080113,15.15719336,16.18732269,13.13140036
6549,12.0972287,16.57521,8.715616492,11.39830778,18.82532459,17.38167662,15.00663583
6948,12.0972287,16.57521,8.715616492,11.39830778,18.82532459,17.38167662,15.00663583
33326,13.3115302,16.48249968,11.77003619,11.87094188,15.74680413,16.67274683,14.14544108
34261,13.3115302,16.48249968,11.77003619,11.87094188,15.74680413,16.67274683,14.14544108
8109,16.96863659,12.81749985,15.20411768,12.23367943,16.73967829,13.25093152,12.78545664
37918,17.19263204,12.67332477,13.56212012,12.09820841,15.94438304,14.26537924,14.26395238
15643,12.82759838,12.11436757,12.71019012,18.53913608,17.10438398,10.24649964,16.45782423
40028,11.24757371,14.37939288,13.92641242,14.00880286,17.62651796,11.93914029,16.87215987
13685,11.55042331,14.90778151,12.8602702,14.21892678,17.08008115,11.8858313,17.49668575
26857,12.76141497,14.82564209,2.340975619,35.7829765,17.94743162,2.772085482,13.56947373
35380,17.09058161,10.97289087,15.04912638,19.18031985,16.00224363,10.12507659,11.57976106
526,16.3518964,11.8293991,15.59102177,18.7028305,15.93395631,9.914582346,11.67631359
6872,19.85365053,22.49049554,6.466942257,10.33793761,12.95243373,14.84796976,13.05057057
16509,14.22203313,14.58425455,12.0770567,13.15856681,16.58710107,16.77847582,12.59251192
16057,14.45827383,14.81714242,12.23544452,13.5928209,18.55903955,14.05839817,12.27888059
21265,11.21145142,14.52073582,13.7868223,14.45547178,14.43893379,15.80339579,15.7831891
22137,11.18388981,14.6164172,14.33356918,14.34643415,14.63500933,15.66194328,15.22273706
10409,17.93268564,14.01967847,11.28119517,17.0430313,13.36492285,13.99087133,12.36761524
9527,14.5057918,14.92420203,13.72504548,11.37120474,17.04041179,15.28017176,13.15317239
37056,12.30569117,18.18002043,17.54033892,13.83863193,12.62401766,13.87397758,11.63732231
39946,17.38271497,19.92598012,10.45244048,11.91636506,11.6399074,14.01883136,14.66376063
40435,18.69983152,20.28431592,8.888400264,12.48225076,12.73584237,15.86377761,11.04558155
14322,17.80450198,15.59111624,11.18833376,12.29557641,14.89707464,11.42964678,16.79375018
14786,17.43372046,15.82738038,11.41394939,12.14320148,14.05162808,12.98043188,16.14968833
14034,23.7319525,21.54902273,2.36213631,25.54792187,15.12193087,6.091800117,5.595235603
13592,17.67016734,22.4774955,14.51224877,13.83230221,12.03859401,7.761977924,11.70721425
39459,19.3764178,10.79412983,13.1963539,14.69851928,13.5996907,12.13556425,16.19932423
21057,11.77837798,13.71312792,16.10263779,14.29255986,15.3398987,12.78787542,15.98552234
3550,14.10073628,13.86197602,11.00818451,19.11295842,19.08612502,11.76358792,11.06643182
3992,14.10073628,13.86197602,11.00818451,19.11295842,19.08612502,11.76358792,11.06643182
2980,12.54119431,14.12997726,15.32430436,11.33287252,16.18391247,14.05500476,16.43273431
39134,12.62165246,14.3259263,13.45296098,11.46053564,16.60256354,15.30319023,16.23317085
7930,23.22189883,18.28694366,9.447988651,9.248627065,13.60659277,14.13103816,12.05691086
20830,12.76141497,14.82564209,2.340975619,35.7829765,17.94743162,2.772085482,13.56947373
18307,18.91728359,18.69495377,8.765228577,15.76803524,18.51348869,11.10432146,8.236688671
18687,12.76141497,14.82564209,2.340975619,35.7829765,17.94743162,2.772085482,13.56947373
19088,12.76141497,14.82564209,2.340975619,35.7829765,17.94743162,2.772085482,13.56947373
22635,14.04601392,13.63793345,13.61953751,17.3951802,21.15452002,11.37002982,8.776785078
22456,18.79487932,19.20653587,10.51389649,15.88236133,16.73065788,9.870285313,9.001383793
21009,17.59423784,12.97869992,14.13333714,14.76585164,14.97509645,12.60671697,12.94606005
2486,14.28266468,15.76760551,13.5074015,12.2115358,12.74764902,17.37651297,14.10663052
39699,13.83437689,11.91369503,20.05577747,18.09199407,13.39203334,10.68821446,12.02390874
3722,13.80472001,11.22800969,18.5257039,19.40927208,11.8318003,10.87338901,14.32710502
4133,13.80472001,11.22800969,18.5257039,19.40927208,11.8318003,10.87338901,14.32710502
18544,16.63563584,14.74055182,9.116458844,19.48920296,16.27949005,7.893972354,15.84468812
22278,18.47071296,13.98493349,14.38859664,14.86590051,11.53421817,13.83875151,12.91688673
21703,16.80536812,16.43346648,8.446263416,8.664636802,14.45952332,20.25164249,14.93909936
41688,16.77605434,17.55332224,8.720832242,10.25499484,14.9321576,19.0133943,12.74924443
20415,16.09783118,16.10556166,11.00085667,11.42108935,15.60074497,17.25920742,12.51470875
20839,16.61670782,14.98522971,15.38580793,11.46910256,14.13542192,15.35096005,12.05677
21568,14.49610539,16.09670154,11.96915741,9.129339714,19.65365461,17.68111136,10.97392998
4004,17.56074166,14.98814981,16.89280988,10.09426218,12.58324775,16.96211101,10.91867771
22548,15.35744987,12.71036871,16.60758434,12.91065133,14.57489597,13.54256101,14.29648876
35960,18.77174335,12.29511069,12.81591446,17.92185325,17.37270722,11.09409346,9.728577565
36447,17.65831825,15.53217812,10.36442422,12.86941797,15.3543503,13.11487988,15.10643127
11252,18.36117519,13.04330592,12.41529046,14.06201318,16.11054033,11.43543931,14.57223561
10790,18.47799693,12.62141607,14.19190868,15.26250294,17.58806254,10.74167949,11.11643335
30480,14.96080302,18.4004385,10.24469447,15.65198909,15.00927798,14.02740594,11.70539101
29762,13.88144484,19.14054906,13.22306655,12.237946,11.65890409,15.63908337,14.21900609
30147,13.61941268,20.71424196,14.06048766,9.980392877,9.867744678,18.56759846,13.19012168
27522,15.33642007,12.47554641,10.87409569,18.0172856,20.90004578,10.67668075,11.7199257
13824,14.22406383,16.31340052,11.69902661,9.650254338,16.60992885,18.49895781,13.00436804
14265,14.22406383,16.31340052,11.69902661,9.650254338,16.60992885,18.49895781,13.00436804
13080,17.59622001,12.12555427,16.085931,15.19508703,16.64074125,11.63915958,10.71730685
12587,18.75361408,13.20236758,14.21394233,14.0972146,15.86314429,11.83892202,12.03079509
11679,20.6611385,13.66235584,9.797045839,17.42653149,15.31724006,11.83740041,11.29828787
33371,17.57525306,15.69127299,15.04012881,13.03588359,13.61746097,11.06586656,13.97413402
33839,18.02592886,16.68178836,14.63991861,12.52793677,12.93331753,11.22861358,13.96249628
5342,15.86996244,13.19469546,15.49815488,18.36171162,13.50580292,10.09473546,13.47493722
5800,15.86996244,13.19469546,15.49815488,18.36171162,13.50580292,10.09473546,13.47493722
16008,17.20050577,11.41753797,13.81950902,18.36724572,16.92978701,10.69852122,11.56689329
28548,10.71567982,16.13806144,16.13500406,15.9030033,13.33924365,12.68733504,15.0816727
28162,12.19864119,14.17183664,2.237739442,36.64362479,19.12725557,2.649837517,12.97106486
30555,13.84036547,22.64574167,7.621537466,16.68400801,7.441205868,15.07834139,16.68880013
29870,12.65328003,14.70001574,2.321139162,35.93976158,18.18271587,2.74859598,13.45449164
10579,14.70267484,12.65524128,18.65426806,15.06527521,14.07112983,10.43761694,14.41379385
761,19.41542319,17.25226889,8.859635598,11.33751746,13.55358367,17.07329776,12.50827343
362,19.13000602,15.92662176,11.27177393,11.88726593,14.04290096,15.47479707,12.26663433
35195,18.8514084,15.51244605,9.609372944,11.41244976,13.43545201,15.75913642,15.41973441
35686,17.41450271,17.00287119,11.57304228,13.16568371,12.29297637,14.07931786,14.47160588
27534,15.26274433,12.85008605,15.46524941,13.74597859,19.7462988,11.32726167,11.60238115
9805,16.21923851,11.17464436,19.39204351,14.9684459,13.48774742,12.54409279,12.21378752
9372,17.19747132,17.35070717,12.40012519,13.56535101,12.95104467,16.3011402,10.23416044
38906,11.81827958,17.51558595,12.23334977,12.28857037,13.36703541,14.51758001,18.25959891
8206,13.04384811,14.94037865,12.12363619,16.79755368,14.19942103,14.61517902,14.27998332
38016,13.83447378,14.53771838,13.96255441,16.33377161,13.0816988,14.4964787,13.75330432
38486,15.64887547,15.39806708,12.63405565,16.42798372,10.76108015,16.1341405,12.99579743
8638,13.80902666,14.4967332,10.76825416,16.79312978,18.09350003,14.07989075,11.95946542
11854,16.7053968,14.03977849,14.90465207,11.87867596,17.14878609,12.44610586,12.87660472
12224,16.7053968,14.03977849,14.90465207,11.87867596,17.14878609,12.44610586,12.87660472
16610,20.82916774,20.6570192,9.417967227,13.56885017,14.0226203,9.135841685,12.36853368
26060,12.41211317,14.1566833,13.28200224,17.21118355,14.0580274,13.80966962,15.07032072
26508,12.41211317,14.1566833,13.28200224,17.21118355,14.0580274,13.80966962,15.07032072
28955,12.19972223,15.10616315,13.37959102,13.14708109,16.98683318,13.86270759,15.31790174
28104,11.9603881,13.89504485,2.194033892,37.03759785,19.59712659,2.598083231,12.71772548
32254,17.51925097,11.38375776,12.34121027,16.47837583,18.97913626,14.47557864,8.822690281
32724,17.51925097,11.38375776,12.34121027,16.47837583,18.97913626,14.47557864,8.822690281
23949,16.84346928,13.80311102,11.17539809,13.36128392,15.84677403,16.70072661,12.26923704
23010,15.74132326,13.86305651,11.81594174,13.93761014,15.97073653,16.90617375,11.76515806
8795,18.14105849,17.2724152,10.48346708,10.6956073,15.19113755,15.11330344,13.10301094
12406,13.67236885,14.52045563,13.29443448,13.79058835,13.94283718,15.77741937,15.00189613
18956,17.14768125,15.44122355,11.30409821,13.34397985,11.27063618,15.61956004,15.87282091
11039,14.70532934,14.88102417,11.5919657,15.36535756,18.19550159,14.40452272,10.85629892
36233,14.70532934,14.88102417,11.5919657,15.36535756,18.19550159,14.40452272,10.85629892
19605,17.38419856,15.32793441,11.54304469,15.01250562,13.04614661,12.16576584,15.52040428
5225,14.26109909,20.28127379,12.45884266,12.55068995,11.28964729,16.97165202,12.1867952
38399,18.55874305,12.57426825,12.90269557,17.88872807,17.44148709,10.83147498,9.802603007
13078,15.6729235,13.69553597,15.22877964,12.75065513,16.09424551,14.47114858,12.08671167
7723,14.26049049,15.33606256,13.88962263,12.5647389,14.92580431,17.07104885,11.95223226
6810,15.01233818,16.20427872,8.902632285,22.01536106,17.40286976,10.73797256,9.724547434
23200,13.20400253,11.81699823,13.40684528,18.38928478,21.60557483,11.40911536,10.16817899
22705,12.65614489,10.05857568,7.808430268,21.5528001,23.2200859,10.17185499,14.53210817
23664,12.96965058,10.61453968,9.928844111,19.52385507,22.13356962,10.47431232,14.35522861
24129,15.98948353,13.91261163,11.72338559,16.3479962,16.15194587,13.22960332,12.64497387
36468,14.04631394,15.0408545,12.09423517,14.39645645,16.7849622,15.42240382,12.21477393
10814,12.79364221,15.40802277,14.32727197,13.33798162,14.75458391,14.49251967,14.88597785
11262,13.0047,20.32322204,13.59706412,11.93453593,12.44158737,16.05101131,12.64787922
35980,14.11748441,13.2649366,14.76576601,13.90509638,18.33923644,12.67420226,12.9332779
37311,16.66824874,12.0128975,17.06748834,16.82014789,16.97263364,9.271967003,11.18661689
7538,15.10852824,13.90939231,13.01384148,12.09515223,15.8216379,16.38606028,13.66538755
5300,14.62240268,12.66693349,18.00138276,17.10425758,15.96775002,9.45782981,12.17944367
5763,13.57893817,12.56848968,18.06675369,11.64763304,13.53830715,14.06867604,16.53120224
16984,17.07461117,13.16105922,14.78598122,17.43494154,12.59181604,13.51239965,11.43919116
17395,17.07461117,13.16105922,14.78598122,17.43494154,12.59181604,13.51239965,11.43919116
40098,17.20512114,16.91159015,10.0460537,11.62977822,14.8826513,16.76282765,12.56197783
33089,15.04791214,19.66266441,18.78486455,11.24393398,13.58920195,13.14816235,8.523260597
34007,15.23146615,18.57439103,16.24489289,11.8101855,12.59552443,13.47442456,12.06911543
5847,14.77778399,13.59044828,10.17159763,12.70067582,16.84177718,15.36262028,16.55509682
37392,16.45319869,15.76135684,8.742144305,11.90427034,16.94552824,17.28584317,12.90765841
36886,15.8123918,15.17598,10.79870373,12.97385419,16.8026659,15.43817572,12.99822866
5395,11.59364016,13.46897346,2.126757027,37.67199298,20.29246471,2.51841678,12.32775488
17763,17.62187695,14.90212676,12.36917835,14.69594848,12.07478923,12.85079835,15.48528188
16896,16.64780346,15.18264644,11.5380707,14.55478617,12.81332146,14.01505445,15.24831731
16296,16.90624345,15.15982442,9.210815752,14.04951955,13.60465038,15.05005607,16.01889037
16699,16.90624345,15.15982442,9.210815752,14.04951955,13.60465038,15.05005607,16.01889037
40285,20.18174874,12.59228842,7.224859034,19.47354764,14.14883944,9.568519752,16.81019697
19313,12.51775004,16.10678709,11.86515365,11.83852741,12.03156262,16.93330793,18.70691127
18591,12.64682362,14.82841604,10.2313166,13.65688776,16.12337119,14.96878925,17.54439553
25339,14.09518629,14.76982917,11.97577823,12.84315412,14.91006775,17.00507454,14.4009099
19019,14.29338843,14.69486642,9.801060863,15.61120338,18.76446137,14.19951284,12.63550669
24598,14.18180117,13.50546758,14.94682572,11.88356578,12.94714317,16.45473991,16.08045667
15921,15.86475492,14.00476908,12.26832821,15.71032878,14.15953493,13.26531413,14.72696995
16128,17.64182713,14.10156732,13.63288819,14.41188535,12.91088079,14.1911447,13.10980653
18208,16.50832093,13.16567501,11.98444857,18.75187304,16.94747985,11.77635598,10.86584662
35983,18.6891771,16.86876825,7.796360012,8.770559393,17.85014326,17.19957926,12.82541272
39801,23.00137473,16.38603115,7.616608905,13.03524903,16.2670959,12.83120001,10.86244027
36466,13.38171957,16.41495253,6.856325473,16.22875329,16.32317764,15.45054787,15.34452363
5912,13.27550261,12.44903078,17.50923514,16.18564428,12.7875808,11.41413531,16.37887108
5468,11.83918228,13.75423334,2.17179969,37.24375638,19.83042905,2.571754419,12.58884485
32870,15.79985746,12.68217215,16.12880562,16.00048036,15.66013468,11.96354453,11.7650052
32453,15.71667028,12.70018231,16.36295094,15.88845715,15.57150049,12.00048606,11.75975277
5245,17.44020306,13.49783788,13.91939701,11.35101517,11.99805354,16.92539175,14.86810159
26010,12.54278339,14.57164568,2.300869471,36.10444201,18.41866769,2.724593458,13.3369983
29062,16.14582339,13.83942478,14.40265223,12.61913086,17.02463698,14.3163946,11.65193715
29493,19.75163726,15.63702616,14.0181519,14.25765338,13.69650928,11.97046885,10.66855317
34561,12.51091941,23.0415341,17.29940377,10.1878582,11.78816452,17.06473797,8.10738204
4365,14.26568092,14.97307443,15.90405449,11.82758416,14.03767254,14.61060614,14.38132732
3482,14.0845091,15.99355481,16.18117311,12.8119456,13.92725382,13.3436428,13.65792076
3934,14.19260553,20.28366599,14.99142181,14.05421926,16.20419863,11.55749736,8.716391431
4843,17.07695567,19.34535805,12.98717175,13.58855335,12.78536458,11.52827927,12.68831733
12327,12.76141497,14.82564209,2.340975619,35.7829765,17.94743162,2.772085482,13.56947373
4331,14.55342232,12.96851726,17.03981425,10.3557508,16.14590505,13.8469018,15.08968852
31632,13.28295061,14.15960365,12.92429984,11.79798747,15.68569085,17.41310081,14.73636676
31154,13.28295061,14.15960365,12.92429984,11.79798747,15.68569085,17.41310081,14.73636676
39474,14.07571282,11.04622711,17.49047663,12.60018615,14.95663399,13.55355471,16.2772086
3447,14.15905629,12.3169591,16.21828347,11.18878861,16.48462926,13.58885444,16.04342883
29782,14.92088379,22.88232364,12.45230461,15.09407189,12.22372711,12.36943125,10.05725771
30495,14.92088379,22.88232364,12.45230461,15.09407189,12.22372711,12.36943125,10.05725771
6086,15.18018437,21.87862889,14.34049351,12.53925932,12.04681775,14.93054582,9.084070337
5681,11.71686227,13.61212741,2.1493611,37.45539704,20.06228911,2.545183579,12.45877948
37676,12.76141497,14.82564209,2.340975619,35.7829765,17.94743162,2.772085482,13.56947373
5974,18.07163468,18.65378215,10.63230186,10.35994457,13.46356377,16.20152567,12.61724731
37535,13.93728765,19.68303006,14.46391913,12.19100028,12.56403578,14.13811293,13.02261417
37035,18.96606994,19.60075701,8.180181455,10.40472174,15.15865756,15.94545059,11.7441617
5548,15.46949667,18.61128427,12.94557643,12.64999062,11.51802881,15.30461871,13.50100449
8862,17.2331814,14.19734308,12.85939187,14.87530642,17.09775823,12.55085915,11.18615987
10179,17.80869769,12.46567153,13.71370494,12.94476911,18.29732952,12.24326688,12.52656034
9709,16.80130154,13.29978791,15.60148847,13.21763864,16.56298571,12.0442815,12.47251623
9291,16.24475677,16.78637065,12.67124432,11.04132995,16.38438413,14.69458183,12.17733236
6002,20.48881062,12.70737775,11.67681318,14.878226,11.35784845,14.12056428,14.77035974
5583,17.84628131,12.78548742,13.7319494,15.01413712,13.68201533,12.81389359,14.12623585
2060,14.06820723,13.46034734,14.4001322,14.97451824,15.53092666,14.40978233,13.15608601
2153,12.99965499,13.55401616,13.8499589,9.847362846,16.20621943,17.06486103,16.47792664
26340,18.19187703,13.69026632,14.12430377,11.70222547,14.04812319,15.2082446,13.03495961
26752,18.19187703,13.69026632,14.12430377,11.70222547,14.04812319,15.2082446,13.03495961
30466,11.17138419,13.83158765,12.80204446,16.77858065,16.33937728,12.75898317,16.3180426
27505,16.90237903,14.34031164,12.72017214,15.06059903,11.78608466,15.62186572,13.56858778
29737,12.76141497,14.82564209,2.340975619,35.7829765,17.94743162,2.772085482,13.56947373
17274,17.66095151,13.21815645,14.6216123,13.44023149,15.22411377,12.56136913,13.27356534
17639,17.4334722,13.14389549,15.82276492,11.1994995,14.85140468,12.64594436,14.90301885
8184,16.92935551,15.1100104,12.56420576,12.27529549,14.17254577,16.4113006,12.53728647
11178,20.69672379,12.92628564,10.24621634,16.23576764,10.72170221,12.73368924,16.43961514
39356,13.23487419,17.29729441,10.99231632,17.5633234,14.14576565,12.3168082,14.44961783
10596,17.18575561,16.68174364,11.11677158,8.58551077,14.66152719,18.52215554,13.24653567
32042,15.02752843,15.78607214,12.45013367,12.985575,15.62442312,15.83485799,12.29140964
8996,13.28077715,13.56133236,15.39578441,16.17104073,17.88905095,11.326041,12.3759734
9851,14.72979442,11.78725385,14.44560283,14.84355635,20.9883156,11.97674954,11.2287274
9411,13.57523064,14.05682866,15.25450075,16.12617088,14.60168281,12.6472201,13.73836616
10310,16.05131297,11.49927951,9.302244571,18.20159297,18.22623975,11.5330862,15.18624403
9972,19.65501235,15.11455171,8.206855274,12.47222622,15.13820715,13.38636777,16.02677952
9136,19.08711849,14.4244557,10.10698012,11.97294872,14.778793,14.05727204,15.57243192
40138,17.59048836,14.28933339,9.94825636,12.06556471,12.74394265,21.18637993,12.17603458
38218,15.17418013,17.25144592,11.93667995,10.29427939,10.91369096,17.8282453,16.60147834
30400,20.5776161,11.21335844,12.1880833,11.03172185,16.79484742,15.79860684,12.39576605
37115,15.91170423,12.78986193,13.94855406,15.87706648,14.47419028,13.54338523,13.4552378
10699,20.21825129,12.40259509,11.72653223,18.54881534,11.72578465,11.45935864,13.91866276
35882,18.54694995,12.83565182,12.37728932,18.28280369,12.79917696,11.2967947,13.86133357
4553,16.66921695,19.06517914,9.988016736,11.54006158,13.70177183,17.58312868,11.45262508
14607,10.80157197,16.12451993,12.01655386,15.7348921,17.00527805,11.9144345,16.40274959
15899,10.70266318,13.91032119,15.71817219,14.37447532,15.22256911,13.27712697,16.79467204
15407,11.94417019,16.02642788,16.23540908,16.56747109,15.06660845,12.73878225,11.42113107
14963,10.28163026,17.01157075,12.74531602,13.19941605,15.39463131,13.56489775,17.80253786
8935,12.73290566,15.36706309,11.45081099,13.29793498,14.2224724,15.85211603,17.07669686
9363,12.71473229,18.48912788,10.41159498,13.24498741,16.87551486,14.61193436,13.65210823
9786,12.94910355,15.10303605,11.6130011,13.28279313,14.08217742,15.51573568,17.45415307
16360,14.16322228,14.17127963,15.24623439,14.48259944,15.61426542,10.95305722,15.36934162
16752,14.16322228,14.17127963,15.24623439,14.48259944,15.61426542,10.95305722,15.36934162
36352,12.36223962,15.26037138,13.7460511,14.3995634,16.55743377,14.91480425,12.75953647
24507,16.25096525,14.14662208,13.05008358,13.91420136,12.89985869,15.04470271,14.69356634
34717,20.27315625,15.95004785,11.09449938,10.21890074,10.43372656,18.31102477,13.71864445
31047,18.91665471,10.59881778,16.7478302,17.57124707,15.79844475,9.947662852,10.41934264
31528,18.91665471,10.59881778,16.7478302,17.57124707,15.79844475,9.947662852,10.41934264
2737,20.34043538,13.47082966,10.96574202,20.10503367,12.77554437,11.36951377,10.97290113
39358,21.58223095,13.70044795,10.49859965,23.58025847,15.83367093,7.143772215,7.661019836
38872,20.61457896,13.0730405,8.934358435,21.09422069,14.24074568,11.06015369,10.98290205
38236,13.91179137,17.42371153,12.69055347,10.43116221,13.25500636,17.92516221,14.36261285
38712,13.46662742,16.66014474,11.05947487,14.47750578,17.38565002,13.90403519,13.04656197
38,17.41283255,10.18888759,16.33146558,17.53675218,13.06058827,11.07841503,14.3910588
34841,16.70501555,10.51061803,15.6666414,18.10932626,15.0701304,10.01042734,13.92784103
24250,12.18733301,14.18476847,12.49047285,13.29007635,18.99456108,13.07076,15.78202825
11436,12.76141497,14.82564209,2.340975619,35.7829765,17.94743162,2.772085482,13.56947373
19608,14.71613795,19.27364856,15.36814238,10.8470009,11.83916951,17.08104994,10.87485076
18987,14.43390635,18.61298005,12.92775548,10.50509361,13.63732193,18.08645239,11.79649019
19282,14.81773256,17.73375299,10.19339667,10.43880425,14.22368008,19.33204223,13.26059122
29443,18.80767076,12.99504444,10.42011835,13.53090748,15.56448683,13.55643126,15.12534086
18428,12.76141497,14.82564209,2.340975619,35.7829765,17.94743162,2.772085482,13.56947373
39622,11.45743764,13.57931203,7.51011517,17.42786545,15.63367459,15.20478999,19.18680512
39149,13.06173409,16.09221033,12.76050644,13.16674906,17.82332701,12.49184415,14.60362892
28693,14.30327731,22.09014684,9.348885589,13.03011438,19.20804471,14.36318231,7.656348869
29114,13.93231858,19.91454509,17.59675387,12.65254142,12.91828584,13.42417853,9.56137667
28261,11.71686227,13.61212741,2.1493611,37.45539704,20.06228911,2.545183579,12.45877948
24540,12.4545159,18.27656521,9.437367448,16.36122389,15.94386548,10.23486679,17.29159527
30727,15.62203648,11.11523663,17.56147798,15.35023917,12.82515762,13.42462673,14.10122539
36616,17.35483195,20.88724635,4.795530359,11.84901018,15.00127382,16.66312905,13.44897829
38171,12.87905408,20.14022859,15.42361789,12.77394016,10.83207143,17.15618215,10.7949057
8332,12.61378933,20.99306312,14.05497078,11.9930587,11.75992365,17.07502932,11.5101651
38639,10.22370433,23.35407229,19.48252662,13.70646654,11.22687312,15.04200812,6.964348979
8753,13.49116057,21.10115137,15.00703203,10.15720814,12.87414103,15.27525398,12.09405288
19898,23.4809923,10.97401828,8.544834157,10.33896218,17.19303299,15.66281768,13.8053424
5853,12.12669707,12.98549727,15.65875005,25.45563076,16.92502696,5.065515322,11.78288257
36910,13.77970841,14.01657503,17.43863274,20.74528636,16.41372633,5.816327806,11.78974333
37410,12.94766542,14.18961491,17.22645704,19.2887157,14.9455216,7.556132033,13.8458933
5399,13.23270425,13.89056604,18.23064278,20.99560988,15.91426562,6.286923673,11.44928776
29804,12.19864119,14.17183664,2.237739442,36.64362479,19.12725557,2.649837517,12.97106486
16857,15.48319646,9.699066541,14.42865965,15.1555079,12.74817927,14.32364154,18.16174864
30906,15.14262383,18.87555459,12.47218486,13.17841854,13.70976906,15.11468123,11.50676789
30544,13.07086562,22.3007182,11.98245996,13.62857469,10.88709169,15.44665507,12.68363478
18528,20.60218987,12.19915084,12.82074172,11.5499061,12.41465312,14.06591879,16.34743955
36684,13.73363921,19.07504115,14.54012178,12.80253766,14.33200183,13.07879057,12.43786779
16290,14.07382455,19.68305897,9.079611887,9.894351952,14.13305457,20.4837141,12.65238397
6345,14.67489502,13.50147759,9.883306323,16.15386736,17.35575213,13.95408165,14.47661992
6772,14.67489502,13.50147759,9.883306323,16.15386736,17.35575213,13.95408165,14.47661992
40545,23.18126744,20.29889687,5.419237461,12.51706889,12.29335827,18.00255516,8.2876159
40064,16.2220982,12.94271722,17.35115755,13.34045787,12.91866723,16.01157157,11.21333036
13744,16.49231199,13.00234567,17.80551493,13.34716124,12.35830451,16.73082934,10.26353232
27896,13.0978938,13.22711752,16.30648555,12.17051106,11.60048517,14.78181324,18.81569365
28325,13.0978938,13.22711752,16.30648555,12.17051106,11.60048517,14.78181324,18.81569365
19055,13.97533142,11.85988196,12.66522612,17.33866857,19.92742363,8.178126199,16.05534209
19350,13.56422499,13.65832618,15.57136031,19.7212558,18.23519768,7.973488953,11.27614608
18645,13.49274708,12.82214004,13.77273984,18.20304883,19.68035015,7.483420086,14.54555397
17275,16.15137131,18.76903435,12.5886979,15.22717273,14.49240065,11.52105573,11.25026731
18130,16.23633643,16.2797871,13.00016642,16.30566108,14.98802988,10.5172185,12.67280059
17640,17.20052167,21.52355494,11.12267643,16.72929752,14.62681336,10.95573446,7.841401617
29700,17.17212064,16.32023615,13.64912372,10.48202187,13.09455037,15.53612649,13.74582076
30426,17.17212064,16.32023615,13.64912372,10.48202187,13.09455037,15.53612649,13.74582076
30790,17.72750402,19.27306488,12.75158075,10.13957731,13.4931093,15.96250509,10.65265866
27035,14.60518226,15.25490843,13.82153722,10.33898265,14.5451694,15.98997549,15.44424454
26118,12.08027388,14.03432279,2.216025942,36.83740688,19.36264274,2.624125297,12.84520247
18051,12.76141497,14.82564209,2.340975619,35.7829765,17.94743162,2.772085482,13.56947373
16815,21.42720077,15.22936412,13.68671702,13.94263207,14.75549946,10.60960522,10.34898133
16399,21.07493461,13.93399101,8.453217732,18.45181273,15.9360933,10.7004184,11.44953221
25654,13.76414824,14.80228361,9.236799566,16.93399922,14.92502244,16.63328265,13.70446427
24965,12.54278339,14.57164568,2.300869471,36.10444201,18.41866769,2.724593458,13.3369983
19271,15.03014575,13.94721206,16.27082533,10.92303211,12.93207399,14.8402688,16.05644196
10531,14.5562607,17.04458519,11.18014113,9.97740179,16.32152363,18.07978988,12.84029768
9228,14.05094579,15.75577854,13.26808391,11.93056005,17.25378207,16.24228311,11.49856653
9636,14.05094579,15.75577854,13.26808391,11.93056005,17.25378207,16.24228311,11.49856653
7485,12.49893548,19.91360555,13.17220932,10.76817739,13.89881544,18.74194061,11.00631621
2310,15.00037288,13.58838245,17.05254873,13.46830011,13.88019469,14.82456954,12.1856316
1148,12.25455944,17.47371939,17.07253937,10.70311804,13.08246229,15.6634584,13.75014306
1553,12.61108075,16.752749,17.23606917,10.87585963,12.90155502,15.29212712,14.33055932
37151,17.77196081,19.5343125,10.34771965,18.84107065,15.39690116,6.566235089,11.54180014
16455,12.26600287,14.09724251,13.54132404,13.94000328,14.99175179,15.22421659,15.93945892
16866,13.11700001,13.91532842,13.77330166,14.61611544,15.13538444,14.39598214,15.04688789
19913,16.53575177,17.03931066,7.211897249,22.27868017,11.26381756,8.868014389,16.80252821
19599,20.49117181,18.04792524,7.770649207,13.79772483,17.2842931,11.58609049,11.02214531
16795,22.27356035,12.05916103,9.514608827,19.11092918,17.45582111,10.04247173,9.543447777
16387,22.02147728,12.17570597,10.15622416,18.29393168,16.80222061,10.47444171,10.07599859
29975,20.95245044,12.55156913,9.32546443,22.91352745,15.56801675,8.464752661,10.22421914
30664,20.95245044,12.55156913,9.32546443,22.91352745,15.56801675,8.464752661,10.22421914
18969,12.76141497,14.82564209,2.340975619,35.7829765,17.94743162,2.772085482,13.56947373
38659,12.44602755,13.35761707,14.43218967,15.74211576,16.61637475,14.80917777,12.59649743
13738,18.56684612,12.72394103,12.41796141,9.520231651,15.23383316,17.99709072,13.54009591
14153,18.56684612,12.72394103,12.41796141,9.520231651,15.23383316,17.99709072,13.54009591
24581,10.83265181,14.42348127,18.63128736,15.57317026,11.33189888,15.14440089,14.06310954
13217,15.36835237,16.7539483,11.23121468,11.63004497,11.64889973,16.57161781,16.79592213
2545,11.88352398,16.16187532,12.48491994,13.56381506,16.32986141,14.39975078,15.17625352
2111,10.96447204,14.13310197,15.51373395,15.12647986,16.63292055,10.83752703,16.79176459
33558,11.03476992,14.9505798,12.36358325,12.83046197,16.39517397,13.28298971,19.14244138
34297,17.03717876,13.42107415,14.6884035,15.08378684,12.62182438,11.47679415,15.67093822
33354,17.30432431,13.39682875,14.89620907,15.99367635,11.95884526,10.97662704,15.47348923
24235,12.12456125,14.36311327,15.78059728,12.58296788,14.89807094,15.13507384,15.11561554
39099,12.81602623,21.16434117,17.48978435,10.72333061,13.33022005,15.15946645,9.316831142
2955,12.26010103,23.40990122,14.99099315,11.01714706,14.36497405,15.37753717,8.57934631
18494,10.80762903,14.64539864,13.26058599,19.80520072,13.62358293,10.90864548,16.94895722
5871,14.63015079,17.63427786,16.61746456,13.1242648,14.43282088,11.46602437,12.09499673
36921,15.46554107,18.72014102,12.63942132,17.07969833,15.05683486,10.45676115,10.58160224
37413,14.4756923,16.11006526,13.80501665,16.75322157,18.35037241,8.992606089,11.51302571
5416,14.13765201,16.74890365,15.20038041,15.63596446,16.00981525,9.899520336,12.36776389
15347,14.10633403,18.41914365,18.23511067,13.30189262,13.66570929,12.8466811,9.425128652
1477,14.02046869,17.12066041,18.61661885,15.33581061,10.96788213,12.20644281,11.73211651
16171,15.72059329,18.15512812,12.83320236,12.7893688,12.2273952,14.62545593,13.64885629
4856,15.43564022,19.59910372,14.33272749,9.538848488,13.24681956,15.64881839,12.19804214
5549,14.77832228,16.82322025,14.73617966,12.7413792,13.86422474,15.32935257,11.7273213
5990,14.77832228,16.82322025,14.73617966,12.7413792,13.86422474,15.32935257,11.7273213
36056,12.65115305,14.86763648,11.40669163,17.68767214,14.63191829,12.47066403,16.28426438
12945,15.25530163,12.02461299,10.7366344,19.07874169,16.75869568,10.74685252,15.39916109
17242,17.85374634,13.81152425,11.47000909,14.44375668,21.49593102,12.79906482,8.125967803
17594,18.38404219,13.127246,12.14604165,14.39529856,21.40330971,11.8630313,8.681030581
18491,18.67373774,14.18861183,11.91799565,10.21272305,15.26702764,16.63178438,13.10811972
32170,14.20312008,12.96305435,18.79861353,17.09154844,14.61340834,11.22646902,11.10378623
32654,14.20312008,12.96305435,18.79861353,17.09154844,14.61340834,11.22646902,11.10378623
2499,15.28133877,14.38456149,16.39981595,12.72578393,11.88714769,17.15277919,12.16857297
32969,12.40714349,14.05564896,12.70063463,13.08665424,15.75308236,15.17820618,16.81863015
1186,13.10318146,15.83579009,12.97166519,10.94916465,17.13489308,18.18097171,11.82433381
1596,13.10318146,15.83579009,12.97166519,10.94916465,17.13489308,18.18097171,11.82433381
33898,12.45620484,13.88023036,15.13948532,11.03835919,15.89640303,15.67811833,15.91119894
23597,20.01047486,13.81803773,9.174455055,11.88859347,19.85016487,14.31996654,10.93830747
19010,15.59142292,17.68100457,12.6233592,12.20151477,13.58121632,14.0857516,14.23573061
19297,15.59142292,17.68100457,12.6233592,12.20151477,13.58121632,14.0857516,14.23573061
28664,14.01481584,17.20925542,10.89710181,17.87864154,20.95994035,10.48231373,8.557931323
29105,12.54278339,14.57164568,2.300869471,36.10444201,18.41866769,2.724593458,13.3369983
29508,12.76141497,14.82564209,2.340975619,35.7829765,17.94743162,2.772085482,13.56947373
6066,16.43290259,14.48755262,16.39063463,9.75654896,16.76555922,14.11505237,12.05174961
37658,14.10091761,14.54001473,16.35678432,11.51683834,15.89304695,15.42021706,12.17218099
5657,15.12228611,14.34169199,16.58307709,11.37046573,16.16822884,14.3339293,12.08032093
25785,14.78186862,14.15772922,13.36296201,12.21593164,14.34965575,15.25542152,15.87643125
19410,16.73558294,15.91724116,12.64235562,10.58374833,15.48340294,16.55074534,12.08692367
18706,17.48167392,15.8799867,12.65916274,10.627597,13.8659841,17.36356934,12.12202622
19735,17.48114992,15.20913848,9.956817737,14.57753746,15.40533592,10.94918959,16.42083089
19102,16.32565773,14.17805366,16.33873738,13.62595687,10.74577068,18.72323847,10.0625852
23180,10.65391707,14.96701213,14.6903597,15.59869891,15.49057344,11.06667633,17.53276243
24117,11.05264713,12.20832244,8.042270533,24.56891165,23.03286747,8.396278504,12.69870227
23641,11.62507478,11.81042019,14.44129136,20.27453912,19.84232045,7.135373355,14.87098073
22681,10.99448115,12.0666194,15.61534791,20.84612827,17.2217417,8.300045757,14.9556358
12324,12.76141497,14.82564209,2.340975619,35.7829765,17.94743162,2.772085482,13.56947373
28069,16.499568,11.66397283,16.95266956,14.34115355,13.83816675,13.2247569,13.4797124
28464,16.499568,11.66397283,16.95266956,14.34115355,13.83816675,13.2247569,13.4797124
29329,17.49080997,9.762630466,14.33372736,20.1252254,15.55548385,9.611772737,13.12035021
30318,11.83515553,13.59771047,15.50852321,15.70686265,15.2749558,11.88406772,16.19272462
29586,11.76704723,14.15846364,17.41910926,16.02631772,15.36640765,13.16124876,12.10140575
36947,14.62351332,17.38457918,12.93327099,11.80437437,14.07239257,15.52695317,13.6549164
30007,12.01506829,14.46445878,18.57483924,16.71625326,14.3271604,12.96928498,10.93293504
21658,17.91149148,14.59820324,11.4487029,16.84995436,19.87596153,9.182400473,10.13328602
29409,18.32876902,11.60086611,12.51949112,19.67780585,17.56556256,9.03230011,11.27520523
25057,12.65328003,14.70001574,2.321139162,35.93976158,18.18271587,2.74859598,13.45449164
15629,14.84382705,13.0814654,18.56369327,16.21465116,16.08468933,8.295665334,12.91600845
6423,13.6932015,15.48326228,10.95882815,16.79985696,16.83612161,12.69484746,13.53388205
6845,13.6932015,15.48326228,10.95882815,16.79985696,16.83612161,12.69484746,13.53388205
14347,14.99963638,13.37253893,15.93108286,19.36787656,17.42904966,7.520630478,11.37918513
15149,14.39086642,13.74674655,19.25419873,15.30198552,15.76949779,8.535557969,13.00114702
27152,20.36553773,13.10414082,16.09415816,15.08687023,15.64609973,9.984870847,9.718322499
30844,13.41757645,14.3508485,9.851209173,14.6892826,13.77320821,16.07371427,17.84416079
5569,14.84115953,18.14568545,12.8419192,10.49222762,14.09675951,14.66308038,14.9191683
7574,15.78021361,18.39066729,14.69717015,17.05549025,13.38318831,9.763987242,10.92928315
5997,14.86132132,13.62045928,13.14313246,10.42702254,14.66093863,14.58149201,18.70563375
37559,14.11639717,20.9040099,14.98807455,11.62928011,15.72509501,13.76962758,8.867515686
37864,21.48464149,17.9102936,7.348733044,11.76365978,12.34755843,16.12039233,13.02472133
8053,18.78778284,14.82589451,11.07896741,14.33980497,16.86224336,13.27505881,10.83024811
8506,18.88740519,14.82922314,10.84022762,14.37447246,16.8192786,13.66657936,10.58281362
38361,20.68691876,14.99199264,11.25765524,15.34536945,14.57787839,10.06475981,13.07542572
18182,15.08938771,18.18715829,19.19050594,15.30580255,10.92703896,9.642207583,11.65789897
18401,21.22339953,14.52001671,12.58782464,14.41932787,11.30061808,13.08602486,12.86278832
17961,19.0257578,18.45244366,5.43829158,21.27878807,16.56003581,9.986913391,9.257769682
13095,12.05347041,12.49631956,19.06383559,11.47312462,14.8244866,13.50888005,16.57988318
19415,14.5430153,15.18436966,11.05076819,8.991831798,17.79479996,18.36310215,14.07211294
17102,10.84770255,12.60237645,1.989920965,39.04171629,21.62731837,2.356381234,11.53458415
18705,12.54278339,14.57164568,2.300869471,36.10444201,18.41866769,2.724593458,13.3369983
14374,14.01465681,16.64472749,12.95173524,13.09505762,13.15009627,13.7837615,16.35996507
15169,14.37289221,16.77669215,15.62118961,12.82205523,13.7431254,13.35252377,13.31152163
40119,9.974849012,15.85970658,12.95871713,13.80039207,14.07846679,13.80780653,19.52006189
13785,10.64976281,16.87267869,12.78397326,11.89591251,13.48591068,15.31582257,18.99593947
40624,9.87585501,15.90859799,14.54864825,14.07270563,15.28029279,14.47216533,15.84173501
14197,12.57064526,14.96390647,12.40853708,13.95612402,17.3615186,14.49236925,14.24689931
6217,19.57792188,14.87213669,13.62728106,17.36121254,11.93927656,11.37538887,11.24678239
6657,19.57792188,14.87213669,13.62728106,17.36121254,11.93927656,11.37538887,11.24678239
31015,13.890597,18.64918778,13.35190177,18.5584782,13.06005067,10.59003419,11.8997504
19964,13.28347285,13.04404827,11.98898873,17.58831864,15.18944258,12.68920451,16.21652443
24647,14.65896847,18.8644898,16.51040594,11.73926909,14.51869417,14.27849507,9.429677456
25073,14.65896847,18.8644898,16.51040594,11.73926909,14.51869417,14.27849507,9.429677456
25737,18.30862805,18.10438071,15.21507353,17.7474993,15.90761192,7.897837731,6.818968757
30014,16.61773898,14.31731619,10.5434208,13.82000046,19.89397954,14.26726958,10.54027445
29595,16.90835557,13.89601006,10.76484244,14.36881418,19.2489356,14.25757383,10.55546833
30692,16.5372927,13.71500818,11.95807076,16.27401206,15.47012386,12.53559739,13.50989506
30326,17.18580736,13.31587406,11.0212477,14.87023781,16.68538752,14.02381893,12.89762662
7638,18.03421923,12.07886875,12.63910027,16.87653143,15.87276904,11.4738295,13.02468177
30243,12.76141497,14.82564209,2.340975619,35.7829765,17.94743162,2.772085482,13.56947373
29904,12.76141497,14.82564209,2.340975619,35.7829765,17.94743162,2.772085482,13.56947373
18369,11.69972065,13.68182788,15.7738504,12.90800635,15.00332307,15.90733546,15.0259362
17939,15.55565558,14.89598992,13.68146989,12.83336095,13.4353484,15.02991699,14.56825826
17068,12.19864119,14.17183664,2.237739442,36.64362479,19.12725557,2.649837517,12.97106486
1600,13.74072484,13.72164697,17.08747039,12.26842066,14.20357945,15.35811936,13.62003833
39898,16.91570547,15.02531271,9.15539671,11.37568411,14.75417729,15.0396599,17.73406381
19690,20.38473261,15.16304003,13.00149459,11.2796392,13.30791668,14.6756047,12.18757219
12792,16.30922834,12.80187394,16.85851122,13.33037305,13.52470846,13.65052249,13.52478251
13271,17.46263303,12.70250725,14.7011976,13.94285673,14.76182411,12.86534868,13.56363259
11883,15.74749852,11.79636344,16.91164639,14.70977459,14.38410494,12.93177689,13.51883524
12246,14.7320099,11.56626306,19.75083988,14.79109357,13.72410842,12.66718095,12.76850421
33833,17.83792008,22.3527388,15.49471026,13.56675257,11.9478548,10.09963278,8.700390692
34783,17.87944744,19.22000743,9.03850169,12.42982588,14.60296046,15.93995643,10.88930067
15458,21.19420339,18.73721827,2.763541943,10.152512,18.45954218,18.27818946,10.41479275
11784,14.73043954,14.12531811,13.09094498,11.43466148,14.51654994,14.97836676,17.12371919
19018,11.99822431,14.72995815,15.74611757,14.44894679,13.9118707,13.89994181,15.26494068
18590,12.00373797,15.02763614,16.69915049,15.5678098,15.89134347,13.00757923,11.8027429
19648,13.01832425,15.48727244,14.11532176,14.60296085,14.28224047,14.93294313,13.56093709
19311,12.16758995,15.2303237,16.33118717,16.46100701,15.24081074,12.60452143,11.96456
34715,15.71308917,20.82848508,11.56816899,12.83402417,14.54085395,15.96262828,8.552750358
11449,12.76141497,14.82564209,2.340975619,35.7829765,17.94743162,2.772085482,13.56947373
16181,12.49268369,14.64578154,15.01408535,15.13099636,16.82438139,13.07166046,12.82041121
16600,13.30878195,14.45950977,15.69709226,12.77066587,16.01950232,13.47782141,14.26662643
14839,17.75151436,11.55044768,12.07631693,18.47365028,16.80247743,10.95041573,12.39517759
6989,16.92715912,16.90907067,11.70909872,10.5981816,18.6465878,14.02529986,11.18460223
30880,16.8942659,13.92082086,13.72184149,10.81003624,14.50663825,16.82525826,13.321139
18673,17.94229556,13.78498471,10.46252986,12.53160274,15.10881983,14.15665775,16.01310954
19081,17.94229556,13.78498471,10.46252986,12.53160274,15.10881983,14.15665775,16.01310954
19711,18.73795866,13.42531538,12.35144013,16.29932401,15.21121084,9.905540702,14.06921028
23994,16.52943742,13.32189211,12.58882745,10.92332806,15.44498354,15.92418343,15.26734799
23058,15.68975077,14.04126417,11.98248989,10.5651393,14.69869536,16.82989257,16.19276794
38245,17.15403483,14.8130275,15.94487444,13.24965074,17.45652744,14.10473407,7.277150994
25948,13.2054613,22.0380196,13.76062078,13.47495613,15.56627926,13.68109608,8.273566842
25580,11.69282213,18.77151292,17.85512822,13.88717038,12.75791674,12.79827089,12.23717871
25246,13.79084778,19.93852157,13.8371888,10.50567199,13.73258869,16.48098511,11.71419607
24896,12.12521876,19.00823524,17.2067879,13.6828235,13.288718,13.05223963,11.63597697
38224,13.94102007,16.05093649,15.25188504,11.41691019,10.7751457,17.20999184,15.35411067
8786,16.94587439,22.05890553,11.70878809,10.49998252,13.63878922,16.57359652,8.574063721
34089,11.42219582,18.25151667,16.46099257,14.20370106,13.93846645,11.57117446,14.15195297
28122,16.08518545,13.67252412,13.31116184,13.47785106,16.35069816,13.20366934,13.89891002
28528,16.08518545,13.67252412,13.31116184,13.47785106,16.35069816,13.20366934,13.89891002
29387,20.54732,16.11618661,15.50783001,9.821954615,11.20761049,14.75200375,12.04709453
13859,16.99210937,17.7170174,8.091158623,17.56973409,13.31816855,14.46903235,11.84277962
15420,13.49364843,14.80960239,13.04872221,14.58102839,13.70267496,16.06884646,14.29547715
40201,15.83786662,19.26794954,10.53901011,14.80675092,12.21074173,14.51288733,12.82479375
14293,20.75751201,14.198535,9.641854338,15.57794655,15.10157415,14.74015701,9.982420939
40669,17.02483021,15.13226221,11.87291675,15.19507926,10.79965925,15.66442693,14.31082538
15904,17.78577355,13.01372993,6.503522661,18.10476401,16.56941538,14.67905703,13.34373745
14639,14.58550801,14.83803753,12.62820287,12.85691591,14.45868527,14.85169147,15.78095895
28055,14.46133986,15.04545748,18.12474158,12.53014616,10.32440475,16.74245398,12.77145619
28462,14.46133986,15.04545748,18.12474158,12.53014616,10.32440475,16.74245398,12.77145619
11459,12.76141497,14.82564209,2.340975619,35.7829765,17.94743162,2.772085482,13.56947373
17675,16.52552343,16.67351444,9.907045984,14.13573848,7.720602693,16.59268862,18.44488636
24986,16.21447212,16.06521264,11.7520496,11.62613944,14.77768162,16.77821702,12.78622756
25686,16.21447212,16.06521264,11.7520496,11.62613944,14.77768162,16.77821702,12.78622756
23790,13.24775796,15.05516418,10.80743378,10.20429185,14.63557559,18.17586666,17.87390997
22840,12.63241633,14.94394096,13.55824867,9.979136085,14.82366507,17.1516893,16.91090359
6079,17.64043668,20.17096262,9.708489357,9.030137199,12.72170954,17.29749615,13.43076845
37659,12.76141497,14.82564209,2.340975619,35.7829765,17.94743162,2.772085482,13.56947373
22605,17.31067205,16.29282351,15.77659882,16.10173415,11.67494014,12.73829584,10.10493548
27668,14.13196239,15.74393829,12.63862146,13.56246422,13.62531815,15.43597469,14.86172081
27240,15.34750819,16.48367245,14.67850929,12.03906485,12.24051585,15.50069241,13.71003696
21637,21.47310002,19.98493081,8.40731721,10.0332628,13.81326387,14.95748728,11.33063802
22183,19.71483725,23.4942029,5.273946339,14.64906402,21.23817437,9.323059092,6.30671604
33227,18.19081925,12.24176853,13.70157199,15.23413482,15.32136372,13.55321073,11.75713095
34134,16.66688409,12.08844452,16.22705732,14.20505995,15.37230818,12.8552518,12.58499414
23352,12.9285356,15.0135228,15.74817426,13.1755993,13.64613455,16.2661034,13.2219301
23824,15.72307886,18.94863382,12.01640492,13.8739759,17.11653088,9.694967683,12.62640794
22876,14.24320024,17.75880541,12.88581316,13.68395602,15.05721389,13.47368323,12.89732804
7432,18.65284301,14.77629708,12.34869646,12.36488998,19.16753886,12.71264457,9.977090031
37165,19.26168808,11.74990715,10.60095967,14.84952763,15.68133164,12.14161884,15.71496698
7214,17.64701826,15.26933099,10.11570032,13.14416994,16.23179438,15.26619757,12.32578853
6749,15.55521024,14.45129652,12.69926852,13.3931042,15.72765101,14.96818287,13.20528663
6329,15.96120715,14.1483349,14.56623294,12.86500269,15.76311214,14.43468148,12.26142869
10204,13.04881387,15.7444792,11.18293871,11.01124765,18.00962583,16.51788812,14.48500662
9320,14.48531718,14.65929562,13.36832909,13.64693689,16.63033104,13.29960578,13.9101844
9733,12.86291389,15.38397231,12.8696842,10.9650063,16.37429304,15.1706091,16.37352116
8887,12.68570015,15.24216794,12.30415954,11.41258775,16.33432037,15.12204643,16.89901781
28161,14.34152209,21.2156793,15.93518019,12.10062474,12.84332294,14.35349836,9.210172392
28554,14.34152209,21.2156793,15.93518019,12.10062474,12.84332294,14.35349836,9.210172392
7499,12.76141497,14.82564209,2.340975619,35.7829765,17.94743162,2.772085482,13.56947373
30975,14.05558035,15.87041799,8.379486529,10.17976126,15.0173291,22.34034101,14.15708376
23739,13.82927944,14.51295483,15.83464598,11.4072478,15.95648686,16.37177926,12.08760584
36549,18.046462,19.55424578,11.92669678,11.80609982,12.90215231,11.97966656,13.78467676
8281,17.17403172,19.09566682,12.92332814,12.52169072,13.61655981,14.20221675,10.46650605
38112,17.17403172,19.09566682,12.92332814,12.52169072,13.61655981,14.20221675,10.46650605
22785,13.83572609,14.17228262,16.14740113,11.35627449,16.59747642,15.54848844,12.34235082
13182,16.74133147,18.41619147,11.77074425,10.29871824,14.3957675,15.62623658,12.75101049
16951,17.53038653,20.01831346,12.22476547,17.77025692,17.34277811,11.6835599,3.429939604
17826,17.53038653,20.01831346,12.22476547,17.77025692,17.34277811,11.6835599,3.429939604
8120,14.04084728,17.77455761,15.73956223,11.51894476,12.844968,16.99457485,11.08654526
11240,16.74755398,17.27751456,10.68719486,12.18402913,14.41235458,15.49469086,13.19666204
10776,16.55805665,17.33141517,10.73831294,12.24741362,14.46757554,15.45516719,13.20205889
38420,15.81843851,16.24998842,14.44291909,13.75354994,14.60172451,12.86848814,12.26489138
37931,14.35267426,18.89043383,13.85912805,12.5083812,13.84177202,15.7012656,10.84634505
1690,13.95767577,21.5553931,13.99663475,11.11659277,10.21224571,18.26832147,10.89313643
1918,17.11970524,14.98510336,11.45309474,10.63629705,15.54744028,17.44670766,12.81165167
1046,15.13669572,14.05476209,14.84694857,10.6738646,17.07599748,16.12222493,12.08950661
2349,13.97919541,12.60260117,16.27527535,14.57802953,14.19709184,12.19697158,16.17083512
1460,13.73468055,15.76406562,15.88539129,10.05265193,17.65898974,14.918191,11.98602987
34718,16.24713827,12.70993138,12.86917137,11.54803694,13.97965273,15.5299271,17.1161422
28912,16.78456498,12.58328027,13.09744153,17.3108706,16.03130423,10.96468672,13.22785168
28045,16.10793924,12.6800721,14.69168802,15.48712444,15.54189929,12.77733575,12.71394116
28468,16.10793924,12.6800721,14.69168802,15.48712444,15.54189929,12.77733575,12.71394116
9950,16.02347236,15.29376653,12.00709973,13.45589867,15.44508842,16.40360495,11.37106935
10389,18.7718856,14.38922465,15.48316519,14.84497793,13.40895627,13.18314986,9.918640503
30283,20.29285874,14.99091275,6.489669414,12.86573717,19.87220963,14.02535942,11.46325288
29996,20.9059191,15.03413911,6.353827542,12.78297803,19.23571252,14.01012564,11.67729806
30650,23.43500936,21.54073244,14.26792129,11.03992526,15.01839155,10.41604529,4.281974807
1068,13.96738771,15.13214457,13.77077139,9.128948584,15.80068227,19.58837233,12.61169314
40851,12.48706096,14.87787214,16.4013787,12.38252982,14.01422708,14.93243494,14.90449636
1935,13.32899338,16.54902791,10.03313558,10.18547667,17.3180831,19.86190893,12.72337444
1476,16.44972708,13.79935388,13.05313445,8.793403556,16.07781931,17.73880822,14.08775351
6929,14.56418385,17.35299415,5.218450576,15.32224739,16.44675333,9.215335055,21.88003565
11694,17.15712219,14.24037881,11.78832401,8.331037192,15.94727642,17.34716697,15.18869442
12610,17.15712219,14.24037881,11.78832401,8.331037192,15.94727642,17.34716697,15.18869442
16266,12.85565873,14.64903147,14.80104158,15.02781552,12.4405887,16.92722276,13.29864124
29515,13.34276176,22.96285954,14.77403717,13.82248632,14.5358016,12.02429245,8.537761146
24553,14.56713883,16.15082323,11.23680227,11.73450842,16.35231584,17.7923359,12.16607552
13020,16.6074782,14.81894443,12.62291011,16.64990321,11.54873289,12.83966095,14.91237021
37604,12.59508957,15.14271137,16.12725641,12.82535545,13.02427291,16.19759723,14.08771706
37105,12.03324587,15.39563204,15.91745913,9.833017919,15.8920328,16.9813686,13.94724363
5972,13.46369908,18.18715058,13.91004687,13.63058566,12.76215371,14.25631743,13.79004667
37549,13.39583271,15.11044566,16.42228846,12.17052141,12.25448865,16.56834283,14.07808028
7562,15.48967379,13.19667066,11.61312404,17.11492288,18.29764263,13.09547489,11.19249111
5543,13.17704061,15.95813001,14.7257504,13.61209187,13.24843439,15.37803749,13.90051522
19179,12.71278361,20.17773327,8.229181799,8.664618127,14.60194782,20.18054679,15.43318858
19812,13.88248334,19.27586098,9.465069653,13.18099423,14.46061065,15.57621513,14.15876602
18820,12.19864119,14.17183664,2.237739442,36.64362479,19.12725557,2.649837517,12.97106486
16989,15.95738391,16.45384584,8.206723795,9.389265917,14.37764837,18.1673326,17.44779957
17398,15.95738391,16.45384584,8.206723795,9.389265917,14.37764837,18.1673326,17.44779957
7837,12.42415097,18.99318454,16.92704865,13.53190552,13.62100642,12.59639482,11.90630909
26630,17.33940913,17.42296332,8.851168035,11.52323872,14.25464877,15.07704651,15.53152552
27088,17.44758621,12.99787594,13.68449411,13.17999633,15.65536313,14.19157513,12.84310914
26173,12.31530021,14.30736588,2.25913957,36.45664669,18.89125822,2.675178654,13.09511078
26836,12.65328003,14.70001574,2.321139162,35.93976158,18.18271587,2.74859598,13.45449164
19232,16.08575738,18.39164588,10.42112918,9.819742099,12.78362085,19.09556595,13.40253867
18898,12.43007078,14.44070121,2.280193279,36.27681976,18.65495672,2.700109576,13.21714868
1899,12.50748856,14.55178573,16.11194082,11.65646406,15.01497763,16.20628166,13.95106155
1009,13.57079468,14.61177511,15.8526423,11.66495657,14.0501172,16.14178615,14.10792799
30037,14.24969082,13.89681519,15.09727322,12.92169631,16.63669937,13.51795682,13.67986828
29620,14.24969082,13.89681519,15.09727322,12.92169631,16.63669937,13.51795682,13.67986828
26978,12.51283448,15.4780361,13.37301529,13.35762459,18.12319802,14.08164648,13.07364504
31004,14.18570325,17.50636322,13.33132065,12.13204489,16.1514001,15.30124,11.39192789
30660,18.89535311,13.72694985,12.4958055,10.54884056,16.88127114,15.68983979,11.76194004
29951,12.65328003,14.70001574,2.321139162,35.93976158,18.18271587,2.74859598,13.45449164
29054,12.70169537,18.89634935,18.6492596,12.06737281,11.51209686,14.52116925,11.65205677
35324,19.18181231,12.00685522,10.85138662,18.19506745,17.14380612,9.587160501,13.03391177
9635,15.66458696,15.40909402,14.49323122,11.3708605,14.91770184,14.86630848,13.27821698
21670,14.31222006,14.5293944,8.42178071,9.733976178,14.13948808,20.50741209,18.35572848
8025,15.29848141,15.96112536,8.519311621,12.70430926,20.30807602,15.74026295,11.46843338
8482,13.67050896,15.20549518,8.954682135,16.24285989,18.9628394,16.47069973,10.4929147
37842,14.54919252,15.4210338,11.3610583,11.27680011,16.49451784,17.85689481,13.04050262
7097,22.01509093,15.00833383,9.700116318,15.17194752,12.83586946,11.31954118,13.94910076
15716,13.36867978,14.87751174,13.72120052,11.29298654,16.20188257,16.4188151,14.11892375
15249,14.88088328,17.40358286,11.37847361,13.68919968,15.22192166,13.98611642,13.43982249
40172,19.35721932,15.60448253,9.995761555,8.87685935,14.56530081,19.79008942,11.81028702
2177,17.32779566,17.16864543,10.05812828,14.94993145,13.6857704,14.4899594,12.31976938
37368,16.65461582,14.95044873,15.4820107,10.86262909,14.23375071,16.75566643,11.06087852
10929,15.41094488,13.64105552,11.29941314,20.39008171,12.06143207,11.87655028,15.32052239
12981,16.03744885,12.33818289,12.81282803,14.84052825,17.57895859,13.70045176,12.69160163
29019,20.22123455,18.54655884,11.01819786,10.5941033,10.33214745,17.00689956,12.28085843
29421,17.87048217,18.24607689,15.55469327,12.44869971,11.65018106,13.09263233,11.13723457
28564,25.07199526,20.443909,1.94760653,7.570046185,13.24427933,18.22292225,13.49924145
28167,12.65328003,14.70001574,2.321139162,35.93976158,18.18271587,2.74859598,13.45449164
9474,15.35599426,13.51264844,15.95565205,11.31764405,12.99532861,16.7014,14.1613326
40486,13.89722189,15.79602492,15.00195328,10.85288567,13.07913401,17.73555102,13.6372292
13645,13.55121004,14.65501853,13.11984288,12.90220484,16.56034238,13.2549739,15.95640744
39993,12.57712192,13.68648176,13.79166059,12.413836,17.18772485,13.09142796,17.25174691
19345,17.43439179,13.79835863,11.69177512,13.33715486,14.09665601,14.63667507,15.00498851
19673,16.89613215,14.34520099,10.90738602,16.18872618,12.69649728,14.15220817,14.8138492
18625,11.59364016,13.46897346,2.126757027,37.67199298,20.29246471,2.51841678,12.32775488
10765,14.64621833,12.99649953,13.64020673,14.26331436,17.47981717,12.5549706,14.41897328
38421,17.28353858,16.32391755,9.596398985,11.94915162,15.78430973,15.73148968,13.33119385
35935,15.12124048,12.76430722,13.79481105,13.86610842,17.40445352,13.14423944,13.90483986
11232,13.87982373,18.54976558,9.150366042,15.4460443,13.72483278,18.7097987,10.53936886
19613,16.36746476,12.87372382,15.0424413,8.378807364,14.54073964,18.52169302,14.27513009
18951,12.31530021,14.30736588,2.25913957,36.45664669,18.89125822,2.675178654,13.09511078
15180,15.92623611,12.25713949,13.80855431,12.8253865,15.70878689,12.76595599,16.70794071
14375,16.37085155,13.53705872,11.02861715,11.91417421,15.99630371,13.65842213,17.49457253
29076,12.76141497,14.82564209,2.340975619,35.7829765,17.94743162,2.772085482,13.56947373
29077,12.76141497,14.82564209,2.340975619,35.7829765,17.94743162,2.772085482,13.56947373
27300,15.2612711,15.04869892,15.25324889,12.037115,14.78767852,15.56518032,12.04680725
26404,12.54278339,14.57164568,2.300869471,36.10444201,18.41866769,2.724593458,13.3369983
17413,15.43453888,11.52919013,13.55602917,17.58070484,16.16696317,11.55595047,14.17662334
18319,13.04225004,17.20917812,11.88021248,12.87362647,14.53759752,14.58461484,15.87252053
40459,17.60920377,13.66577412,13.96719857,16.94616178,10.86727591,14.40193294,12.54245291
39960,17.3635166,13.4687261,15.21000521,14.54146601,12.82743536,15.27297437,11.31587635
35874,14.50312321,14.71006546,12.84893771,19.49757539,13.5398368,10.6492519,14.25120954
40687,14.72411847,13.7824768,17.74337701,10.39417824,14.45756912,15.79045472,13.10782564
14648,13.75688941,12.62643885,17.09504917,13.55569825,14.14237036,13.02968859,15.79386536
15472,14.23780636,13.16514449,16.33537136,13.74898838,14.92081315,13.59128209,14.00059416
1243,12.06441749,18.94612217,14.55392596,11.44163451,13.29852181,16.82461008,12.870768
1661,13.44708101,17.14832301,15.48422912,12.41438861,12.47218793,15.04783251,13.98595781
2129,12.65795704,20.91668928,16.33033653,10.85362058,12.94880396,14.65320234,11.63939027
34536,13.89695071,17.93546398,14.81293484,12.38766168,14.6543023,13.45686503,12.85582146
16401,18.72541344,13.79795662,15.60703051,11.77033507,14.09414559,14.27932919,11.72578959
12880,15.78387099,16.32353712,10.66110599,8.868059842,12.88548908,19.01222281,16.46571417
11995,15.79407147,16.8355831,11.78003891,9.807292081,14.93396441,18.00356637,12.84548366
36762,12.38764991,15.18494972,14.68300727,12.95125559,13.24535014,18.37609051,13.17169686
17297,17.42787264,13.54499618,15.01769906,12.42660407,11.35584806,14.31921063,15.90776936
17666,17.42787264,13.54499618,15.01769906,12.42660407,11.35584806,14.31921063,15.90776936
4413,15.0721495,13.40273777,14.21883764,11.69725073,17.45437438,15.39258511,12.76206487
6199,12.21449249,14.13543934,14.55496634,15.08784856,17.21143488,11.23457392,15.56124447
6646,12.21449249,14.13543934,14.55496634,15.08784856,17.21143488,11.23457392,15.56124447
3534,15.15188604,13.54599727,14.59533835,10.06355406,16.36248867,16.72109653,13.55963908
4891,15.62365211,17.31150159,15.10994721,9.25384391,13.3191223,17.84793353,11.53399935
2994,11.9047321,18.01407549,12.1571728,11.51962429,16.04668634,15.91284013,14.44486885
3359,11.9047321,18.01407549,12.1571728,11.51962429,16.04668634,15.91284013,14.44486885
14643,18.63267336,11.61915967,13.59025228,15.98329312,16.01319846,11.58844217,12.57298095
15514,18.39059331,12.71030926,12.41803089,14.76379936,15.7284494,12.19224349,13.79657429
41249,13.1729841,12.32775849,12.3625315,18.1407159,14.02292116,14.51728758,15.45580127
40751,15.17746191,11.94017364,11.22587297,18.57575494,21.41958787,10.0965615,11.56458717
8527,13.13275506,14.51868496,11.60869834,15.32030709,16.88051533,16.28685254,12.25218669
20013,14.3651881,11.77825441,11.31305321,19.29755444,13.91328636,13.3031582,16.02950528
34741,13.67731993,16.39781289,15.02705855,12.66942284,14.44237128,15.71545819,12.07055632
34241,15.46364822,18.46178317,17.85603599,14.33091081,15.0768186,8.955514774,9.855288442
13259,14.64684113,19.49242092,12.75759214,16.37237499,12.58003416,10.85761282,13.29312384
12783,13.04909875,21.33705374,17.16274733,15.2188816,12.40747475,10.3781686,10.44657524
11885,14.39023892,22.39821573,13.31542883,13.78358571,14.19941404,12.58207857,9.331038203
12248,14.62845964,22.3424358,12.65851218,10.59900776,13.86125227,15.95905298,9.951279378
36802,21.00144184,17.31901451,4.088343979,15.79577985,17.75011278,13.52176333,10.52354371
5281,19.51507559,14.46512085,8.367572624,18.68068851,14.35974468,9.950061475,14.66173628
10640,14.69297262,13.47009076,12.53969125,16.37545099,16.80690965,11.96701154,14.1478732
35831,14.34835066,13.67991626,12.23311504,15.89534012,16.94412769,12.58785475,14.31129548
22771,12.22594081,15.48720791,13.93570428,12.03280764,16.79161116,16.82973443,12.69699376
23716,11.88837446,15.26067576,15.990286,12.13527379,16.36028907,15.64188251,12.72321841
24176,12.00664364,14.93814018,14.49935163,11.63931027,13.27771926,16.78205747,16.85677754
23260,12.9511223,16.32340163,12.50526896,10.93577085,16.67586025,17.57550293,13.03307308
26023,23.64441856,11.05642583,5.390555508,15.05137093,18.67924926,13.37548289,12.80249703
36780,19.87269943,14.37950372,11.30119106,15.77808732,15.03712815,10.99035439,12.64103593
7944,14.22251454,12.70394734,14.06792749,15.41767183,18.56810903,12.42519035,12.59463942
37762,15.55808345,13.01754623,13.94573975,14.05192478,16.85385594,13.16228093,13.41056891
8403,15.32035866,12.64431931,10.82679087,19.43482757,20.96485791,11.2471146,9.561731071
12336,12.65328003,14.70001574,2.321139162,35.93976158,18.18271587,2.74859598,13.45449164
30219,19.18966681,13.69061504,9.701428216,14.66320735,14.43619819,12.1343175,16.18456691
29887,19.18966681,13.69061504,9.701428216,14.66320735,14.43619819,12.1343175,16.18456691
28867,13.54682668,15.00969885,14.00215323,12.89051061,18.94076169,13.98693864,11.6231103
29302,13.05380101,16.62378535,11.93804288,13.66916358,16.49574261,15.4982297,12.72123487
28005,14.36933384,13.75516713,13.19056786,14.11173788,17.03094835,14.83930629,12.70293866
28422,14.36933384,13.75516713,13.19056786,14.11173788,17.03094835,14.83930629,12.70293866
29085,12.76141497,14.82564209,2.340975619,35.7829765,17.94743162,2.772085482,13.56947373
31018,25.75388219,17.30135916,1.757873622,9.904380929,17.95943671,15.87418645,11.44888093
13439,17.93718689,13.34075774,9.715222365,18.36997864,16.36307295,14.42270449,9.851076917
40283,13.36684095,12.99256663,8.806774142,19.66181533,18.77463416,12.12215984,14.27520895
39776,17.01989993,14.62482927,6.708115793,20.68624773,18.36675066,11.6649852,10.92917141
32023,12.82136735,15.06506401,14.17410286,11.65953227,15.09566714,15.27282601,15.91144037
32519,12.82136735,15.06506401,14.17410286,11.65953227,15.09566714,15.27282601,15.91144037
19596,18.84334739,14.31627218,12.10724976,15.00000993,13.91611467,13.60941834,12.20758773
2761,11.49934999,14.24146011,18.81450817,15.30390639,14.83988318,11.0672001,14.23369207
3435,13.52852561,14.39812206,11.96118654,18.75376007,19.23756975,8.575678561,13.54515741
3903,13.52852561,14.39812206,11.96118654,18.75376007,19.23756975,8.575678561,13.54515741
4793,15.26311482,13.27829814,15.45314906,13.18520268,18.01488351,10.66326461,14.14208719
38898,12.03389004,14.21986539,17.06999377,14.66982246,15.87358246,11.5928152,14.54003067
40137,14.98970871,25.73447477,14.92010227,7.936095918,12.79890641,16.50373533,7.116976601
40643,14.17421732,17.14743649,11.90161819,9.808886613,14.79947944,18.03251515,14.13584681
13633,11.83568271,17.83042792,17.18903687,13.19905142,10.61219304,12.6575826,16.67602543
28635,12.76141497,14.82564209,2.340975619,35.7829765,17.94743162,2.772085482,13.56947373
34250,14.72164052,13.08567103,11.55000545,14.32781425,17.9087709,15.51771041,12.88838743
2603,12.31388073,19.28425658,14.19327045,13.31790143,13.34047117,15.2890647,12.26115493
18445,12.43070043,18.68699754,10.41162951,13.69396984,14.38106758,18.38885459,12.00678051
7738,19.22824179,18.29885396,6.292077959,13.45829708,16.04216892,13.45523548,13.2251248
27947,16.17705924,15.76584284,12.7025219,12.3274863,15.50874719,17.21243695,10.30590558
28367,16.17705924,15.76584284,12.7025219,12.3274863,15.50874719,17.21243695,10.30590558
25247,14.33198519,16.52054445,11.28720142,11.1345367,15.46770596,16.82019557,14.4378307
25956,14.9330415,18.66001386,18.05919592,11.73919269,14.30213782,13.24727422,9.059143982
24899,13.32660579,15.31649591,14.45835686,11.05952423,15.34796898,16.60207844,13.88896979
25586,14.12348505,16.74239812,12.99994331,10.86891126,14.67668545,17.64306414,12.94551266
33541,15.92191614,14.01074768,8.416134155,13.99143784,23.61004975,11.97987406,12.06984039
34453,13.37708671,16.73585951,10.11587268,13.31087355,15.0117015,15.23822009,16.21038596
29547,12.76141497,14.82564209,2.340975619,35.7829765,17.94743162,2.772085482,13.56947373
7866,17.44586649,15.57636915,12.18393045,11.61037538,12.59724941,15.49621139,15.08999774
29293,16.52252973,11.01425189,12.95486829,20.33410024,22.78036168,2.246666173,14.147222
27989,15.8703155,9.689815458,14.0190467,26.11980903,21.24518668,2.218419702,10.83740694
28397,15.8703155,9.689815458,14.0190467,26.11980903,21.24518668,2.218419702,10.83740694
28852,17.57598596,10.33798256,14.51923337,21.84839656,20.48714935,3.225243272,12.00600893
24556,13.08162618,18.88716267,14.17294359,13.36604973,14.63203497,14.88531657,10.97486628
13240,15.35898633,18.14473563,15.14160085,13.87460836,12.13134898,14.2735974,11.07512245
9564,14.01218344,19.5038901,15.66614197,9.304830524,13.15926743,17.71191575,10.64177078
10431,15.78107283,20.11690198,16.58438568,11.36202367,12.49853189,9.816781326,13.84030262
3693,11.40788497,13.70815721,20.98727124,15.1935048,15.13095702,14.04226244,9.529962324
4109,11.36576411,15.71548685,20.29806779,13.3864729,16.62136433,13.90413526,8.708708776
10836,17.66332587,14.10997667,13.14373029,11.76990286,12.00833582,15.54244939,15.7622791
36006,19.60293084,14.31342627,8.068627464,15.97533749,16.31449104,12.49676112,13.22842578
36492,17.84390015,14.94119766,12.66722481,13.60546406,15.18940567,12.62523879,13.12756886
10585,19.21128156,17.731326,14.2391037,18.79631299,10.890902,9.198021393,9.933052359
4639,16.93719779,16.01553259,15.41755644,13.7188206,13.23139736,13.27697744,11.40251777
21024,19.27482457,12.75030315,15.14047199,13.49397767,15.48103533,11.16571027,12.69367702
21415,19.27482457,12.75030315,15.14047199,13.49397767,15.48103533,11.16571027,12.69367702
4897,13.272249,12.23115681,16.45803921,11.97910012,13.78682974,15.44719985,16.82542526
39601,17.4232491,11.53558362,11.87959713,15.02701463,13.01159974,14.05583083,17.06712495
20881,12.76141497,14.82564209,2.340975619,35.7829765,17.94743162,2.772085482,13.56947373
39153,18.06545756,14.16784696,12.60459876,13.44503842,14.25717315,13.95207595,13.50780919
4907,17.40821296,14.4913948,9.790999836,12.71706867,15.7704561,14.9202806,14.90158702
22900,17.2964624,12.0058116,11.27872286,14.8704076,17.53555495,14.36803953,12.64500106
23861,17.2964624,12.0058116,11.27872286,14.8704076,17.53555495,14.36803953,12.64500106
10643,14.25572428,12.13879333,17.68551464,22.90840531,16.67823535,5.729520644,10.60380645
11133,16.80693112,11.98275392,8.639279598,33.33182367,18.45308295,2.666231771,8.11989697
4379,16.7934434,16.63916397,10.3732281,9.493402121,13.48076774,19.52584788,13.6941468
39567,14.62179658,14.99319509,11.30818759,9.514185436,14.40326062,17.99977934,17.15959534
3337,15.01058803,14.58868831,11.8288381,10.3133612,12.85724432,20.48713814,14.9141419
19987,16.95605918,15.54216752,10.01403077,16.68391216,20.18657117,13.63479905,6.982460156
41218,18.09734595,16.57196093,7.435380047,14.50915435,22.00391097,13.11047379,8.271773956
17327,12.76141497,14.82564209,2.340975619,35.7829765,17.94743162,2.772085482,13.56947373
39183,15.81229269,18.29121684,12.77709344,10.83890692,12.74969082,16.11255772,13.41824156
20100,11.68760568,15.82556495,14.12461419,12.71537113,17.15111727,15.23662583,13.25910097
20560,11.68760568,15.82556495,14.12461419,12.71537113,17.15111727,15.23662583,13.25910097
3459,13.46241949,15.98516511,14.6757836,12.00630152,15.41243236,14.60362276,13.85427516
4353,13.46241949,15.98516511,14.6757836,12.00630152,15.41243236,14.60362276,13.85427516
3625,13.63181234,13.97374775,14.63452824,12.80734961,14.91786871,15.41848126,14.61621209
4506,13.86116575,14.29047775,15.29502732,13.40816061,15.49984655,14.6752875,12.97003453
4046,15.93041085,14.90554511,14.29517434,11.73211967,15.40844478,15.36621186,12.36209339
41037,15.41293236,16.26079426,10.38233145,10.06654237,13.71515961,20.90900513,13.25323482
20314,13.91558259,14.70098915,10.54986209,11.50196187,12.34651736,18.86805434,18.1170326
41543,13.78454168,14.28959011,14.13547591,11.81546908,11.48753728,17.74169079,16.74569515
21032,13.47329436,13.31464801,15.50518412,13.1842168,12.21415684,13.09117011,19.21732977
21427,13.47329436,13.31464801,15.50518412,13.1842168,12.21415684,13.09117011,19.21732977
16436,18.32846814,13.56290158,19.05057563,11.2962554,13.24142467,14.10508432,10.41529026
16848,18.32846814,13.56290158,19.05057563,11.2962554,13.24142467,14.10508432,10.41529026
1133,14.84028964,12.56920121,13.27205882,13.75700728,14.03688839,14.01068054,17.51387413
1540,15.75753404,11.8801438,13.21605524,13.93777831,14.47971823,12.61385563,18.11491476
22558,20.52664062,15.16805134,6.992987502,17.0619051,17.05817824,11.80126168,11.39097552
5125,18.55212813,16.0279747,8.855910166,13.56207318,14.92546928,14.32636983,13.75007471
41525,15.85071705,16.22734214,15.05192152,11.62706396,14.78998778,14.84181232,11.61115523
20313,16.16790223,16.58853141,14.46878367,12.67328354,14.4780392,13.95034098,11.67311898
40949,15.42057841,23.01631482,12.76345636,13.06917249,14.3465017,11.96083786,9.423138351
34870,18.43243668,12.70109224,12.50841592,16.41313205,14.3517074,11.96380657,13.62940913
35347,16.1988997,14.98270964,13.48879758,10.38292454,14.75647496,17.81937274,12.37082084
39263,15.65063109,14.71357554,9.630270968,13.57886824,12.88627537,17.62700175,15.91337704
18183,16.67505793,17.39248847,13.37423492,16.48574233,14.05356068,10.98510225,11.03381343
17211,17.0795676,18.50489434,13.89306695,15.09556255,12.90496298,11.17596521,11.34598037
31081,14.45192404,11.56722853,15.46051214,18.2841922,15.21869221,11.60008801,13.41736286
31560,14.45192404,11.56722853,15.46051214,18.2841922,15.21869221,11.60008801,13.41736286
7448,16.58496487,27.4370081,7.644727578,8.461973671,20.2297958,15.81774041,3.823789577
20324,23.46722224,14.95628355,8.883877731,14.61854423,16.06995838,11.5229291,10.48118476
20746,23.46722224,14.95628355,8.883877731,14.61854423,16.06995838,11.5229291,10.48118476
22141,15.31149924,17.28388081,14.81208116,10.37280436,12.43339694,16.60478092,13.18155658
21941,16.62201195,13.39935547,13.60849749,14.068281,16.68234767,13.0116913,12.60781512
21040,16.34534976,13.78318307,13.4076761,13.66863842,17.15961513,12.32987076,13.30566676
22344,17.5262911,15.01755751,9.24780365,16.54067685,14.57143682,12.91179741,14.18443666
21648,21.61174617,22.59378206,6.669425155,7.833053708,12.10568311,20.97925303,8.207056768
41668,18.22668141,13.61763615,11.50754512,10.94225845,13.62951677,17.73547132,14.34089079
32376,14.87437418,12.34624407,11.93911708,13.19724373,13.08273336,17.6145853,16.94570229
2937,15.01478187,16.30241183,12.3141894,8.999966719,14.51850541,18.13324536,14.71689941
3316,15.01478187,16.30241183,12.3141894,8.999966719,14.51850541,18.13324536,14.71689941
3464,16.4029765,14.935157,12.89132766,13.66623056,14.89739821,13.52847793,13.67843214
4347,17.58789007,15.11506101,12.0485422,14.04479957,15.43609024,13.49408245,12.27353447
4830,14.75915035,14.36208059,13.16380234,13.16471785,14.64458158,14.58846956,15.31719773
21336,19.70011461,15.99472238,13.76005836,12.81544985,13.93966429,12.49018156,11.29980896
22197,20.17594251,14.38727552,15.40451114,13.77301701,14.58944366,10.49700941,11.17280075
41664,15.84387812,13.38534429,13.26458094,11.87396171,13.48445161,17.41892177,14.72886157
21690,13.32307737,15.77961945,9.547287231,10.21068276,17.37622356,19.33978231,14.42332732
5139,14.23035404,12.9109346,14.34146736,9.733316834,15.13478518,16.94238703,16.70675496
41530,18.45992772,16.25000043,12.5850804,11.08942557,13.52312336,16.2681696,11.82427292
21699,19.79862045,15.2457858,6.587324718,11.49510476,14.8894924,16.9926573,14.99101458
20212,11.41384572,15.3667899,11.52549103,13.1141097,13.7215923,17.38921858,17.46895277
20669,13.11217206,14.32303396,11.92533384,10.76078007,16.00951769,16.8109039,17.05825848
40994,19.5915263,13.57348859,16.43460094,15.07448853,10.83683075,15.39597496,9.093089937
2640,12.0828782,13.1318643,17.32702693,14.4072715,15.75196058,13.26841493,14.03058355
39266,13.27517533,13.84839373,13.93045963,15.94616854,15.80526204,13.81666082,13.37787992
3081,12.66875785,15.05762768,15.83988512,13.27914949,16.81416919,13.804047,12.53636368
38770,11.69262183,12.90135774,16.04561139,13.89064919,15.21166832,13.10533861,17.15275293
24156,17.25450663,19.26152824,5.465830818,19.21094727,14.55663324,9.553787935,14.69676587
21808,13.83084443,16.14346003,12.82339818,9.676346517,11.08311464,18.48637181,17.9564644
41669,18.98222815,19.56717454,6.130756205,10.38723935,16.55850313,14.32016647,14.05393216
34607,16.35295021,11.62930628,16.48195336,13.0064273,17.54714922,13.29979745,11.68241618
22186,18.90327775,19.68554992,10.48629959,10.72072846,14.15431525,16.55664923,9.493179811
11192,14.06956654,14.64396928,11.70116728,14.76497241,15.57764642,13.62130181,15.62137627
36398,13.94440744,17.0307863,13.28776061,12.57939738,16.1060813,14.97382715,12.07773982
35897,14.07504093,15.14905284,11.8459886,13.15514108,17.1073293,15.33266791,13.33477935
10711,13.62233011,14.10212692,14.7022217,14.42414132,16.64155261,13.67535251,12.83227484
4525,12.56374776,18.38399716,14.46808516,11.79840999,14.70462387,17.09597779,10.98515827
5004,13.09620665,18.80242668,14.27549617,10.50097931,14.41225634,13.10468186,15.80795299
4077,14.77578904,19.02737038,10.90615981,9.237927081,13.28009416,18.55541717,14.21724236
3651,12.5958258,18.99528307,14.47773267,11.49574515,14.25853262,16.70169313,11.47518755
10752,19.70813691,13.82121535,15.3471579,14.22024975,10.78480695,11.95870045,14.15973268
21601,17.41225887,12.32564879,9.289634704,15.43299697,15.29722825,13.55486749,16.68736493
10113,19.86698055,16.3517147,10.36060242,9.967438141,14.66464858,15.42340512,13.36521049
22448,18.78604981,15.39708956,10.10551637,19.57356351,11.45193423,11.28708173,13.39876478
40022,15.61660129,20.83618689,10.43309087,17.61155955,16.81845625,12.13064774,6.553457415
40521,15.14712067,21.54032045,12.87574534,15.69719696,13.87581062,10.53731205,10.32649392
6432,15.26578471,15.12295625,17.40611377,13.03306593,15.19089712,12.63474791,11.3464343
7312,15.26578471,15.12295625,17.40611377,13.03306593,15.19089712,12.63474791,11.3464343
36031,16.12040533,12.47414052,17.31650798,15.87447555,14.57081986,11.87866855,11.76498222
18050,12.65328003,14.70001574,2.321139162,35.93976158,18.18271587,2.74859598,13.45449164
18427,12.76141497,14.82564209,2.340975619,35.7829765,17.94743162,2.772085482,13.56947373
40510,14.31209182,12.08230736,13.89636486,16.63285256,16.97891671,14.86763456,11.22983213
26613,11.4500562,15.08686511,11.98020611,21.2093236,14.94833225,12.60991977,12.71529696
26176,12.54278339,14.57164568,2.300869471,36.10444201,18.41866769,2.724593458,13.3369983
19423,12.25539667,16.75617651,11.97558719,10.400677,19.34083193,16.04994475,13.22138596
18716,12.65328003,14.70001574,2.321139162,35.93976158,18.18271587,2.74859598,13.45449164
27616,12.42461987,14.00327185,14.82816992,13.30036045,16.12503167,13.25300957,16.06553667
17117,13.98667748,16.75353306,14.82784376,12.75270139,13.42123501,16.53691007,11.72109924
17978,13.98667748,16.75353306,14.82784376,12.75270139,13.42123501,16.53691007,11.72109924
15738,17.6460447,14.02879583,11.42790081,13.74100436,16.96315125,12.79488755,13.39821549
16186,15.47829579,15.40583592,13.30130192,11.53805649,16.70172599,15.40650514,12.16827874
13006,17.02592123,18.08402633,9.164326732,12.54405331,14.38696969,15.78164807,13.01305465
1523,14.2492884,16.83511907,10.85887113,10.03605351,16.25866565,18.15214936,13.60985288
19483,13.49770091,21.44005943,16.24062753,13.33084646,16.25718702,12.49299444,6.740584199
18789,13.56090606,21.01265895,14.9926509,12.94339307,16.8340472,13.62929765,7.027046172
19160,14.70558624,21.63726284,12.75323542,11.81981758,14.42633891,16.46964465,8.188114363
19796,19.93933485,22.35267961,9.113159159,13.32519651,12.18127318,13.59463757,9.493719111
19418,16.43504808,14.99953945,12.53282762,8.796502161,13.464526,17.2290838,16.54247289
19750,15.14035518,13.60220754,18.2546147,12.0722839,14.52158514,15.88503756,10.52391598
19111,15.51503646,15.34718534,17.71915076,12.83798324,14.23208677,14.28935998,10.05919744
18719,12.31530021,14.30736588,2.25913957,36.45664669,18.89125822,2.675178654,13.09511078
10312,16.261345,16.87274384,8.956256211,13.78964504,18.48355021,15.09594689,10.54051282
9019,13.99544567,16.09277884,12.12279572,13.36807666,19.58048074,13.41214075,11.42828162
9436,13.71405217,15.82011611,11.6389213,12.45361951,20.06452687,13.16821121,13.14055281
9861,14.79998093,16.40141233,12.55689269,11.824959,16.31845818,16.82593251,11.27236437
2228,15.53365179,11.91420224,16.77067966,11.17580784,14.15910132,14.41505299,16.03150416
30998,11.92100906,16.64852026,19.20749145,18.2260511,14.04008621,10.99028907,8.966552854
38422,16.86814919,15.52086026,15.26711107,14.69896845,12.10907166,11.70767478,13.82816461
7033,12.65328003,14.70001574,2.321139162,35.93976158,18.18271587,2.74859598,13.45449164
19497,17.29224376,18.38984612,10.32820732,12.76327622,12.75002092,14.40240633,14.07399932
18806,18.91090059,19.40413268,11.7584987,11.91475343,12.16569137,16.08085002,9.765173196
25529,14.11285632,15.54524455,10.4417945,13.3888993,11.84622003,14.31929412,20.34569117
25900,13.09577654,17.07664478,14.01858844,12.07439685,13.91779626,14.48306207,15.33373505
28788,13.87620397,16.12383922,14.04550181,20.14736922,13.35739861,13.18526965,9.264417516
16985,13.54034367,14.15944865,16.71022845,15.17358275,14.59251347,11.49647956,14.32740346
17843,13.03835232,14.30742461,15.44312077,15.36740353,14.56416606,12.23135483,15.04817788
18308,12.76141497,14.82564209,2.340975619,35.7829765,17.94743162,2.772085482,13.56947373
12799,16.82918707,16.80606254,15.46906148,11.4603874,10.94522868,15.07396003,13.4161128
11774,15.14423878,14.60313955,13.80205025,12.24590973,16.30346088,15.8322371,12.06896371
12677,17.3863169,14.48447473,11.68026066,13.1998626,16.62534832,14.49066813,12.13306866
12163,12.59149008,16.86332409,14.56838953,9.691574247,15.01785791,18.47171271,12.79565144
27820,12.13955152,15.0528309,15.66111029,12.1629944,13.4016293,16.50308109,15.0788025
19716,15.35096738,13.96901715,11.17268786,15.44835941,15.29597384,14.61127711,14.15171725
13352,18.37872416,25.13835883,8.345361359,11.30341349,10.43525475,16.03959192,10.35929549
12338,12.76141497,14.82564209,2.340975619,35.7829765,17.94743162,2.772085482,13.56947373
1185,16.71560911,15.87197671,6.942942899,9.947121604,13.22792188,18.84021786,18.45420994
34388,17.18263783,15.64740281,11.5764274,15.3886086,14.99940381,12.275195,12.93032454
2071,16.97524369,15.54250077,8.007796573,10.35170866,13.73610959,18.3119005,17.07474021
4343,17.77172072,14.56464837,15.4560025,14.32407783,11.75817631,12.7690624,13.35631187
3471,17.41969354,14.32044156,15.74111787,16.14471504,10.61001807,10.78700226,14.97701165
17331,25.99876198,19.72801431,10.35596482,19.4187555,14.63046096,3.478729654,6.38931278
35245,11.93076341,17.01607914,13.85212452,10.3973581,14.21250392,17.17542914,15.41574177
30141,12.76141497,14.82564209,2.340975619,35.7829765,17.94743162,2.772085482,13.56947373
36857,16.71192152,16.76677655,13.30589663,18.60748775,14.06271714,10.82381301,9.721387386
37360,11.57059875,14.57706607,15.3481283,16.57430614,14.11524184,14.30803486,13.50662405
652,15.5298554,19.96282079,11.01599355,14.88438084,16.40066803,9.643607477,12.56267392
5344,11.99337401,15.16698196,14.11640988,16.62002867,13.75334172,14.55328284,13.79658093
6525,16.91258117,14.58497844,12.30487927,13.01282769,15.9959741,14.28200846,12.90675088
6920,16.91258117,14.58497844,12.30487927,13.01282769,15.9959741,14.28200846,12.90675088
30627,12.65328003,14.70001574,2.321139162,35.93976158,18.18271587,2.74859598,13.45449164
6530,16.95429067,14.52759845,12.27711337,8.724554532,15.0925498,17.75139374,14.67249945
6930,16.95429067,14.52759845,12.27711337,8.724554532,15.0925498,17.75139374,14.67249945
9679,18.30403412,18.09234194,12.64593117,14.28980298,15.28084996,10.09268431,11.29435552
30883,12.98038608,15.10903486,16.92706578,13.44465855,14.64095357,13.88466104,13.01324011
29823,12.65328003,14.70001574,2.321139162,35.93976158,18.18271587,2.74859598,13.45449164
30191,14.73812517,23.89903268,8.974421158,15.58442529,10.38338979,16.017449,10.40315691
36687,12.57943972,24.65269525,6.768061144,14.69666093,14.89097682,11.69136159,14.72080455
27980,13.45230295,18.61549668,10.47709081,12.77784693,14.34919542,14.62648766,15.70157955
28394,13.45230295,18.61549668,10.47709081,12.77784693,14.34919542,14.62648766,15.70157955
29274,17.9867631,19.42164818,12.6642972,13.54896612,13.81070282,8.885938785,13.6816838
28834,22.49400505,16.57227849,5.512869244,9.736861279,13.12823509,15.85594803,16.69980281
34905,17.58714829,12.42141244,12.31249812,15.81641788,17.13064518,11.97967954,12.75219856
113,15.4571142,12.47610628,15.62612872,15.42920437,17.24184439,11.85830853,11.91129352
39273,17.9009592,14.51917322,7.725274563,15.90323218,15.00715761,13.95409078,14.99011244
529,14.69308197,13.76268371,14.25573059,17.47182034,17.11958612,10.75782267,11.9392746
37735,12.76141497,14.82564209,2.340975619,35.7829765,17.94743162,2.772085482,13.56947373
41181,18.45952752,16.11354133,9.235562293,10.41361651,14.05404154,18.21457568,13.50913513
15526,13.3531332,13.83257519,15.26836033,11.16429563,15.81082013,16.0233364,14.54747912
14624,13.83427599,13.13178256,15.31123598,11.45392736,15.29944893,16.4238249,14.54550429
8146,16.36978468,15.07345261,12.69247452,12.8888598,14.51253222,15.19743181,13.26546436
37954,15.46488317,16.65621471,10.55979237,14.46122938,16.1174633,13.69509332,13.04532375
8583,16.09921754,13.75260385,10.58698714,13.29941961,15.16753217,15.83289007,15.26134962
17153,13.92206093,15.36218971,14.00907589,11.46738862,16.80775957,12.87241172,15.55911355
18144,13.92206093,15.36218971,14.00907589,11.46738862,16.80775957,12.87241172,15.55911355
12402,18.80732801,19.3288211,8.02705678,13.05791253,15.55170406,11.87380072,13.3533768
18103,15.83107529,13.67976792,11.24158313,10.95025104,18.67522996,17.25979638,12.36229628
17178,15.43717493,13.67988757,11.77535014,10.6386559,17.73638711,17.94132241,12.79122194
10693,12.73830339,12.35079836,15.57074763,15.60111653,13.24410843,14.58985027,15.90507539
11169,12.73830339,12.35079836,15.57074763,15.60111653,13.24410843,14.58985027,15.90507539
35099,13.05680465,12.22150961,15.88866392,14.57776758,15.24151878,13.64842796,15.36530749
35551,12.8402189,12.77869712,15.17649896,10.18359033,14.78809937,16.24061689,17.99227843
270,12.74861276,12.56360766,15.56037414,12.86812381,14.04978731,15.69196569,16.51752863
37058,12.76141497,14.82564209,2.340975619,35.7829765,17.94743162,2.772085482,13.56947373
33987,15.08815877,13.1111299,15.31766637,14.57013603,14.42277571,12.90509005,14.58504318
33065,15.67482431,13.01372804,14.86897002,16.2264618,13.80279484,12.74030314,13.67291785
27004,15.53894519,15.9683678,14.01057456,9.196610694,12.05210188,19.12382376,14.10957612
26108,18.41812747,16.39753564,7.713235825,10.85301115,14.43272133,18.49414475,13.69122383
26560,18.41812747,16.39753564,7.713235825,10.85301115,14.43272133,18.49414475,13.69122383
27020,17.70091168,15.41298313,13.96582302,11.96380973,13.87580103,13.90554049,13.17513093
27970,12.1636039,18.72962601,15.11413177,10.74251676,11.54244936,18.30718336,13.40048885
28381,12.1636039,18.72962601,15.11413177,10.74251676,11.54244936,18.30718336,13.40048885
15633,13.9597372,20.69637726,15.06561329,11.28890853,9.820609016,14.70614838,14.46260633
12758,20.55243315,17.00542924,7.750457539,10.50998333,11.95117642,16.12974061,16.10077972
7455,22.6567876,13.8796699,9.900236626,15.50104825,17.95611688,9.879591373,10.22654938
16440,19.57627452,15.93054378,9.870724047,10.29458907,14.80067091,17.17566547,12.3515322
4169,13.58807139,17.21316707,12.07302387,11.13478231,13.14824128,18.62724445,14.21546964
27941,13.86288492,15.96206282,16.12165633,12.94908339,10.75067374,16.62954692,13.72409188
28356,13.86288492,15.96206282,16.12165633,12.94908339,10.75067374,16.62954692,13.72409188
28812,14.6227365,13.55343283,16.77034477,13.29883188,15.93846868,13.2831884,12.53299693
29254,17.05842861,16.10301263,9.346965956,15.63886589,16.96950155,12.50987623,12.37334912
13530,17.11307692,17.15422601,10.25735299,11.06443231,14.39659565,16.78289262,13.2314235
13983,17.11307692,17.15422601,10.25735299,11.06443231,14.39659565,16.78289262,13.2314235
18213,15.08099838,17.17369315,14.42018227,14.66749673,13.89512579,13.67973198,11.08277169
19635,18.29641223,14.25796449,11.66299,19.47726571,13.14785849,9.013571926,14.14393716
37824,18.55809231,12.46977329,13.68016518,14.40366451,12.8166576,13.82297177,14.24867533
8002,18.25141521,12.64434902,14.11387167,17.03669469,15.0049972,10.92152743,12.02714479
8456,19.40909179,15.13546068,10.49810855,17.5175222,15.26881977,10.54847279,11.62252422
16385,12.19864119,14.17183664,2.237739442,36.64362479,19.12725557,2.649837517,12.97106486
3172,20.55981082,13.66193505,11.39471328,17.13667485,15.01390567,10.85276284,11.38019748
36411,20.8589305,13.61856145,12.58392884,19.63392149,12.4767118,8.617357635,12.21058829
8926,14.62595212,13.26376529,13.924493,15.85025947,14.67852937,13.77202301,13.88497775
10239,17.92548068,12.49551119,13.35196154,13.41549249,13.68793401,13.36292221,15.76069787
9346,16.03861667,12.15135524,14.72376085,16.50347766,14.60891557,11.6247756,14.34909842
9772,15.03975915,13.22326962,14.75497617,15.37342713,15.15922486,13.68295674,12.76638632
2564,13.46347173,17.54173502,18.62734041,14.7876098,13.09173979,12.06357632,10.42452692
10339,14.54546675,16.98172791,8.945130163,12.39849522,13.10541488,16.83529294,17.18847215
19098,14.40038864,15.26345396,14.75402074,13.21939561,12.53501013,17.35166119,12.47606973
19718,17.09589157,17.70544894,11.03787978,14.80912375,14.52816832,13.39300048,11.43048716
19395,15.44357591,13.39062605,14.12573489,13.308532,13.56891527,16.63955756,13.52305831
18694,14.91400891,13.9584743,15.34685734,13.5279277,13.20002378,16.38590205,12.66680592
17940,17.45966061,12.64022148,17.69883157,15.59199973,12.63617246,12.64268525,11.33042889
18370,18.66111875,14.18140918,11.120683,14.49475749,10.76577205,14.8918684,15.88439112
17069,18.37093823,11.48863825,18.35591879,15.90809049,11.05474964,13.12038659,11.70127801
9235,17.20312117,14.12765834,13.51973185,11.91554358,16.5765684,12.76821131,13.88916534
10097,15.73412689,15.02371351,13.95647839,11.63983037,15.28466719,14.16795232,14.19323133
10519,21.09895557,17.33650827,10.15854432,12.94316332,13.8426551,13.02124449,11.59892893
35183,19.75701845,16.29064317,11.04245922,13.58841357,12.20993395,14.63256668,12.47896497
38668,17.96805539,15.16972069,14.61000588,13.50918677,13.47946904,13.54134164,11.72222058
28685,12.76141497,14.82564209,2.340975619,35.7829765,17.94743162,2.772085482,13.56947373
9462,19.59371429,12.02787734,15.1536686,12.22478845,15.20140782,13.64954871,12.1489948
27470,17.57629065,11.22930952,11.23451695,19.07323639,18.14951097,11.03478699,11.70234854
16592,16.8240364,12.36490591,14.5395438,17.36020176,15.89134495,8.848936579,14.17103061
16314,13.89118287,21.24302572,11.81743034,15.71489972,14.46606004,12.82598663,10.04141468
16715,15.36215194,22.44377464,9.540124264,16.31574047,14.70027022,11.92923078,9.708707691
32324,14.10901058,13.1058999,13.58737111,15.33209239,15.41818999,12.78838763,15.65904841
32791,14.10901058,13.1058999,13.58737111,15.33209239,15.41818999,12.78838763,15.65904841
6616,16.08239129,16.46399306,13.58112498,12.69180874,13.36082437,16.13368404,11.68617353
6159,17.45541047,14.7916005,11.79238193,13.28862757,15.49395614,12.83988037,14.33814302
7055,17.3622999,15.02444443,10.31864451,13.75060246,15.76319456,11.39014018,16.39067396
7547,13.53864026,17.00155423,15.69333332,8.575485863,14.13176398,18.32349265,12.7357297
26308,13.80242658,16.90484449,13.15271469,13.67208364,16.54570187,14.1274831,11.79474563
26741,13.80242658,16.90484449,13.15271469,13.67208364,16.54570187,14.1274831,11.79474563
27201,14.33707285,17.642375,11.20291392,13.56129994,16.72341585,13.28567864,13.2472438
12780,14.95952993,16.3679813,16.39986384,11.89686999,15.7861123,14.21730456,10.37233808
15757,19.19784146,11.13327121,13.53712071,15.78414925,15.98343512,10.23475188,14.12943037
19775,18.43619303,14.22580787,7.391622217,15.83205217,13.74160327,15.21851399,15.15420745
37488,22.66238253,14.88392484,8.886230702,17.80955444,11.83440483,13.34952649,10.57397617
36970,20.2058725,19.32797242,5.2301644,19.22962016,16.89763684,13.06909484,6.039638826
5914,18.22030045,25.30277221,7.15489198,7.775683402,11.67974198,18.62920442,11.23740556
1230,13.41728961,15.19683465,15.45826548,11.4872953,15.85929331,16.59197975,11.9890419
2112,13.71906337,14.80063018,15.89290197,12.75188704,15.23233141,15.56252144,12.0406646
1639,13.78855098,15.50287671,15.47861616,10.60281338,15.1073427,17.01639927,12.5034008
2542,13.25730595,14.46124747,14.78683132,12.46921166,15.53374738,15.85507513,13.6365811
5948,19.85795774,16.67656821,13.47236869,13.97356041,15.15168891,9.068319449,11.7995366
5512,15.39731509,15.81519696,14.16837602,15.52088193,13.7172054,12.41102841,12.96999619
37514,13.4115824,17.59438789,10.97290313,15.97849077,13.95861023,14.32921372,13.75481186
19266,19.25339646,12.6887369,12.6676259,20.59176942,15.77264592,9.874591829,9.151233575
18975,11.46973299,13.32502365,2.104027286,37.89297882,20.52073423,2.49150117,12.19600186
38322,20.16988606,17.22990145,11.11061479,18.15828775,11.5924717,10.49577747,11.24306078
8461,21.03864444,14.78846025,10.46842564,17.93334805,12.25321492,12.44143095,11.07647575
16394,13.88261432,16.07446939,18.62187196,10.66694356,13.23175812,15.88316438,11.63917827
16821,13.88261432,16.07446939,18.62187196,10.66694356,13.23175812,15.88316438,11.63917827
37741,14.05464905,20.14943836,13.4019472,14.98351096,23.27639469,8.387215849,5.74684388
3833,14.70181242,16.0439012,9.612310004,10.04958541,15.77683604,20.43082151,13.38473341
4244,14.70181242,16.0439012,9.612310004,10.04958541,15.77683604,20.43082151,13.38473341
23109,16.99803869,12.08974285,14.44195717,12.44961562,12.14947302,14.94166741,16.92950525
20274,13.96260219,13.911808,13.61081741,12.3843315,16.07198085,14.07433168,15.98412838
41487,15.05964826,15.14709472,14.42347077,13.00720303,12.25913445,14.06449272,16.03895605
23987,17.23741704,17.8203164,12.94472383,11.4952226,11.39099198,16.51984637,12.59148178
20719,14.53859958,14.16091645,14.36246021,11.69882283,17.2922306,14.72415989,13.22281044
19730,17.90661966,16.82047244,13.13700765,11.82291024,13.10378439,14.00622828,13.20297733
22110,12.69173138,15.0516569,13.96277379,10.91859405,18.34016501,15.26546026,13.76961861
21219,12.86046,14.56361881,14.39761866,10.98130002,19.21616019,14.56711204,13.41373028
20814,10.81494531,14.05285129,11.74833483,13.49661144,17.32108549,14.46489015,18.10128149
22537,13.35485835,14.77899361,14.59454598,12.43986751,17.32551908,14.2836961,13.22251938
4326,19.06638047,11.48290388,13.06147306,16.34553342,15.98255843,11.15268072,12.90847002
22981,14.50416849,14.84751958,12.93749866,11.03852186,15.3724847,14.50680478,16.79300193
23919,14.36827686,14.3919305,13.85732311,12.3502018,15.14316413,13.94946717,15.93963642
36668,16.1961208,18.12094808,12.61383925,13.24098241,13.35741654,14.97066916,11.50002374
23431,13.80216709,14.248877,11.1366116,12.96774201,16.97703454,14.25565944,16.61190831
34331,16.33001087,15.36952943,13.44809414,15.06673473,12.72333698,11.45766056,15.60463328
28884,15.78261712,14.08602299,14.94085115,16.53270648,12.31425886,12.58963416,13.75390924
28030,14.78684408,16.50064744,13.1471167,12.21514293,11.86066631,13.37732751,18.11225503
28442,14.78684408,16.50064744,13.1471167,12.21514293,11.86066631,13.37732751,18.11225503
27555,12.70683965,20.31909341,11.37950606,14.05041076,14.66524506,13.50505269,13.37385238
23582,12.76141497,14.82564209,2.340975619,35.7829765,17.94743162,2.772085482,13.56947373
27473,16.59865152,11.11491346,13.73388042,18.06828086,13.35344655,13.51396755,13.61685964
29179,18.40130138,10.29525316,10.78240512,22.10694519,19.15146201,8.718609698,10.54402345
27847,16.71337282,14.25916771,14.22815241,17.01769923,17.02560419,12.27225448,8.483749172
28276,16.71337282,14.25916771,14.22815241,17.01769923,17.02560419,12.27225448,8.483749172
29610,16.98376115,12.53087563,17.51638702,12.06804293,14.46660839,12.2668,14.16752488
30342,17.36898485,12.78776121,15.89756484,12.63452905,14.41704185,13.36567225,13.52844596
28727,16.80425874,11.02903035,18.39660117,17.83895015,19.62282875,7.79466325,8.513667592
37091,17.22373461,13.31057926,16.20925298,10.38720035,11.96701564,16.43933454,14.46288262
6028,15.0976854,13.11942429,9.737912761,17.87034051,17.20672525,11.09825142,15.86966038
11703,19.39585738,13.37543573,12.4746831,15.23132465,14.54572134,10.11898827,14.85798953
12627,19.38877713,13.00658455,10.64949643,16.93012883,16.01260848,9.478094896,14.53430967
36217,14.74386289,11.86104262,15.10210183,14.36112842,14.78476482,14.84477895,14.30232046
40583,17.96123053,18.62804813,13.49566694,12.8009176,13.47593662,13.26707718,10.371123
23612,16.79658361,15.67431648,14.0550196,7.806994599,15.91688416,18.64123344,11.10896812
11506,15.51922728,15.6240696,12.89285878,10.04070264,12.76594528,16.62119886,16.53599756
11081,14.27823568,14.98123249,14.13529884,10.74930851,13.77707021,15.9663094,16.11254487
36245,14.57595997,14.89658234,13.40226999,10.77268002,14.27978649,15.93049893,16.14222226
18924,12.76141497,14.82564209,2.340975619,35.7829765,17.94743162,2.772085482,13.56947373
19246,12.76141497,14.82564209,2.340975619,35.7829765,17.94743162,2.772085482,13.56947373
19614,14.56787666,25.90301498,5.667827802,8.732319527,13.93254573,18.80621517,12.39020013
18940,12.65328003,14.70001574,2.321139162,35.93976158,18.18271587,2.74859598,13.45449164
208,16.67239841,15.42248057,7.521325111,15.47126432,17.26279757,12.64739495,15.00233907
35020,15.52250377,13.26642745,11.37859937,14.33815195,14.80128119,14.89537681,15.79765946
35487,15.02800895,14.41000443,14.59821123,11.71336148,14.89210074,16.64674109,12.71157207
36012,15.67384433,20.80463611,11.50593277,9.613667162,14.0100712,17.26242945,11.12941899
2257,13.19094181,15.66577617,14.53851548,12.10324741,12.48645653,15.94745075,16.06761185
27009,18.22129284,16.18210291,12.63206038,15.61113516,14.69077314,11.76239578,10.90023978
26105,17.65101983,17.67592365,10.79663086,18.6427794,12.36466476,8.877091195,13.9918903
26537,17.65101983,17.67592365,10.79663086,18.6427794,12.36466476,8.877091195,13.9918903
27466,16.68886011,16.23971811,12.20223874,13.74885927,16.36464859,12.78888891,11.96678626
38534,11.57254545,14.77928452,13.38610368,15.48443848,15.06270057,13.15015512,16.56477218
38086,11.36719601,13.23246937,15.30519109,15.84783838,16.26005042,11.75759171,16.22966301
8246,11.65908521,12.84532653,15.80374311,17.2789557,17.23001602,11.04049436,14.14237908
32058,10.85410691,15.51140696,14.6922459,11.41719281,12.60785931,15.16651003,19.75067808
27049,15.75434669,10.56446962,20.2226663,16.66852235,12.32409158,13.07087452,11.39502894
27248,12.24176665,15.23337366,14.6500235,14.53705044,12.14152173,16.22576614,14.97049789
28663,13.83755307,18.01975951,14.14835719,12.3380609,12.67878629,17.92485672,11.05262632
29118,18.69853385,13.8894492,8.860682302,17.89817678,14.4061403,10.33388905,15.91312851
28247,12.08027388,14.03432279,2.216025942,36.83740688,19.36264274,2.624125297,12.84520247
24371,15.48622165,13.7726104,15.94141423,13.17411018,13.06950146,13.22573459,15.3304075
2243,14.83690611,19.21382734,12.66548657,16.8290901,17.96826383,9.333620263,9.152805786
360,14.86130341,21.2287046,14.92896929,12.57629222,14.21764518,13.41378569,8.773299605
2839,12.34011068,15.57830156,15.95915285,11.91455387,12.12862664,17.54860114,14.53065326
3235,12.34011068,15.57830156,15.95915285,11.91455387,12.12862664,17.54860114,14.53065326
35188,13.92873561,19.22606807,13.34052215,13.27574345,14.96076618,12.25268858,13.01547596
28990,14.57686883,20.0662652,14.18751946,13.92732801,9.923468215,14.27058351,13.04796677
28144,16.37246254,20.51671892,15.18370514,15.20007587,12.21714072,11.0379681,9.471928719
28541,16.37246254,20.51671892,15.18370514,15.20007587,12.21714072,11.0379681,9.471928719
21944,15.15542562,12.20207719,15.75031649,16.41874565,16.31834751,9.824260705,14.33082683
21039,15.47586493,12.34387776,16.22686504,14.99635887,15.13852823,11.75310328,14.0654019
9667,13.67469845,12.28751521,16.70893293,9.842485461,15.08581637,16.08816039,16.31239119
30734,13.87032833,13.27953198,12.26440052,13.96264397,18.62980084,12.84131303,15.15198134
29644,13.0931645,15.39593093,17.17586858,12.66248182,15.00657112,14.7690256,11.89695745
30368,13.45146426,14.44523503,15.74458857,13.7200117,17.70212493,13.57703233,11.35954317
30052,13.73916624,14.81252308,10.35995112,14.57729069,14.51763973,16.86878368,15.12464546
30015,13.18221339,14.59464303,12.28749423,18.0608153,24.54522952,8.252096829,9.077507699
3219,13.86190995,14.76448507,14.10791402,10.24306595,14.81801463,16.87411461,15.33049578
29596,13.88571974,12.49080931,11.05040714,15.14824237,20.20889516,11.58055258,15.63537371
30324,14.61349489,11.91044228,11.70482029,16.19055597,17.47197025,11.84338653,16.26532978
30690,15.0205525,14.28311974,14.17238639,14.20332473,13.92237491,14.73514359,13.66309814
29137,12.76141497,14.82564209,2.340975619,35.7829765,17.94743162,2.772085482,13.56947373
16977,17.28099826,19.20922246,11.74251287,19.82051969,12.30390164,10.409755,9.233090083
17840,16.35292457,20.72842962,12.25929426,17.50427522,12.89255538,10.7583693,9.504151637
18310,12.65328003,14.70001574,2.321139162,35.93976158,18.18271587,2.74859598,13.45449164
33319,12.08232972,21.1268683,18.74663564,11.3364136,12.6219845,13.89183581,10.19393242
33764,12.08232972,21.1268683,18.74663564,11.3364136,12.6219845,13.89183581,10.19393242
27313,15.15331055,17.74051398,10.13313405,14.96570867,14.34128442,14.75856291,12.90748541
37644,23.84922815,16.04862668,8.983066912,12.97328516,9.263017489,14.98157325,13.90120237
23758,16.89587893,11.45082042,20.21594133,14.94431396,14.54554175,10.73383621,11.2136674
30813,15.36851982,14.47507506,15.24672115,10.18360441,14.64070018,17.83166675,12.25371262
30116,18.23809984,11.45629217,14.30790405,15.49352518,13.45494483,12.91735219,14.13188174
29732,18.23809984,11.45629217,14.30790405,15.49352518,13.45494483,12.91735219,14.13188174
29113,16.58691385,14.99728905,11.06866646,15.48272455,12.27014953,13.99859811,15.59565846
28259,13.26294115,17.66803463,10.76616294,13.09138897,17.51613447,14.71711137,12.97822646
28711,13.26294115,17.66803463,10.76616294,13.09138897,17.51613447,14.71711137,12.97822646
29531,14.26624818,13.65661656,12.94691907,15.76163306,16.17464059,13.64825309,13.54568945
30388,17.62834075,15.9027893,12.09091574,14.13621678,16.46536083,13.80987888,9.966497725
25566,16.06796867,17.42589565,16.23260727,11.69894389,13.60647701,13.62824791,11.3398596
12340,23.61050463,16.32890029,4.842797748,10.30588004,16.68739888,15.13306141,13.09145701
8296,13.50039297,16.46532251,13.93596564,13.14796079,16.7690011,14.52698897,11.65436801
8715,13.50039297,16.46532251,13.93596564,13.14796079,16.7690011,14.52698897,11.65436801
17251,18.15841065,16.06113788,10.12872749,13.96145018,12.05542404,13.34315435,16.2916954
17997,17.24140384,17.02425783,11.6725394,14.00115189,11.74559566,12.52618298,15.7888684
18172,17.24140384,17.02425783,11.6725394,14.00115189,11.74559566,12.52618298,15.7888684
18173,17.24140384,17.02425783,11.6725394,14.00115189,11.74559566,12.52618298,15.7888684
17553,18.31858978,15.82472117,10.54002404,13.19998919,11.94280658,14.72186727,15.45200198
17543,18.86807026,14.91855289,10.29045329,13.72461338,11.2674738,14.00096206,16.92987432
17187,18.45255508,14.81546712,9.75969649,13.07450856,11.87446668,15.05713581,16.96617026
25018,12.65328003,14.70001574,2.321139162,35.93976158,18.18271587,2.74859598,13.45449164
25324,12.65328003,14.70001574,2.321139162,35.93976158,18.18271587,2.74859598,13.45449164
19469,16.05632347,16.12987373,13.80758249,9.077892001,14.77381079,16.90137035,13.25314717
1876,12.46648122,13.1085882,18.83496262,16.88061975,13.74764295,12.75677851,12.20492675
997,12.91802537,12.69383972,20.17478874,15.81529223,13.22693091,13.20219366,11.96892937
5714,13.34721929,17.70655513,16.2168936,10.38388197,12.8092669,17.97448374,11.56169937
7921,16.14750757,16.65659684,11.61320687,12.94972382,14.56991311,14.00906617,14.05398563
37754,13.71949094,18.02433824,15.5470223,10.27317386,13.4807383,17.17481345,11.7804229
27816,14.34196218,15.41926566,14.38179061,8.434840787,15.02552706,17.64037752,14.75623619
7039,12.4473441,15.20636755,13.80411061,11.97935374,15.56206164,18.08398818,12.91677418
34,15.76341203,11.55275206,16.0530351,13.79230303,18.38029051,11.02740702,13.43080026
34829,15.40880214,11.76539225,16.47322854,14.54330457,18.03835874,10.67137461,13.09953915
448,15.25072053,10.71237718,17.3056321,18.07064971,19.35329702,11.56499718,7.74232628
35320,15.04119474,12.37666024,13.41212925,12.36143702,17.24459413,13.76969855,15.79428606
18446,13.02658625,14.10621405,16.34847441,17.80422287,15.22493112,13.52283408,9.966737212
13687,13.73366042,19.35081269,12.9693972,10.44282577,12.33058568,17.50407131,13.66864691
14118,13.73366042,19.35081269,12.9693972,10.44282577,12.33058568,17.50407131,13.66864691
16621,13.84809572,13.05820599,17.78443395,12.78843439,17.15529235,12.80593663,12.55960097
40860,15.67501776,13.5378242,12.03175376,12.16484611,15.8583062,13.70756766,17.02468431
16207,14.23541873,13.20840051,15.10792089,12.87386042,17.04592127,14.74278104,12.78569715
25735,16.86456234,11.81168119,9.564416621,12.88361971,17.22250593,15.67765842,15.97555579
16602,18.47749481,20.00744453,16.82038422,17.7364686,10.69109403,8.481640893,7.785472912
25378,16.38409702,13.45432782,11.15909384,13.91547218,17.62838129,14.45198036,13.00664748
24641,10.48047851,12.17575196,1.922556765,39.74121977,22.25927431,2.276611364,11.14410731
5313,20.9110167,13.21282925,9.89376834,19.94484689,15.88014001,7.750284151,12.40711465
37321,19.72246992,13.68527035,11.76563358,18.24326616,15.04419905,9.298402636,12.2407583
5774,19.61030107,13.18937323,9.002606345,22.74695083,14.23103017,8.03709076,13.1826476
36824,17.94758469,17.30937397,10.4006496,17.07085556,14.12272119,10.65494431,12.49387067
7518,12.76141497,14.82564209,2.340975619,35.7829765,17.94743162,2.772085482,13.56947373
20292,19.30776621,12.60906872,14.40859777,14.1170454,12.32909121,9.614975997,17.6134547
20722,19.20392964,12.72810896,13.11924895,12.2031517,12.05429387,11.99211779,18.69914909
4440,13.23115109,13.08523089,13.55221911,12.75215827,14.03454966,15.79622359,17.54846739
3575,14.75522175,11.24292019,17.35796187,12.12172011,11.99166333,15.22932269,17.30119005
4017,15.27232792,11.91295033,17.53165323,12.17933215,12.98058191,14.9657788,15.15737566
37496,21.4390826,13.4351763,10.6722148,13.65914243,11.34086649,16.28492115,13.16859622
32448,17.03049834,14.65297431,14.22139374,13.70400429,16.98660153,13.10072103,10.30380677
32901,17.03049834,14.65297431,14.22139374,13.70400429,16.98660153,13.10072103,10.30380677
25297,19.68089185,18.26431522,16.52195654,14.48728915,12.23304013,10.10973781,8.702769301
24999,12.54278339,14.57164568,2.300869471,36.10444201,18.41866769,2.724593458,13.3369983
35973,14.99874628,11.74118012,14.99920929,21.02335535,18.83319221,6.139292607,12.26502414
10804,15.40723884,11.74099105,11.56019426,23.98727705,20.28063196,5.679652776,11.34401406
35659,14.18182204,14.06625114,17.9809864,14.15263477,15.03658221,10.68181604,13.8999074
18001,12.65328003,14.70001574,2.321139162,35.93976158,18.18271587,2.74859598,13.45449164
21170,13.43561549,13.60522701,17.0452422,10.19507141,15.82231819,15.44835296,14.44817274
21564,13.73377763,14.11519405,14.20196175,9.787964482,14.02066224,17.5428382,16.59760164
22046,15.95614599,14.99310303,15.22437414,11.34246442,13.79008663,14.95689185,13.73693392
1819,13.8087118,10.61910937,17.19859013,18.87467254,19.58938501,10.00601344,9.903517708
934,13.34015324,11.10442098,17.7664967,17.84802591,18.8977544,10.33875312,10.70439564
35685,13.72805257,14.71080574,15.40352803,12.91380191,16.59035605,15.05649177,11.59696394
29838,12.76141497,14.82564209,2.340975619,35.7829765,17.94743162,2.772085482,13.56947373
21433,12.8848834,20.51683447,10.1392168,15.29055087,12.57110015,15.70081474,12.89659959
21943,17.86759599,15.78697767,13.75997549,11.94418906,15.6648435,13.40292016,11.57349813
21044,15.66548869,15.43254129,16.30963437,11.6188957,15.31723738,14.09950586,11.55669671
16799,22.17973644,16.19552534,9.44926935,10.58044498,10.73847691,16.30344859,14.5530984
5216,14.86309343,16.61721011,12.7354048,13.07757487,14.94083351,15.00438104,12.76150224
27922,14.35848796,13.73587118,16.29686554,13.37311696,15.93300422,12.60947395,13.69318019
28343,14.35848796,13.73587118,16.29686554,13.37311696,15.93300422,12.60947395,13.69318019
29356,20.53477428,14.8523727,11.06894829,7.872685678,15.30967119,16.78384834,13.57769951
13374,11.59756131,14.87833347,15.41767709,13.57967152,14.6284036,14.74878765,15.14956534
8856,16.56822656,11.7844366,12.50259463,17.1669264,16.74164901,15.00319565,10.23297115
8174,15.45766939,13.02647275,13.44322698,14.0662226,20.07755784,13.11889263,10.80995781
8612,15.45766939,13.02647275,13.44322698,14.0662226,20.07755784,13.11889263,10.80995781
10172,14.90922249,12.72572006,17.25873668,14.50960819,13.60338489,13.28499503,13.70833266
9705,16.7811891,12.44441477,13.88412711,13.54687959,17.61459215,15.15327862,10.57551867
16863,20.0373636,13.82247897,11.97983242,15.55308657,10.04494225,15.2859202,13.276376
853,14.00490925,10.50136944,17.63001549,19.55370976,15.69925318,10.23738818,12.37335469
1744,13.97052346,10.72509169,17.5005616,19.30821954,15.54078256,10.60507312,12.34974803
694,14.63187482,16.87388777,10.5122116,11.44506169,13.93939606,15.48895731,17.10861074
35564,12.22840434,14.58040547,13.99637473,14.78418158,14.42900554,16.31314413,13.66848421
16797,19.04616217,17.23810032,9.728505503,14.77526849,17.20942513,12.65948023,9.343058165
16446,20.99561934,16.25418833,8.197309371,16.08634849,18.91531922,9.843323734,9.707891513
27795,14.18199477,17.38852965,8.373592471,13.59774439,16.34978615,14.69729561,15.41105696
14553,13.08421528,19.30394598,15.42556835,14.31775568,12.07733804,11.6864063,14.10477039
15339,13.55304258,20.42985534,12.53416365,13.89618799,11.0994404,12.82583268,15.66147735
14918,13.59894834,20.15294042,18.09175359,13.45411399,12.13944482,13.09936523,9.46343361
15819,13.69147316,18.65048266,14.78170867,12.16102445,10.31811345,13.55080235,16.84639527
38320,19.02185352,11.48788702,11.53779525,18.27233601,16.25134437,10.18396727,13.24481656
37822,19.62032358,12.09125298,12.70283301,19.89112054,14.44275886,9.25217694,11.9995341
8005,19.7693881,11.38633494,11.87410366,20.74383517,15.1522349,9.91342528,11.16067795
27724,13.49365089,16.42653168,16.86510683,14.89065513,10.99673225,12.63784396,14.68947926
10146,14.51418617,18.6953612,16.05668808,15.34385336,13.58451542,12.98270938,8.82268639
9281,14.13600866,18.21668774,15.65316012,16.02814813,14.06230491,12.78464947,9.119040974
9693,15.03239821,18.52888049,11.81538304,17.20716925,15.39074298,13.21320095,8.812225076
27659,11.93296327,15.30130511,15.20107978,14.38603428,14.50030221,14.00883665,14.6694787
26344,14.3985844,15.70255391,13.28710297,12.70295252,12.66314639,15.92850219,15.31715761
26761,14.3985844,15.70255391,13.28710297,12.70295252,12.66314639,15.92850219,15.31715761
27215,12.49363959,13.60327826,13.10095569,12.98039899,15.2077032,14.7197953,17.89422896
40116,15.41860166,22.68904247,8.251756026,17.22959939,15.8434254,10.5775993,9.989975753
40617,12.61918894,20.56367589,13.59344635,12.62853069,13.71533466,13.13108245,13.74874103
27951,16.69237519,16.77773201,14.32137405,11.21896718,11.82203428,15.00675034,14.16076695
28370,16.69237519,16.77773201,14.32137405,11.21896718,11.82203428,15.00675034,14.16076695
25427,16.65622383,20.52138628,11.78518365,24.50097203,17.59990129,3.214259423,5.722073504
26355,12.08027388,14.03432279,2.216025942,36.83740688,19.36264274,2.624125297,12.84520247
13122,13.45686499,18.31953354,10.44284957,13.25504031,12.58756687,13.758027,18.18011772
11742,14.90443534,18.14151031,14.39818816,12.26535165,13.77790132,14.08983421,12.42277903
12140,13.8351479,20.15045343,16.21423649,11.61174811,13.7587119,13.64407642,10.78562575
12645,13.00218648,16.37137763,12.11026879,12.88706768,13.63506288,13.4180095,18.57602703
5701,16.22211078,17.1965794,12.85127785,11.87955887,15.46208683,15.18113706,11.20724921
6107,16.22211078,17.1965794,12.85127785,11.87955887,15.46208683,15.18113706,11.20724921
6045,13.92326848,19.17100463,16.89227532,11.6487676,10.7746244,17.24048386,10.3495757
37113,10.74323017,19.56616453,18.965118,13.68663098,12.02296364,13.49268043,11.52321225
5630,13.78613005,17.33793615,14.97398747,12.60936098,11.29913026,14.8518345,15.14162058
37626,13.93872203,18.68110092,13.48844208,12.68735536,12.11258887,14.01341287,15.07837787
9001,13.38836055,14.68320164,16.86823931,15.98429565,17.45696711,9.013732358,12.60520338
9854,12.79167925,13.89045723,18.2799865,16.96917714,15.80590374,9.109118696,13.15367745
9424,13.12766025,14.49528089,17.68338782,17.20444461,18.5291896,8.34814505,10.61189177
24253,15.23629792,15.55190469,14.22423823,10.81236385,12.10852954,16.00661111,16.06005466
22864,19.70503438,17.90185465,12.84829097,11.53060139,9.577169482,16.02527836,12.41177077
23815,17.94428605,16.78855788,10.90584023,10.13813293,11.55175214,17.20331948,15.46811129
23339,20.2038447,15.41395931,8.073659797,11.60758204,12.5170167,16.93196337,15.25197408
29455,16.22130874,17.91040585,11.82217169,17.05700062,13.77212465,10.57539637,12.64159208
28191,14.12740957,16.70047067,14.38930714,11.65452902,12.01257387,14.94916065,16.16654908
28584,14.12740957,16.70047067,14.38930714,11.65452902,12.01257387,14.94916065,16.16654908
29049,15.36267626,18.34256037,12.60345068,14.50523368,13.82703473,13.04657527,12.312469
30974,14.77636031,21.15677557,9.792368389,14.52494481,11.98571058,15.40190361,12.36193673
41111,13.21774617,16.93498216,10.0220428,7.738593884,16.41856973,21.45825839,14.20980687
12090,14.84357579,14.74782374,13.58901255,16.97930487,15.37330523,9.972541699,14.49443612
13058,13.2312024,13.33349789,14.434115,13.47155088,16.02699254,14.88788736,14.61475392
11669,14.33464868,14.18923782,15.30952886,15.88014162,16.52982997,11.35716459,12.39944845
12576,14.43332684,13.43150756,15.37686281,15.7299226,17.90799302,11.79510365,11.32528353
18799,12.40446744,15.88009309,10.79005787,15.00610358,20.61122559,13.35616781,11.95188461
19171,12.40446744,15.88009309,10.79005787,15.00610358,20.61122559,13.35616781,11.95188461
30894,11.73350847,15.30560251,12.96569904,13.19456358,15.95441862,14.20341947,16.64278831
30521,12.67793062,15.76553653,12.02338886,13.64534915,13.74446088,15.79238099,16.35095298
29818,11.87098382,15.42480677,10.24159376,13.8370545,16.76477852,16.64058167,15.22020095
30199,11.53885806,16.86855429,10.68116149,13.56581035,15.78895801,17.66425916,13.89239863
33436,15.26022572,16.50723163,12.01734283,12.80525701,16.88613315,15.52576074,10.99804893
31984,13.89904064,15.39057258,12.25277906,11.8977174,18.06318928,15.79641934,12.70028169
32475,13.89904064,15.39057258,12.25277906,11.8977174,18.06318928,15.79641934,12.70028169
40755,15.69953534,13.11164462,6.438455284,18.90735518,16.36943571,14.62906149,14.84451238
41260,15.85986783,12.66998937,11.72795502,15.75412717,16.26932748,14.11035345,13.60837968
17681,16.34132817,23.73152744,13.7616262,10.94502954,14.60706298,12.11022761,8.503198053
33231,17.20268277,19.48733717,16.18050612,16.30199911,13.58007236,8.468040668,8.7793618
34160,16.6683086,19.08560448,16.90417833,15.58547515,11.59222681,10.26959518,9.894611455
33677,16.7908298,21.18431253,13.25526922,14.35893403,13.6594662,11.14587811,9.605310115
23649,17.01067835,17.74198454,8.951211868,17.04600884,19.53815448,9.064422925,10.647539
35538,16.9412781,24.10118332,9.48904975,10.4924723,16.13906492,13.44748855,9.389463046
22690,18.66830135,20.91337409,7.217522809,15.90724881,15.17407112,9.973816033,12.14566579
674,14.1755118,22.50032456,10.3919438,14.45687031,12.58253536,13.10698706,12.78582711
11967,14.56589154,15.43090464,13.15954809,9.165715788,17.27458595,16.56426203,13.83909197
12346,14.56589154,15.43090464,13.15954809,9.165715788,17.27458595,16.56426203,13.83909197
32223,13.40983764,13.35906514,16.86026575,11.23824463,16.18194731,15.79113951,13.15950003
32694,13.40983764,13.35906514,16.86026575,11.23824463,16.18194731,15.79113951,13.15950003
7634,15.3696218,17.72500789,13.81601763,14.59751076,14.008354,11.8194767,12.66401122
16994,10.30784832,14.70728046,12.88957421,15.53075432,18.91796808,11.88280523,15.76376939
17407,10.30784832,14.70728046,12.88957421,15.53075432,18.91796808,11.88280523,15.76376939
15278,13.54835959,18.86957953,14.89008868,14.58903519,17.81560427,9.374935484,10.91239726
14477,13.23492582,20.60759951,12.02801086,17.38912622,16.13361062,10.22927555,10.37745143
26024,16.48207385,13.21166127,9.160466371,14.28486533,12.19244941,17.98816189,16.68032188
8265,16.72614951,18.26973341,10.40941012,10.11113648,14.04649943,17.13087698,13.30619406
38073,16.74971126,19.51451619,9.841774471,9.123880731,12.68842988,19.3578541,12.72383337
8687,16.69865177,17.01363323,13.37192292,10.93073603,13.99760993,15.36867701,12.6187691
38531,19.54791137,21.0500159,11.10245567,12.43269533,12.13525876,12.11881467,11.61284828
18597,11.99276432,15.11256637,13.79344401,20.78795033,17.42268235,10.04894878,10.84164384
19020,9.984902623,17.85908701,6.900083693,19.48271227,19.42862969,15.7355531,10.60903162
19317,15.18099173,16.92913353,13.86973109,18.22839769,15.18271891,8.876225726,11.73280133
5312,12.36753845,10.86430531,12.48975036,17.27405285,21.68782231,10.09380207,15.22272866
37322,12.78310962,10.50271196,11.65557409,19.32330823,20.03204379,9.774453058,15.92879925
5773,14.31554348,12.96518907,11.64524501,14.24593865,18.92350944,13.49558066,14.40899368
36825,14.94738147,13.77398739,13.97211606,13.64969773,13.69013321,12.99317814,16.973506
11484,12.65328003,14.70001574,2.321139162,35.93976158,18.18271587,2.74859598,13.45449164
22897,20.5125478,12.33635074,15.11952143,12.47622482,9.404031504,13.76936265,16.38196105
19944,16.46287994,11.99671094,17.05248907,14.29712162,12.69190156,15.34455741,12.15433946
37492,11.98729872,16.10094655,14.71688291,14.27550616,13.63845471,15.43256285,13.84834809
5486,11.90108092,16.13791648,15.1403114,13.26918432,12.86600698,15.98537552,14.70012439
7545,13.93284532,16.17530578,14.57058069,14.90181075,14.13028717,12.19472157,14.09444872
5926,13.90019743,16.91815545,16.67679415,11.79864224,11.8493702,16.88450354,11.972337
39903,14.19017283,16.50943882,11.61851701,13.94667075,16.35894855,12.65742019,14.71883186
13548,13.40230841,15.42078265,12.79393184,15.92876581,15.72863288,11.83373197,14.89184643
31358,13.70402001,16.93353914,12.45688663,11.12916525,15.45545732,12.57795227,17.74297936
31826,13.70402001,16.93353914,12.45688663,11.12916525,15.45545732,12.57795227,17.74297936
5411,21.93254642,12.24606278,11.81985985,11.68457517,10.11265932,15.8732155,16.33108097
5864,21.93254642,12.24606278,11.81985985,11.68457517,10.11265932,15.8732155,16.33108097
29543,14.49810762,16.01842591,10.56188471,10.47937472,14.35864555,17.41432296,16.66923854
5350,15.64232524,15.19023954,14.08929401,11.5490727,14.1497027,17.89833686,11.48102895
5806,13.85243132,15.80264425,15.79705412,12.63888203,13.82860208,17.6884622,10.391924
23593,15.73885993,15.77321199,10.93724096,17.86396793,13.15633447,12.34073303,14.18965168
29506,12.76141497,14.82564209,2.340975619,35.7829765,17.94743162,2.772085482,13.56947373
31354,10.38525836,15.4932203,13.56152443,13.39186327,15.51380484,15.23191316,16.42241565
31824,10.38525836,15.4932203,13.56152443,13.39186327,15.51380484,15.23191316,16.42241565
41023,17.99228886,20.08144678,11.43137515,11.56380756,10.93042599,14.64745449,13.35320117
21017,17.03059236,17.90309671,9.993824436,12.58437811,15.166282,15.00642272,12.31540367
21937,17.03059236,17.90309671,9.993824436,12.58437811,15.166282,15.00642272,12.31540367
41008,21.26397946,16.21741142,6.833851604,12.7735274,12.42962545,18.58011705,11.90148762
10244,17.70212634,17.23947451,11.33771579,12.42788388,10.88255866,14.7417573,15.66848352
9775,17.72815359,14.71895168,12.14664436,13.49491798,13.83327528,14.39891925,13.67913786
8927,17.43144362,16.55587208,13.43739788,13.74405384,13.47653265,13.05543868,12.29926125
36384,14.54937805,11.48407192,13.99016332,17.98491692,11.82103803,13.71526912,16.45516263
5212,14.10625142,13.90318502,12.97054475,12.67412847,15.02784714,17.57494479,13.74309841
22396,16.13728827,15.23848809,12.19221178,13.23922616,14.21265052,13.93058744,15.04954774
27210,17.40835965,19.81922348,15.17540454,10.9582955,12.92004679,14.22040832,9.498261722
26315,12.43007078,14.44070121,2.280193279,36.27681976,18.65495672,2.700109576,13.21714868
21171,14.15021777,16.73859075,13.57060947,12.91836256,14.78256316,14.782527,13.05712928
22055,14.03078832,16.35868609,15.2992816,13.90319119,13.48103522,14.17648348,12.75053411
22485,14.39486125,14.45511809,14.17703885,15.39052885,16.09321556,13.21973693,12.26950046
21566,15.74642212,17.24056047,13.69889657,12.11057336,14.54919448,14.87034538,11.78400762
3758,17.98752716,14.00522747,11.68898241,10.49859385,15.3505575,15.76819969,14.70091191
4150,17.98752716,14.00522747,11.68898241,10.49859385,15.3505575,15.76819969,14.70091191
40765,12.82481684,14.71821254,13.45435494,17.26951651,16.59715831,13.49555768,11.64038318
31028,15.26139222,13.13040936,18.17246954,13.90084819,15.76816633,13.11476804,10.65194632
31510,14.90931909,13.24651831,19.01824017,13.54886988,15.81796497,13.22537537,10.23371221
22436,15.75948512,14.70895602,12.41576875,16.78708054,19.98361566,10.72295845,9.622135479
30942,16.51068795,16.50720931,10.93531572,16.28897471,21.58102727,8.78889779,9.387887244
21085,13.92427902,16.30780973,14.14007981,16.68864486,17.16775663,10.29878817,11.47264177
21980,13.92427902,16.30780973,14.14007981,16.68864486,17.16775663,10.29878817,11.47264177
41601,10.94109858,14.32632238,17.20877379,14.07360554,15.05914441,10.70339668,17.68765862
41531,15.13780291,14.68645399,13.70316598,9.136127186,16.23012403,15.93056834,15.17575757
21023,13.53083251,14.05561299,15.44953767,9.516862853,14.82547533,17.71492728,14.90675137
21411,13.53083251,14.05561299,15.44953767,9.516862853,14.82547533,17.71492728,14.90675137
31026,13.79127629,11.62890827,15.23991413,16.0704129,16.16937709,11.92343374,15.17667759
31508,13.53264209,11.68655693,15.16886021,15.9926395,15.43708205,12.76191654,15.42030268
41578,16.90265442,11.8545481,14.60607141,14.04080111,12.24908575,15.53530904,14.81153017
40942,19.2452045,15.7187177,7.673924986,15.80319025,9.977271169,16.5939902,14.98770119
21632,13.71186305,19.00138234,1.496413602,22.87342607,14.56542966,10.92303779,17.42844749
22267,13.7228742,19.44444023,14.58675299,14.35035903,15.50638153,11.40383994,10.98535209
22451,11.25155398,15.47268987,15.40428669,14.32505668,15.93452931,14.10001095,13.51187252
40469,14.04360601,14.95531079,13.54003107,13.74136059,15.28422393,14.45549777,13.97996984
39980,21.19851438,14.86991562,7.988411555,12.88151442,16.11211515,13.52678976,13.42273911
10236,14.3800434,18.13284575,18.70271373,15.148827,12.79299424,12.25014816,8.592427716
8920,12.83393363,18.0260466,16.84868819,12.72438051,10.10625628,13.47539999,15.98529481
9342,12.56386013,17.18274415,16.98073685,11.40443719,13.67770671,15.20774126,12.98277371
9765,12.44329634,17.38299007,16.06407638,13.67427648,9.300248801,13.77396139,17.36115054
31166,12.30176314,15.82772762,14.18357972,11.42597605,13.50747333,19.01137195,13.7421082
31645,12.30176314,15.82772762,14.18357972,11.42597605,13.50747333,19.01137195,13.7421082
30705,18.36168992,9.060955539,17.27076389,19.82102839,16.25312404,10.44886499,8.783573233
4813,19.794902,15.95929889,16.55119437,15.27220629,8.549619474,14.32313301,9.549645967
4358,12.87921862,13.40480636,15.78502772,13.85351748,15.48578606,15.01528758,13.57635617
39539,14.52114212,13.01182058,13.45161127,14.41472442,15.20534205,15.10136782,14.29399174
3477,13.36373778,14.47883441,14.28661622,12.64561284,14.8750904,16.21959929,14.13050906
21557,15.51187537,13.17510178,12.37606768,11.5233277,17.38943115,16.38478879,13.63940754
22512,15.40449928,14.58189219,13.46073171,12.4293011,15.22567113,12.71702949,16.1808751
21592,19.21492906,24.68199856,7.048244241,17.00863901,8.123689742,15.21778519,8.704714201
22083,15.10158716,14.8273219,13.5440846,11.56914763,15.22358617,15.76578696,13.96848559
21197,16.8645516,15.14441367,12.3979404,12.99820975,14.17204756,16.30388859,12.11894844
40213,13.34530489,21.45643894,15.13831583,11.60405028,14.63807479,13.70347965,10.11433562
13805,12.54278339,14.57164568,2.300869471,36.10444201,18.41866769,2.724593458,13.3369983
12449,12.65328003,14.70001574,2.321139162,35.93976158,18.18271587,2.74859598,13.45449164
15400,15.16595311,18.7761345,12.19483173,11.59724217,13.70427286,15.93382842,12.62773721
4655,14.43565008,15.63403006,12.06802373,9.293950052,17.24141437,18.2122488,13.1146829
6184,15.76876069,17.93392661,10.68568011,12.23706075,17.72890022,12.55618443,13.08948718
7066,16.47744697,18.46190905,10.48739629,12.99108553,18.46040309,11.73166081,11.39009825
6626,16.22876625,18.69295396,9.642104131,14.74170106,14.85672657,13.26790319,12.56984486
7569,16.27763193,18.27965626,10.51817984,15.0325064,18.31521093,12.93154088,8.645273758
29419,19.21323256,19.15327123,7.767218551,11.50740777,11.98166734,15.78670908,14.59049347
21684,15.05415445,14.39398957,10.27499372,11.16767111,20.32035309,15.47344823,13.31538982
13300,18.10458632,17.29950617,11.49468006,9.028276597,14.75220125,18.42390452,10.89684508
23915,14.65845193,15.95746289,13.82590167,11.81980654,14.34089438,15.95737891,13.44010368
22970,15.7547662,18.60461432,12.25311268,12.88759617,13.85290166,13.70906294,12.93794602
24352,14.77688697,12.74584587,14.34656332,12.21169338,17.56134788,14.58010129,13.7775613
13384,19.58962324,20.34340379,12.22585072,14.18480618,14.45610119,10.08494746,9.115267421
14806,16.03545996,12.98337361,12.37938172,13.93107416,17.53645391,12.80704947,14.32720716
14386,17.01786733,13.19093568,12.95100528,13.797186,16.65611169,12.95481077,13.43208326
41456,15.31883838,15.06807616,9.988540203,10.4027559,13.98983133,20.13027103,15.101687
5023,13.69175748,13.64412557,14.14182259,9.813292554,15.25600036,17.11449047,16.33851098
4108,11.64685841,18.39424481,8.367507912,9.505964992,16.72519622,19.77811199,15.58211566
36912,14.68285267,14.92424169,13.78898611,13.70500247,14.21038367,15.74177565,12.94675774
37417,14.05080932,15.22768639,15.43168717,11.09341076,13.6800943,17.61479166,12.9015204
31538,12.75021302,13.10664169,14.16577108,12.7801649,15.62244145,15.11261903,16.46214882
5406,13.72260414,13.62731581,17.00209413,11.04063684,14.90752163,15.76712939,13.93269807
31057,12.50401461,13.12285908,14.33946881,12.50694839,15.49240129,15.25324185,16.78106597
34744,12.70271105,24.11762227,14.57514407,12.01607471,12.96597193,15.5468071,8.075668875
34246,12.76047864,25.56918128,13.35287788,11.53825403,14.92617936,13.72019246,8.132836343
40783,13.41705546,15.21459032,11.82159284,11.08573341,17.76673513,16.28111211,14.41318075
41282,14.06493654,14.51232993,14.30917944,11.10521018,18.50211723,14.56941399,12.93681269
20518,13.40726445,16.29875104,13.29176051,11.04528597,17.79826403,15.13218858,13.02648542
20044,14.00966829,15.19993216,14.36559014,10.42699646,19.07447077,14.14584269,12.77749949
35205,14.16637715,15.21703893,13.84636552,9.477382546,12.70428439,17.8343303,16.75422116
34711,11.26307538,12.65151593,19.11744996,19.5008135,10.37376127,11.42667817,15.66670578
41495,12.05866037,15.85296474,16.44813755,10.58612017,14.35439802,18.12131062,12.57840854
20286,12.35850035,17.2228281,16.25419901,10.23911405,13.14024453,17.95580254,12.82931142
31391,12.56067692,15.96230807,16.40628967,8.973686368,10.52402846,18.06214041,17.51087009
31863,12.56067692,15.96230807,16.40628967,8.973686368,10.52402846,18.06214041,17.51087009
16300,17.36524113,16.54115684,15.04221572,11.56459497,12.33923217,12.98411446,14.16344471
16905,17.30176519,15.37073918,13.67604074,11.7973683,13.22173302,14.68103261,13.95132095
17347,17.30176519,15.37073918,13.67604074,11.7973683,13.22173302,14.68103261,13.95132095
35822,18.07264662,12.69399808,10.9763801,21.59545167,14.94313451,7.592044254,14.12634476
15720,16.88574665,18.6552069,14.04385811,16.96059765,11.65096546,11.06556926,10.73805598
1534,19.08186458,12.25334065,14.87109376,14.97073613,9.62112295,13.20970066,15.99214128
23793,14.60052509,16.0221037,11.97534004,11.53393522,13.53674357,17.77929282,14.55205957
22829,13.73080885,15.53862607,12.84524395,10.26811751,12.47975534,18.05820093,17.07924734
27636,13.44878355,14.41056573,13.72446509,9.561493245,15.248094,17.29335863,16.31323975
18463,12.76141497,14.82564209,2.340975619,35.7829765,17.94743162,2.772085482,13.56947373
36745,15.12881627,17.77679941,17.89094588,16.48285134,10.53854264,10.96861702,11.21342744
16991,10.67527559,17.00176867,7.447396227,12.52076785,15.82854792,15.11025983,21.41598391
17400,10.67527559,17.00176867,7.447396227,12.52076785,15.82854792,15.11025983,21.41598391
16356,12.17358031,20.73655019,14.17108624,12.77500858,10.89993448,13.32576382,15.91807637
32121,15.13376177,13.17872744,14.93634196,14.24922483,19.12204071,12.41783593,10.96206735
32608,15.13376177,13.17872744,14.93634196,14.24922483,19.12204071,12.41783593,10.96206735
29342,14.20122542,11.70376079,13.9671792,14.59733178,17.70361158,12.25415782,15.57273341
28897,16.22487702,14.09624754,9.090670214,17.18679272,19.72180477,11.73803401,11.94157373
17580,17.85597425,14.66900849,10.5968999,12.62621204,12.01935529,18.06946215,14.16308788
40702,18.31137474,18.15436157,9.905963449,8.981400659,16.26752388,16.07060603,12.30876967
39676,14.92751443,17.14833163,13.88489822,11.06296724,14.24293663,16.57043499,12.16291687
39196,14.77213808,13.9652043,12.10894195,12.09568044,14.76555295,14.22934398,18.06313829
18054,16.31751863,12.99262261,14.27964015,11.46437707,13.07974888,14.72434526,17.1417474
31988,13.53329937,13.62053948,13.08026284,19.40748116,13.5827696,12.25878393,14.51686363
32481,13.53329937,13.62053948,13.08026284,19.40748116,13.5827696,12.25878393,14.51686363
7072,18.02501224,10.51084943,14.71674063,15.37720007,17.96092045,11.50099125,11.90828593
7568,17.18869219,12.13877017,10.19456196,14.61902296,17.13075452,13.00029557,15.72790263
6624,19.67229353,11.5267037,7.782010009,18.48126514,15.26587038,13.52627249,13.74558474
6181,18.04479166,10.09077975,12.06183534,17.2557762,17.45337885,10.65061528,14.44282291
34214,14.43215795,13.72208399,14.91786249,11.45126716,13.38241712,16.02309211,16.07111918
30295,21.96875334,20.01304597,5.559667732,13.04305668,14.30481137,11.54713684,13.56352808
29964,12.76141497,14.82564209,2.340975619,35.7829765,17.94743162,2.772085482,13.56947373
37419,18.67779487,13.65548008,12.38545604,16.18989996,14.52306788,11.70750548,12.86079568
1487,14.58687892,15.82519638,16.79874141,11.3629106,10.67557466,15.97831137,14.77238666
1079,13.99407285,15.04271379,14.02779638,13.33323403,16.35380859,13.35286375,13.8955106
34340,14.54646412,12.48666376,15.870272,15.55446271,14.85738373,10.3050213,16.37973238
1952,14.32089848,13.44671496,13.03824209,12.91051155,18.66308895,10.29591496,17.32462901
33407,14.77040189,15.81434167,8.429726152,12.64481162,19.13819388,17.13629566,12.06622912
7896,10.7832673,15.78141504,15.95087802,16.82927562,15.9183356,12.35498756,12.38184085
33726,19.09958914,15.28662261,14.73486705,9.506151876,12.35130084,16.48777798,12.53369051
19632,19.01004925,16.25644944,10.35850329,13.99039556,14.1171269,14.19060527,12.07687029
445,16.12555175,12.89098722,11.49859893,9.485613082,17.29147852,16.52904071,16.17872979
38261,16.71431664,15.21679036,11.86008008,16.90014174,16.9795228,8.712855812,13.61629255
30,14.80863435,11.56381159,12.33877175,13.05583721,14.99871617,15.80894639,17.42528254
34826,14.6852031,11.4606421,12.89102749,13.88499149,13.9301443,15.64064079,17.50735074
10095,16.76764572,19.01924131,10.59053193,10.48281891,12.76146888,16.63396479,13.74432846
10516,14.30113787,15.28109444,9.876500153,12.78599277,16.71979112,15.04770305,15.9877806
357,13.95786149,13.24519244,13.59207864,15.47729142,15.44468884,13.68442445,14.59846272
35181,13.51402426,13.78334419,16.24322699,13.12246804,15.47292484,13.5739544,14.29005729
757,13.42067842,13.71470367,12.59440846,14.44913557,15.3171761,14.43175606,16.07214173
35654,12.49375553,15.00881514,14.36688763,11.85224607,13.34843679,16.13242206,16.79743679
33920,17.03723202,13.4768338,15.7342585,12.89476813,15.36648219,14.74243899,10.74798635
33484,13.94750608,13.32853602,18.19089414,12.16813419,12.66165773,16.29416122,13.40911063
33001,13.74253328,13.69308511,16.65213486,13.0071395,14.3860962,15.25784758,13.26116348
27645,15.22153061,17.33941442,12.91535358,19.45629167,15.32106004,9.996860573,9.749489119
36043,19.18585092,11.5632709,16.05740442,14.98818393,12.21217403,12.56458402,13.42853178
10867,19.38694933,11.86642654,15.70705388,15.4462869,12.99465248,11.99531054,12.60332032
40595,16.65938756,20.07026698,9.85612808,13.70900067,10.80053419,15.7466911,13.15799143
10611,18.83835537,15.16964916,9.583000867,14.71307022,13.43107645,14.80781804,13.45702988
36791,15.33831609,16.0319436,9.344201881,18.04211906,16.61039246,10.76646837,13.86655855
11105,18.99588444,14.68092661,6.785438621,17.62700768,16.32989831,13.45428927,12.12655507
37287,19.0098558,21.65144375,5.592826077,16.10602612,16.06248709,9.972116064,11.6052451
35799,20.11387704,14.6789495,13.47183557,15.39140745,11.5155371,13.63366647,11.19472686
33367,17.93085438,21.72015356,10.49091879,19.58974269,14.61173357,5.696262653,9.96033435
33844,18.32760604,22.40480406,10.24898078,19.41800732,12.85106783,8.415001784,8.334532194
6241,16.93533474,11.68996987,14.61846128,14.66998797,14.37626153,12.43936315,15.27062147
6682,16.58545012,12.12238493,18.00534835,12.9987511,15.71926107,12.15705231,12.41175213
19965,13.36285291,19.56818227,13.73639799,13.80997703,11.41546723,14.58142475,13.52569783
14652,13.2346247,17.26719023,15.63786665,13.45126578,13.31728161,14.76380529,12.32796574
15511,13.06720037,16.7737577,15.4830691,14.65877888,13.55345969,13.02595276,13.4377815
14176,20.79562349,13.89598026,13.74792894,17.06644052,13.26402465,10.72473145,10.50527069
18534,22.52010217,20.77078412,3.493742321,8.944952725,19.71811449,11.89950875,12.65279542
12857,19.5587817,17.26614012,11.56263461,13.37203111,13.6946016,13.26781793,11.27799293
11950,19.71813523,16.73859615,10.99252461,12.20521156,13.23015533,15.40742567,11.70795145
11076,18.27161346,12.79288545,15.01739713,11.62611486,14.26480965,13.25384498,14.77333447
11509,18.1327586,12.97482215,15.11713839,11.58439858,14.27631292,13.22209044,14.69247891
36740,18.0274949,15.55365887,11.9261733,9.581430126,15.03755675,16.063506,13.81018006
15842,14.54150831,13.1962759,17.3024915,13.87986439,16.15416048,13.3268056,11.59889381
15371,15.74234155,12.56297506,11.9763614,13.84826122,15.34044031,15.06932428,15.46029619
7778,17.62462754,11.80443762,13.99110394,15.63873531,16.59468221,10.82186015,13.52455323
2713,14.28721854,11.1238671,17.6601551,16.08752014,18.22587231,9.287684124,13.32768268
39330,16.10790332,11.34274767,15.46152817,15.89722146,18.45683273,12.73793972,9.995826926
38830,13.84646368,11.39463686,17.7168869,17.33979461,18.33060842,9.852673666,11.51893586
3134,13.46959167,10.82061897,16.90652367,20.56443493,20.48161989,7.428567783,10.32864308
34660,12.66915866,19.92117796,15.70467134,12.43755923,12.00530827,14.38187962,12.88024493
33290,12.44701335,23.12795075,15.52045075,12.70620385,14.45145893,12.08213509,9.664787286
34200,12.24025249,21.42938776,14.89257578,11.99865244,14.39680128,13.94221236,11.10011789
33730,14.74550897,22.66725767,14.42935214,12.73440742,11.91256654,12.87263576,10.6382715
2367,17.04320505,14.80153594,9.931765215,11.27458802,15.02322057,16.41735803,15.50832719
8427,14.83389082,15.55793442,13.5662863,14.82984773,12.52645754,14.98029899,13.70528419
37785,15.12536477,13.74890513,14.17604045,13.95290308,15.46344246,12.6971409,14.8362032
7974,14.49287685,13.98513785,14.29580662,14.6404756,14.60677527,12.97962531,14.9993025
38292,17.49913376,13.50990971,12.16149557,18.79305146,14.41176414,9.283208931,14.34143643
28784,14.28426426,12.32967098,15.47752531,19.27916546,17.61789492,9.786702901,11.22477617
18517,12.08837584,17.60034936,17.894648,20.29994204,11.62550853,8.655970114,11.83520611
26043,14.69838177,14.87872692,14.29940562,10.55438756,14.94589493,18.2442516,12.3789516
22727,17.20600698,16.45037327,11.1493204,10.25084932,14.60771339,14.21976884,16.11596778
23685,17.35544523,15.81870238,8.80068374,10.78579018,15.99276404,14.7894471,16.45716733
23220,18.11081168,17.65262692,6.474152684,12.59128359,16.21351911,14.63347064,14.32413537
14183,17.96339876,18.42879146,14.28402807,11.35504141,10.66929664,12.19212089,15.10732278
15727,11.29884663,17.44282035,17.22923033,17.14817966,12.85402106,11.32598495,12.70091702
25724,14.47876141,16.25753291,10.17403082,16.90411267,12.82836569,13.07914871,16.27804779
26039,12.76141497,14.82564209,2.340975619,35.7829765,17.94743162,2.772085482,13.56947373
11523,12.76141497,14.82564209,2.340975619,35.7829765,17.94743162,2.772085482,13.56947373
17263,17.00926265,16.57589951,9.677967981,13.11294245,14.44045264,13.90528365,15.27819113
17583,16.63301879,17.49894708,12.17664438,12.41443127,13.39830644,15.18418201,12.69447004
18147,17.04051642,15.63381605,13.39242745,12.39549146,12.63409485,14.78293194,14.12072183
18430,12.76141497,14.82564209,2.340975619,35.7829765,17.94743162,2.772085482,13.56947373
2155,18.31595771,14.56434761,13.00115935,16.40167778,15.28173813,9.614496983,12.82062244
1264,17.88518872,14.30758085,14.51297513,15.5348791,13.68802061,10.72556868,13.34578691
40112,12.33511903,15.47102053,10.41337137,17.75900489,19.17010226,11.49909403,13.35228789
40622,10.78645863,13.58568409,15.11884489,18.53461931,18.34419618,8.639052401,14.9911445
14514,13.47446799,12.11619459,13.67662405,23.80788225,21.43292979,4.505877208,10.98602412
14883,13.47446799,12.11619459,13.67662405,23.80788225,21.43292979,4.505877208,10.98602412
13775,10.97768411,16.15587823,13.2259096,15.26258472,17.38547515,13.47718996,13.51527823
28737,19.5459735,11.85280533,12.85909477,11.02777002,15.28756524,13.03471576,16.39207536
2993,13.28848405,17.97134929,15.53694509,11.14428227,12.41592119,14.69881819,14.94419991
3358,14.20469373,20.96123369,15.55175951,9.892815974,11.94031507,17.44400545,10.00517657
39608,15.98132899,18.07870713,10.45202063,12.44776762,14.7263147,15.55456989,12.75929104
39130,14.83976576,16.07681226,15.30135724,14.73583513,12.4957541,12.66704208,13.88343343
9030,15.95202181,19.84366363,14.59264112,14.93377221,11.27429493,12.19130001,11.2123063
9448,15.99362881,21.05228149,12.11726809,12.78241257,10.62976543,15.82331086,11.60133274
10330,16.83058919,20.87820733,13.96038347,14.21223736,10.80228008,12.3413712,10.97493138
9891,15.06957668,19.53972319,17.54918653,14.90389745,11.60292645,11.51848731,9.816202388
14629,13.80210847,16.0056509,10.6606035,9.901244329,15.9419511,18.14151709,15.54692462
14970,13.80210847,16.0056509,10.6606035,9.901244329,15.9419511,18.14151709,15.54692462
40194,14.10438387,17.16101239,11.55413134,10.75450161,12.9079429,16.36866269,17.14936521
27400,20.29418961,15.04123945,7.138527257,11.80591783,12.76692711,17.40336013,15.54983861
13811,12.08027388,14.03432279,2.216025942,36.83740688,19.36264274,2.624125297,12.84520247
13424,12.37014126,11.66312186,14.93737815,20.62394716,23.89972881,9.117389776,7.388292973
36866,19.67957786,19.55829842,6.07870082,8.699960584,15.88858617,16.784488,13.31038814
40268,12.63576992,12.94998613,17.25534563,12.62444585,14.58979459,14.79199156,15.15266632
13888,13.15436151,12.21861453,14.77865802,19.33418379,23.11019769,9.721255659,7.682728795
39762,13.46363234,10.77731094,16.61427012,21.03010361,18.54395624,12.04141099,7.529315767
38148,16.17125202,11.99668934,15.07013016,15.13234323,13.62736797,13.67636354,14.32585375
8307,15.84624696,12.27109773,15.29121228,14.59482384,13.99223181,13.1690192,14.83536819
7120,16.31914312,11.54391935,14.94833989,16.97647356,14.73542218,11.54310685,13.93359506
6681,17.73523835,11.51686854,18.22471492,16.1659061,17.95235667,10.13084221,8.274073211
6240,16.61709253,12.10271857,17.22124836,14.55321069,16.15756192,10.8577393,12.49042863
38481,18.23590374,17.60927287,9.931650013,9.987618787,13.5864522,17.38755637,13.26154602
8218,16.05879397,16.90513277,13.02880857,11.91868004,15.72766565,15.07720268,11.28371634
38019,16.24477592,17.83444709,13.99765378,13.40068807,15.51718884,13.95998337,9.045262932
8651,14.76339013,16.31570004,10.53370761,13.27613893,16.05717122,16.20957553,12.84431654
15610,12.16005615,14.42915566,15.09948851,12.56078963,14.80281487,15.24707905,15.70061612
15130,12.89432248,13.98568077,16.21700005,14.03714727,16.13373869,13.17987545,13.5522353
14333,13.04900397,13.77496676,15.27200869,15.3974793,17.03387163,12.44656661,13.02610304
13635,12.25258842,15.84795263,12.78589208,11.67698574,18.70693599,15.09539768,13.63424746
14072,12.25258842,15.84795263,12.78589208,11.67698574,18.70693599,15.09539768,13.63424746
19763,17.62317293,14.11940911,13.98872003,15.0679436,11.65266843,11.4784394,16.0696465
19431,18.70285381,12.93818979,14.79734365,15.35830679,11.88129733,12.01669466,14.30531398
14134,13.44763012,19.5206516,7.354171566,9.088406514,19.86954792,18.73390089,11.98569138
34682,14.02752715,16.17134985,15.33780444,10.31696464,13.67619483,16.14607442,14.32408468
11666,13.4426515,16.66891617,17.02681748,10.41757484,12.70918921,16.58675831,13.14809249
12086,15.62436091,16.68882961,17.91726493,10.96377164,12.94473534,14.1677717,11.69326587
36660,13.66948031,17.60321495,16.476369,14.59310796,13.76767373,13.84302359,10.04713046
32153,13.63328604,11.08060873,19.61418049,14.04739605,18.59116806,10.46166623,12.5716944
32600,13.63328604,11.08060873,19.61418049,14.04739605,18.59116806,10.46166623,12.5716944
18442,20.92010341,13.00880386,14.93533837,16.43738811,13.21589218,8.374997393,13.10747666
37355,15.76645841,13.59617397,13.65204054,14.26166177,15.37103337,14.22495773,13.12767421
5347,16.65417601,13.99753115,11.06081406,14.89610171,15.25106191,14.19294718,13.94736798
14608,13.08151972,16.76125065,12.12347407,15.45773937,13.39430923,15.08145547,14.10025149
15409,13.88903283,17.44034322,12.68343383,15.06129182,12.98279229,14.95012337,12.99298264
14964,13.15393076,16.77659452,11.87356013,14.4743863,12.64708496,15.75624003,15.31820329
19912,15.74268501,15.98230133,8.328100778,13.13692226,16.30564238,16.96203735,13.54231089
19571,13.4862225,13.12895327,15.00439506,13.07783503,14.97922749,15.01276584,15.31060081
18919,14.02171839,13.74696759,14.40805762,12.28653612,14.91528266,15.20169536,15.41974227
16773,11.50397225,18.59690874,10.24563998,9.687823578,14.59668425,21.17547021,14.19350098
27680,13.07011676,17.60224444,16.19016771,11.29498351,13.62410368,14.79545714,13.42292677
17927,10.94742193,19.11366094,5.837785973,13.35991525,19.1416588,16.80726377,14.79229333
33948,15.50734645,12.20716741,16.35632339,11.65177656,15.95629777,13.55412783,14.76696059
33019,14.49974336,13.31490217,17.13428728,12.01361799,14.61141186,16.68074801,11.74528933
35385,18.54332218,11.97339599,13.68195196,18.60910517,13.60736197,10.22688892,13.35797383
2240,14.57181771,15.44866456,13.96700356,16.86965133,14.40423581,12.0707472,12.66787983
758,14.05061073,15.9619922,12.92577909,9.864081686,14.13040088,20.57888035,12.48825506
34574,14.30153766,21.45565274,12.81354465,12.95488411,14.88475668,15.24522893,8.344395233
34127,15.0146568,19.54611025,13.61910284,12.61748339,15.12295567,13.6834473,10.39624375
30612,12.54278339,14.57164568,2.300869471,36.10444201,18.41866769,2.724593458,13.3369983
7217,16.87139146,13.7751154,13.66923998,12.38758553,12.98673135,14.64464487,15.66529139
7686,17.85626202,16.74368543,8.749956578,13.00391931,14.42760472,17.73660698,11.48196496
40506,13.10389899,19.36281096,17.42986232,13.07827936,13.85111761,13.60569608,9.568334668
15154,12.1189617,19.81666906,16.64882687,14.979643,14.65558467,12.086076,9.694238702
14358,12.85428991,20.41902064,15.06829101,15.66035611,15.12701956,12.28859113,8.582431649
17709,13.81967352,15.33857858,11.71703718,13.67296467,13.83543079,15.15079533,16.46551993
18009,16.26239315,11.93233265,10.70321099,15.14499072,18.8123365,11.64535455,15.49938143
18038,14.99360777,12.06294624,11.32907155,15.37999939,19.11474045,11.69321996,15.42641465
17322,13.65928833,14.18580243,12.54583627,14.10382307,15.0143949,14.51667531,15.9741797
26007,12.76141497,14.82564209,2.340975619,35.7829765,17.94743162,2.772085482,13.56947373
13786,17.39135916,22.86051991,15.78337248,12.1101955,9.942188876,11.957917,9.954447063
40127,14.06378972,18.36339781,15.91325997,13.08569423,11.83207749,12.98297332,13.75880747
40041,12.14776571,15.16424047,11.5491736,16.24200703,16.79269247,14.19183136,13.91228936
13703,11.8618626,15.56787971,11.31034475,16.24601834,16.84945247,14.21844676,13.94599537
14123,12.42936968,16.13309275,13.01881819,11.75029917,13.40855979,15.0028853,18.25697512
40524,11.97829242,13.23745362,13.50243748,17.32491603,17.35859305,11.39112176,15.20718565
16173,14.36283504,16.60444122,13.14258899,10.93919184,14.15371161,17.09821649,13.69901481
17737,14.39761067,18.18438296,13.77253696,15.97727019,12.9216817,12.13209532,12.61442221
16596,14.37320166,12.97766432,15.27838198,11.96711382,15.12390254,15.3712338,14.90850188
18215,16.32299967,17.26157828,11.74207987,13.42556886,14.77079235,13.95095445,12.52602653
19755,14.48214837,14.7654563,15.45738433,14.68447131,11.56465331,15.31757755,13.72830883
19441,15.16957909,13.76163703,14.02185318,12.39755327,14.21104623,14.98723251,15.45109868
18743,12.11245242,14.62763148,16.09994144,10.54330551,14.83285949,16.07646971,15.70733994
19137,11.77453039,17.51663944,12.30658428,10.41686774,17.27481278,18.56319628,12.1473691
28989,19.41246402,14.24828069,11.75856207,15.42315604,17.91584649,10.37816529,10.8635254
27639,14.81906824,14.1982057,13.0354957,12.60974518,15.04786152,15.72520586,14.56441781
26319,16.37541479,14.5044252,12.7139818,13.21693403,18.84803622,12.3575739,11.98363406
26747,16.37541479,14.5044252,12.7139818,13.21693403,18.84803622,12.3575739,11.98363406
28142,12.08027388,14.03432279,2.216025942,36.83740688,19.36264274,2.624125297,12.84520247
38994,13.044033,14.84390552,15.93621641,9.206612776,13.47810024,15.68691454,17.80421751
2865,13.71482715,14.23020302,14.45362147,9.50692002,14.20373994,15.69810051,18.1925879
29355,18.01071607,15.70829841,8.019219751,12.58138969,16.30193174,15.90454402,13.47390032
40519,11.58268559,16.50624928,13.32464476,12.1671102,16.06883933,16.83272313,13.51774771
39049,15.20208913,16.2033846,11.01289491,10.99619973,15.65230203,16.9251065,14.00802311
39525,12.48330324,16.20998521,8.875394777,14.48287833,19.51094099,14.4604127,13.97708475
41257,15.8037302,13.7593983,14.19937414,11.86196409,18.74365888,13.77127706,11.86059733
20018,15.17872901,12.82744411,13.98910177,14.41934711,19.22168737,12.27995888,12.08373175
40752,14.33428652,15.44767515,12.0575475,12.92450034,19.20245655,14.30147353,11.73206041
41167,11.87647669,16.16977812,11.11390641,10.5959297,15.93619045,17.53240665,16.77531198
21227,12.10239869,15.5010258,13.39780046,11.89385556,17.17898993,16.37712915,13.54880042
22115,11.55726569,14.35610845,17.21217419,12.44037484,15.33705804,16.32069074,12.77632805
21621,13.60144325,15.13981456,13.26189013,10.90468847,16.44050067,17.05070293,13.60095999
32044,16.57567712,14.85269912,9.66627044,14.50673946,14.42250625,15.44550503,14.53060258
32528,16.57567712,14.85269912,9.66627044,14.50673946,14.42250625,15.44550503,14.53060258
31193,16.18421789,13.75942842,17.0696915,12.53580974,14.07170084,13.25941078,13.11974082
31674,16.18421789,13.75942842,17.0696915,12.53580974,14.07170084,13.25941078,13.11974082
10557,12.56445796,18.34297313,17.40852981,13.77593093,11.0213868,13.90898362,12.97773775
2951,14.55418018,14.18748313,12.85954494,11.25534284,17.97708949,15.02095892,14.1454005
39107,14.63301922,14.93926626,10.90966794,11.55342742,15.92036928,15.6815695,16.36268037
39552,16.44558427,13.90004497,11.07368878,14.57237492,15.79721431,11.85994816,16.35114459
4803,17.29409914,15.9859562,10.36217485,11.65829339,15.03941413,14.500881,15.1591813
38982,13.62027578,15.33666844,15.12399088,11.37940085,14.25642403,15.03019295,15.25304706
2855,13.92883842,15.05097356,11.94129594,11.85123728,17.24477161,16.2251753,13.7577079
3242,13.96236518,16.78410408,11.69735972,9.996918142,16.27247228,18.86485057,12.42193003
39460,16.25393413,10.97649998,15.92956802,13.87969197,10.85022954,15.30008293,16.80999342
3914,12.66908263,11.88735724,20.75614129,13.28746337,14.21041342,13.77144291,13.41809914
30149,17.90545098,13.0175357,8.883690641,13.47183928,11.6460424,15.46154306,19.61389794
30476,19.61767601,16.44585363,14.34743575,10.78183035,12.10129815,12.55897069,14.14693542
30846,18.72686013,14.36641909,11.14113827,11.58456517,11.7595436,14.15758934,18.26388441
29767,17.65134705,14.13472187,10.07673754,12.44620548,12.12391743,15.76925239,17.79781823
31317,13.02285831,16.5901722,14.48652122,11.6162581,15.12959395,15.12881452,14.0257817
31793,13.02285831,16.5901722,14.48652122,11.6162581,15.12959395,15.12881452,14.0257817
21097,12.5133392,18.22677459,13.16315508,11.0855599,12.15540176,18.8826819,13.97308757
21989,11.93094029,17.62178283,12.67022403,11.33195647,13.53163175,18.85440272,14.05906192
41102,12.26432913,18.38528431,12.58708343,12.8743472,12.91159472,16.68545385,14.29190735
21981,18.43346328,13.35250371,13.96438599,14.30120776,14.03897003,11.47581531,14.43365392
21490,18.75820657,16.12244692,7.795175577,10.59119324,15.40987656,16.75534515,14.56775598
22086,15.16397969,14.64243976,11.97464014,12.04284456,17.57275305,15.56218161,13.04116119
21207,12.97678991,14.26941158,15.67984884,11.47522002,16.10850393,16.24854412,13.2416816
22524,16.3608426,14.50272791,11.65757964,15.92453374,16.46945343,13.36967008,11.71519259
21600,12.04554693,14.46232024,14.73944044,10.86797155,13.52336164,17.46534199,16.89601721
497,16.74300178,13.14484619,11.12905779,15.35747058,16.94015247,15.08391605,11.60155514
34883,15.93447391,11.69514131,12.39429756,16.45718723,17.243894,12.40123337,13.87377262
83,15.46240457,11.02369748,13.95961218,15.66583277,16.74401864,12.79388005,14.35055431
41397,14.17050082,13.85247973,11.67569953,11.23617502,14.5758927,16.35356091,18.1356913
22097,10.50813823,14.70138685,15.78499943,14.62409783,15.14226523,14.29029662,14.94881582
21215,10.43942596,16.09055283,12.41144924,13.91844385,15.4514861,16.44357247,15.24506955
21610,11.05495492,17.08738401,10.02993682,13.0838793,15.16329382,15.51506062,18.0654905
22516,11.84701797,13.65504392,13.00957286,16.84014328,17.85394849,11.54109667,15.25317681
20249,15.75885358,16.98612425,11.32109875,11.52904935,15.87021635,15.09791802,13.4367397
20694,15.75885358,16.98612425,11.32109875,11.52904935,15.87021635,15.09791802,13.4367397
35627,16.46913755,10.62913839,10.61529778,19.53465072,18.49666447,9.13407885,15.12103224
35674,12.9732892,13.38885062,14.5914107,17.04972946,17.84271981,11.10635184,13.04764836
41659,18.83303505,16.19460874,15.2223206,12.87781713,14.00902311,11.74894767,11.11424769
22196,21.41998294,14.90208626,7.384975453,13.60397646,12.05347416,19.13637268,11.49913205
21335,18.19544347,12.09242614,12.12958351,14.47377393,13.07666876,15.95500227,14.07710192
2170,14.91992107,19.42393994,12.77133918,13.39087137,13.84872205,14.81273489,10.83247151
606,14.78722778,17.1816472,11.52388951,12.57280967,16.18792513,12.54165642,15.20484429
187,14.35993146,16.06834261,13.68081739,14.12981995,17.99980047,12.52652716,11.23476096
35001,14.17501171,15.9274158,15.6152017,14.54190349,17.44987005,12.58110601,9.709491242
22130,14.06284611,18.59987944,9.742749063,9.446410407,14.42120614,17.70742044,16.0194884
22568,11.88930282,16.55716792,11.23901576,10.8760485,18.22503997,16.41827923,14.7951458
41548,15.42853759,11.51420194,12.10448142,12.80480782,13.02622168,16.83665762,18.28509194
20752,15.51552293,14.73265141,14.49363603,12.33725451,17.22412768,13.91508455,11.78172289
20337,14.46186214,12.66023587,12.85225575,12.78711614,15.30319405,14.56433638,17.37099967
20427,15.97754049,17.19375064,12.08276796,12.88727377,13.04824044,16.18559522,12.62483149
20875,15.97754049,17.19375064,12.08276796,12.88727377,13.04824044,16.18559522,12.62483149
38754,20.63261575,12.22708576,9.056067147,22.77863195,17.210298,7.144140365,10.95116102
39249,19.18689376,10.00313306,10.02532791,22.91813586,18.42633387,8.503807936,10.93636759
2622,20.78811006,12.37863212,9.879113151,20.54911239,14.86539944,8.742475124,12.79715771
3608,13.3147396,13.64160024,15.99785859,13.08454353,15.61631562,14.83886032,13.50608209
4943,14.83422279,13.81895402,14.56007426,11.58650432,15.06735335,15.1134172,15.01947406
4490,15.29461406,13.15601293,15.1694509,12.84237641,15.202076,15.5996992,12.7357705
39164,12.1140339,14.20163624,15.78657404,12.9409935,14.70231443,14.43722763,15.81722025
39643,14.13036405,15.00980013,11.03615833,13.16367067,16.82619059,16.03672484,13.79709138
4009,12.70105304,16.86821459,17.71385003,12.18173774,13.34858044,16.09751853,11.08904562
23153,13.46599012,11.74600966,15.64221646,15.55798286,16.4723252,12.54332622,14.57214949
23611,13.46599012,11.74600966,15.64221646,15.55798286,16.4723252,12.54332622,14.57214949
20321,19.27607533,17.41517311,10.45212515,11.51953525,12.60737672,16.33587436,12.39384008
22369,16.81914489,15.42990959,12.10534725,19.65410808,13.97098747,9.804046967,12.21645576
41550,18.44232086,16.37191636,8.851388762,12.9719702,14.84505668,15.99380116,12.52354597
25219,17.50835276,11.60292886,12.4960451,13.87550499,19.26924489,14.54615427,10.70176913
24849,17.99676489,12.23705861,10.50173368,14.12740574,19.37305489,14.98873638,10.77524581
18816,13.22268144,16.63437148,16.54781463,14.31249117,12.89127383,13.3669434,13.02442404
19493,13.88562528,17.83708585,14.86752969,14.07648622,13.29290327,13.61915862,12.42121106
19178,13.13899154,15.59984906,17.48177047,15.56147689,11.99808543,13.0785948,13.14123182
31050,12.8569636,14.89821743,12.7676253,15.25167178,18.45706911,11.86636128,13.90209151
31533,12.8569636,14.89821743,12.7676253,15.25167178,18.45706911,11.86636128,13.90209151
5233,14.59192663,11.95604057,19.0474588,17.05182186,17.39637533,7.811458268,12.14491854
22394,11.06341231,16.15817162,17.9426421,11.36048866,15.21104018,16.47253753,11.7917076
22351,16.7154873,13.45180847,12.64621995,15.8608914,17.46173485,13.16436939,10.69948864
41505,14.94763228,13.36121314,14.67842643,13.16183037,15.37241643,14.51197994,13.9665014
41160,12.41790838,15.88820485,13.61714084,9.198477588,13.78379772,20.89934655,14.19512406
21213,10.91856157,14.6630154,16.02959186,13.12840423,11.95309398,16.43741667,16.8699163
22100,11.31256672,15.05321651,14.82185004,13.1885555,12.23428465,17.38867683,16.00084975
21608,10.48205405,16.04305059,13.60732967,12.82051574,11.04016201,17.19831406,18.80857387
28928,22.99426586,18.79218669,6.728412488,8.845578439,12.38039379,18.0215188,12.23764394
27218,14.50729371,17.50480267,14.8970634,14.51298451,13.59316571,13.88449363,11.10019637
27652,15.60111877,16.94984306,11.7712183,16.1581675,14.94905295,15.96318122,8.607418201
26757,12.65328003,14.70001574,2.321139162,35.93976158,18.18271587,2.74859598,13.45449164
37192,15.69381081,15.13189571,14.18253811,13.81891317,14.20189081,12.97128919,13.9996622
37700,14.30564163,15.60279425,15.69856374,11.29110623,16.74177192,15.03089445,11.32922778
5689,14.72811868,15.99326817,14.45929256,11.58159399,17.17868507,14.57377867,11.48526286
27985,11.71686227,13.61212741,2.1493611,37.45539704,20.06228911,2.545183579,12.45877948
22230,15.57218312,13.83370142,11.4769632,12.3424639,15.48350551,14.99876125,16.2924216
27756,16.96144342,22.45882495,9.632426787,13.27704012,15.3705164,12.40082602,9.898922301
23584,12.76141497,14.82564209,2.340975619,35.7829765,17.94743162,2.772085482,13.56947373
3355,19.96216105,15.46243368,12.19123708,11.87933725,12.63487669,17.24259287,10.62736138
2987,18.88519411,15.32551503,12.14578547,11.19827492,12.94893331,17.05570709,12.44059009
26022,17.31995469,18.76540767,10.8862308,13.58940213,15.11910021,12.61589379,11.70401072
6511,13.40593352,13.99451519,17.47606054,9.696608147,13.48877434,18.14189039,13.79621788
7393,13.40593352,13.99451519,17.47606054,9.696608147,13.48877434,18.14189039,13.79621788
30209,13.71456581,17.95744884,11.82399628,15.81640585,16.4704281,12.30720545,11.90994969
29841,12.54278339,14.57164568,2.300869471,36.10444201,18.41866769,2.724593458,13.3369983
18323,18.47009207,15.02613375,10.02527476,15.91589142,14.74240266,12.04985566,13.77034969
17857,18.74390254,14.8453217,9.498213147,18.09569667,14.5696422,12.11065046,12.13657328
16995,18.70255068,15.38861919,10.75054465,17.00881356,15.80238054,12.7170238,9.630067577
15829,16.33963657,14.4734735,11.63089772,13.36186835,14.72007702,14.82168842,14.65235842
1280,19.19019864,16.1567478,8.250046215,12.29541308,15.23090102,13.07994031,15.79675294
2151,18.31305266,16.60713521,10.11328245,11.42240366,13.63522693,14.13403229,15.77486681
1696,16.64332464,15.7713633,12.99155684,11.62955221,17.91867486,14.00875786,11.0367703
36918,12.14620512,15.86257921,14.39816985,14.69742678,14.91936474,14.17010485,13.80614944
37914,12.81362799,14.15519974,14.82454672,14.73958753,15.2636062,13.90403526,14.29939656
12767,16.02529508,14.55984187,13.06843572,13.50483944,15.2493542,14.45816375,13.13406994
24323,14.98555511,15.54737732,11.22968499,12.05627358,16.29580118,16.78655638,13.09875144
22949,12.11653696,14.93706542,13.01683283,13.24756543,18.50008938,14.4125968,13.76931318
23890,13.10102647,15.00613001,12.50449314,12.79344336,18.11253982,15.40510002,13.07726717
23412,13.90095026,17.23282757,11.90123677,12.45222415,14.24129526,16.46285159,13.80861439
4913,15.40816423,15.37681813,12.8058845,12.67571078,15.44893958,15.98185354,12.30262926
4450,13.21536685,13.02917895,15.38568889,10.19425182,14.09965382,17.85812872,16.21773095
41227,13.76338071,14.46979623,12.61659563,14.02290295,17.26328333,13.25312692,14.61091422
40731,17.12165723,17.64095444,11.19488646,13.07326984,14.76299414,12.96995299,13.2362849
19994,14.04774287,14.98637783,12.99425813,14.46364854,19.28944142,13.19049686,11.02803435
22679,14.54941152,17.72063476,10.25378016,12.43099718,15.16366457,15.87390359,14.00760821
23177,14.54941152,17.72063476,10.25378016,12.43099718,15.16366457,15.87390359,14.00760821
20465,12.76141497,14.82564209,2.340975619,35.7829765,17.94743162,2.772085482,13.56947373
3441,14.64950966,13.66413394,16.4467264,11.8105321,13.092585,15.52659141,14.80992148
3908,14.64950966,13.66413394,16.4467264,11.8105321,13.092585,15.52659141,14.80992148
2748,15.56763708,13.14447087,16.75296456,14.23599017,15.98548867,11.6811624,12.63228624
36897,16.16122065,13.10916262,16.48978982,16.52606722,14.48646565,12.1106849,11.11660913
37397,19.69508666,14.99226357,13.01160139,12.77797128,11.91591056,12.63675529,14.97041125
16459,14.12471886,19.20414689,10.18119273,8.523933013,13.66233781,19.65229072,14.65137996
17134,19.05515213,15.37404979,9.419844358,13.51708311,16.20799813,13.59924245,12.82663003
18075,17.55005369,14.77744584,10.877312,12.63882053,17.04479876,14.26169165,12.84987753
16827,13.81013421,19.90816367,8.779882611,8.184391974,13.9798206,20.10922452,15.22838241
17890,14.20609707,17.92610902,13.01865859,15.27808121,13.5196585,15.41275701,10.63863859
15800,15.73001545,15.85781987,14.72024755,16.85295156,13.91670249,11.02174109,11.90052199
14545,14.03895123,16.58328633,16.91928193,13.3990482,10.71336085,16.79904567,11.5470258
14907,14.03895123,16.58328633,16.91928193,13.3990482,10.71336085,16.79904567,11.5470258
8830,16.10994829,16.93887626,11.7700708,12.1318518,15.68789243,14.71048384,12.65087658
38250,15.66578532,15.13492611,12.97761767,9.270821771,15.14898173,17.29052152,14.51134588
8393,15.8839859,16.30143303,11.46499385,12.14244756,16.15464329,15.14402554,12.90847083
19872,15.08443693,18.07093028,12.73960688,15.19421051,16.36131122,12.33007899,10.21942519
11442,18.12372854,17.46400089,11.43976367,12.53881613,14.05417297,14.7770057,11.60251211
11022,12.31530021,14.30736588,2.25913957,36.45664669,18.89125822,2.675178654,13.09511078
23986,14.91861285,14.96103792,12.03589935,12.35332037,14.49955986,16.93097436,14.30059529
23038,14.90335453,16.71724816,10.25382921,12.28677845,13.38098236,17.24804213,15.20976516
15640,14.54590262,13.48920357,12.7755907,13.55956486,15.47910685,15.21650554,14.93412586
7654,12.65139534,13.76488881,14.06422402,15.99353989,14.90631189,13.32286854,15.29677151
7183,15.04408611,13.59902254,16.04887002,14.26977406,16.17592981,12.06370386,12.79861359
6299,16.0401181,12.931013,16.76595389,15.54828789,14.34880593,10.2432708,14.12255039
22881,13.79997026,13.43255813,17.51628077,12.88649221,15.94733492,14.23297249,12.18439121
23827,14.90776898,16.02476838,13.52584967,10.39772101,15.14575363,16.4977398,13.50039853
23357,14.23461063,13.56543876,18.82395708,12.27452062,14.84623117,14.58479122,11.67045051
33529,12.82947588,21.51580201,16.67169489,13.03801482,14.79567755,11.30624344,9.843091413
34443,14.33534784,19.1570515,15.2214905,16.21581026,16.7151178,7.946084937,10.40909715
33049,12.86298232,20.86996131,15.19012159,16.26353398,16.43774977,9.478626603,8.897024425
33974,13.78644209,21.90949201,12.77454932,18.59746093,16.73813766,8.40524997,7.788668018
34277,13.0005746,13.44999404,17.48106505,10.85274327,14.84007155,16.01536538,14.36018612
33372,13.237155,13.61413918,15.72591848,10.48597974,15.76910942,16.49231277,14.67538542
33840,14.69132636,16.47434586,17.1200259,7.850085666,16.86042349,17.55604238,9.447750352
10138,15.72639355,20.0796151,14.22079855,11.6539656,11.62188383,14.8270657,11.87027768
24852,14.61520908,20.3667566,15.05624694,13.30695102,13.07277804,14.14441975,9.437638569
25222,14.61520908,20.3667566,15.05624694,13.30695102,13.07277804,14.14441975,9.437638569
10490,12.89283011,15.69835189,14.93889588,12.29597328,16.15101815,15.74200155,12.28092914
28790,12.95242318,15.29272931,14.29968921,12.95395254,13.72628185,16.13128181,14.6436421
27908,12.45200144,18.07247152,12.75842883,11.55617796,14.10076072,17.32759978,13.73255974
28330,12.45200144,18.07247152,12.75842883,11.55617796,14.10076072,17.32759978,13.73255974
18353,16.21404129,13.00827416,15.08244454,14.49021151,15.40880826,14.61044904,11.1857712
17895,18.91977194,14.83456432,6.896844072,11.5959015,18.98485248,17.73790398,11.03016171
36142,18.11711954,19.45230135,7.295822687,17.70963612,10.16532748,11.64235993,15.61743289
11646,16.0070652,17.56197114,16.94618088,14.30822186,11.61679313,8.999601907,14.56016589
36648,10.48118902,17.14820913,1.877305399,20.49167958,22.4309521,6.923693573,20.6469712
12550,17.0138055,16.75682977,13.18907486,11.17972171,13.68425459,14.33732,13.83899357
12067,15.6597104,16.74089813,18.46782707,17.04731471,11.01184949,7.27402259,13.79837761
23933,12.29770815,15.45678397,15.46821577,14.25819823,15.70345139,12.83899577,13.97664673
22993,11.73758682,15.35261014,14.3628969,12.84143027,15.45795624,14.53891239,15.70860724
24361,14.90043431,16.48163102,10.70928269,10.6844552,17.05647185,17.33609609,12.83162884
23444,12.33392493,15.68013232,11.04987298,14.05000736,16.71074964,14.1453796,16.02993317
17255,17.26599262,16.99698373,12.9578699,20.61732012,10.47528093,11.84716006,9.839392644
18174,18.6518108,16.64304386,10.99993034,14.61055686,9.568964466,14.25813614,15.26755754
12543,15.67124971,18.98489617,14.96993291,12.19310571,12.38712228,14.12455671,11.66913652
11634,14.9143049,18.12587065,15.26128253,12.26758194,12.66055773,15.13427086,11.63613138
36132,16.0038354,20.58507232,13.73231052,11.30723357,11.32261478,15.96290681,11.08602661
12072,12.7792634,17.83311914,13.96897147,13.69413719,11.7077026,17.15164084,12.86516536
13048,17.22959706,17.70434449,13.56407628,15.69889744,11.42032637,10.55571063,13.82704774
10979,11.9603881,13.89504485,2.194033892,37.03759785,19.59712659,2.598083231,12.71772548
8181,16.1811738,13.3753788,15.04481152,12.54387148,14.28893979,14.24688619,14.31893843
8616,16.1811738,13.3753788,15.04481152,12.54387148,14.28893979,14.24688619,14.31893843
9704,17.63068677,15.93322903,12.74978159,18.26325384,13.54221005,10.20494334,11.67589539
10175,17.47183796,13.55790596,11.36960417,16.90703097,14.07873773,13.01234704,13.60253616
41300,16.11399032,17.44087131,12.46933521,11.08810583,16.23527346,15.30490732,11.34751655
12942,17.39425749,15.45824342,12.92373254,12.7045405,13.12616227,12.89055929,15.5025045
20058,16.32478194,17.49724855,10.50446704,12.81632998,16.10758566,15.30033187,11.44925496
5528,18.27095336,18.33206377,13.36362798,11.17766679,13.08532792,13.51821544,12.25214474
5964,18.27095336,18.33206377,13.36362798,11.17766679,13.08532792,13.51821544,12.25214474
22481,18.60250318,16.02097463,13.37681932,14.62517078,10.93189499,13.57326876,12.86936833
18849,15.25974285,21.55223694,13.45320041,12.93954762,14.25114121,12.35566232,10.18846865
19527,15.53129795,19.67904716,12.42570142,11.3831026,14.00126955,14.32918229,12.65039903
25985,12.29654235,20.34104555,16.86004226,14.62063001,14.28422718,10.65635877,10.94115387
33780,18.3568777,19.61712224,12.50977596,14.23310686,16.55781769,10.02689147,8.698408069
37748,18.9183671,22.53439015,8.370393147,10.6520816,16.76355573,14.9590767,7.802135575
2369,14.03348063,15.31464511,14.80112566,11.67548915,13.04631521,16.37315447,14.75578978
1941,13.49184092,19.53426408,12.23080895,12.69009637,12.59199556,15.44114554,14.01984858
1061,13.50511803,19.85028564,12.03712783,11.99093369,12.98394482,13.99055158,15.64203842
37144,17.39584572,15.80286446,17.2893964,16.60450686,12.67407777,10.63201782,9.601290975
5086,16.92146737,19.13658065,10.73295664,12.56322791,13.34244494,13.65834541,13.64497708
39736,20.09577834,9.204677581,14.11282095,16.61541593,18.46968897,10.35565888,11.14595936
40237,17.47660024,11.00799934,11.95327012,16.67715741,20.71027998,11.53451532,10.64017759
13866,19.58500555,14.25294575,8.464114124,14.52498796,20.23419431,11.44661315,11.49213916
13399,19.40330232,10.94903992,10.35968197,17.98435086,21.63506376,10.140149,9.52841217
36803,15.62919469,12.51753869,11.37592686,22.8669128,19.19686149,9.665206898,8.74835856
22415,16.50932416,12.55950624,15.47388593,13.42008095,15.91652781,16.11051108,10.01016384
1345,16.18341247,13.7646239,16.37256858,11.59251755,11.69576738,14.69541875,15.69569137
30855,19.44104852,19.9721463,12.04504471,7.750855022,14.48351437,17.54538379,8.762007293
28366,12.41641929,18.73167792,15.85864729,11.56293368,10.81585968,17.93179228,12.68266984
7261,16.28147615,14.46922645,13.87443313,12.80041829,12.27544021,16.24013481,14.05887096
27069,11.92739704,15.78217942,12.59195371,14.49567556,15.71911584,13.68252055,15.80115788
27512,14.47503949,17.58086584,13.47529354,16.37349251,13.57386834,11.91477018,12.6066701
26152,12.31530021,14.30736588,2.25913957,36.45664669,18.89125822,2.675178654,13.09511078
27952,12.08027388,14.03432279,2.216025942,36.83740688,19.36264274,2.624125297,12.84520247
37289,16.5457973,12.4844171,6.850178094,17.38530364,18.78235224,11.90886907,16.04308255
5283,14.4625451,12.82795134,9.8247541,17.26344575,17.45790594,12.26057505,15.9028227
36800,15.93868071,13.62676085,10.95236835,13.73968759,17.71586403,12.86246011,15.16417837
5751,13.76175868,13.46931497,13.12290996,12.93498272,15.84897205,13.19479178,17.66726984
7489,13.11434873,21.36077802,7.842574893,19.88608547,15.48633961,10.7314463,11.57842697
24531,17.17585389,17.14598343,13.85113887,15.15058985,11.95288094,11.07618638,13.64736663
29452,12.25803599,17.99121311,10.56206139,10.52009146,15.65245487,18.51284864,14.50329454
3157,13.2448527,19.56133824,9.596684839,11.02233374,14.93407225,16.67322784,14.9674904
37388,12.81597058,18.86766629,12.04935652,16.08150966,13.47978533,15.93330209,10.77240953
36893,13.67545183,12.89811076,12.45757966,14.08481355,15.43611947,14.592302,16.85562274
39965,16.57586391,13.66163299,11.89140066,10.23311344,14.9580218,19.10443069,13.57553651
15141,14.6102736,13.46572662,11.56174633,13.68233967,17.98981389,14.24663356,14.44346633
30834,13.78545895,14.94429894,13.95435174,10.06291044,14.75784723,16.64124296,15.85388974
29268,17.61291471,18.76457693,11.05926813,15.78283414,16.7774986,12.59627006,7.406637434
30131,21.60737418,12.32264541,8.54044006,12.84642695,16.10626268,17.14604562,11.4308051
29735,12.76141497,14.82564209,2.340975619,35.7829765,17.94743162,2.772085482,13.56947373
30461,12.76141497,14.82564209,2.340975619,35.7829765,17.94743162,2.772085482,13.56947373
2081,12.01996713,17.84768668,11.8209413,10.53174229,14.54808356,18.6668967,14.56468234
2516,11.69501393,13.69581091,14.17418673,14.11354775,15.89299374,13.10157522,17.32687172
33691,13.60412187,14.80849522,14.08882092,12.84915953,15.52194073,12.35047747,16.77698426
26078,10.59879392,15.67408741,14.14875738,12.27017418,15.59472269,14.64792291,17.0655415
26524,10.59879392,15.67408741,14.14875738,12.27017418,15.59472269,14.64792291,17.0655415
26988,11.59802346,13.87087219,19.81768962,13.32734351,13.00857194,14.72310769,13.6543916
33936,16.47459085,15.69264669,11.70237178,13.74857764,15.7553867,14.16490361,12.46152274
25801,18.79326849,16.85720618,12.69254135,15.06441884,13.09119019,11.8497593,11.65161566
33029,18.50005468,15.46152951,10.5582816,12.15755886,14.43426307,16.11950312,12.76880916
33516,20.26709482,16.16728669,13.35028646,12.61835543,13.51842346,12.72915598,11.34939716
32339,13.09516898,11.54977885,15.58601886,14.3471591,16.45953593,12.65325557,16.30908271
32801,13.09516898,11.54977885,15.58601886,14.3471591,16.45953593,12.65325557,16.30908271
30859,19.60976066,17.03388434,10.29728452,13.35790703,12.49091485,13.78108853,13.42916007
29191,17.47105112,16.98580193,11.85793238,11.23870529,12.1722863,16.09459589,14.17962708
18641,17.5913917,16.12894891,10.67636323,12.54755684,16.50765711,14.1864234,12.36165881
19052,17.95570383,16.6957723,9.804439697,13.52265052,15.82486174,14.69012634,11.50644556
28740,15.7798621,16.75299947,15.8612885,10.36662607,11.90506341,17.9981819,11.33597855
19357,18.85071744,16.03704359,11.1806864,10.58297081,15.34974432,15.21175024,12.7870872
37190,13.85429234,12.97199388,13.90038326,14.89261431,16.80755734,13.07154068,14.50161819
30744,16.54971099,15.22068985,10.58917075,15.98975899,14.91721885,12.55525856,14.17819201
39124,15.54956924,19.35536406,7.875145518,11.84136649,9.291282601,17.71938788,18.36788421
3987,13.43433666,16.54532673,16.67614464,10.29669045,12.6519771,16.91108853,13.48443589
30374,16.90871176,23.03443679,7.906387494,13.86974326,12.11099869,14.28689679,11.88282521
2387,15.16276574,20.27363614,11.9682937,14.35620028,16.4700697,12.41645549,9.352578962
17621,12.48550959,14.5641975,8.545670617,12.4196887,20.56210482,19.80204264,11.62078612
37259,11.52747224,17.32919385,9.377357078,15.11752248,13.30576527,15.24099567,18.10169341
35184,13.52330743,16.90017624,15.86875799,10.01425159,12.59904564,17.53023539,13.56422572
37491,11.00908819,16.00616261,13.71048539,13.57152154,15.09878036,16.30459529,14.29936662
5465,12.54278339,14.57164568,2.300869471,36.10444201,18.41866769,2.724593458,13.3369983
19531,21.53964489,20.086234,6.526305777,15.32200528,10.29893083,13.23053345,12.99634578
19261,15.29596714,20.62372371,13.37263879,10.28388126,11.9958825,16.99070254,11.43720406
18971,14.6213945,20.51545841,12.03917978,9.331018841,12.34430216,19.50002367,11.64862265
19607,15.400162,21.5142666,8.399768941,9.429525575,14.27149179,19.68792803,11.29685707
18656,16.48133181,13.66528528,12.53837326,12.441126,14.35476145,14.06084342,16.45827877
19365,16.0761296,13.46928704,12.9504039,13.4151844,16.34967174,13.63295941,14.10636391
19659,14.59865663,14.39505671,11.71369645,17.41526381,16.35129039,12.23857179,13.28746422
32229,12.51230105,12.80855448,19.24878907,17.5431224,13.49914421,12.32913353,12.05895526
32706,12.51230105,12.80855448,19.24878907,17.5431224,13.49914421,12.32913353,12.05895526
38464,15.52952202,13.80471785,12.90532546,13.86767279,15.1733687,13.24778046,15.47161273
13922,14.26336697,11.22838851,15.34308021,17.04613388,19.2559774,10.70552643,12.1575266
13459,15.81029389,12.00678074,12.96765815,13.75527374,18.57968535,12.58934125,14.29096687
39794,16.17983202,12.85939514,11.53243495,16.36053272,17.7647465,12.02438776,13.27867092
33962,17.31476915,14.70909739,13.44542936,14.68328229,14.6801152,11.1755398,13.99176682
33052,16.60255863,15.31893154,13.80046107,12.77359138,12.64366446,14.3190795,14.54171342
33532,16.84318844,15.42841483,10.10173853,10.78922112,15.06858082,16.80904745,14.95980881
2540,17.47221461,14.65016399,9.480208873,8.995140149,14.08217729,18.28361945,17.03647564
28166,17.80087269,13.79620176,13.68008953,12.58615108,10.14356146,12.92342779,19.06969568
28563,17.80087269,13.79620176,13.68008953,12.58615108,10.14356146,12.92342779,19.06969568
2617,13.9111074,19.69864752,9.482559476,10.23787825,16.81136493,18.88506488,10.97337755
15805,15.78509843,19.23202592,10.98574022,15.35843979,11.62279425,12.8129492,14.20295219
5616,13.2454144,15.65195343,15.44139883,14.28033762,12.69385509,10.62416222,18.06287841
6034,13.2454144,15.65195343,15.44139883,14.28033762,12.69385509,10.62416222,18.06287841
7103,12.59359327,13.03417524,18.36666492,16.1845051,13.05005465,11.29268672,15.47832011
6212,13.1572756,13.46337064,17.78236326,16.60774647,12.28373769,11.16657495,15.53893139
30760,13.00085581,14.87877981,15.56694788,14.18238472,12.97136277,13.960384,15.43928502
34107,16.47535136,13.82371079,14.83622079,11.95049566,13.50685832,15.85329725,13.55406582
29934,15.14229253,19.26513421,13.16629437,12.64460957,10.4183465,13.94956444,15.41375839
30983,13.86857027,18.3930665,17.42492097,12.56226556,10.58714717,16.69178503,10.4722445
30620,14.69518386,17.65393454,14.13401116,11.95462923,9.521965808,16.05366344,15.98661196
36863,17.79374633,10.61999343,10.51783869,22.65430195,19.33811554,9.978243439,9.097760618
35644,18.27749502,18.12944004,13.9836545,13.87740644,11.40887363,12.64844529,11.67468507
10797,17.09475489,16.00899004,11.63494179,8.852511697,14.84595577,18.45714382,13.10570199
11248,17.09475489,16.00899004,11.63494179,8.852511697,14.84595577,18.45714382,13.10570199
7503,12.76141497,14.82564209,2.340975619,35.7829765,17.94743162,2.772085482,13.56947373
28618,15.66400734,14.99834181,9.900973772,12.12910899,16.18348258,16.76407703,14.36000848
25927,13.8258164,13.47193827,15.04625383,14.95282068,16.35833295,11.05790285,15.28693502
25558,11.9970391,18.09214393,11.31761681,11.84942912,13.68884162,17.57700785,15.47792156
24861,11.59364016,13.46897346,2.126757027,37.67199298,20.29246471,2.51841678,12.32775488
9092,12.76773293,13.07257898,17.33331451,11.49071208,17.19826842,15.93369641,12.20369667
9948,14.35825206,12.86180498,14.94994466,12.69885733,16.91674825,15.9674169,12.24697582
10380,14.23655566,14.36852773,14.91342595,11.24449168,15.25056927,16.54398305,13.44244667
9491,12.70298345,13.96681316,17.62753324,10.36354152,17.33809643,15.52083099,12.48020121
9945,15.80848427,18.55401997,15.50478849,12.66686266,9.471749847,12.65673093,15.33736382
9087,16.93582616,19.58015103,15.99317135,14.26487095,10.32301235,13.10374281,9.799225344
9492,16.88743212,20.94711952,10.99755816,14.97124777,10.58458579,14.61007237,11.00198426
37696,14.04581007,14.97557453,16.21160837,12.45468213,10.69331958,16.00609327,15.61291204
37187,16.03271799,17.09251057,16.4253005,15.83361899,10.86786774,11.79717793,11.95080629
6397,15.49969327,15.5223776,12.63877453,14.11381414,14.98512848,15.27210407,11.96810791
6814,15.49969327,15.5223776,12.63877453,14.11381414,14.98512848,15.27210407,11.96810791
18539,15.51315402,16.798329,11.84145091,20.50675915,17.368169,8.619611222,9.352526697
10328,13.75668679,20.02516661,14.99601343,13.33013305,10.71474316,15.08260261,12.09465435
9038,13.56374289,15.91323174,11.21958234,15.11665858,14.71992824,13.46143789,16.00541833
9892,13.20151732,15.03491531,12.36667771,13.77134399,12.91853407,16.48757069,16.21944091
36459,12.94484869,21.52697136,14.16367843,14.15557178,14.82033565,11.9581677,10.43042639
35950,13.53821702,20.92842503,16.08160137,16.11593216,14.69604801,10.43975941,8.200016995
10784,13.71243248,21.1758899,16.25109905,16.12281999,14.1788428,10.46618147,8.092734324
5897,15.98043647,19.77137718,18.33582305,13.03520379,17.1753861,10.02923303,5.672540373
16263,16.46624835,13.5165223,16.17372812,13.33662244,13.0134137,14.50237321,12.99109189
16668,10.72543728,23.18073108,8.310946567,12.899838,16.55066854,17.25792143,11.07445711
18136,12.76141497,14.82564209,2.340975619,35.7829765,17.94743162,2.772085482,13.56947373
38013,18.22417973,18.69606839,13.30231404,11.4195604,13.49636429,14.63391323,10.22759992
8860,14.00245977,14.91167468,11.90383547,13.95577182,16.78031891,14.85511167,13.59082767
9293,14.00245977,14.91167468,11.90383547,13.95577182,16.78031891,14.85511167,13.59082767
10180,16.60721469,17.09605999,10.01576909,13.17681813,13.18680754,14.40587967,15.51145088
25945,20.36535239,14.81209513,9.204826333,11.69088623,15.33273781,14.85754846,13.73655365
24898,15.53916163,12.96264862,14.03434782,12.55430682,15.88117553,14.0412164,14.98714317
25589,15.8747076,13.67639815,13.8204799,12.78141037,14.85784127,13.69490474,15.29425796
25249,15.84101794,12.10167261,16.6020763,12.34584046,14.50940925,15.99785066,12.60213279
25577,14.84499271,12.97555191,14.56003187,11.53378747,15.22449224,16.96900425,13.89213954
24886,12.31530021,14.30736588,2.25913957,36.45664669,18.89125822,2.675178654,13.09511078
36253,12.99605607,16.80595684,17.62315272,9.134741324,13.37632764,17.00867422,13.05509118
11531,20.24488026,17.10047543,8.689394371,12.20714674,16.24765905,13.77274614,11.73769801
11090,15.67015668,16.12868423,14.24035061,9.67054251,15.02667298,16.85406009,12.4095329
35971,14.39477825,14.23002886,13.56719413,12.26399765,12.50444512,16.05740317,16.98215283
10806,14.82622015,15.11646097,14.03145945,11.20834048,12.02206286,17.03715933,15.75829676
34408,14.79311394,18.66170276,13.11031099,12.32349496,15.50031536,13.01477766,12.59628433
32989,16.11173572,14.37688497,14.17303689,11.70405068,12.33799529,15.74543969,15.55085676
33474,16.11173572,14.37688497,14.17303689,11.70405068,12.33799529,15.74543969,15.55085676
2080,13.86361994,18.92772893,14.26680571,10.68841992,14.84404531,16.19469925,11.21468093
1191,14.75408925,19.66444324,13.14452459,10.0913217,14.9845497,17.64480128,9.716270235
29229,17.53129335,12.90634018,11.71965106,17.19378597,15.66455475,12.49836474,12.48600995
17157,15.77079317,15.17492113,14.91011679,10.45240929,11.72765864,15.10312723,16.86097376
17528,16.34855835,15.73040417,12.72823906,10.74359263,12.52330569,14.71374231,17.21215781
11765,17.18869114,15.347272,12.55181533,11.07211064,15.30794674,15.96901328,12.56315088
16934,14.94486694,16.31322187,13.14894308,11.46331053,12.42432033,15.68323632,16.02210094
17360,14.94486694,16.31322187,13.14894308,11.46331053,12.42432033,15.68323632,16.02210094
13137,15.84553901,16.85995135,13.97612998,13.14483521,11.85556842,13.13177275,15.18620328
12670,15.77764324,13.69135536,13.42190178,12.38899684,15.28428211,15.6104767,13.82534397
19871,12.13268244,10.80684691,22.1119396,20.0419268,11.87381205,10.73345641,12.29933579
26907,19.68699795,21.71266692,10.94569706,10.56441648,13.53344677,12.85817533,10.69859949
27784,18.16189722,19.13968307,13.41585148,15.29762899,14.12869985,10.25439959,9.601839803
27326,22.42384364,21.00053376,7.187328815,13.9943927,9.623055092,14.1430018,11.62784419
26437,12.31530021,14.30736588,2.25913957,36.45664669,18.89125822,2.675178654,13.09511078
30773,20.11852287,12.80849138,11.67396992,14.02746706,14.68994566,14.18749406,12.49410906
30412,15.67282109,11.48817933,15.69818523,14.23594136,12.84758758,13.97370797,16.08357744
30079,18.10893752,13.30103526,14.81354414,13.06764335,10.63380261,15.03684915,15.03818797
29687,16.88107001,12.67390838,12.44411508,15.8022828,11.74031328,15.21188205,15.2464284
24394,15.75136601,17.13330271,7.654294803,10.76365477,15.53207102,15.67741045,17.48790025
22473,15.94239025,16.63070679,11.16887879,11.05959829,14.04936804,17.04300146,14.10605639
19847,20.10880235,14.87777513,8.660819854,10.64698373,14.82602489,17.72256655,13.15702749
25011,14.30968846,16.97052534,16.43770006,10.12621426,12.70421671,16.08213461,13.36952055
25316,14.30968846,16.97052534,16.43770006,10.12621426,12.70421671,16.08213461,13.36952055
21590,13.75542049,17.81290127,17.0720427,10.15855215,13.47584618,16.29492334,11.43031387
21195,13.4189471,17.61126605,16.68308513,10.19613074,13.21458845,17.30201072,11.5739718
22072,12.84180574,18.01796794,9.55235139,12.47738066,13.54872437,18.63119757,14.93057234
20281,20.28924526,14.87908034,9.443134991,9.247478655,16.70199412,16.70745737,12.73160927
41498,20.28924526,14.87908034,9.443134991,9.247478655,16.70199412,16.70745737,12.73160927
10523,14.41924967,15.12060152,12.62591431,11.82837441,15.08767803,16.41185007,14.50633199
10089,13.25174658,14.73625909,13.5382255,11.11728275,14.50350302,16.35827411,16.49470895
9639,14.85407939,16.25559483,10.74466291,14.03998029,11.5004759,14.33895517,18.26625151
7363,15.97310624,18.74345511,13.02624007,13.23877756,12.59819448,12.7978482,13.62237833
5693,13.76601692,17.94869218,13.30945053,11.86899035,14.53850854,16.80834474,11.75999674
37706,13.76601692,17.94869218,13.30945053,11.86899035,14.53850854,16.80834474,11.75999674
37217,12.81768499,20.95498184,16.61357538,15.8036304,14.8204458,10.53058642,8.459095175
6896,13.04444932,15.42247501,14.56755174,12.92357048,12.30820902,15.17057616,16.56316827
6490,13.01168159,14.78019977,15.36226679,12.74988263,12.51767294,15.07243629,16.50585999
7205,14.55758709,13.6795866,16.6167481,13.48301702,13.16736107,15.67374728,12.82195284
6750,12.62248083,15.81533347,8.803540694,16.27714877,21.02478871,15.67453356,9.782173969
10570,17.76563458,15.61433494,12.93265175,12.58840854,12.18346182,15.62644173,13.28906665
9266,15.13911755,16.78462682,11.66352114,11.36594443,14.96074923,16.88584207,13.20019875
9668,15.13911755,16.78462682,11.66352114,11.36594443,14.96074923,16.88584207,13.20019875
7913,14.10168248,22.18137637,13.45103961,19.38204688,14.62563861,7.675122593,8.583093456
26372,16.42173427,14.41596714,14.86413493,14.80961665,14.22561316,14.99277971,10.27015414
26793,16.42173427,14.41596714,14.86413493,14.80961665,14.22561316,14.99277971,10.27015414
25975,14.24754639,16.23587968,15.10200001,14.79308886,10.96114251,12.55676324,16.10357931
35744,13.76152361,20.31652096,9.051351943,14.67784382,12.97720926,12.93629979,16.27925062
7412,19.22384972,12.53689322,15.86782692,8.973406583,13.37515152,16.93289333,13.0899787
37714,14.45709482,17.43121738,16.43312317,12.77822066,12.93847872,13.97808293,11.98378233
6103,9.900944838,14.15590117,13.10176738,17.00731457,23.70916453,11.01792239,11.10698513
7795,13.25294274,16.01956137,14.6669853,12.24752933,14.80722184,15.40855635,13.59720307
5698,11.71686227,13.61212741,2.1493611,37.45539704,20.06228911,2.545183579,12.45877948
5010,19.04046561,12.01098734,10.40930963,20.79973216,9.877160353,9.227118096,18.63522681
38134,15.51514358,15.882944,14.89306257,11.86549329,13.3875445,16.08056878,12.37524327
9334,16.91293387,14.17030966,13.82208375,12.39771743,13.24292884,16.63931321,12.81471325
28083,14.21687529,18.42086565,17.05162227,12.61688255,16.26550455,12.37640964,9.051840059
28494,14.21687529,18.42086565,17.05162227,12.61688255,16.26550455,12.37640964,9.051840059
17845,13.55811874,18.75525922,12.08508196,16.39763718,15.49087356,11.34216384,12.3708655
16974,14.15460408,18.33306428,11.68742689,17.07271815,15.6121439,9.754036897,13.38600581
2001,18.28346241,13.14064091,11.61565903,16.77660066,13.98083322,11.5242035,14.67860028
29055,19.05200595,18.80794989,10.12039517,12.12461582,12.75343213,13.11778688,14.02381416
29480,14.85735425,16.51704355,13.05005499,14.59688967,13.79148162,12.18457885,15.00259706
26094,12.16040384,14.40701429,18.24025562,14.16218638,11.6392273,14.71877396,14.67213861
26543,12.16040384,14.40701429,18.24025562,14.16218638,11.6392273,14.71877396,14.67213861
27462,13.72560881,13.34050599,14.8316357,15.83017963,13.37225887,14.74178499,14.15802602
19559,18.16923191,14.46045129,10.9496227,13.17116612,12.49420748,14.46745728,16.28786321
6269,14.1928012,13.69508147,18.00005872,20.89763913,16.35319228,7.929227229,8.931999981
7628,14.27282414,13.137699,17.57543362,16.69671942,15.88413863,11.30594716,11.12723802
5651,15.48094471,15.38971857,15.98563112,14.2037936,14.21750448,15.04963788,9.672769658
6062,15.48094471,15.38971857,15.98563112,14.2037936,14.21750448,15.04963788,9.672769658
33483,13.22132394,16.88898894,15.1927936,11.93689582,13.94758763,16.44448358,12.36792651
34399,16.30909864,19.43303513,15.79697383,11.03503312,14.23045467,11.87079017,11.32461444
32997,13.34478926,17.44173335,15.7906067,10.7609819,14.77640105,14.70473663,13.18075111
33928,13.48578885,17.81234659,16.05156575,12.08996488,15.13846764,13.94317574,11.47869056
28066,13.62275791,15.92383929,17.41500412,12.47810218,13.70220433,13.71112413,13.14696804
28473,13.62275791,15.92383929,17.41500412,12.47810218,13.70220433,13.71112413,13.14696804
19855,13.38727106,19.29241087,16.09706268,11.60557149,14.76373157,11.82922804,13.0247243
19544,15.84829149,16.52438765,9.750681024,8.267417872,16.38486358,19.60455498,13.61980341
18853,12.31530021,14.30736588,2.25913957,36.45664669,18.89125822,2.675178654,13.09511078
12047,15.91803556,17.32227336,11.13945602,14.97237359,17.03879352,12.90718069,10.70188726
12995,14.68394235,17.60250541,11.6942753,13.8998615,14.40623281,14.10768769,13.60549494
12525,14.93657667,15.11209585,13.46769071,12.26298349,18.03373367,14.27111154,11.91580806
11611,14.46349431,15.65954714,12.9504508,13.26979547,16.84499305,14.98829965,11.82341959
13647,17.25715713,15.76858644,13.77262704,12.45199781,13.04322576,15.1096378,12.59676803
40493,17.14146772,19.71598825,10.46631283,11.08599609,14.65749176,15.11575293,11.81699042
40002,17.39182826,16.08834662,13.78391993,13.50646514,13.48304419,13.6316306,12.11476527
35668,14.68563938,18.47206477,10.63132487,9.949919084,16.33791703,16.90228545,13.02084941
32009,12.71316173,15.98837362,13.06036221,12.37608438,13.7573789,16.24185814,15.86278102
32500,12.71316173,15.98837362,13.06036221,12.37608438,13.7573789,16.24185814,15.86278102
29284,14.74679408,12.07620904,16.34256016,16.93166517,15.02169393,8.754633217,16.12644441
882,14.38240725,11.65153698,20.07791306,19.75425398,18.07325652,6.495143786,9.565488417
1767,15.49794902,11.75104035,20.34452573,19.1799941,17.08810082,6.087982146,10.05040784
34416,13.1410291,20.46437502,13.01759814,18.02676514,16.44192965,9.380827248,9.527475713
6522,16.54900091,15.9743998,10.24382601,11.02469225,14.9193185,17.68808158,13.60068095
6917,16.54900091,15.9743998,10.24382601,11.02469225,14.9193185,17.68808158,13.60068095
37231,12.65328003,14.70001574,2.321139162,35.93976158,18.18271587,2.74859598,13.45449164
14043,23.80656606,10.88004434,2.650896484,27.4283488,16.62164316,8.547046416,10.06545475
13601,17.80316034,12.17310077,9.19536032,18.30162886,16.71699414,10.34858973,15.46116584
39954,16.30634618,12.81406305,13.58717824,14.48981364,15.6362997,11.87777598,15.28852321
29695,12.19864119,14.17183664,2.237739442,36.64362479,19.12725557,2.649837517,12.97106486
26271,14.83971452,11.42759613,20.73146049,16.98383348,13.82000816,11.53185746,10.66552975
26708,14.83971452,11.42759613,20.73146049,16.98383348,13.82000816,11.53185746,10.66552975
27176,15.19530948,10.41694031,16.47217866,18.94641179,12.36511778,12.2073939,14.39664808
923,17.18347731,13.29645598,14.89405109,17.97647089,12.90095609,11.69653692,12.05205172
24763,18.81527301,14.23859077,13.78515836,13.60091681,12.78625775,14.06345683,12.71034647
25478,19.10046185,14.34011216,13.73004243,12.81344201,12.31108926,13.3984907,14.3063616
6694,16.64221539,22.18293051,13.83207967,16.76197752,12.00386983,8.542601684,10.03432539
37136,14.38165562,15.92175791,15.45763367,13.82943646,13.03523666,12.87613947,14.49814021
5638,15.13844011,21.02047003,15.18900065,11.83976691,13.08207232,13.37458118,10.35566879
37635,14.25261132,17.20075375,15.74686724,10.75472466,12.25687976,13.09412413,16.69403913
6594,17.5122902,18.19613418,6.163179804,22.18395546,17.32383883,11.02706697,7.593534547
7030,17.5122902,18.19613418,6.163179804,22.18395546,17.32383883,11.02706697,7.593534547
40694,14.84579846,17.37050835,14.42184276,14.93437481,14.99730893,13.35821942,10.07194727
15015,12.86874081,17.81764483,12.71608063,10.32638183,14.64324446,14.20100734,17.4269001
40316,12.23082358,14.53268792,13.10094755,12.85684133,19.46286604,12.75078497,15.06504862
38030,12.32087193,18.94486987,8.939609886,9.799135083,12.76125886,19.92578964,17.30846472
29196,20.78706825,13.76483239,8.676049265,21.35423623,13.09556901,8.880281047,13.44196381
26530,23.53531314,15.13760108,6.92737273,11.761875,10.34804003,15.73382988,16.55596813
34709,13.04887712,20.75695451,12.81779558,15.95108023,16.84259418,9.634571091,10.94812728
34239,13.15496743,20.39308707,13.71835877,17.38287907,15.74763969,11.03229947,8.570768495
33310,11.92949211,20.7501763,14.21394059,17.51552954,15.22647828,11.66400243,8.700380753
3962,13.48049935,14.15543655,13.71074249,10.60174631,14.93117,18.22507259,14.89533271
39585,13.81093889,14.49777155,15.03198746,13.20811283,14.54146053,14.87000617,14.03972257
38164,11.87206054,13.72784788,16.02495214,13.74001186,15.80976643,14.74809632,14.07726483
4878,11.16752491,16.20731395,9.451386829,10.89614022,17.29442717,16.40513169,18.57807521
34758,16.00479424,14.21308186,13.57747344,11.39054612,15.46482594,16.76540962,12.58386877
19355,12.73095689,15.71014626,10.32525463,15.82879935,19.97786941,11.48971492,13.93725855
9333,14.08407519,19.40919744,16.36318523,12.3711159,12.05678881,13.76920402,11.94643341
18637,11.83918228,13.75423334,2.17179969,37.24375638,19.83042905,2.571754419,12.58884485
27696,16.07088032,13.04545793,17.03367441,14.51555258,13.64288904,14.66099368,11.03055203
7429,15.58589051,13.46561297,13.76251976,18.51054568,16.74114914,9.852329287,12.08195266
37724,9.216487629,30.3788924,1.31580266,17.57182208,11.99752503,18.64129766,10.87817255
4678,14.7346775,15.09851066,12.81632778,12.06182732,16.53748733,16.62336064,12.12780878
39240,15.59663445,15.88238911,12.54040475,12.36193251,15.52740938,15.67193615,12.41929364
3035,15.10457592,15.91152571,15.14972337,10.76303726,13.51004248,17.05170307,12.50939219
20424,14.88321737,14.37814664,13.52826732,14.7898945,20.11132863,12.13678729,10.17235826
20870,14.88321737,14.37814664,13.52826732,14.7898945,20.11132863,12.13678729,10.17235826
20798,16.21477473,15.25890842,13.63432312,10.67614854,12.88520276,17.58918617,13.74145626
4955,16.14207872,17.56897557,14.49043614,12.27476658,15.30971548,14.46873688,9.745290629
20628,15.63224463,17.15362463,10.53039907,8.023217048,12.46006589,21.74643248,14.45401625
4491,14.31016503,17.1478942,12.96856415,9.688453752,14.34973304,17.64495475,13.89023508
3602,13.55073414,16.38430692,13.47000998,8.613030636,13.35670474,19.12564977,15.49956382
14240,20.62239777,17.16472832,9.620590209,12.89188105,11.50730448,13.40365996,14.7894382
2998,15.73256997,13.11667731,18.61932775,14.55872757,15.3839325,11.46849278,11.12027211
39142,18.64202657,13.38105092,13.56719351,16.09606762,15.44857441,10.84496336,12.02012361
4899,20.73286595,10.29301423,11.78139528,20.66955488,19.80731928,8.112116892,8.603733488
3815,12.32624013,20.20899003,14.61089703,10.97162996,12.05676656,17.44714759,12.37832871
4724,12.2809565,21.31953796,17.61558822,13.1220949,11.8727167,14.09156605,9.697539675
4218,12.22444538,19.96043903,10.57425948,9.774314778,13.02072659,19.6355038,14.81031095
5176,11.83311039,21.35919699,15.70910758,12.58779739,13.43412982,14.8456659,10.23099193
39677,15.00802038,14.615937,12.67759082,11.74044561,16.04153621,16.76251232,13.15395766
39194,20.38586657,16.72626837,10.62550413,11.54843997,14.37670178,14.21127699,12.12594219
39475,13.94619702,13.67255304,14.51850448,15.73412892,19.00252332,11.43518924,11.69090398
2898,14.15033225,11.97556784,17.51617111,13.70166751,14.85887277,13.96135274,13.83603577
39024,13.40309363,12.07650332,19.90747906,13.88127876,14.96296792,14.10844325,11.66023406
3280,14.66100713,12.10933599,16.07350179,13.18272291,13.51573083,13.54817806,16.90952329
4084,14.66899864,17.96041582,11.42342805,10.07160679,17.08748743,16.5595375,12.22852577
5003,17.88409876,14.7815664,15.25897872,13.18480733,14.06251398,13.29340973,11.53462508
39674,15.12748516,13.05235762,12.4297253,11.43850443,16.94114147,15.66328262,15.34750339
4550,12.58172535,13.03353974,12.60617864,16.0949982,16.56088331,12.54357725,16.57909752
32185,13.91522924,17.35419854,13.91154351,13.64054462,14.62634512,15.88534903,10.66678994
32674,13.91522924,17.35419854,13.91154351,13.64054462,14.62634512,15.88534903,10.66678994
36902,17.72023787,14.21973405,15.17820983,14.00287121,11.07581842,13.77850058,14.02462805
38237,14.64427067,22.42139826,9.962137683,11.58925561,12.73519462,17.1268018,11.52094136
8376,14.57739112,21.63712961,10.02749738,10.9879503,13.5166963,17.32209027,11.93124501
9118,13.61786551,15.10250456,13.1630302,11.16684553,12.63667226,17.46372636,16.84935557
9533,13.61786551,15.10250456,13.1630302,11.16684553,12.63667226,17.46372636,16.84935557
10407,13.09196298,16.48101928,12.07762196,10.23996976,13.22350698,16.76492341,18.12099562
73,19.11086985,10.05296319,12.38065577,18.78762144,18.00595051,8.597039495,13.06489974
34865,17.84825504,10.24700135,12.91881161,20.2823054,18.72561296,7.60404106,12.37397258
37786,13.13155245,16.06216937,13.13138255,11.85357355,16.16560664,17.15709513,12.49862032
7971,12.88836768,14.44580702,18.14459584,14.61390771,15.42476246,12.79779956,11.68475972
8425,13.34589928,13.63322036,15.34612052,19.14937937,18.14615149,9.928045851,10.45118313
38288,15.50429218,14.56631922,13.0713979,13.85944306,11.94035197,15.23473408,15.82346159
30435,17.48255291,11.71597465,14.43912416,17.21262708,15.82360166,9.856343396,13.46977614
30791,18.33472604,12.16881562,12.23505823,18.5477434,18.78003381,10.02239321,9.911229694
29701,16.1629441,11.74029846,17.13055093,16.09584984,15.73747245,10.96828002,12.1646042
30093,15.96981951,12.20286067,15.63870612,17.85719761,16.23213392,10.88377764,11.21550453
16245,17.8060241,15.36123342,13.70610994,14.44549761,13.06355323,10.74809073,14.86949097
16648,17.25774262,15.31512523,14.43861752,13.10299124,12.54937675,12.85868472,14.47746192
19209,16.00728479,12.89397143,15.83249695,12.67158979,18.45143179,12.1289756,12.01424964
18867,11.83918228,13.75423334,2.17179969,37.24375638,19.83042905,2.571754419,12.58884485
12619,14.95711363,15.8694795,14.55898903,13.32946279,16.40342525,14.26779742,10.61373238
36679,19.63708313,13.58470242,10.96441362,13.56396273,13.69660759,15.74958263,12.80364787
11707,13.93151066,16.72187241,18.44258682,10.71680828,13.24382197,16.70455644,10.23884342
16051,14.01104401,15.16649031,12.8230361,13.42999507,13.79596576,14.53464266,16.2388261
16501,10.72493738,11.82331966,14.24020944,16.2094924,19.14751349,13.64826889,14.20625875
12933,15.85386305,16.28113151,9.730884787,15.77499107,16.0681302,15.97849171,10.31250768
35417,14.39527755,16.69507469,10.79749066,11.81043676,16.4328466,17.5711592,12.29771455
142,13.69989679,13.53630758,15.98585558,10.63575875,12.9218985,16.18034572,17.03993708
34937,13.42090937,13.25332837,12.31397682,11.22563215,16.04606513,16.18448446,17.55560369
557,13.23507638,18.19417271,12.94389803,12.07443252,13.39900639,18.13930131,12.01411267
27334,16.44312381,16.83856691,12.78668312,15.26602462,11.10678066,12.58163219,14.97718869
29989,15.70810293,12.59605976,16.45350513,9.627819632,16.87978908,15.9477096,12.78701388
30656,16.30622705,12.38641533,17.93491701,10.1263735,15.99115528,15.40205341,11.85285842
40030,18.58002936,17.60919319,11.25254539,12.81882994,15.37993551,12.1347858,12.22468082
14363,17.58534152,16.14541694,9.982590235,13.17236999,16.21639487,14.28927094,12.6086155
14799,17.58534152,16.14541694,9.982590235,13.17236999,16.21639487,14.28927094,12.6086155
13683,18.56237943,17.10063734,13.09503034,12.15947571,14.55762725,12.67493476,11.84991517
18259,18.58078557,14.05759375,11.90456246,14.58755827,17.71215005,8.493319541,14.66403035
25754,15.38550738,22.41231359,13.93121526,11.12311458,13.17708838,15.20006086,8.770699955
25401,15.13490536,16.48973825,15.7719521,12.89049991,13.82556683,14.49785635,11.3894812
24660,16.19011744,15.07492967,14.53514319,14.87140356,15.6722979,12.43751699,11.21859125
10984,13.25773125,21.18900707,9.671201392,13.49206038,11.82952421,15.20292275,15.35755294
11396,13.25773125,21.18900707,9.671201392,13.49206038,11.82952421,15.20292275,15.35755294
19338,16.73990451,12.97670428,13.74695663,12.1219522,13.82679582,14.79646703,15.79121953
30666,12.81296192,17.57167,7.199143725,17.68051573,15.74818764,10.75756842,18.22995255
32282,12.49518064,14.78962782,10.70050124,16.13980829,17.93686368,13.24300708,14.69501126
32740,12.49518064,14.78962782,10.70050124,16.13980829,17.93686368,13.24300708,14.69501126
19710,12.57545067,15.82704433,10.97046743,12.53534522,15.71834139,16.3950327,15.97831826
33040,15.24375276,11.66668878,17.13418586,14.53094671,13.75308735,11.95766399,15.71367455
32371,12.11544405,16.97667586,15.91809797,12.30202918,16.24057209,14.62427242,11.82290844
18543,20.41987884,17.62276516,11.48341345,17.33324851,14.46578306,7.224007763,11.45090321
3059,12.89209421,14.94758734,15.67928004,10.83576867,14.29764064,15.63447954,15.71314957
3431,12.89209421,14.94758734,15.67928004,10.83576867,14.29764064,15.63447954,15.71314957
30383,19.70615664,13.34261497,14.15234377,13.81427069,12.49792829,13.35426926,13.13241639
29653,15.85381922,12.18413412,15.73772984,13.73806654,15.22730257,14.64032079,12.61862692
30064,15.25016202,11.69965034,18.20093279,14.35003653,15.15265313,12.98090365,12.36566153
15975,9.107514643,15.30730363,14.17926687,18.80558964,18.64881568,8.808192152,15.14331739
12390,13.8784735,18.22136868,10.19152366,11.15339476,17.46565366,16.11824982,12.97133592
9866,12.35454507,14.01365247,17.99389473,15.38544094,15.95781838,12.88916276,11.40548565
9021,11.14570614,15.34794972,19.84686684,15.15798742,15.21805815,13.36067801,9.922753728
9437,11.68106367,16.93197467,15.83180779,12.74943227,15.74431122,15.22161028,11.8398001
14475,13.08405539,15.26846572,14.28678046,11.5716131,12.77995219,16.76933476,16.23979838
15280,12.52635365,14.80028787,14.55517527,12.32346232,13.860371,16.32656832,15.60778156
40605,12.97153587,14.25367097,16.17461445,12.01465483,9.988227391,15.79451934,18.80277714
23551,15.58544618,21.7860037,12.38998271,8.891866106,13.82558985,15.74341763,11.77769383
7903,19.97858407,21.57895718,9.109373214,18.22453487,15.99480699,6.176202561,8.937541118
31552,14.7518496,19.33132192,14.66705896,9.526184287,11.96482109,18.86617948,10.89258466
31069,14.05011037,17.63565129,15.10751392,10.12066272,11.6587509,19.64344015,11.78387065
29403,12.76518448,18.02710169,7.731520764,12.67597375,13.02577399,14.45337143,21.3210739
29012,11.29657401,18.21128151,12.85299261,10.70411086,15.61233586,16.05291898,15.26978616
28168,10.02300231,16.14095717,14.62580033,10.60496565,16.28707267,14.9953109,17.32289097
28558,10.02300231,16.14095717,14.62580033,10.60496565,16.28707267,14.9953109,17.32289097
6506,13.86844803,16.55260846,18.89308678,12.56131841,12.33915964,13.21374764,12.57163105
7397,14.04064427,18.97827689,18.45362674,13.13220845,15.33361717,12.05327933,8.008347158
7816,13.99994007,18.97111042,14.3208779,13.19766545,14.19079687,12.7198622,12.59974709
2511,14.23097468,19.79837641,13.28800157,14.16088716,15.7754522,10.34134414,12.40496384
2082,13.66048929,16.25969331,12.3825093,11.46529051,14.35398131,15.8027297,16.07530659
1196,13.00175414,19.02489577,13.61572659,10.34075851,11.70093015,16.88437902,15.43155582
1610,13.96243763,22.08574857,15.29464648,10.85875999,12.4316769,13.59793476,11.76879568
14122,18.51778259,17.89668822,9.017120302,12.06710441,13.75301445,15.77515723,12.97313279
40026,16.44407349,14.44885068,15.38973298,12.75676204,12.81745213,15.26995242,12.87317625
13700,15.86637433,16.62569621,13.14769921,11.95778928,12.8848217,17.01461298,12.50300629
40509,16.62496497,15.41591984,14.02460739,11.82025918,12.88031875,15.47997214,13.75395774
32375,12.3476329,16.67581014,18.07597799,10.32603207,11.01951758,17.40686884,14.14816049
32833,12.3476329,16.67581014,18.07597799,10.32603207,11.01951758,17.40686884,14.14816049
1959,16.10326584,11.71565284,14.10711931,17.96007865,18.89791017,10.02760428,11.1883689
2382,17.37942632,12.85705102,13.36988589,15.08444497,15.10249997,11.78394698,14.42274486
33377,18.93463453,14.74484794,13.67591403,13.40180518,12.22083279,12.77715611,14.24480941
1093,14.78826416,13.07972861,16.37082618,15.62649774,17.31704517,10.31999736,12.49764077
1506,16.00829995,13.15935712,16.24086666,15.94074139,19.74021747,9.811684634,9.098832781
33834,19.05860918,15.89968193,13.0174677,11.95047988,11.20917247,13.47135926,15.39322958
936,12.95579569,14.80020405,9.686656723,14.94207816,16.0031105,13.16685377,18.4453011
2254,14.97244218,13.94247524,14.39004974,11.86552006,15.90114796,14.47563523,14.45272959
1364,14.50476668,16.63347423,9.675862723,15.37930128,14.71283433,14.85942296,14.23433779
18004,17.16393738,12.93069529,12.27725412,19.01911412,14.54713345,12.04707902,12.01478663
2255,14.59799908,12.59286024,14.96463476,12.96406765,14.89082873,15.32739434,14.66221521
1818,14.3576681,12.9250634,13.61003656,13.47526191,15.13173137,14.05068191,16.44955676
1362,18.72908979,12.11963707,14.57964634,19.03902175,16.28911667,10.08744845,9.156039935
932,15.36108094,11.80782659,16.90239912,15.68402183,15.62024632,11.56617669,13.05824852
18326,15.40779719,16.29469699,13.89925962,17.95184529,13.49090284,10.51485539,12.44064268
14511,14.20852538,16.69535832,12.74271053,13.6906613,14.51836439,15.49216846,12.65221162
14879,14.20852538,16.69535832,12.74271053,13.6906613,14.51836439,15.49216846,12.65221162
17854,13.98889372,15.88744604,11.28714454,12.62799528,12.78409247,16.54746589,16.87696207
37418,13.52411829,13.21903821,14.52068963,12.54067529,16.39667022,13.42311586,16.37569249
5413,14.00772888,17.01502583,14.40542748,12.32204666,15.3954426,14.36776748,12.48656107
12451,19.80961116,19.525569,16.31980746,17.08757248,13.9049583,5.44514265,7.907338952
36220,12.65328003,14.70001574,2.321139162,35.93976158,18.18271587,2.74859598,13.45449164
35840,11.84902151,14.70672865,16.65184972,14.53490786,18.47681717,11.92047851,11.86019658
8474,15.47019209,16.20473984,11.41183592,10.81741328,16.21799856,16.93268889,12.94513142
36332,11.38614718,16.15975163,10.74773346,14.87160658,18.23628683,14.60207057,13.99640374
10656,11.34108015,13.91182791,16.75146943,15.80243176,18.65466323,11.10366921,12.43485831
14765,12.28805785,17.65217507,14.34187738,9.390504987,15.04558125,19.15821963,12.12358384
15100,13.33935505,18.21463994,10.01685378,9.251194054,16.07570686,20.2661969,12.83605341
1784,16.61414361,11.30400463,14.80162153,17.44741981,13.72719025,12.16049087,13.94512929
2234,17.76181173,12.7414678,13.00560029,16.31809599,11.57000985,14.39470753,14.20830681
40297,17.55893866,14.29969474,11.38654591,14.2686871,18.48535383,11.2752435,12.72553626
3198,14.45480423,14.7555419,15.46902776,9.639531404,16.02804929,16.80250882,12.8505366
39791,18.48122305,19.59917677,10.43544163,14.63398077,12.69308787,12.70043587,11.45665403
2798,14.28289493,14.44451675,12.64709557,11.76687151,16.65094713,17.11174759,13.09592653
38921,14.54932402,14.96783432,12.17330864,11.52766794,15.15302545,18.27890195,13.34993769
1242,13.92721372,20.32984432,16.10796332,12.51704429,16.08508553,11.13595535,9.896893465
2131,13.66432155,19.62223123,16.7111755,12.115075,16.20135289,11.86466225,9.821181567
33613,14.56185844,19.91001114,15.36696368,11.35247347,17.3540162,12.14571247,9.308964593
9241,14.40491775,11.82445783,15.11776235,18.2628679,16.60105381,12.00913883,11.77980154
9626,16.12031104,10.61740747,17.14231174,19.65686931,17.25135286,10.53525059,8.676496988
12320,12.76141497,14.82564209,2.340975619,35.7829765,17.94743162,2.772085482,13.56947373
15020,15.53051275,17.60236077,16.51292876,13.23201252,15.30064984,11.16934598,10.65218937
18885,12.54278339,14.57164568,2.300869471,36.10444201,18.41866769,2.724593458,13.3369983
19217,12.54278339,14.57164568,2.300869471,36.10444201,18.41866769,2.724593458,13.3369983
38605,13.55641801,19.44791204,14.15574997,12.92803099,10.46137115,14.80865351,14.64186432
8911,16.39251134,16.92353954,14.08830197,14.85133988,14.63514894,11.55760764,11.55155068
9328,16.39251134,16.92353954,14.08830197,14.85133988,14.63514894,11.55760764,11.55155068
38140,17.21339932,17.33464586,11.75851362,13.80514548,15.40756598,11.70523503,12.77549472
34688,10.7189488,27.85189629,15.36490369,11.38304129,15.40496875,13.6536816,5.622559577
34436,18.12405886,16.7381926,9.479667958,15.44117691,12.91944972,10.79533608,16.50211787
39511,16.66473098,16.25921544,10.32223833,11.4456148,15.06331326,14.49478943,15.75009775
10898,13.28338126,13.59545476,12.49367842,12.24632864,14.97406883,16.99533389,16.41175421
36062,12.50333864,14.82614538,14.56148168,11.28583094,14.59092231,17.53519002,14.69709103
7542,17.13441652,17.40885271,15.80159975,15.93761788,15.93387022,7.747377197,10.03626572
37454,15.23640691,19.56989568,15.10101511,12.35282735,15.68912766,11.61577502,10.43495227
5457,15.17638452,18.83014035,14.86640317,13.50309868,14.38187375,11.46881725,11.77328228
5906,14.6447515,16.63514879,13.47383901,15.09106284,13.1627451,11.62960744,15.36284532
14360,12.68281352,13.45482192,14.50454443,12.73802529,13.19580764,16.37356035,17.05042684
14796,12.68281352,13.45482192,14.50454443,12.73802529,13.19580764,16.37356035,17.05042684
32109,15.08316238,11.67597422,16.09696741,17.70058739,14.41645924,12.26202538,12.76482399
32586,15.08316238,11.67597422,16.09696741,17.70058739,14.41645924,12.26202538,12.76482399
39259,18.14782108,13.12584234,12.25699962,19.35083947,14.34016628,10.66037085,12.11796035
15848,15.04821587,15.14886354,13.99351321,11.54650898,11.86702425,15.82791568,16.56795848
29169,14.89373426,16.09284701,12.7005853,17.87119306,16.48608085,8.589437307,13.36612221
40308,13.54669991,17.73653413,19.65339428,13.54300143,13.48658784,9.949097917,12.0846845
39799,15.17913921,18.26557138,11.84458275,17.61312166,15.14810361,8.349936365,13.59954504
13462,15.10063359,18.26837064,12.13935452,16.44545989,15.54817598,9.261465951,13.23653943
13925,13.30953123,16.94396498,17.31695077,17.46821182,12.6383616,9.24312133,13.07985826
27990,11.48707178,15.85298799,14.63555611,13.21465239,15.29612313,12.40161679,17.11199182
28395,11.48707178,15.85298799,14.63555611,13.21465239,15.29612313,12.40161679,17.11199182
29289,13.27448632,17.38266611,13.24191101,14.94638322,15.701791,12.92070214,12.5320602
28851,11.90165594,15.26411116,16.03309289,17.46403094,16.02639206,10.15061301,13.160104
34532,13.05029586,17.64428268,16.3708537,15.19926591,13.67612316,11.79670925,12.26246943
37074,19.08748583,21.25977737,5.479989879,19.58650662,11.02279816,10.9107938,12.65264835
6650,13.81410842,13.26391834,8.322066828,20.70437521,20.31962677,12.94739852,10.62850591
7082,14.82870528,13.61619301,13.85626212,12.32543392,15.2370949,14.95896022,15.17735054
6205,15.34310007,12.99465629,10.76081673,15.7376403,18.17057182,12.92215399,14.07106081
12267,17.35380985,13.11406667,14.37052923,12.21615305,18.18555323,14.26402735,10.49586061
10065,15.71111662,21.10775904,13.80633474,16.19971004,16.60279597,9.142280037,7.430003546
10488,12.95216914,21.77629427,16.96565809,11.62407053,12.98359782,15.47277633,8.2254338
25014,18.85032515,15.6971375,12.10988935,10.76736318,12.13755421,14.60672255,15.83100805
25303,18.85032515,15.6971375,12.10988935,10.76736318,12.13755421,14.60672255,15.83100805
10625,13.42661102,13.49065264,18.67842192,14.65873603,12.80471477,15.46921858,11.47164505
36312,16.17286868,12.04906504,14.60631825,13.97389722,15.7345866,14.26113769,13.20212651
35821,15.07215383,13.29471689,15.05322712,15.66203612,12.92800097,15.48177878,12.50808629
17637,12.76141497,14.82564209,2.340975619,35.7829765,17.94743162,2.772085482,13.56947373
15803,13.87598766,13.53824872,14.65535333,15.57531881,16.4717767,14.58091891,11.30239589
11790,12.27448059,14.31843405,15.46460734,16.12066434,16.85041579,10.72212916,14.24926873
12197,12.27448059,14.31843405,15.46460734,16.12066434,16.85041579,10.72212916,14.24926873
8081,13.78201803,15.43797714,16.83102495,12.86765119,12.33688343,16.35510832,12.38933693
37904,14.49895403,15.70962599,16.4254676,13.45757347,12.36668124,15.07448653,12.46721115
25458,16.88290496,17.6893674,10.02785211,12.34224713,14.6830217,11.85414772,16.52045897
25134,17.09978487,16.12335584,10.373406,12.67144442,18.04159259,12.73493443,12.95548185
24734,17.36696434,15.79307844,9.490281054,13.00431832,16.94750063,11.02501766,16.37283955
25792,12.65328003,14.70001574,2.321139162,35.93976158,18.18271587,2.74859598,13.45449164
32443,14.67138842,12.80234324,13.45952468,14.56265185,15.85677426,12.69496378,15.95235378
32907,14.67138842,12.80234324,13.45952468,14.56265185,15.85677426,12.69496378,15.95235378
34659,20.0250151,20.80518444,6.562024758,9.188910802,12.71766354,18.52123873,12.17996262
15136,13.43624991,13.03336366,15.73786364,18.74623017,15.94472418,11.1009475,12.00062093
14341,13.14023789,13.83733919,15.28356696,19.62130073,15.0202775,10.71083378,12.38644396
13653,12.6039724,15.6908387,12.81373256,10.87701758,13.13111565,15.27643088,19.60689224
14084,12.6039724,15.6908387,12.81373256,10.87701758,13.13111565,15.27643088,19.60689224
13932,14.87378972,13.92954603,15.86895009,15.52329229,18.13716013,11.7906624,9.876599344
13469,15.23270063,13.3391697,15.27096606,15.23721131,18.95525473,11.46302242,10.50167516
39808,15.36744557,12.26167212,13.6334319,14.39786115,16.41134802,12.12496815,15.80327308
2241,16.14351427,15.88979533,14.08777053,12.78250792,14.25184366,14.1736362,12.67093211
24477,12.48322517,18.74161457,10.06362421,11.19630058,13.52947301,15.12579951,18.85996295
19702,14.96113855,14.05574833,13.88080113,12.43251393,14.88558956,14.51840051,15.26580799
26097,16.02500952,13.74536475,13.12209272,14.43111769,16.28773812,15.27101698,11.11766022
26544,16.02500952,13.74536475,13.12209272,14.43111769,16.28773812,15.27101698,11.11766022
2410,18.00629204,10.52597235,17.39414792,18.40377934,18.67817505,8.445494556,8.546138733
32257,16.02150797,11.13100104,14.87960027,22.35837933,21.4838774,7.583775614,6.541858381
32719,16.02150797,11.13100104,14.87960027,22.35837933,21.4838774,7.583775614,6.541858381
2309,15.13945087,13.2275747,15.10933419,13.00875297,15.22592555,14.43853072,13.85043099
33386,18.46912395,14.28479604,14.2768422,10.46625965,12.64554958,15.43508897,14.42233961
39975,13.12642983,16.66521858,14.97673709,14.00105136,15.33274755,12.3663587,13.53145689
14056,13.15648618,17.72188428,17.97396317,12.298901,11.87435453,14.05561366,12.91879719
13627,12.66998419,16.56185674,16.28853371,13.29760207,13.79253342,12.97233562,14.41715424
19972,15.71211854,16.93480465,9.933832738,16.53271193,12.62692688,13.50532231,14.75428296
19598,16.61578224,20.93187499,11.86181719,15.31072661,10.59395918,13.83717625,10.84866354
18943,12.76141497,14.82564209,2.340975619,35.7829765,17.94743162,2.772085482,13.56947373
37252,12.76141497,14.82564209,2.340975619,35.7829765,17.94743162,2.772085482,13.56947373
7758,19.62113231,14.08676095,11.82706216,11.48178211,12.02828727,13.52879253,17.42618267
7317,20.50532244,14.64433385,10.04578885,13.32616961,15.10996468,13.29047137,13.0779492
19165,12.84028676,16.3022539,12.04682781,11.81320335,15.07173991,18.17738735,13.74830091
19482,12.00478618,16.63791522,11.64920877,11.49414183,15.23810721,19.35948,13.6163608
18798,11.83012861,16.32928176,12.573543,11.14431568,16.17676711,18.3130435,13.63292034
19798,12.57935783,14.82724365,14.69982274,13.47533906,12.51957662,17.50485379,14.39380629
23544,12.81312173,18.94409406,10.65513808,11.47496033,16.74641205,15.5510637,13.81521005
24955,12.76141497,14.82564209,2.340975619,35.7829765,17.94743162,2.772085482,13.56947373
25643,12.76141497,14.82564209,2.340975619,35.7829765,17.94743162,2.772085482,13.56947373
33819,17.79371331,23.22953983,13.62729302,10.90079148,9.177469049,15.51336244,9.757830857
34135,18.11065645,16.85366868,9.928362395,10.58532826,16.2128286,15.89847593,12.41067969
33217,17.17546046,17.62774281,10.57311163,10.86678421,15.82591286,15.64696475,12.28402327
33657,18.70279654,21.26423794,11.97717172,10.51272565,12.7270327,15.39397086,9.422064591
37555,16.4586735,13.99002607,15.94340421,13.99655532,15.62872583,12.04953871,11.93307636
5546,15.256389,13.99973566,17.18203734,14.49399157,14.28970877,12.54887383,12.22926383
5978,13.98414,13.87064064,17.23119385,11.35495492,14.14900491,15.81706384,13.59300184
24996,13.11196743,13.41431871,16.87465712,10.1852533,12.55563153,18.35270307,15.50546883
25288,13.11196743,13.41431871,16.87465712,10.1852533,12.55563153,18.35270307,15.50546883
21807,14.22252486,17.44482849,8.538183542,17.34233052,22.16750632,9.025122686,11.25950359
29850,12.31902184,13.57881988,16.29908863,13.05406125,15.11208135,14.51851157,15.11841549
30547,12.13220998,14.6611434,14.85274896,13.49415136,16.27144433,14.80697633,13.78132565
21437,10.4655346,19.9351089,13.07132063,10.72744866,14.05105096,17.48835723,14.26117902
16036,18.89490895,12.37680155,10.10061179,20.30818915,13.29027689,11.06957075,13.95964094
15475,13.497732,15.38468344,13.08914248,15.38499059,15.17037553,15.1097703,12.36330566
14656,13.56727759,15.73715508,12.46591194,14.80226489,14.69379929,15.76467907,12.96891214
13838,15.5433842,15.78799608,13.00502881,10.5040968,12.73037514,19.63181458,12.7973044
14269,15.5433842,15.78799608,13.00502881,10.5040968,12.73037514,19.63181458,12.7973044
15781,12.96196675,18.44709375,14.10943043,18.09284647,17.36295471,10.26318798,8.762519903
40118,13.82704253,20.96014156,13.28165919,15.07599762,13.02165131,12.13166959,11.70183822
13784,11.71686227,13.61212741,2.1493611,37.45539704,20.06228911,2.545183579,12.45877948
14196,12.76141497,14.82564209,2.340975619,35.7829765,17.94743162,2.772085482,13.56947373
15749,12.87910123,18.47221107,17.16927354,15.7425069,15.70041229,10.14114883,9.895346149
17682,12.76141497,14.82564209,2.340975619,35.7829765,17.94743162,2.772085482,13.56947373
25834,17.1799059,18.77577738,13.61674959,14.06920179,12.62705894,12.41670731,11.3145991
24760,15.86578733,18.52532133,14.95858484,12.48563008,11.86028987,14.8941897,11.41019686
25158,15.86578733,18.52532133,14.95858484,12.48563008,11.86028987,14.8941897,11.41019686
36854,16.42799008,10.5794461,16.64665025,21.59144914,15.71987062,6.285194077,12.74939973
14939,15.76836744,24.74953649,9.241095739,15.94797477,18.87630951,10.09476336,5.321952703
18245,18.39611357,14.01886511,14.650601,14.33125388,16.88854367,12.01496649,9.699656277
24752,16.18085846,20.46651322,15.29184477,12.60271456,14.06188812,11.74513928,9.651041579
25483,16.18085846,20.46651322,15.29184477,12.60271456,14.06188812,11.74513928,9.651041579
31093,17.2071548,14.92015541,12.97966962,13.57672534,12.40621222,16.20154729,12.70853532
31570,17.2071548,14.92015541,12.97966962,13.57672534,12.40621222,16.20154729,12.70853532
22133,13.93800801,12.7057199,13.27008872,18.71037345,15.66089335,10.96883143,14.74608514
21702,17.33470846,12.43502026,16.56470973,11.00987396,13.59563301,16.45954319,12.60051137
20348,12.54935047,19.46201148,8.495834989,9.918050388,13.69639759,19.82576101,16.05259407
41575,12.54935047,19.46201148,8.495834989,9.918050388,13.69639759,19.82576101,16.05259407
21483,15.50081108,18.68838446,11.14327551,13.06799751,14.71735704,13.2273694,13.65480499
31232,10.03781811,14.11350582,15.97426788,14.60626914,15.95051128,12.64760076,16.670027
31711,10.03781811,14.11350582,15.97426788,14.60626914,15.95051128,12.64760076,16.670027
20966,12.8796751,15.68628409,14.52125484,10.68761982,16.08751592,16.03071068,14.10693956
21375,12.8796751,15.68628409,14.52125484,10.68761982,16.08751592,16.03071068,14.10693956
24055,16.164989,14.28253824,14.62067591,10.16927987,12.87865551,16.53214435,15.35171713
20880,12.82346978,20.3780239,14.23720144,13.8240698,11.89451647,14.68965285,12.15306576
20843,13.9580116,16.69329333,7.95908496,15.20047049,16.47925026,14.52938828,15.18050106
5459,17.9494809,14.95638909,11.93295562,10.61412619,13.82118686,16.20293854,14.52292279
36960,18.66715869,12.76786182,14.38665432,15.66045982,12.22020307,12.00688472,14.29077755
37447,19.3211361,13.59395473,14.02636119,13.03539062,12.5982454,13.78323977,13.64167219
31181,12.25189718,15.20986871,15.38335297,12.98069043,13.51927176,15.31283091,15.34208805
31658,12.25189718,15.20986871,15.38335297,12.98069043,13.51927176,15.31283091,15.34208805
20380,16.54035711,19.7829295,14.89858331,10.84754135,13.87381363,14.71751672,9.339258379
20791,16.54035711,19.7829295,14.89858331,10.84754135,13.87381363,14.71751672,9.339258379
41277,13.4390914,19.04133756,12.91049738,14.49135068,14.2041813,13.49002656,12.42351512
3224,16.19095611,18.42256478,12.7519986,15.20276319,14.74531819,12.88998216,9.79641697
40782,13.99892161,17.30482687,10.39134732,18.25798065,17.38183359,12.1804658,10.48462415
20511,12.76141497,14.82564209,2.340975619,35.7829765,17.94743162,2.772085482,13.56947373
13224,13.30013086,17.18495187,13.42262226,11.60077823,14.58172978,17.24543521,12.66435178
12741,13.3455884,17.3077373,12.10169745,10.48073341,15.61700288,18.27681264,12.87042792
24245,12.2077646,14.51349592,16.13276139,13.65339343,16.06034829,14.97012371,12.46211267
23782,12.29420889,14.41802426,12.89405725,10.9211807,15.12446531,17.12594738,17.22211621
3528,13.95514139,14.56185474,14.7553877,11.48386472,13.63686098,15.74901704,15.85787342
4406,13.85656827,14.58944777,15.02976399,12.33835306,14.79174672,14.92957339,14.46454679
4881,14.08255259,15.03418662,16.30172361,14.11468989,16.45276596,13.25852528,10.75555605
34059,17.80365672,20.52104642,10.87317175,16.33506021,16.49225109,7.984175589,9.990638219
24464,17.76517829,19.67920708,11.0204528,24.33604854,18.50166717,2.208741671,6.488704446
20967,11.3341988,15.76898932,12.18096854,12.49121764,15.18109948,15.24086953,17.80265668
21371,11.3341988,15.76898932,12.18096854,12.49121764,15.18109948,15.24086953,17.80265668
22957,11.75504848,13.83702203,17.57414347,11.47399892,13.47756774,14.84067778,17.04154158
23897,12.39522456,14.2064545,15.07429832,10.16595075,14.35340248,15.73262508,18.07204432
24326,13.55713524,16.24824556,15.00337588,12.81113773,15.43293665,13.06003649,13.88713244
23415,12.97349569,16.04716408,16.8588619,13.01566566,11.35883817,15.92968999,13.8162845
39368,20.38017176,14.1679225,10.3424476,14.88568106,12.93569423,13.34893357,13.93914928
2750,18.0801049,16.12872822,11.14100739,14.44397853,14.54637538,13.03172596,12.62807961
38874,17.99345149,14.6024059,12.7489094,16.19467224,12.94124258,10.1292287,15.39008969
3748,15.79124702,13.1051307,16.23773289,11.44147259,15.71570267,14.98291629,12.72579785
4148,15.79124702,13.1051307,16.23773289,11.44147259,15.71570267,14.98291629,12.72579785
22757,12.92305845,13.91650941,16.37486998,10.93125315,15.54251888,15.86034534,14.45144479
23709,13.66391352,12.0202665,16.09686346,12.85749694,15.93878623,14.30957441,15.11309895
24166,16.36800564,11.34138934,10.2466052,17.17665539,17.60212852,11.32940657,15.93580933
23253,12.95005742,13.86114018,16.45790591,10.90969387,15.09076488,15.16001108,15.57042666
33882,14.92220411,14.75860185,12.16679517,11.37863131,14.03768097,15.19260989,17.5434767
32953,14.25544109,15.95224671,11.83086498,10.39340758,14.22545248,16.15337534,17.18921182
34370,14.63284136,15.5685589,13.05088341,11.86925004,15.22652781,14.22237407,15.42956441
33442,14.60939744,16.57967898,12.21245285,9.112427146,13.44173653,16.67555268,17.36875438
26444,19.03788512,18.80610362,11.32903882,16.44630139,13.01241628,11.68099915,9.687255625
26861,19.03788512,18.80610362,11.32903882,16.44630139,13.01241628,11.68099915,9.687255625
1417,13.07745922,16.72191379,11.46939813,11.53937376,16.21359908,17.16716802,13.811088
1877,12.63394872,14.83439951,13.66070198,11.85852733,16.18400772,16.47135833,14.3570564
2314,12.68907434,15.86911062,15.91318676,12.59293023,13.31934722,14.70082282,14.91552801
995,12.37931661,15.10943635,13.76954991,11.36881143,16.12559201,16.06933194,15.17796175
17137,17.18887212,12.45501221,10.64542637,14.94197174,15.07175795,12.62695576,17.07000385
18549,16.9510886,12.13735509,12.15147642,14.10916328,14.30447079,14.48145105,15.86499477
18043,17.01614411,11.77055151,9.794037264,17.3162007,16.76684787,11.26722289,16.06899566
29234,14.17951059,10.18608372,9.053514904,25.25197698,17.05185591,11.52056921,12.75648868
28782,11.70593716,16.22128965,11.82682485,19.63871593,15.01723764,13.68833528,11.90165951
27905,11.71686227,13.61212741,2.1493611,37.45539704,20.06228911,2.545183579,12.45877948
27480,11.28643602,15.88510611,13.2807025,16.32232176,15.85731299,12.63520028,14.73292035
28327,12.76141497,14.82564209,2.340975619,35.7829765,17.94743162,2.772085482,13.56947373
37294,20.29196964,10.58801431,11.06752202,22.21248171,16.35094077,9.088482225,10.40058933
5279,16.55851552,10.33377135,12.37970947,18.82186099,18.80850551,10.1186485,12.97898867
5746,17.69795205,10.67043686,11.38225186,17.13576579,16.63579376,11.10324401,15.37455567
29158,12.88183777,15.49456692,9.587878484,22.98908409,15.76702343,8.674267322,14.60534199
8043,13.76803874,15.11383703,14.35761136,15.62029835,15.76516661,13.02375202,12.35129589
39328,12.29347159,14.47455816,15.23765559,13.145412,17.49895745,13.0472982,14.30264701
37855,13.65463096,16.38304583,16.48515111,14.15053444,14.72666561,13.63448728,10.96548476
8497,12.22625852,13.94140223,11.23376638,19.40611267,18.36079199,12.81238288,12.01928533
39970,13.05702843,13.34905784,15.97338183,15.46758082,18.4308395,10.74430626,12.97780531
13625,12.71458359,14.71172579,15.32419547,16.1561961,16.59198233,11.86942741,12.63188931
14065,11.89781973,15.63781054,14.04623675,14.90487741,14.03299389,14.34231382,15.13794786
27038,15.71345868,13.73272775,13.35533165,16.33541411,11.67065448,12.88357654,16.3088368
27487,14.05990645,12.40165044,12.71175094,20.27834551,16.69028962,10.09452093,13.76353611
28761,14.34095562,13.64355388,15.8522209,17.47007117,14.52509971,11.59942606,12.56867267
27885,12.75254359,13.07955591,17.96376477,18.88453344,15.3507314,9.443307629,12.52556327
28312,12.75254359,13.07955591,17.96376477,18.88453344,15.3507314,9.443307629,12.52556327
22875,17.87036518,13.06875682,14.30003122,14.05687193,12.32811716,13.94010393,14.43575376
27385,15.16067788,12.85316985,18.30052192,15.73580288,15.51477749,11.85153239,10.58351759
36647,14.088686,18.2763567,12.81198088,12.477432,13.02098672,14.88578369,14.43877401
19976,18.12130303,15.16643557,6.043420712,20.28729248,16.6873928,9.414303258,14.27985215
41209,15.41551235,16.05322703,6.990215152,18.47778122,18.3572498,9.179284801,15.52672965
2162,10.85335557,17.45613577,10.22121744,19.88949398,17.63072253,8.66947719,15.27959752
20448,18.00231551,13.02576812,7.749509959,23.68142679,17.74820157,8.134812682,11.65796537
26247,11.9534684,14.4546842,16.92145324,14.37001379,13.82046521,11.36342233,17.11649284
26678,11.9534684,14.4546842,16.92145324,14.37001379,13.82046521,11.36342233,17.11649284
16482,12.72809393,13.28334177,15.85140851,14.16735211,15.04405466,14.26713862,14.6586104
16028,12.49320591,14.03962798,15.48613914,12.77966263,16.21348089,15.37412692,13.61375652
23338,13.04673416,13.34560017,16.54590475,10.41119796,15.10617406,17.06215619,14.4822327
17321,18.23869848,15.73567253,9.009694529,11.74999032,16.71786117,16.97694378,11.5711392
17692,18.23869848,15.73567253,9.009694529,11.74999032,16.71786117,16.97694378,11.5711392
29372,14.93717862,13.92758688,11.48411978,14.46663952,18.89035123,13.47774904,12.81637493
15386,17.32940649,14.15611905,13.58811907,14.50754836,10.93813795,15.51487193,13.96579716
14940,17.19440304,19.62648504,7.955754778,12.012681,12.49784197,17.67244794,13.04038624
14588,15.41106885,16.90210526,11.80349981,13.99974503,11.62242452,15.80614572,14.45501081
30062,18.53874603,16.0203273,12.09401932,9.436331874,13.38287175,15.47309562,15.05460811
29201,16.64802271,14.68218236,14.49356991,11.87574562,13.81324619,17.02354521,11.463688
20720,16.25196371,15.01905257,12.04376107,9.564070623,15.81711314,16.7581215,14.54591739
41508,13.30958886,18.96051779,11.72130094,8.943063411,16.66511914,17.70928531,12.69112455
39349,13.23595305,20.69265444,14.46928958,12.66451164,14.28659469,14.70393125,9.947065345
38862,12.86363328,18.2202509,14.83668974,14.05730366,14.83916931,13.79402873,11.38892437
2728,13.53767261,19.15182261,12.51351129,13.2333814,15.10837409,14.37998389,12.07525411
3147,15.01811173,19.35027687,13.22107831,11.52308716,14.08362361,16.61433785,10.18948447
26925,12.76141497,14.82564209,2.340975619,35.7829765,17.94743162,2.772085482,13.56947373
11469,19.57053376,23.05559951,1.552729373,16.97803322,20.51012686,7.810619326,10.52235796
38256,16.13943069,13.22597441,15.0080646,11.67671376,15.5409521,16.24509801,12.16376643
37757,15.0827412,13.6058854,12.48574706,14.26239613,21.41710179,13.84415189,9.301976535
7939,13.88297416,14.47659527,11.2766214,16.55631774,20.60268632,14.03686162,9.167943489
22669,12.13652636,14.58291991,11.48585773,20.31230581,17.41907631,14.62552285,9.437791042
23168,12.13652636,14.58291991,11.48585773,20.31230581,17.41907631,14.62552285,9.437791042
39746,19.60539889,12.64310396,11.42792754,15.35462453,16.61023143,11.6503868,12.70832685
13408,18.44808916,12.18531581,12.7135936,16.33404248,17.2689488,11.22232883,11.82768132
19986,16.98128292,11.80905479,12.00583028,15.93378484,19.24333901,10.7365379,13.29017027
20458,16.98128292,11.80905479,12.00583028,15.93378484,19.24333901,10.7365379,13.29017027
40253,18.13257122,14.75767166,9.309977777,18.57900763,17.26046764,11.30666615,10.65363793
12669,11.48354294,14.82852859,14.89996427,10.96245417,13.68769195,16.39874999,17.73906809
11756,12.02020727,15.41467054,14.65049603,11.55604222,15.63546283,16.97571295,13.74740816
14352,13.68437862,14.91127264,14.32748604,11.25421791,16.48837668,16.2920455,13.04222261
15157,13.68437862,14.91127264,14.32748604,11.25421791,16.48837668,16.2920455,13.04222261
6313,12.88519663,15.64530183,15.83167919,13.27545948,14.57771556,14.16689209,13.61775521
7192,13.64969603,16.72643926,13.70291622,15.24700207,15.46216817,12.75722664,12.45455161
6740,12.47250061,14.73782623,17.69779937,11.66639324,12.03413186,16.51742265,14.87392604
21678,18.54690371,16.35150124,14.16971175,12.42479247,12.77008959,14.77478337,10.96221786
17145,19.22701292,13.64782687,14.35094053,13.81701035,10.74363325,11.86568879,16.34788729
18049,16.98167865,12.90687182,16.47884839,16.35525709,14.71634286,10.86444426,11.69655693
4024,17.06327501,16.03330868,10.83460739,13.17681977,15.59272394,16.5262584,10.77300681
4472,16.57187649,16.61804309,10.35145327,10.75321449,15.90982472,17.12190066,12.67368729
4937,15.45797681,14.43781067,13.342971,11.57999588,13.4737769,15.52551955,16.1819492
4335,13.43796042,16.84042046,13.38082405,11.47978699,13.65074158,16.97293892,14.23732758
4812,14.68439877,16.49644366,11.68070772,10.87593457,14.65469239,18.2814115,13.3264114
3449,13.85034638,16.92484417,13.8561958,11.00946116,12.77342463,17.51880089,14.06692699
27104,10.91455369,19.67059251,18.45368855,14.76838273,13.4580476,11.33547519,11.39925971
26206,14.77337423,19.3429569,10.913528,11.17859771,14.94542455,16.76764992,12.07846869
26647,14.77337423,19.3429569,10.913528,11.17859771,14.94542455,16.76764992,12.07846869
2618,11.52059492,15.61890943,9.847514066,24.35369635,14.47583432,9.685084103,14.49836682
38752,10.76371212,16.08506763,6.782629425,27.79541674,15.56018375,7.866643459,15.14634689
3062,13.5035917,15.88620215,8.237243762,23.77947636,14.54145816,9.740923361,14.31110451
18281,20.79330288,17.5002012,4.713275249,18.28439054,13.56829282,13.01257286,12.12796445
20252,13.0785016,19.94868001,11.94558404,13.44332852,8.992491864,17.62469287,14.9667211
41472,13.0785016,19.94868001,11.94558404,13.44332852,8.992491864,17.62469287,14.9667211
10679,18.10499112,16.74978971,8.386252167,18.26130422,18.77675592,11.69742593,8.023480938
8048,20.68329382,17.38519878,7.246562818,12.45567896,16.71411708,13.39999459,12.11515396
40739,17.33428579,15.22509511,10.68217309,16.45127752,17.87006277,9.816826984,12.62027873
8501,21.32280998,16.71925722,8.014815698,11.35210927,15.52767259,13.51889748,13.54443776
35860,17.5282436,14.48068184,10.25346904,16.71941266,17.94880946,12.10077555,10.96860785
37862,19.80742692,18.03373263,7.282639008,15.09911191,20.50812646,9.350613363,9.918349699
36347,15.4849022,14.02921472,15.1590934,12.74559532,14.33685588,15.03915446,13.20518402
3089,16.9922877,15.34132638,12.74164151,11.7940457,15.70529529,15.96221898,11.46318444
38780,24.03110982,12.86823839,10.59237341,14.33467995,13.81224583,12.11159051,12.24976209
2655,18.72913342,15.15426453,11.3013952,13.25516599,15.56781649,14.42578006,11.56644431
13810,14.3286628,18.43216188,11.98598708,12.79985571,13.26893591,16.12742867,13.05696796
40190,14.3286628,18.43216188,11.98598708,12.79985571,13.26893591,16.12742867,13.05696796
21713,12.75257236,18.48948572,10.01058189,12.05414355,14.50203122,15.6695104,16.52167487
32088,11.82936135,13.22476287,14.00178652,13.85291483,19.35906457,12.56434984,15.16776001
32578,11.82936135,13.22476287,14.00178652,13.85291483,19.35906457,12.56434984,15.16776001
26995,15.66482749,15.41714226,8.926151118,14.61201373,18.57421081,16.39537316,10.41028143
26085,11.71686227,13.61212741,2.1493611,37.45539704,20.06228911,2.545183579,12.45877948
22476,15.62632938,18.13142963,15.85533019,11.68684315,12.77958548,14.3548566,11.56562556
36415,17.19689445,9.719073679,11.39842542,25.24766936,19.91590271,7.336285045,9.185749337
35916,13.78600382,11.78092161,14.31144543,23.3863233,18.60553706,7.363402428,10.76636636
10742,14.30264405,11.63526951,13.06140847,25.18142196,19.11897651,6.643207496,10.05707199
19664,17.55076047,11.85164521,13.11614781,13.20102932,15.91254911,12.33757063,16.03029745
19331,15.61937728,12.36246762,17.43941336,12.47275857,14.78817713,13.32381027,13.99399576
12746,14.20139334,18.16804443,19.81123388,10.6590846,13.71878715,13.75497715,9.686479455
13207,14.77391475,17.45075402,11.24130474,11.98323042,14.05661689,15.6853276,14.80885155
3194,17.29042702,18.90411687,9.909179697,10.86015194,14.45469586,15.18992125,13.39150736
10169,17.6705979,14.44424739,11.70629833,13.07605845,16.26528946,12.72253864,14.11496983
37966,14.51850148,14.33386569,13.28027394,11.5517165,18.33273807,15.38061081,12.6022935
8137,15.49518554,14.41056508,12.08388752,12.16648716,18.77581492,15.12188259,11.94617718
33375,13.26170535,15.48017339,15.55975373,10.84803328,15.57213091,16.97188966,12.30631369
33822,13.26170535,15.48017339,15.55975373,10.84803328,15.57213091,16.97188966,12.30631369
30728,14.3950709,15.36873778,11.97949811,11.76665302,17.79705728,16.41462725,12.27835565
7098,17.73141158,17.24057391,14.08584707,14.49035116,12.21543443,12.79624459,11.44013727
41065,13.61299624,17.08238472,15.4931159,10.58196402,11.37266004,16.26885834,15.58802073
34287,15.34813908,20.21298726,14.80473575,12.11827033,14.92489826,13.46389313,9.127076189
34797,12.18411136,16.54882736,16.16706827,9.940876403,13.76180817,16.84245875,14.5548497
938,14.67468464,14.23894869,16.90286486,14.06533264,17.3790354,11.42828234,11.31085143
1366,14.67468464,14.23894869,16.90286486,14.06533264,17.3790354,11.42828234,11.31085143
16090,13.06679453,15.15639322,13.59521803,12.71939135,17.12138746,16.62977775,11.71103767
37015,15.3694839,16.60588349,13.25566156,11.87561367,15.14628857,15.94494162,11.80212719
1357,12.56388463,15.34937591,16.06086639,9.000068486,12.90770132,19.8651055,14.25299777
1169,11.9429048,14.4164271,11.09669973,11.49446968,14.23125839,18.21661162,18.60162868
2053,11.84851673,14.10435465,11.56731239,10.94498259,14.92372622,18.57446107,18.03664635
1576,12.06270746,20.6471092,14.26047743,12.27228962,12.56817647,18.04767059,10.14156922
10951,15.65455425,14.38205433,14.68688715,13.89362815,14.62743785,14.32248742,12.43295084
11368,15.78675162,14.70546517,15.37313495,13.92959815,14.42648094,15.76228293,10.01628623
35207,15.5603189,18.60312079,14.08432315,9.975623721,13.08655125,15.32359251,13.36646969
11286,14.18469117,15.83630168,16.93188926,13.28985678,14.45260027,14.9383934,10.36626743
36491,16.68785061,11.84205667,10.75277635,19.71792463,18.81279946,8.673317386,13.51327489
10843,15.20030028,14.68205405,16.21362227,15.09645676,15.88614989,11.68849053,11.23292622
36003,16.77757342,11.58067589,12.63663819,19.11219777,19.70521895,9.844702598,10.34299318
20912,14.38374225,11.800102,12.72406366,18.81427542,18.35455749,10.87912682,13.04413236
22272,15.05346103,12.54645246,14.49586576,15.99513163,15.35880787,13.41603482,13.13424642
21828,14.79469412,12.02225222,11.61270395,17.26067807,18.77899414,11.78948716,13.74119034
33225,11.95951986,15.61889275,11.48012274,10.28250671,12.25473195,17.93372094,20.47050505
33661,11.95951986,15.61889275,11.48012274,10.28250671,12.25473195,17.93372094,20.47050505
13453,13.23054803,15.54013411,10.17236014,12.45980388,16.23271216,17.51140796,14.85303371
13917,13.23054803,15.54013411,10.17236014,12.45980388,16.23271216,17.51140796,14.85303371
24140,12.41933095,12.65584498,14.06187214,16.07755281,18.26284029,14.1041693,12.41838954
5445,11.38415657,13.82981617,13.34014683,15.65806655,14.11189311,14.05951329,17.61640747
37453,11.11562981,13.64439777,14.82364017,14.94643729,13.5529412,14.37372136,17.5432324
35651,11.00159065,14.56011416,14.90746284,11.74978813,14.26942561,17.32287255,16.18874606
22580,14.60352462,15.49888578,11.55317462,11.40408832,10.93707489,15.86332196,20.1399298
40953,16.63930664,14.72265631,10.6881278,11.7670733,18.58300819,16.05505315,11.54477462
21151,14.78467979,15.56049728,13.82155728,9.30614481,13.47897352,16.27618667,16.77196065
22039,16.41546114,15.38521983,10.39699272,10.77364556,14.57092016,15.45455594,17.00320465
20965,23.30252976,15.2340614,8.849751927,12.36501874,12.26368774,14.44235507,13.54259537
21374,23.30252976,15.2340614,8.849751927,12.36501874,12.26368774,14.44235507,13.54259537
4954,12.95301169,14.54548558,15.30508375,12.48514503,13.58778267,16.8912375,14.23225378
22319,14.02577976,15.38493984,14.3708098,11.55358998,13.83462237,18.1619311,12.66832715
39427,12.87179062,12.80113362,14.56542265,12.49127514,16.7439795,13.97048076,16.55591771
2815,12.66429233,11.75328449,19.50900639,13.28897107,15.28832867,13.19168096,14.30443608
38952,12.4065739,11.73333188,17.31416967,14.32270728,16.37479627,13.45166336,14.39675764
24474,11.36539175,16.66795201,17.87429859,14.37533058,12.96367112,15.16973361,11.58362234
21473,18.02729493,16.4834558,9.329194572,14.95080047,20.05031862,11.12658621,10.0323494
27770,12.76141497,14.82564209,2.340975619,35.7829765,17.94743162,2.772085482,13.56947373
26405,18.39154511,20.19955817,11.59074421,13.28165513,14.92874397,9.634226959,11.97352645
26826,18.39154511,20.19955817,11.59074421,13.28165513,14.92874397,9.634226959,11.97352645
16282,13.13463261,19.37088499,12.33842565,12.10715366,13.13222638,14.45675257,15.45992415
30118,13.69723509,21.84080603,7.454038781,18.88260214,18.94115478,12.78308268,6.401080499
16684,13.31303483,16.15484686,17.01995456,20.62442864,18.1295289,6.879302546,7.87890366
29725,12.54278339,14.57164568,2.300869471,36.10444201,18.41866769,2.724593458,13.3369983
11849,14.08718634,15.74650828,15.3711014,12.53377813,13.52893996,13.29068098,15.44180493
12219,14.00933017,15.14301608,16.33309039,13.89653057,13.6940434,12.09628603,14.82770335
15587,18.81732573,12.19959682,9.5543253,17.81311585,15.32651329,10.14923751,16.13988551
22946,14.41608611,13.38926839,15.93105103,11.15524018,16.70164195,16.29980849,12.10690385
23410,15.25711183,13.90797223,17.70970952,10.71142527,16.60142074,15.00679595,10.80556445
40448,21.5633845,15.46245896,9.493567264,19.92022878,12.62749369,10.21272596,10.72014084
23891,14.59455514,14.20464588,13.61580912,9.454668725,15.49210112,18.984288,13.653932
11658,15.56765869,13.71875085,19.06027948,12.31444059,14.77960075,13.62768989,10.93157975
12584,15.56765869,13.71875085,19.06027948,12.31444059,14.77960075,13.62768989,10.93157975
13060,17.09871139,12.77248695,14.65233206,14.71256103,15.81022808,12.39056846,12.56311202
18425,12.76141497,14.82564209,2.340975619,35.7829765,17.94743162,2.772085482,13.56947373
24269,17.04646418,10.90742844,13.21977189,18.29363966,17.89328546,10.13389833,12.50551204
31438,16.54908757,14.05161068,12.77155472,11.19936975,16.74345628,13.93404461,14.75087639
31905,16.53704996,13.94485073,12.81423996,11.22476223,16.84490126,13.86237139,14.77182446
12967,17.86524318,16.76011107,13.23486706,12.15011654,11.02577416,12.70541597,16.25847203
19471,18.61128555,14.94133526,11.81544967,11.31557485,14.66711419,15.51945097,13.12978952
18776,19.21318155,17.27528313,10.74312304,11.3433747,12.73624882,16.43476867,12.25402008
19795,17.83634497,14.41862275,12.86324459,12.97379221,12.37051895,14.05407899,15.48339753
12208,20.25243264,15.49803189,8.542824494,12.85977325,16.54118632,13.76842377,12.53732764
14916,21.22454751,16.73186834,10.28068765,16.49661745,12.24350976,12.05085939,10.97190989
14556,19.33701572,16.49937093,10.95613704,14.77378273,13.61670962,12.94704821,11.86993574
38822,11.48090133,14.65341089,14.00562741,13.01888604,17.6549694,12.07552504,17.11067989
39316,13.2671995,15.75090901,10.19975289,15.65480043,16.95273837,9.622717328,18.55188248
2689,11.46309839,14.62517276,13.1022589,12.72662986,16.96631255,13.05169401,18.06483354
22672,13.55330847,17.3357062,14.20481159,18.89571362,13.43816365,9.682665152,12.88963132
23171,13.55330847,17.3357062,14.20481159,18.89571362,13.43816365,9.682665152,12.88963132
17990,13.70523186,16.76499866,10.90316486,14.94022206,17.1279511,13.55388097,13.00455049
41006,15.51212666,11.14569362,19.83298549,11.9644436,13.29389925,14.46903248,13.7818189
13329,15.01831208,17.37905629,8.61741429,13.46174271,15.24455915,18.59479606,11.68411942
29286,16.65706979,10.87410365,17.56099139,15.88712579,11.71933534,13.02348675,14.27788728
6071,19.94153771,14.36055512,8.050895638,15.30749607,15.6611286,13.74972813,12.92865874
38674,19.34659817,13.48140149,13.91882152,13.19715695,11.79750514,16.17610427,12.08241247
36070,17.88649835,17.29407351,7.939394106,11.32773848,12.08334609,15.84096784,17.62798164
8708,19.463536,11.21863682,13.73685279,15.50591775,14.91741575,11.629734,13.52790689
10893,12.31530021,14.30736588,2.25913957,36.45664669,18.89125822,2.675178654,13.09511078
11270,14.22922153,12.86270794,18.24833666,11.42662465,12.34096395,14.74972195,16.14242332
39992,18.85540166,19.25317534,13.75579137,16.08712211,17.70383007,7.203478207,7.141201252
13105,14.97109921,13.21165632,14.2034437,10.42591491,15.50604239,16.03322034,15.64862312
32290,14.39772815,12.09232109,18.9907001,13.58134628,14.14599752,13.8282736,12.96363326
32772,14.39772815,12.09232109,18.9907001,13.58134628,14.14599752,13.8282736,12.96363326
1990,16.14192529,19.8449455,12.13563694,11.97769735,13.79593456,13.14929599,12.95456437
2385,19.98256138,18.18794967,11.08136242,12.03800771,12.35397722,15.55908889,10.79705271
1110,16.27176895,18.26758593,13.26520196,11.65788947,12.68275712,14.61442313,13.24037344
20810,19.62119986,12.60912488,9.596467096,7.994110848,15.40318771,19.57668645,15.19922315
12803,13.99386502,14.56587434,14.4847634,13.43037982,13.50029898,16.45636065,13.56845778
13265,12.27752287,15.58952156,11.07912851,12.08357472,15.18768549,16.16069263,17.62187423
17207,12.79226136,13.63352676,17.52951526,9.971294506,14.95636652,16.83033986,14.28669574
17607,12.79226136,13.63352676,17.52951526,9.971294506,14.95636652,16.83033986,14.28669574
17536,14.62434952,22.11825675,8.482855178,8.474388952,13.4500446,20.94708074,11.90302426
36828,18.80336673,11.31374239,14.20680045,15.98423907,14.54329217,11.10725153,14.04130767
5311,15.55935569,13.81284268,19.52397596,12.00081659,15.77972723,13.49196444,9.831317406
37324,15.25461443,13.98839985,20.55623188,11.8886015,14.91911344,13.55008225,9.842956647
17542,23.61580927,25.94956396,4.056683734,14.87629495,7.032456389,15.3839262,9.085265509
40889,15.45881477,14.6725538,12.19482132,12.44911485,16.20591402,15.10048055,13.91830069
12906,20.580302,16.83390623,9.037419636,12.65286307,13.99999637,15.4904712,11.4050415
1174,13.37906294,16.19017797,16.32401237,9.718531566,14.15868713,17.50698131,12.72254672
1582,13.37906294,16.19017797,16.32401237,9.718531566,14.15868713,17.50698131,12.72254672
5449,12.16807974,14.58079333,11.22442778,12.7904996,15.03346048,17.120399,17.08234006
5896,16.3896469,27.46322881,3.10810842,9.919082887,15.6710769,15.05102385,12.39783223
36958,15.68210676,17.62362362,10.01985065,17.1646761,14.13519212,12.88738783,12.48716292
37458,14.03083258,13.87118859,12.56316954,13.91135213,14.84428234,16.85342249,13.92575234
5133,12.92747386,18.03128229,16.69798722,11.91425113,11.55346211,13.83656749,15.03897589
15893,19.45861671,13.609356,13.84223279,10.82314048,13.95194089,16.50731435,11.80739878
17739,15.936899,14.44972374,16.28870903,19.0553142,15.04926886,8.948097931,10.27198724
30733,14.2573697,19.11400214,15.54845046,12.97685959,10.89444975,13.70923216,13.49963621
26080,12.62342032,15.54158323,15.68530979,11.46062259,17.03038265,15.68034284,11.97833858
26525,12.62342032,15.54158323,15.68530979,11.46062259,17.03038265,15.68034284,11.97833858
30366,12.76141497,14.82564209,2.340975619,35.7829765,17.94743162,2.772085482,13.56947373
16087,15.91380186,10.79891204,13.2734622,17.23804768,18.18550041,10.15012378,14.44015203
27798,17.83560394,10.73498012,14.17462556,17.74738918,9.601371538,14.5605474,15.34548226
16674,14.36789862,15.69332175,11.05297899,9.576742628,14.15242871,16.61521689,18.54141241
16275,14.81573454,17.58017791,10.09978585,9.432121042,13.21553615,15.77956237,19.07708214
12826,10.95610916,14.45298089,14.65154687,11.77807902,13.10208918,15.16585598,19.8933389
11899,10.27770019,15.81700288,14.09156125,12.01752969,12.38229725,13.59208103,21.82182771
12263,11.13137729,15.70164165,12.36668375,13.43956975,14.54622743,13.56805967,19.24644046
36729,10.17579233,17.40470744,4.882349161,14.1230218,16.2973406,14.79630686,22.32048182
12381,20.97607354,15.2883953,13.10515987,16.21017489,10.48459601,11.82093159,12.11466879
37485,18.70897792,13.34488602,11.77259906,15.9517173,16.71033194,12.74867938,10.76280837
40310,18.49606229,14.32413199,11.51590779,16.06114084,14.24864549,14.42242828,10.93168331
34228,14.62101656,18.98013222,8.952825739,13.67440139,14.24832251,13.37605056,16.14725101
558,14.22850798,13.94099111,15.3367224,17.44780697,14.33476968,12.97494573,11.73625613
35415,13.30824372,12.26517063,16.54199558,13.90462267,13.60962726,14.49507764,15.87526249
34945,13.29540505,13.51679589,15.47897627,14.82551297,15.38109618,13.62666701,13.87554663
143,13.21578048,13.51965445,16.54690145,16.66544434,14.3601945,13.09202222,12.60000256
29535,12.68207322,20.67177632,12.02286897,13.92927775,13.66545226,14.21162933,12.81692215
40983,15.22262387,19.04495203,11.28118016,12.72364035,15.08828398,14.52570566,12.11361394
41204,16.45123675,13.03100065,12.3962194,13.25838982,18.13896443,12.31323226,14.4109567
35287,14.50789471,22.26648275,20.05861131,14.86072361,11.47628206,9.89895622,6.931049332
5252,13.38418708,13.68310032,13.6375741,16.89748503,15.7449164,12.2762324,14.37650467
31039,14.47383806,12.36125343,13.12060902,12.30082431,18.49392034,13.64387265,15.60568218
31520,14.47383806,12.36125343,13.12060902,12.30082431,18.49392034,13.64387265,15.60568218
21457,16.53990204,16.11852687,12.22540483,11.7151112,11.96178022,16.00749886,15.43177597
35095,17.01360898,11.65897042,15.63880767,13.80403733,14.32783439,13.37577865,14.18096256
276,15.0060483,12.5387318,17.11534238,13.50680313,13.92083337,14.80952479,13.10271623
18116,14.26927635,13.70818043,15.39489031,16.79461029,12.96814207,9.267922016,17.59697853
17627,13.71492944,14.91177803,11.09092592,18.95444696,17.7390267,7.078741329,16.51015161
17235,14.63843381,13.90499786,11.55176477,19.85060173,16.2726841,6.791312775,16.99020496
18514,15.6813449,18.8146557,13.15169119,16.75972933,12.503115,9.639713223,13.44975066
12822,16.52883456,15.63770069,13.1378472,11.58838557,14.17532438,18.39264025,10.53926735
1349,12.30564698,15.69065808,13.80893825,12.42431909,17.84845518,14.04739961,13.87458281
30605,12.76141497,14.82564209,2.340975619,35.7829765,17.94743162,2.772085482,13.56947373
15208,19.15458268,15.09542669,11.73263653,12.47123436,14.94760687,14.67069646,11.9278164
14407,17.30746173,12.55071353,13.32111925,11.16670411,16.60464629,13.6962542,15.35310089
14814,16.39292528,12.24969754,13.10467768,13.40300968,16.87535693,12.8441514,15.13018149
27260,20.77713238,13.12336971,12.18272466,10.28902222,12.96989582,17.21551666,13.44233855
16925,19.41559429,13.77046584,8.058621729,24.34252149,16.27458066,8.601139889,9.537076107
17356,19.41559429,13.77046584,8.058621729,24.34252149,16.27458066,8.601139889,9.537076107
1353,13.03998719,13.33211659,16.20839037,11.71831909,14.32244813,14.93431121,16.44442742
1810,14.52453873,13.60088807,13.75910993,10.62597585,14.93420734,17.08400021,15.47127987
925,13.6687862,13.87124967,13.99276627,11.26165164,15.43694028,15.93266574,15.83594019
26029,12.76141497,14.82564209,2.340975619,35.7829765,17.94743162,2.772085482,13.56947373
28916,15.0231128,16.57134291,11.31880456,9.256111208,15.15199017,17.71364161,14.96499675
13000,14.08385689,13.52675617,14.09159304,13.94683753,17.13930168,13.31374888,13.89790581
14242,15.21602762,15.36587901,14.13128541,14.56125856,12.92800892,14.13105202,13.66648844
25173,17.42097473,19.6009137,9.082607116,9.618353504,14.99078994,16.29982641,12.98653461
24790,17.27510553,18.16183442,10.03036709,9.247209472,15.6265031,16.7416005,12.9173799
25503,15.96647432,16.58147595,9.670027769,9.674084058,15.94132726,18.98250562,13.18410502
25507,16.29251709,16.35986376,11.64568018,11.38660146,15.85962207,15.5257043,12.93001113
25866,16.66314266,20.69960505,13.34146826,15.57801004,14.24565659,11.8452187,7.626898692
24778,12.65328003,14.70001574,2.321139162,35.93976158,18.18271587,2.74859598,13.45449164
11928,12.35207073,13.72086611,15.27243818,15.91318191,17.07845575,9.838559725,15.8244276
12854,13.21529579,12.55664364,15.67765837,16.39506135,19.55470659,8.753314565,13.84731971
1683,12.52094001,15.98883647,14.16639533,13.84119169,14.18302912,15.20590577,14.09370162
22662,15.02730446,15.99107858,14.48686462,11.48129984,11.59104528,15.18502448,16.23738275
41583,15.37847544,18.22878221,12.35643567,11.48943271,12.52606085,14.61353575,15.40727736
20363,15.8726108,18.21944969,12.81452624,12.38100538,14.9401834,13.51023146,12.26199304
24461,15.49704187,15.82776045,16.25642692,12.97132231,12.1243123,15.5149523,11.80818385
20775,15.53607721,17.54955274,13.01096025,11.19412601,15.21959862,14.68852145,12.80116373
22501,12.96203179,12.91743634,13.75100888,13.38157929,16.51614135,13.69275579,16.77904656
21596,11.32922276,14.399491,16.48507977,14.46979291,14.08369338,14.06508993,15.16763025
22469,13.22274228,14.51395641,14.9335734,12.52204062,13.07534697,12.4985343,19.23380603
21238,15.67170867,16.31807725,12.16492609,10.57740002,14.27740827,16.49305845,14.49742125
22128,15.67170867,16.31807725,12.16492609,10.57740002,14.27740827,16.49305845,14.49742125
17751,13.4882209,17.57302957,11.84768022,14.81383892,15.49577953,12.54945877,14.23199209
37927,18.40864812,15.77722271,10.35748736,16.33401986,13.94077431,11.59167889,13.59016874
8113,19.10904623,16.26447753,11.22461971,14.23142216,12.3422944,13.02080668,13.8073333
10162,13.93486472,18.24724571,11.67327555,17.83699623,14.95506531,11.39220102,11.96035146
8559,22.06784063,16.77600477,9.890835496,11.68658133,12.01893844,12.68544479,14.87435454
18775,14.14721551,15.93196901,14.27454261,12.5871741,12.71266583,14.81116874,15.53526419
18296,11.19590839,16.34278649,12.95361569,12.92091077,16.11761627,16.38634958,14.08281281
19473,13.71203536,16.50439475,13.05620501,12.53010116,13.14999341,16.49126894,14.55600137
29398,13.69330007,12.33492833,16.51607501,16.60641667,16.66992698,11.10737195,13.07198099
24851,17.41044337,19.22836009,10.31514801,13.84091088,15.89517969,11.25041803,12.05953993
25220,16.72109801,19.23757762,12.28915834,11.44949511,15.1076486,13.04286309,12.15215924
25551,18.25082301,13.22159372,9.923407655,20.22547692,13.89863436,11.55086069,12.92920365
28988,13.346559,15.50636127,17.09194862,13.67037567,13.51172049,13.37208125,13.5009537
