UniqueID,No_Nonsense_Full_Back,Full_Back,Complete_Wing_Back,Wing_Back,Inverted_Wing_Back,Inverted_Full_Back
28629,30.88774394,17.8449498,2.336932901,8.210706822,17.17947614,23.54019039
36266,17.77612233,16.37774515,23.26663345,10.79964078,13.70160173,18.07825655
29502,27.01177924,11.68492368,19.64550264,1.102886634,1.138182791,39.41672501
20476,24.49540415,10.94595566,25.91165547,13.89062151,5.217385975,19.53897723
20004,23.75437887,8.974775195,30.72422552,11.07427605,2.825644109,22.64670026
40742,22.00288025,8.805042773,26.7329434,11.11943677,9.424003165,21.91569364
38014,17.06872686,4.150900347,29.81849553,18.13784969,5.892259828,24.93176774
8408,19.465735,5.824864266,31.97442733,17.21041425,6.384639688,19.13991947
30597,20.18583483,6.578799831,25.44440611,14.87658207,10.58649613,22.32788103
41236,20.78472861,6.07637205,30.82326575,16.68083108,3.923287273,21.71151523
38424,17.65492737,11.2748343,27.13575265,16.79413773,10.21842664,16.92192131
37766,16.09500279,5.679829428,28.25179177,16.26460412,11.96163317,21.74713871
37425,35.43503626,1.410086169,6.926364301,0.514828999,10.60602617,45.1076581
7949,17.36568179,4.335529634,29.96044302,18.72965108,7.771295434,21.83739905
10037,17.08541342,16.93516452,20.906935,20.66017174,11.29528175,13.11703357
15493,18.05583231,15.95695725,18.76975783,19.26963571,12.28189954,15.66591736
20345,18.94849385,17.53747331,13.95422043,18.48658068,23.77321874,7.300012992
20766,18.94849385,17.53747331,13.95422043,18.48658068,23.77321874,7.300012992
14462,17.52606226,17.52029832,17.36223182,21.7556234,12.35167516,13.48410904
2972,18.67109683,18.03330489,15.23108883,16.98566904,15.81030846,15.26853194
35678,22.69827657,1.379956588,28.02107748,27.88834545,1.747331602,18.26501231
36877,17.58146144,13.04567716,17.25246013,18.39659562,13.45880017,20.26500548
41655,17.91887289,16.6849392,14.52245818,18.0712295,18.11975475,14.68274548
23160,21.27340248,17.06082147,16.27438078,18.62826854,14.89522448,11.86790224
24108,21.27340248,17.06082147,16.27438078,18.62826854,14.89522448,11.86790224
18300,14.07026128,10.96543549,21.71711843,22.14387441,12.38923064,18.71407976
2769,20.95578063,19.62766848,14.09355619,15.87149437,19.28431973,10.1671806
2975,21.83106321,16.61832164,15.61493157,18.72287789,18.36030552,8.852500173
3350,21.83106321,16.61832164,15.61493157,18.72287789,18.36030552,8.852500173
24559,21.28284076,18.5876846,12.54499584,16.02304854,21.48705573,10.07437452
13159,19.49360703,19.49841664,11.97040705,15.08146587,15.90572336,18.05038005
24163,15.8473321,12.86109946,18.39902379,19.47485799,16.15548015,17.2622065
28721,17.79824958,11.65709362,16.02518837,20.50548603,12.52981788,21.48416452
35189,16.78408327,6.719538229,24.2778873,29.05558635,12.65239144,10.51051341
40594,21.10313552,17.53448769,13.53492776,15.8697759,17.25050253,14.7071706
35430,25.19270683,10.00218017,23.6530068,19.15099167,7.241579907,14.75953462
12804,17.90870852,11.84272008,16.15615086,18.23897977,11.33004249,24.52339828
41263,16.32847503,16.00237236,12.7161298,15.17130157,17.85340242,21.92831882
11743,20.06563431,13.07416626,14.66560645,18.4692824,12.60215541,21.12315517
12138,20.06563431,13.07416626,14.66560645,18.4692824,12.60215541,21.12315517
26266,18.03854417,11.42911805,17.71865998,20.0484243,13.63386952,19.13138398
26712,18.03854417,11.42911805,17.71865998,20.0484243,13.63386952,19.13138398
5175,18.8968594,11.01499098,17.89920431,22.70961371,15.61152418,13.86780742
5865,17.4300947,1.841156422,25.92406233,21.87858396,10.05987041,22.86623218
20350,17.85651098,16.92505927,12.83001879,17.79408202,16.78566617,17.80866277
34929,17.69415267,9.663551381,23.62976696,20.52453331,6.787376611,21.70061907
1515,18.23334299,10.02678922,17.88004505,23.51061853,16.02336172,14.32584249
30636,19.58380405,15.78940325,13.4134205,15.44106301,17.12676223,18.64554696
3282,23.08919132,17.02724,13.31615025,16.67895809,17.88572408,12.00273626
7848,15.92528812,7.742962778,22.86627004,22.13486623,13.39166388,17.93894895
3404,19.53117037,11.73545499,16.55251966,22.25408633,21.15267736,8.774091292
8727,19.75207659,15.03135259,14.56675272,16.21503365,11.09635082,23.33843363
31332,19.4180599,19.14867693,12.42216022,14.05516915,15.83920783,19.11672598
31803,19.4180599,19.14867693,12.42216022,14.05516915,15.83920783,19.11672598
22929,15.14902469,9.307059105,18.50060976,22.41604848,14.0824048,20.54485316
13348,18.76234339,16.63826143,15.65268116,19.92796811,10.91588606,18.10285985
15490,17.54416914,18.08085076,11.93239995,14.34191422,21.56752283,16.53314311
14864,16.26038009,14.4676694,13.83346014,18.40651548,19.50871336,17.52326153
11617,19.10055894,12.43101821,19.60604939,20.58403068,12.52937385,15.74896894
39069,18.4224761,16.38713705,13.94724277,17.81091924,18.34927312,15.08295172
41385,18.62506513,16.97755721,12.64858174,15.71500467,20.35504354,15.67874772
40805,17.88955476,14.71431109,13.66267699,18.25133209,20.79361171,14.68851336
9724,19.11933339,14.60432014,14.38777463,18.21809408,13.43911815,20.2313596
39786,15.38510658,9.242124738,17.43564639,20.42859765,17.33800193,20.17052271
10663,17.46256093,13.0781623,13.99102246,18.94791425,20.28490901,16.23543105
23938,19.66013873,19.04177057,16.13016725,18.0471714,15.06172381,12.05902823
21837,17.82874845,12.95788447,21.96167773,18.46130957,9.383881708,19.40649808
31399,15.90732819,13.95257931,14.44281148,19.54746054,21.72791721,14.42190328
31870,15.90732819,13.95257931,14.44281148,19.54746054,21.72791721,14.42190328
5436,18.30987804,15.91505208,13.1389964,15.24863954,15.75025217,21.63718178
22719,19.24072665,15.25280662,13.4365346,18.31489071,20.90029382,12.85474758
40921,18.79395235,15.46007423,16.81240404,22.85598182,15.71762413,10.35996344
16086,17.68118766,8.578807785,18.0870283,22.36402087,12.66882734,20.62012805
11354,20.2518806,18.27047236,11.87658788,16.29911465,17.95518783,15.34675668
33806,19.89873357,7.206206011,23.04483743,26.88352483,13.18475853,9.781939636
38582,18.26563164,18.42164171,10.040291,10.86248294,17.35117342,25.05877928
13611,17.19494253,17.99649602,13.87743866,14.71035865,21.91388724,14.3068769
11297,22.19769273,21.96830909,11.46887755,9.843619763,13.38513545,21.13636542
10287,19.61844469,10.60051036,20.42081284,22.64423954,14.95876936,11.75722322
35726,20.03053224,18.03638547,22.80332546,15.81473566,9.067976764,14.2470444
35062,16.71663136,10.08216188,22.69260596,13.82387959,8.836931443,27.84778978
18617,19.37277712,12.3023722,16.56209571,21.49356495,9.802953671,20.46623635
1838,15.72579354,10.28885485,16.73205878,20.8075454,18.45232902,17.99341841
10978,17.03529436,13.33217087,12.5724957,16.91705421,20.35998605,19.78299881
20155,16.53995234,9.444817715,17.04111149,24.01695755,15.24846131,17.7086996
20609,16.53995234,9.444817715,17.04111149,24.01695755,15.24846131,17.7086996
25658,16.96648873,4.351216308,20.00835019,21.5466736,12.89349257,24.2337786
16412,19.48531372,14.26662994,16.67688044,21.95066328,13.23494222,14.3855704
29408,15.74714363,10.81971275,19.76340328,24.99512978,18.25826477,10.41634579
126,15.86854267,7.097960041,22.33745974,23.34069917,10.80370677,20.55163161
5471,23.15406466,11.25119797,16.76798046,19.84477762,14.26125691,14.72072238
5552,21.98611821,16.8151908,16.20255528,16.18687861,13.69479943,15.11445768
5982,21.98611821,16.8151908,16.20255528,16.18687861,13.69479943,15.11445768
12159,20.56362178,11.48941929,19.66503395,18.8180397,11.7463937,17.71749159
23677,19.24010782,14.96013637,13.30574878,18.23208461,21.30999864,12.95192377
24261,19.95453804,16.93962939,15.01290698,19.41738839,17.06185055,11.61368664
36835,16.33075217,17.19889142,13.76226973,18.86894225,16.71716706,17.12197737
22384,19.62569206,24.37467244,13.29630449,13.5044038,12.96756377,16.23136344
36041,18.33678827,14.23802005,13.37315315,18.27517486,19.70898636,16.06787731
38583,19.25630343,6.031965749,20.45692035,24.51032775,8.322951286,21.42153142
11034,17.90947641,15.71246299,14.50486276,20.19766018,21.94014262,9.735395037
19036,22.4025309,14.88655665,13.88019154,17.06227076,15.55901161,16.20943854
38266,16.17320539,6.443481868,27.21363122,15.22662949,11.53769861,23.40535342
2024,19.2892168,15.03029422,17.99544831,20.74319347,9.551324435,17.39052277
10537,23.01302067,18.60027876,13.80227028,18.62686151,19.96752567,5.990043116
17144,18.7914867,12.98345805,13.67726249,17.37493013,16.82525621,20.34760641
16568,19.646045,10.86151451,15.82578525,20.30402066,16.89624385,16.46639073
18066,17.94066353,9.245011617,14.09976748,19.09625703,18.21521823,21.40308211
22403,17.76444775,13.75748604,19.24929739,23.77909263,15.42592986,10.02374633
13284,20.1589891,14.41657382,18.06674579,21.99255493,14.62633297,10.73880339
39869,15.13753736,13.53705144,18.56650313,23.41706683,15.05851137,14.28332986
35085,21.72335756,13.40549202,21.87979594,22.54305955,5.650559054,14.79773588
13289,18.36150558,16.8183816,14.68058756,17.86701333,17.00856431,15.26394762
33560,16.71416729,16.15685661,20.919849,21.84114737,8.977613412,15.39036632
20087,17.05804409,11.82524858,18.92708432,24.32574102,18.52340009,9.340481904
13736,16.46841574,16.57540702,15.75970486,20.84289526,16.07187752,14.28169961
14148,16.46841574,16.57540702,15.75970486,20.84289526,16.07187752,14.28169961
35842,16.19157527,12.07820521,14.25691275,17.89357932,20.40051531,19.17921214
23075,19.31661279,11.27773012,17.40102494,19.17945176,18.94217306,13.88300734
21886,20.39099911,14.93433544,20.83738173,17.63904483,8.579908202,17.61833068
5684,19.49013602,12.88623373,17.04058292,21.87978145,13.65187093,15.05139496
31197,19.66098809,13.70386227,14.3714471,19.04245992,12.24759831,20.9736443
31677,19.66098809,13.70386227,14.3714471,19.04245992,12.24759831,20.9736443
11600,18.94621748,14.51580137,15.99473339,18.58045451,12.27727711,19.68551613
4460,18.89619255,13.81866578,18.71823613,21.35401788,13.08381106,14.1290766
31136,19.02531592,16.01151001,18.11027614,20.01538741,11.61401837,15.22349215
31613,19.02531592,16.01151001,18.11027614,20.01538741,11.61401837,15.22349215
33081,16.86524101,16.33564957,20.81705045,21.73382164,8.933498102,15.31473923
31869,17.9602313,16.79029899,14.8583897,20.49382722,17.90953367,11.98771912
3190,18.75481655,10.49751551,14.47803152,17.858557,21.33222762,17.0788518
39118,18.1720647,16.15573095,15.12726156,17.89818536,17.42550703,15.2212504
15059,19.59062817,16.30156217,16.56685767,21.23957746,9.859608665,16.44176586
41041,21.3223711,19.45846566,13.61186483,15.91287228,14.61926354,15.0751626
11787,19.39346957,14.98296219,13.39397244,16.98144996,16.84415145,18.40399439
39489,17.73809266,17.97339698,12.48821087,16.64471853,16.48187957,18.67370138
36004,23.16297497,16.19150822,11.62580532,14.25896943,15.63619174,19.12455032
37606,19.85487606,17.40250086,17.92642952,19.58349705,15.58048446,9.652212042
17760,15.23652444,14.86955369,15.74613418,20.20707691,21.01564368,12.9250671
41408,21.223985,13.51370046,15.5598413,21.76557588,12.93215252,15.00474484
26931,26.69804679,17.75424281,14.66528087,17.29581209,16.23484651,7.351770919
19487,17.31917639,19.01005859,13.2916037,16.30489322,19.11659618,14.95767193
12695,17.92115317,14.8625249,13.61672712,18.28146964,17.85655043,17.46157474
28164,18.79404611,8.566850117,23.3760311,23.22777842,11.97303765,14.06225661
28566,18.79404611,8.566850117,23.3760311,23.22777842,11.97303765,14.06225661
19586,18.82231401,13.34302706,20.43708363,24.12614846,12.44036201,10.83106483
30267,16.50387563,7.972117983,23.40485276,21.84046354,12.778588,17.50010209
4779,19.27018911,13.53590126,18.34114426,23.66357756,11.961151,13.22803682
7597,18.29722551,9.279347508,23.86150332,25.06890876,7.494057349,15.99895755
30394,17.40666629,14.82207007,16.33616577,21.26252065,15.40968107,14.76289616
5454,23.21661127,7.631222102,16.71631549,22.07762798,16.88281472,13.47540843
5900,23.21661127,7.631222102,16.71631549,22.07762798,16.88281472,13.47540843
23778,20.89664264,13.4626838,12.15377284,16.20412246,17.33109502,19.95168324
2672,17.32617412,6.157859044,20.33550983,22.63359597,16.35870996,17.18815108
32011,19.74733296,5.211049689,20.94270665,25.6679154,11.77648786,16.65450745
32508,19.74733296,5.211049689,20.94270665,25.6679154,11.77648786,16.65450745
41373,23.72804361,12.36849865,14.50743471,16.54608812,11.93605878,20.91387613
254,19.12393987,3.431931633,21.53323976,28.40943194,19.00101434,8.500442452
664,21.58233585,3.146000767,21.20818937,27.13421752,17.3818789,9.547377589
22882,20.50031496,14.00687897,15.82633637,19.18583853,15.24094253,15.23968863
25794,16.68333863,16.03295075,19.16548717,19.32547849,12.40157911,16.39116585
33951,17.63728026,7.901964033,23.34953346,23.03082061,14.04533474,14.03506689
40538,20.89190721,12.71207848,15.06115801,17.90353424,22.35449492,11.07682714
36523,19.30579027,15.81703617,13.79214353,17.97544106,17.83794642,15.27164255
8759,18.55779309,5.827011285,24.9362549,29.70558706,13.26955072,7.703802942
7095,19.60157119,15.87437124,18.73100764,17.65749847,13.13934359,14.99620787
13795,15.35991892,16.18891166,14.15384435,18.55229975,20.57320267,15.17182266
13517,14.87285643,12.68340119,17.77143181,22.51173434,16.44060387,15.71997237
25809,18.62161482,19.07716883,19.95755634,22.05161996,11.08558896,9.206451088
34964,17.60809565,12.29634677,20.8803281,19.81317697,10.99007272,18.41197979
9741,18.2626349,13.88615582,17.0996509,21.86303703,18.05279167,10.83572968
30404,20.78079473,12.19557967,24.27748663,14.35970875,6.85883525,21.52759497
2976,21.44093631,18.57827487,11.34952738,12.89775722,17.23947266,18.49403157
21814,18.17084704,12.18532375,16.66269671,22.18792848,17.53011193,13.26309209
12753,20.92088972,17.80742528,10.83170302,13.9048471,17.49821303,19.03692185
5049,19.63456497,17.69190101,16.74281264,18.55482491,13.22814062,14.14775585
24562,19.30342815,15.83512312,21.30061903,24.60444549,10.33273171,8.623652507
28910,18.25274274,6.819771238,29.4239521,19.01125926,1.714796542,24.77747812
29540,17.9162222,18.68944225,16.87311969,20.39678391,10.70678707,15.41764489
18368,15.83877239,15.2751661,18.06403087,20.81258641,13.12741956,16.88202467
20269,17.91836149,11.83837296,21.50342211,25.64918985,14.93181967,8.158833919
23560,16.15185895,4.037899496,21.56156819,28.50555032,8.519821983,21.22330107
38350,17.13693329,20.57936718,12.35692658,12.13559663,14.22043489,23.57074143
38807,16.51671068,11.72480684,19.83293921,23.41103641,15.11931096,13.3951959
37590,18.42436951,16.94209978,14.82817469,19.34225195,19.85691237,10.6061917
11193,20.38227526,12.65295968,16.83020501,21.99292277,13.25243476,14.88920252
5613,19.35564293,17.04511176,11.54868393,13.05651506,23.03042002,15.96362631
6038,19.35564293,17.04511176,11.54868393,13.05651506,23.03042002,15.96362631
24005,21.20059995,19.59562323,15.09223254,16.2253487,10.65615453,17.23004104
33705,17.79721621,14.36869117,14.66957057,20.12202931,14.15142703,18.89106572
5276,21.23973286,19.92688246,10.57544263,14.32037949,16.34075782,17.59680475
37291,21.23973286,19.92688246,10.57544263,14.32037949,16.34075782,17.59680475
30278,18.70979683,20.47867375,11.90765475,11.50326152,17.93994174,19.4606714
32168,17.89280969,11.05689193,13.38527049,17.08052322,20.49663153,20.08787314
32659,17.89280969,11.05689193,13.38527049,17.08052322,20.49663153,20.08787314
6031,17.85226815,10.91411737,18.6423688,22.09729275,14.61236924,15.88158368
17812,19.06307844,16.18288777,18.94275695,18.31237809,8.035755858,19.46314289
1218,19.54678796,18.84418508,19.03499358,22.18494301,8.283301376,12.10578899
34986,18.22948797,13.34697768,20.45854463,19.87681331,15.93262411,12.1555523
8742,15.98999074,8.450353877,15.60617874,20.79521408,16.85099478,22.30726778
30785,18.20712522,14.05126276,15.47820012,21.21495516,14.55800806,16.49044867
41289,21.57873249,7.881728304,16.13292163,21.92843139,25.15277778,7.325408413
3010,18.42140372,12.60163943,16.62539597,22.06880945,14.68506228,15.59768914
12135,20.39647388,8.667799524,28.5958759,25.8730647,4.344836826,12.12194917
30765,16.85699044,10.17335317,16.34725872,20.37479363,17.83244502,18.41515901
40881,19.86562953,18.4478164,26.31124434,14.70530854,10.48154979,10.1884514
16271,22.15955849,16.36470369,19.22803082,21.97369374,13.03656072,7.237452538
19715,20.88387773,14.16611741,19.8141994,24.42123222,11.35320305,9.361370193
24533,18.24300001,15.13248966,15.24511644,17.74586934,13.36966986,20.26385469
12930,19.16251927,17.53883322,19.86537751,20.27304627,10.69552706,12.46469667
34006,20.98867948,17.84768347,16.18611336,18.27317614,15.75372501,10.95062253
35123,16.09657556,12.46877916,20.35261004,21.96444067,16.31020861,12.80738597
36733,16.56298717,9.512817045,15.65717399,22.15127734,11.67401243,24.44173202
39747,14.89653003,7.328585743,22.86842258,24.89988981,9.720255444,20.28631638
8322,15.97258331,8.441154438,15.58918914,20.77257547,16.83265002,22.39184762
10005,17.47567212,15.70055819,19.22104795,21.46855751,10.63624321,15.49792101
28751,17.69629725,10.35893769,24.62676522,24.67069667,11.03830733,11.60899585
30957,19.16943054,10.91186014,19.74337435,23.80896381,12.05343567,14.31293549
40099,18.9843089,12.57247016,29.53161168,8.61249241,10.53358937,19.76552747
33628,18.35578397,17.02943914,23.1231221,19.80034342,11.31695101,10.37436036
29338,17.15974784,12.49277329,26.94256269,21.48176978,8.561230588,13.3619158
31400,18.07185068,16.58985728,14.86218273,20.57982524,17.77827514,12.11800893
26049,19.17638472,16.49678905,17.30967683,22.3636724,16.87071998,7.782757007
8851,19.44811835,6.369819279,16.06991343,21.6807681,15.78600367,20.64537717
9287,19.44811835,6.369819279,16.06991343,21.6807681,15.78600367,20.64537717
11210,21.70554498,7.29135487,20.71233124,20.54177754,8.041350666,21.7076407
13114,19.25802196,12.53003992,15.70611452,17.24085906,16.5919087,18.67305583
25710,19.55231268,11.71134812,21.52129517,17.36085493,9.478680154,20.37550894
27458,17.80676262,16.20245848,18.87461846,23.10703358,9.64810461,14.36102225
34445,18.45552244,13.77535616,15.46083951,19.36434178,16.02144554,16.92249457
37605,17.79269096,8.703417673,16.5069228,20.81194577,15.65085728,20.53416552
39487,20.45082343,12.1045902,17.32500723,22.68548051,12.58193753,14.8521611
15802,16.25315291,8.685314363,22.01573778,21.72516439,13.36832575,17.95230482
11095,19.87656699,12.74985276,25.02928741,20.50145955,7.536595853,14.30623744
40437,16.37507971,13.17386168,13.81175076,18.45485939,20.47182358,17.71262489
10194,15.55990052,16.15309438,18.48291929,23.70314206,14.04467049,12.05627327
36083,17.63230732,10.52215227,14.49291585,20.81806846,22.85626629,13.67828981
6101,24.7209534,22.58048079,12.22682688,10.22407242,11.74414894,18.50351757
10873,18.18256047,15.37656263,14.20149754,18.30302685,18.74729101,15.18906149
20551,17.58250427,10.73693567,20.67410853,25.28916585,15.33148008,10.38580559
31009,22.65356312,18.86793651,10.8650557,14.28504114,15.85436449,17.47403904
27408,17.56341346,16.44967513,18.65748138,21.44672348,14.87310771,11.00959885
28160,18.7830099,8.448081886,20.30322163,26.12058883,13.25612789,13.08896986
28553,18.7830099,8.448081886,20.30322163,26.12058883,13.25612789,13.08896986
37200,18.20777748,20.52376802,11.76585472,14.52244009,13.54358429,21.4365754
10831,22.93843945,16.43737019,11.546757,13.25474705,14.93798583,20.88470048
14703,17.23191105,12.6949423,17.58049396,18.35468986,15.72061354,18.41734929
7490,24.13306402,25.69645124,11.73397338,11.27472544,15.5177084,11.64407752
11145,17.89048008,14.60255242,12.9919475,18.21312335,19.27412605,17.02777061
8773,16.39631927,8.286700352,18.11517789,22.90724465,16.338882,17.95567583
13188,16.59578251,13.37200631,16.78667191,20.17447285,17.72236136,15.34870507
35543,18.48199585,16.53733715,20.00988299,22.40734965,8.071567323,14.49186704
2103,19.40466443,17.20205829,18.45360437,22.79341404,8.489316303,13.65694257
20588,20.23660392,10.76610869,21.87556732,22.49627912,15.3279065,9.297534435
17165,18.34963036,14.53286231,17.87743874,22.7585132,15.21457306,11.26698233
8666,15.81547995,6.54420789,17.77812228,23.72352545,16.73476632,19.40389812
9052,16.16940828,9.844386844,15.50587441,21.87513281,22.46896541,14.13623225
38042,17.60634391,2.363441883,18.52824576,21.9348601,19.17279199,20.39431636
12366,16.26977022,15.71333038,15.94722296,22.11007347,13.10377122,16.85583175
18914,19.27636733,19.36338434,15.87302055,16.46117695,15.70190899,13.32414183
19240,19.27636733,19.36338434,15.87302055,16.46117695,15.70190899,13.32414183
2436,18.54558273,16.81588982,21.94199056,22.91209036,12.70250866,7.081937862
4569,17.34064215,15.98163068,18.51269681,22.59537966,9.392582631,16.17706807
14760,16.61402295,17.17779639,11.61535398,14.52319804,21.77383557,18.29579308
1041,18.2982071,15.40273291,16.33271187,19.53639377,11.65180023,18.77815413
31703,18.28182885,16.09361942,14.09770193,19.71229942,14.82660853,16.98794185
5271,15.56511307,4.301432825,24.99300699,21.46607528,14.281668,19.39270384
10345,18.28992656,14.8193671,17.20278639,21.12772888,12.82222823,15.73796285
36139,17.21542823,9.847800475,13.18311305,17.99258677,20.52267814,21.23839332
39388,18.14536224,20.50642311,11.21942287,16.19921046,16.85978335,17.06979797
40996,18.48012721,13.08474251,14.73229409,21.50741209,16.9869793,15.2084448
41663,26.20536672,15.12358356,26.76203879,16.67922378,3.394520662,11.83526649
4463,18.68122596,15.57498808,19.21438868,21.83960748,11.49316094,13.19662885
18564,19.13298851,14.2614933,14.67499618,17.34699452,17.70216902,16.88135847
27192,18.8064285,14.15443325,15.45461246,19.43224698,11.80687099,20.34540782
18659,17.3693929,16.72343927,17.31398473,19.05076535,16.07093947,13.47147828
25480,16.39746627,8.229876842,16.64114559,21.68102553,17.65059376,19.39989201
31225,18.40304247,16.1658833,14.13412635,19.66623616,14.61099799,17.01971373
8518,20.73478016,5.987409718,25.81123422,24.14896524,9.962110966,13.35549969
302,16.24327251,12.37845566,19.52808181,21.01042334,16.78682673,14.05293995
29786,17.53686772,10.72513811,16.80194745,21.69273535,16.1385915,17.10471986
23448,17.54553295,15.55638322,18.60240558,22.247064,12.88929141,13.15932284
27592,18.81914772,13.49214862,13.48442473,18.44017107,19.68111038,16.08299749
14932,17.09832224,12.82549904,21.78477172,21.79814921,10.00154353,16.49171426
21010,19.19040403,7.405666699,19.20582676,25.38705103,23.73745543,5.073596049
23703,17.23190192,15.95118698,12.13976887,12.77842545,20.16020001,21.73851678
38911,18.15593872,18.18270852,13.42279969,17.4114316,16.66574072,16.16138075
1605,17.20450245,13.58786289,15.33511626,20.42933336,20.25995555,13.1832295
19810,22.10409577,21.77293983,10.59854491,12.93899982,17.84774439,14.73767529
17408,19.01118552,18.95287826,15.67126138,14.27862488,14.08000186,18.00604811
35871,17.60617892,15.33142064,12.58921087,15.37683061,18.83969769,20.25666128
5922,22.34979861,8.411171324,15.80663527,19.17647842,20.25534264,14.00057374
15162,15.68914954,14.68909858,17.88612321,20.66274307,12.28261169,18.79027392
23392,16.27409636,11.40221766,18.53560002,21.43779486,11.36282633,20.98746477
5618,18.74054024,6.564597471,28.7003366,19.00034846,15.20863431,11.78554292
6025,18.74054024,6.564597471,28.7003366,19.00034846,15.20863431,11.78554292
10913,18.54590757,13.24394242,14.88027968,19.49892336,18.34816924,15.48277772
38029,16.49109084,12.90698311,19.11726274,22.8456816,19.66293894,8.976042772
700,19.80100141,15.90809624,19.10678566,21.28201548,9.958666193,13.94343501
38786,18.81974746,18.07292206,17.27595781,18.2328417,15.42628444,12.17224652
27557,17.74225195,18.04602465,15.99948314,19.78834819,11.95389144,16.47000063
40864,19.82904303,19.30234867,13.67364169,16.23771384,18.05135773,12.90589504
24517,16.4293893,13.15700616,17.292883,20.88281105,20.245001,11.99290949
6847,19.0364901,19.76099066,16.00917146,18.80460859,13.52949196,12.85924724
37155,22.17111058,14.54623532,14.1104984,17.33052889,14.55800958,17.28361721
38313,23.16265975,15.8154688,12.04900299,13.97382846,18.83791754,16.16112246
40710,16.16569732,14.70326386,13.9857364,17.0909933,17.62234264,20.43196648
27267,19.84478952,15.92287997,15.42389784,19.46063406,17.74202651,11.6057721
6019,23.60498445,22.9708686,12.823513,9.597292234,9.436445134,21.56689659
13836,18.92640048,16.3036999,15.22090911,21.54707126,17.17759073,10.82432853
14267,18.92640048,16.3036999,15.22090911,21.54707126,17.17759073,10.82432853
21049,18.21794963,15.964862,18.3431529,22.70092857,19.27234185,5.500765046
3849,17.4080994,12.75256631,15.57858011,20.00756765,18.1000268,16.15315973
4266,17.4080994,12.75256631,15.57858011,20.00756765,18.1000268,16.15315973
18870,18.48099186,16.86585664,17.63012306,21.95035193,14.42400568,10.64867082
19213,18.48099186,16.86585664,17.63012306,21.95035193,14.42400568,10.64867082
19556,14.53645549,11.52219421,17.30913347,19.91084341,17.0733884,19.64798502
12801,21.37770777,22.01571761,10.40811621,10.41357691,14.62148713,21.16339436
37465,22.46878633,11.20436273,15.08555983,18.14043159,13.85669227,19.24416725
39471,18.96743718,15.56576739,13.83432718,16.90324652,19.13262057,15.59660117
17091,18.86743706,17.01754285,16.69330696,22.74302435,14.98276875,9.695920021
4799,16.89682477,12.47358519,14.39723509,19.57460372,16.38091958,20.27683165
6085,24.45999652,18.51353677,13.05026969,12.52926885,14.42175611,17.02517206
2677,16.53128014,9.080369157,19.36933298,23.82578547,17.19159598,14.00163628
11989,15.77593755,14.50236669,15.78387776,21.17145718,18.07307973,14.69328108
12957,16.54976241,13.73670902,14.61398335,18.86165983,18.70451908,17.53336631
6842,16.92319333,15.19977148,17.91517377,22.11607524,10.32268276,17.52310343
6189,17.60400146,4.353610546,25.17012281,21.71179979,10.20880267,20.95166272
6634,17.60400146,4.353610546,25.17012281,21.71179979,10.20880267,20.95166272
25457,17.98115391,14.72219458,20.86902235,22.89119205,11.25146867,12.28496844
39823,20.1021894,17.90711674,12.71275473,15.58079352,14.66592759,19.03121803
40588,21.48503022,11.11385836,16.66789817,16.33954277,25.56102965,8.832640841
3181,21.00399241,19.77421196,12.31467428,11.74488993,16.87678958,18.28544184
39535,17.58168761,18.78973219,12.14057403,13.79534634,17.79433012,19.89832972
37158,18.47814513,12.56068462,14.74362567,18.40066605,30.11487084,5.702007693
24610,17.7737323,9.404998447,23.12151092,19.78099522,8.623978127,21.29478499
568,17.93100539,17.52775798,18.95262641,23.88122374,9.334082998,12.37330348
32565,17.4067709,4.597759711,22.09524735,25.80525014,14.86097324,15.23399867
36231,17.99404417,19.16883055,13.31916906,18.12717023,22.03811884,9.352667139
24498,21.58123411,19.46391057,11.20840736,15.30083249,15.52526361,16.92035186
37910,30.9778903,6.425954165,26.54668701,23.18770261,1.025716635,11.83604927
25183,19.80683394,12.92457072,24.40875982,27.82664618,11.73452854,3.298660803
25894,17.73389534,16.75861188,16.96268664,17.76501519,19.99714676,10.7826442
30334,19.02525844,15.25046643,13.03687632,18.38105556,15.9441229,18.36222036
30775,18.62234994,12.02569902,14.62921877,20.15053599,16.11234919,18.4598471
22041,18.19951636,12.95211993,21.01724937,18.50666781,14.4449704,14.87947613
39061,20.7573015,14.81536761,15.61137592,16.40586719,19.44250996,12.96757783
39352,19.55994399,10.8697926,17.77451836,21.95313578,19.04101384,10.80159543
10502,17.00102936,10.26653093,21.54432373,23.15942928,15.57619412,12.45249259
36068,21.71758916,15.76107376,15.48122724,17.93220752,16.30160538,12.80629695
36098,23.48408414,13.5699005,25.18977417,9.810961214,7.840161935,20.10511804
11561,18.03238437,19.89151952,13.61289667,17.60225749,16.85655936,14.0043826
12038,18.03238437,19.89151952,13.61289667,17.60225749,16.85655936,14.0043826
12349,15.66664638,16.61561795,15.349928,21.69838521,16.50818429,14.16123818
37481,15.85450056,11.97593945,14.8585302,19.31546043,21.21473818,16.78083118
5632,18.76184431,9.152649905,17.91971375,22.83242069,18.28614922,13.04722213
17469,21.90012542,16.03377746,17.89033923,21.63425429,14.01104649,8.530457107
18997,19.11897689,14.72386905,16.11362896,19.44425209,18.81324743,11.78602558
19300,19.11897689,14.72386905,16.11362896,19.44425209,18.81324743,11.78602558
31932,21.25744434,17.27517387,14.62796436,17.71885105,17.91014062,11.21042576
2164,15.71069756,15.76872686,14.48961508,18.78553694,15.67881584,19.56660772
36642,16.20507269,9.904185998,15.08092693,18.54550578,19.89119428,20.37311433
23720,18.92429033,15.69710426,12.32673194,16.69795979,19.16972895,17.18418474
40383,18.15226645,14.07342135,16.37445149,18.99065415,15.03246198,17.37674457
15314,19.16682689,16.94781126,12.95999124,16.64428871,18.10841806,16.17266384
22211,19.6715877,15.20415158,17.56210056,19.41514714,15.53229872,12.6147143
6794,16.74088985,9.28323464,19.81422477,19.20772635,17.86861008,17.08531431
5619,17.90041374,13.87022024,16.15563822,20.34240206,16.83015822,14.90116752
34082,17.37586786,12.68033922,14.10437398,17.74999833,20.30469668,17.78472393
30391,15.37898322,13.20645234,14.24495522,19.58722314,21.76380618,15.8185799
37673,18.27368962,15.85784389,12.50647266,17.5918595,18.23798848,17.53214584
495,17.83212897,14.88845928,18.85514717,18.38985522,13.31868484,16.71572452
1405,20.68368928,15.87136486,12.16193671,13.22361748,15.81851486,22.2408768
11413,17.69365247,18.2777694,14.96604654,17.44301968,16.7614391,14.85807282
32093,17.43264607,4.434303622,21.79631808,26.15348089,15.07625962,15.10699172
39451,21.45545493,14.2258184,29.95117984,6.248318135,13.53436989,14.58485881
35825,16.86530189,12.36254209,16.95895307,17.92480433,17.29218097,18.59621766
9386,21.12423496,12.31482556,26.12029825,24.47538532,11.5530023,4.412253605
13572,19.75524862,17.2883252,13.04602734,16.22474569,18.59597835,15.0896748
10367,17.77773391,12.31618261,19.85705367,21.42472281,14.11891908,14.50538792
8894,18.4013908,12.50082184,16.80309225,20.98217988,19.96439766,11.34811758
9619,19.58965989,13.30405505,17.11387968,22.56998602,11.06617638,16.35624298
7990,18.22994645,12.14483447,15.84077723,18.58816013,18.65377158,16.54251013
14998,18.62261789,14.20974174,17.19947163,17.8454812,15.6940049,16.42868263
16881,18.45138808,13.84114881,14.46302232,17.3558877,17.73866247,18.14989062
19863,19.21528526,14.85816017,17.31392457,21.57795611,14.97580729,12.0588666
23054,18.13065441,11.33831059,19.24251938,24.88307729,17.69662176,8.708816572
23496,18.13065441,11.33831059,19.24251938,24.88307729,17.69662176,8.708816572
11512,17.39005611,8.387993171,20.54772136,20.82431546,20.75831762,12.09159628
27940,16.39626359,13.25334217,18.68755747,21.33021386,16.46186943,13.87075348
28358,16.39626359,13.25334217,18.68755747,21.33021386,16.46186943,13.87075348
39882,21.68943949,3.54745609,22.04872923,28.60563544,16.57743126,7.531308492
12739,17.65947737,14.84423858,14.55703839,18.46404781,12.64823675,21.82696109
34412,18.99606028,10.52553323,25.27497677,22.6450426,11.16425534,11.39413177
4826,16.69237973,8.708753697,22.83092156,20.66654083,10.85515944,20.24624475
38517,18.94645959,12.37811539,25.30882899,8.267442571,10.58740135,24.51175212
6308,19.96352201,7.041851635,16.42734982,19.52168597,16.99195385,20.05363672
963,17.46127597,10.57018015,17.85885465,22.52764,13.72779341,17.85425581
10501,17.13068038,13.64678647,21.31141255,23.92740668,13.3187996,10.66491432
23956,17.52364922,16.47388802,15.09696446,19.89487602,20.56394961,10.44667266
15310,20.73775283,10.93998257,15.84966429,19.60606268,17.90383363,14.96270399
15756,16.73111747,16.81796755,16.20277227,19.86010561,13.11375994,17.27427717
10757,19.69971729,17.93769945,10.04688751,12.94661017,16.53040383,22.83868175
3681,16.88779185,14.38344012,18.68073758,23.96077414,10.32416202,15.76309429
14177,21.85703502,15.65594563,17.44427166,19.09808996,15.23570753,10.7089502
33170,19.08622696,13.59104211,13.66238637,16.91724982,18.18178985,18.56130489
19434,16.14917444,10.78661532,21.3348488,26.03624541,16.04601985,9.647096191
38796,16.94729468,9.623903003,18.33549269,20.56728492,17.77114911,16.7548756
8987,17.00192023,12.1792844,23.96863238,22.36155042,11.64903145,12.83958111
5936,18.13457867,4.13285738,20.88090921,26.14034149,11.39429633,19.31701692
37470,16.92700976,4.694740016,28.86127931,21.68203622,11.99801266,15.83692203
15333,19.31250141,19.97557544,12.57490763,15.42888782,12.81625297,19.89187472
18022,19.54089966,15.23077845,16.71329894,19.75377828,15.72838664,13.03285804
40092,22.17816437,19.00322147,12.03193924,16.2705097,12.0513375,18.46482771
31185,17.78696519,12.32687373,15.73647918,21.67930761,19.70952061,12.76085367
31661,17.78696519,12.32687373,15.73647918,21.67930761,19.70952061,12.76085367
18609,17.79198234,19.84653729,13.92911701,16.66937282,15.65893826,16.10405228
20327,20.37911485,23.13618058,12.25122577,14.44915147,17.33408449,12.45024285
5742,15.42520073,3.538847788,23.98592459,25.23186032,11.77830759,20.03985899
31234,20.01595381,16.54266746,11.94339897,16.2843007,16.24812051,18.96555855
31707,20.01595381,16.54266746,11.94339897,16.2843007,16.24812051,18.96555855
23202,25.22258671,13.68272813,16.27347363,19.27350497,10.62416981,14.92353675
21949,18.15113071,15.70520301,18.20749238,22.76388289,19.59057671,5.581714303
12658,18.19407058,17.28673817,15.98594134,17.76706883,19.17950968,11.5866714
19296,16.83088687,14.16853269,15.96751472,21.53156605,18.26369748,13.23780218
29264,17.51937659,15.20739232,18.8437565,20.91615387,11.92987621,15.5834445
22282,16.78418587,16.30360111,19.28282687,22.71841155,11.25274568,13.65822891
38000,20.90505684,18.8052001,12.39115108,14.89916553,19.0920535,13.90737295
24552,19.03937442,7.649323858,23.25645268,28.97756546,7.435235892,13.64204768
7242,16.85673034,7.840679681,25.62509331,21.91018363,8.729913182,19.03739987
31777,16.65344135,11.8035364,16.07349251,20.99127002,18.84594203,15.63231769
22258,15.36546681,14.43029763,15.13872811,19.45398626,16.12045636,19.49106484
30464,16.11065749,16.0754969,12.72794333,15.92552285,19.38155942,19.77882001
31495,19.57230249,15.53371879,12.94304555,15.92609301,21.20262978,14.82221039
31960,19.57230249,15.53371879,12.94304555,15.92609301,21.20262978,14.82221039
13920,22.79466909,15.7201958,15.99678501,18.66567705,18.51280182,8.309871225
33964,19.53343352,15.01538374,23.24904467,22.10601788,9.787417803,10.30870238
31302,16.68189138,11.80511112,16.07563689,20.99407049,18.84845629,15.59483382
10926,17.71428727,18.7876214,12.86404852,16.8201844,21.25650989,12.55734853
27978,17.91088526,9.630144318,17.26541041,19.79350439,14.41147419,20.98858144
28385,17.91088526,9.630144318,17.26541041,19.79350439,14.41147419,20.98858144
8315,18.25394912,10.72662258,15.90020597,19.28126683,20.93656491,14.90139058
283,18.53545842,14.36616026,18.82876418,18.39015729,16.93854418,12.94091567
39728,18.30014004,9.496930037,19.27071983,21.04363836,13.89926018,17.98931154
10318,16.34345992,14.29922584,20.84391092,21.11501397,10.79558407,16.60280528
31504,16.91729062,14.49806394,13.89514946,18.80475408,17.68071203,18.20402986
31958,16.91729062,14.49806394,13.89514946,18.80475408,17.68071203,18.20402986
2308,20.10480257,11.08358153,14.88069856,20.04236083,14.72122004,19.16733647
5579,17.85344718,9.036299801,14.98924745,16.85750178,18.59820035,22.66530345
8215,19.77021815,12.84896882,18.31573494,21.47789775,19.01659109,8.570589256
23625,15.82670925,8.861514617,17.82463706,18.5177471,22.19086453,16.77852745
35670,20.26149134,14.43198485,18.75869611,22.28424947,10.1050246,14.15855364
30824,18.16166542,15.32696709,12.5063829,16.8816275,19.70324367,17.42011343
35086,18.37238294,13.14804324,18.71659429,19.39929846,16.13013954,14.23354153
2779,19.06300232,20.28467401,11.95067955,15.66368275,16.84583676,16.19212461
17278,16.4370997,12.69497557,22.80990905,24.3220102,13.62411115,10.11189432
17646,16.4370997,12.69497557,22.80990905,24.3220102,13.62411115,10.11189432
2894,20.98383602,18.10191647,13.22859909,16.60995929,22.969225,8.106464133
20697,25.74730294,12.29803566,27.80346632,9.009861859,11.60713736,13.53419586
38142,17.37725533,16.81922834,13.43913108,15.41629014,18.37300643,18.57508869
10956,17.58053825,14.27515907,22.75747576,16.67397466,11.27054825,17.44230402
3133,21.25976256,15.97172636,11.93192126,14.40439185,14.70224258,21.72995539
32316,18.55664948,13.74100881,17.27522109,21.29141086,15.13522702,14.00048274
32786,18.55664948,13.74100881,17.27522109,21.29141086,15.13522702,14.00048274
10532,17.77014698,9.339048448,24.02134445,19.79056136,16.89372647,12.1851723
10778,18.04565153,15.4230755,12.34244506,14.3376845,18.80099805,21.05014536
11235,17.91267315,15.44810084,12.3624718,14.3609487,18.83150438,21.08430114
22923,20.47995055,17.03334741,14.12969231,16.65676644,15.12701039,16.5732329
25133,17.39949465,14.6553987,21.11410685,22.62160879,12.13254826,12.07684275
33144,19.1723708,19.06776939,19.6596896,19.54755263,10.28368436,12.26893323
33619,19.1723708,19.06776939,19.6596896,19.54755263,10.28368436,12.26893323
12883,20.16703982,13.34289523,16.88966282,21.0196973,10.76812362,17.8125812
21069,18.26009313,14.56248778,21.37391484,20.78539379,11.47457452,13.54353595
21456,18.26009313,14.56248778,21.37391484,20.78539379,11.47457452,13.54353595
24065,20.41144114,19.54538236,10.7818361,13.03119651,19.93505205,16.29509184
26189,16.72058573,15.68868645,13.34931337,18.29579319,15.96658185,19.97903941
26616,16.72058573,15.68868645,13.34931337,18.29579319,15.96658185,19.97903941
27572,16.8057319,16.46166012,15.41998476,15.96990607,16.91225189,18.43046526
8042,17.70930869,20.77612549,10.63339306,12.60121854,15.10604982,23.1739044
25831,15.40734026,6.441473269,21.53476962,25.44285996,16.37149613,14.80206077
13007,18.4225415,14.07090164,14.82116005,17.73818327,16.16018077,18.78703276
29110,18.8404653,14.52707462,20.76263348,22.81374866,14.15738128,8.898696664
33013,18.58125577,8.239572865,22.79681714,23.47792889,14.84427067,12.06015467
13452,20.16110125,3.079564313,27.97149314,26.21817203,10.54328893,12.02638034
13916,20.16110125,3.079564313,27.97149314,26.21817203,10.54328893,12.02638034
39250,24.07021229,18.92069647,10.83321457,9.045520744,11.86573772,25.2646182
35454,21.19293921,17.60343761,18.70067803,17.70210071,8.036916179,16.76392826
37879,18.48502145,17.08230606,14.76644549,17.35006147,21.64236508,10.67380045
1915,16.85824613,16.74124658,15.41363081,19.7428805,13.00612954,18.23786644
1524,18.24640523,15.0529767,18.93960281,22.67569047,8.817497679,16.26782711
3352,20.15270943,18.67275971,10.76144526,14.45266164,18.15109596,17.809328
40625,23.74804968,17.0223381,15.10298727,17.46304396,17.0345059,9.629075098
36980,17.93612297,15.33289729,15.94023717,19.46984069,23.16580885,8.155093041
7048,18.89127224,8.384797383,23.10777367,25.59387733,15.16680354,8.855475842
11390,20.15358948,21.51511925,13.26780253,14.97130775,15.54330735,14.54887364
13971,15.89886649,12.81488859,17.79041173,21.21179013,15.34978246,16.93426059
31462,17.85259254,12.8258137,16.13023992,20.9471355,20.14459335,12.09962498
1799,19.03769371,9.565108794,15.58483226,18.92585773,14.77158583,22.11492167
12725,16.41059351,12.0497936,17.28265041,20.45943083,12.20928024,21.58825141
10986,23.5658188,25.11760716,12.39590634,14.65663906,13.56286238,10.70116626
11400,23.5658188,25.11760716,12.39590634,14.65663906,13.56286238,10.70116626
33083,17.98376644,13.1987575,17.12245188,18.91287303,13.78303649,18.99911467
41387,17.61391851,15.25459702,12.51218457,16.74132076,19.31741356,18.56056557
15248,17.26843459,14.17686452,17.87415856,22.13642473,10.9696237,17.5744939
39335,23.27637412,26.73896108,12.83974601,13.37564523,15.04581766,8.723455913
35216,24.0932088,10.90797469,18.48098978,19.31150531,9.942050349,17.26427108
37078,17.96572557,8.658786016,21.57133845,24.50462739,15.85668522,11.44283735
2300,18.97617935,11.43722597,20.74624019,20.05595729,10.51760195,18.26679525
4871,16.32119582,12.02203248,15.6464445,20.95205722,19.35501551,15.70325446
2549,16.00404869,14.70756515,19.99095503,18.8946665,14.7808245,15.62194012
5494,18.24956602,3.997169753,21.86106795,26.17921769,12.20382714,17.50915145
14519,22.26703051,11.12000783,15.59502862,19.02902807,16.20147035,15.78743462
18036,16.33535623,16.79527219,15.28216822,18.45355373,16.38079401,16.75285562
23825,18.84034347,14.1344131,15.64456678,20.39181554,16.79636609,14.19249502
574,15.92803575,15.26049533,18.19768209,18.45154633,13.22292949,18.93931101
2983,21.65486883,15.66209852,13.14228275,18.54349625,18.43916474,12.5580889
39133,21.65486883,15.66209852,13.14228275,18.54349625,18.43916474,12.5580889
10449,16.73748554,15.27567282,19.26427818,22.61666916,9.816837582,16.28905671
18387,15.88369138,14.292837,21.51403814,20.39331458,13.86528672,14.05083218
14019,20.34163454,15.61945184,13.52850989,18.3759185,16.11814946,16.01633577
8255,15.31710779,12.56548392,15.0783669,19.15098796,17.78314655,20.10490688
26942,22.6670881,14.50609444,14.43204132,14.05501586,11.39447703,22.94528325
35068,16.22493876,10.95791129,18.13581028,22.25321025,20.69497536,11.73315405
25595,17.81663665,13.47413712,16.66116349,21.19296183,16.943036,13.91206492
8212,19.64913736,2.540922691,24.30861408,21.69083187,7.942672116,23.86782189
5580,19.50759487,13.65500712,14.55772659,18.65651626,21.66632035,11.95683481
37947,14.57538139,11.42434437,21.69013363,21.4103857,13.21497176,17.68478314
38986,18.83125208,12.75020226,14.10968914,18.22009552,16.93689744,19.15186356
39454,18.64724309,11.18585471,21.67206623,19.55375497,15.94669927,12.99438174
38263,17.74462826,10.05941867,15.83174251,19.72191276,15.62728589,21.0150119
24162,14.53046085,11.41392572,17.1393659,20.3964853,18.66949151,17.85027072
31617,19.67860471,12.66382627,13.94715412,18.91998454,19.11181656,15.6786138
413,21.17891818,16.92778247,18.03198243,19.79656451,16.58790103,7.476851393
14449,14.52300338,14.34835196,17.04169979,21.29053273,13.92444741,18.87196473
15263,14.52300338,14.34835196,17.04169979,21.29053273,13.92444741,18.87196473
15784,18.68331487,14.59500464,14.15459656,18.2534611,15.85442822,18.4591946
32372,20.22837908,23.69526503,10.96979481,14.22909843,15.44909365,15.428369
32837,20.22837908,23.69526503,10.96979481,14.22909843,15.44909365,15.428369
36673,19.37011702,18.60923049,14.10443643,18.48242081,15.76000864,13.67378662
8627,19.51861852,7.734457188,24.72512569,20.68889399,10.3725236,16.96038101
29472,16.75547553,15.33660413,18.75242051,18.58139483,13.93650838,16.63759662
37614,17.44329931,14.8084934,15.00199365,18.99215643,18.33022114,15.42383607
2654,18.1991762,16.09347594,16.65353323,18.13566,16.94059742,13.9775572
21749,21.41234975,11.45745394,17.43774093,16.9608105,17.25012936,15.48151553
31244,19.58239953,11.912189,14.30935475,20.24452424,15.97163783,17.97989465
31718,19.58239953,11.912189,14.30935475,20.24452424,15.97163783,17.97989465
5941,19.66547292,13.88317871,14.88186062,18.08084737,21.8213451,11.66729527
15772,18.56788597,13.88751693,18.66717039,19.9960647,12.73674644,16.14461557
37521,21.20974292,18.66398525,13.84597898,14.71096319,16.52443433,15.04489534
5199,17.95198979,15.28611477,15.76578087,20.86276812,17.61936151,12.51398495
11841,19.14075687,14.53040857,14.28126421,17.55204319,12.81415796,21.6813692
17285,21.40427477,12.01943125,22.69118005,17.89553443,6.869892966,19.11968655
17651,21.40427477,12.01943125,22.69118005,17.89553443,6.869892966,19.11968655
34439,19.69597228,13.92653916,15.95708955,19.49938508,16.93470829,13.98630564
153,14.97811529,14.06947223,18.01750564,20.33343517,13.86883421,18.73263745
4011,16.4055626,9.800148865,23.20391098,23.07253213,9.457216967,18.06062846
4175,17.74946678,14.48914079,20.03832801,20.84220463,11.47403909,15.4068207
4521,17.02364398,16.49045106,19.11389546,19.45058488,11.57524171,16.34618291
14759,21.82614131,23.49906935,12.71653907,13.27852406,9.344791442,19.33493477
36672,19.65567835,14.32694354,15.68025027,20.91102128,16.60256446,12.8235421
39521,25.06928122,15.57975004,28.79976276,14.43138271,6.854131719,9.265691548
33359,17.13720931,14.21677437,17.56453815,22.84141971,15.21628384,13.02377461
33813,17.13720931,14.21677437,17.56453815,22.84141971,15.21628384,13.02377461
18530,21.43873278,16.64988898,20.40334288,18.23075763,9.841094859,13.43618286
6581,18.12554933,9.896444974,21.81728921,24.26642396,10.91235179,14.98194074
6987,18.12554933,9.896444974,21.81728921,24.26642396,10.91235179,14.98194074
10965,15.88907807,12.91658799,17.27890854,20.40282644,18.74121702,14.77138194
11376,15.88907807,12.91658799,17.27890854,20.40282644,18.74121702,14.77138194
19489,20.816581,2.157457783,23.04699855,26.91933759,17.01204217,10.04758291
36741,21.14782075,10.63448826,16.97923411,22.0300543,19.76027661,9.448125968
1920,14.34236598,10.83522403,15.57995274,19.5250207,20.24742192,19.47001462
19378,20.15122263,16.28794243,13.10860468,15.68089041,16.3895565,18.38178335
23072,21.80116402,19.69222473,12.25261831,14.43527782,15.04793422,16.7707809
24907,17.70251161,13.25383493,15.59996716,20.45517801,18.58035074,14.40815755
33193,19.40255753,15.38271686,18.81434865,22.91219518,16.17420269,7.313979079
36518,17.43731028,19.85836489,10.28060082,12.78260249,17.66748521,21.97363631
13200,16.4829576,11.40625214,16.32085367,20.61041028,14.43690504,20.74262127
28495,20.3424221,17.32148081,18.12550536,18.23491525,17.25615313,8.719523351
3176,20.89658064,21.15465645,14.21349443,16.13034049,18.66433002,8.940597965
8969,21.01826655,10.6169259,26.50978613,26.26359371,10.77150264,4.819925079
12908,20.32622339,16.45410355,14.4220383,19.01380092,17.56242328,12.22141056
8603,19.69961397,13.68175758,15.81889469,21.84248193,15.44977006,13.50748177
864,17.21852035,15.68420612,19.557611,20.33591691,16.14194563,11.06179998
1303,17.21852035,15.68420612,19.557611,20.33591691,16.14194563,11.06179998
13090,17.92035288,10.37660898,18.4582052,22.75863605,15.20079379,15.28540311
38007,21.55043208,15.10069744,16.363862,20.65084227,19.55008075,6.784085454
5022,17.85602352,17.27576153,18.56731785,21.55243061,8.100637786,16.64782871
37515,18.92548215,12.95563152,14.68588793,19.72181361,24.10162477,9.609560033
30448,20.72684127,21.11384145,13.38625803,16.80985658,16.33370902,11.62949365
40006,27.27092817,25.69060113,12.54438868,11.75196582,8.375571779,14.36654442
37207,21.03556906,26.1040409,12.40208788,14.74498825,16.13807685,9.575237056
29723,19.32332793,17.61652886,12.97075926,17.47915212,18.32650338,14.28372845
1145,18.79893858,16.55444374,16.08349096,20.25190643,11.33190164,16.97931865
17935,17.9747221,18.066199,15.52922372,21.70470266,15.1646141,11.56053841
24733,16.94097731,16.13848909,19.29033458,23.01534994,11.83772897,12.77712011
38169,19.37392197,17.56412303,14.0208608,17.44767457,17.83196188,13.76145774
35970,21.36335453,12.14204262,15.05571854,18.19064596,22.61779712,10.63044123
8130,15.22952485,9.740387309,20.83452281,22.50517234,13.21412102,18.47627166
23085,17.93179678,7.006669314,20.92815274,28.93861794,10.61708521,14.57767802
6091,19.86148755,13.53036453,15.47131912,20.15483995,16.2638981,14.71809075
9915,15.4146515,14.98540746,18.06641751,21.5778934,19.25995856,10.69567157
22478,16.82503523,17.69721287,15.48270499,20.83709473,13.84766473,15.31028744
36201,16.94877032,15.40748972,23.74206348,21.49283687,7.546376164,14.86246344
1131,16.3128323,12.72069089,18.82139623,22.51371842,15.79937302,13.83198914
15992,19.88295288,14.48037846,18.14993665,21.51912962,10.401381,15.56622139
21497,17.21442937,9.661560402,26.01037132,24.23390147,15.09166042,7.788077006
35587,19.76639838,9.239586894,17.92773122,20.74138965,17.36505905,14.9598348
40634,29.01871423,21.42683863,11.94108667,10.26753443,7.299724686,20.04610136
1470,18.71078605,13.39358542,14.45253138,18.38857411,15.71611211,19.33841093
23508,21.27923818,17.75630962,12.11712662,14.86385199,17.83011975,16.15335384
37567,24.1537356,24.37822021,9.947754574,7.917099203,9.983891332,23.61929908
6821,21.2298574,8.992469915,23.24037394,24.0963639,2.138709889,20.30222496
2573,18.94110904,16.05752132,17.67274832,20.41306339,17.97460423,8.940953702
27407,16.83140314,11.26067167,15.15846175,20.12112264,22.34482005,14.28352074
2578,17.49025602,18.11475742,18.52028424,20.98722553,12.44553568,12.44194111
31140,19.74905114,13.64885139,13.73064344,18.6565314,19.51017358,14.70474905
16162,23.73443023,17.13101952,9.46958345,11.92311523,15.64921349,22.09263808
16585,23.73443023,17.13101952,9.46958345,11.92311523,15.64921349,22.09263808
37284,16.14723168,7.938645136,21.82494014,21.97764946,14.52842775,17.58310583
5532,21.33467933,16.64930133,13.60072534,15.07921822,17.87008388,15.46599191
22998,20.79200537,21.87727921,14.03709477,14.02540241,14.20613841,15.06207983
2402,18.15171297,12.42360435,14.49092434,19.7795721,18.1426513,17.01153494
11733,19.10401838,11.39371461,16.74269562,20.51846785,11.02125282,21.21985073
12129,19.10401838,11.39371461,16.74269562,20.51846785,11.02125282,21.21985073
36703,16.8293838,12.61724562,18.00289561,23.21972632,17.55229177,11.77845689
4876,17.74507324,16.7430072,18.49645499,24.12555964,14.4103712,8.479533723
27317,38.24419287,1.676729384,24.66426065,20.96978367,2.527634971,11.91739845
10903,17.07031841,15.90633827,13.24690072,18.42100174,18.26028691,17.09515395
11339,17.07031841,15.90633827,13.24690072,18.42100174,18.26028691,17.09515395
17166,18.47573469,10.2096265,31.91920503,15.78245616,5.918521049,17.69445658
17425,18.39929732,16.16002084,20.83128828,21.78534844,7.192445361,15.63159975
20706,19.14535168,11.24473414,21.72568265,24.44450049,14.51958537,8.920145671
33756,18.47369282,13.46201215,21.38885111,28.14231959,9.173597303,9.359527019
40948,18.89682943,17.76334682,13.61973038,16.93186037,18.21530542,14.57292757
7218,17.14684193,18.32212886,12.08904372,15.64749069,20.05226272,16.74223208
20583,25.51668354,16.59596616,17.59185769,10.62234898,3.86032498,25.81281866
26981,19.43452144,13.64237484,19.41826596,20.28562271,16.10604932,11.11316573
7900,18.05759525,14.05706423,16.35321486,21.171303,19.35630396,11.0045187
1400,17.64203416,13.38832907,20.47314213,20.0192845,13.39458238,15.08262777
13489,15.64042994,9.858029241,18.12003229,18.49692427,13.66857637,24.21600789
34142,20.40889612,17.05053978,22.18863905,20.08958197,8.784570487,11.4777726
10948,16.06074016,19.72635479,10.83252707,11.33827928,18.36442965,23.67766905
16604,16.52446536,8.197615502,17.36250648,19.77547086,18.81434999,19.3255918
8230,18.41143509,11.07550316,15.16416803,19.23960481,20.54622562,15.56306329
10016,18.11470428,11.7567769,18.9821638,22.72252106,11.61850693,16.80532704
37810,19.6447756,12.40591727,13.37717996,15.5254858,19.0530571,19.99358427
10297,18.76946062,14.35419548,19.25688471,22.79669814,9.796920784,15.02584027
295,18.58058327,13.45776981,17.85493312,22.81477246,13.78093158,13.51100976
38072,16.25094698,10.37262047,17.05160527,18.70564696,17.02690738,20.59227294
7560,19.90828577,16.58855063,17.76342575,17.82362811,12.55061162,15.36549813
14203,18.97736534,8.995952679,19.95324815,23.63762186,11.66277687,16.7730351
16961,18.16630652,13.12313487,19.24867547,21.53569818,18.84336682,9.082818142
28239,15.62023363,11.91189101,20.68169284,23.97826379,9.982196285,17.82572244
28671,15.62023363,11.91189101,20.68169284,23.97826379,9.982196285,17.82572244
34674,21.60494572,20.55241222,19.7257031,21.61191194,12.76290514,3.74212188
37104,19.10510244,20.72840823,10.99565737,13.48666497,13.50022636,22.18394063
12148,20.79805945,12.75476199,14.87062665,19.17947671,15.04779065,17.34928454
31062,17.58151505,7.666566636,16.26689706,21.69576852,18.98040181,17.80885093
31545,17.5916463,7.679052058,16.2619754,21.68920433,18.97465917,17.80346275
5193,20.47340179,20.52719741,19.2954726,21.29141681,9.768441285,8.644070107
34472,19.31073562,16.58730793,21.21349611,19.3050037,13.96426461,9.619192026
3186,24.01612296,17.71480163,12.23284886,13.49217583,16.35430112,16.18974961
35598,17.14359541,4.592148238,17.7832225,21.15190399,23.00183775,16.32729211
10685,19.49015042,15.57971515,12.16744247,14.84872613,18.73567337,19.17829247
24726,20.24107166,6.904102724,24.66579204,24.01568801,11.92012182,12.25322375
25137,20.24107166,6.904102724,24.66579204,24.01568801,11.92012182,12.25322375
26311,17.6555629,12.90252495,14.01340474,19.13559439,19.05703527,17.23587774
26726,17.6555629,12.90252495,14.01340474,19.13559439,19.05703527,17.23587774
30281,22.84719056,19.24883952,10.28832759,11.14207689,15.05094552,21.42261994
32323,20.38723158,14.51967644,17.16529649,19.91229547,10.11851385,17.89698617
32792,20.38723158,14.51967644,17.16529649,19.91229547,10.11851385,17.89698617
40572,22.83390093,19.16378365,12.42351308,14.66202922,16.32321662,14.5935565
20584,22.10020645,11.03583589,22.01905963,26.0725645,11.77809251,6.994241033
40446,20.01577595,21.39280074,13.01291521,13.62927816,15.90075407,16.04847587
15841,21.24389046,5.843568812,21.15551441,26.29376241,11.50458436,13.95867954
1930,21.50601651,12.06287969,20.56261941,23.85735159,12.88535402,9.125778775
14812,18.92683755,18.68284217,11.50774577,11.49992967,16.8925174,22.49012744
37592,18.66048623,8.730368037,15.15167783,18.39253108,20.85010847,18.21482836
33526,17.84919709,9.374349584,16.12294615,23.33263165,18.58169617,14.73917935
36582,17.77741155,13.17989618,15.07867731,18.97942664,20.79706879,14.18751954
13659,21.0132605,16.58537472,11.83204289,16.189725,20.21197303,14.16762387
14089,21.0132605,16.58537472,11.83204289,16.189725,20.21197303,14.16762387
38467,18.59096751,6.840641937,16.69315369,22.66409821,20.49029544,14.72084321
40859,19.41812922,15.66342705,25.57953052,11.56823002,8.066686794,19.70399639
3648,17.21340463,16.40867458,18.80308379,20.27056888,11.93459898,15.36966914
20984,19.88190973,16.31319316,19.00835194,19.4043467,9.978247738,15.41395073
41438,20.100096,15.5003857,13.78706266,18.93684757,23.41993269,8.255675376
9108,16.63899557,2.336541669,23.26803477,27.77068706,15.40314318,14.58259775
9538,16.63899557,2.336541669,23.26803477,27.77068706,15.40314318,14.58259775
9961,18.82299843,11.68953402,16.72541816,22.82311816,16.69653625,13.24239497
19032,27.99314065,12.13170218,25.47022353,8.753456418,5.202129761,20.44934745
14529,16.22792559,16.45254551,13.62093251,17.07380246,20.89559141,15.72920252
17319,15.9689968,14.76081353,14.93580868,19.34371542,17.88828678,17.1023788
22372,17.48733397,13.72762483,20.39007595,20.54221119,11.04087924,16.81187482
22280,14.86093748,14.97650846,15.53901256,20.60029201,14.93016004,19.09308945
10406,18.2125102,13.78389917,15.50048729,18.05482306,17.45001482,16.99826546
22198,17.37700658,11.43781098,21.99160881,20.72227402,10.35700148,18.11429812
18749,15.6780591,11.70001857,20.81873448,25.72436482,15.19425702,10.88456601
19403,18.62951063,13.21948519,12.81391881,14.72052855,20.9531613,19.66339551
28132,15.93577542,14.74101724,15.03822102,17.51531539,17.29876856,19.47090237
28534,15.93577542,14.74101724,15.03822102,17.51531539,17.29876856,19.47090237
14448,18.56471055,14.13105037,16.76225819,20.82265135,12.36915945,17.35017009
37477,18.79530202,3.695279717,23.80612732,25.06297894,12.50577246,16.13453954
3800,17.90091992,17.5507044,17.20514,20.71999273,8.913152084,17.71009086
4208,17.90091992,17.5507044,17.20514,20.71999273,8.913152084,17.71009086
10281,17.6984932,15.80798522,18.89553798,22.7723849,16.71120091,8.114397791
22417,17.04775073,15.43369748,17.70305889,22.08339419,10.8996616,16.83243711
5887,19.57237353,18.90514551,13.40177707,11.0382591,12.44731519,24.63512961
2114,16.18864419,16.89557281,15.52045249,19.8051329,16.96383053,14.62636709
33266,16.55300419,12.58158852,14.55006412,20.38491359,17.82650829,18.10392129
33714,16.55300419,12.58158852,14.55006412,20.38491359,17.82650829,18.10392129
15403,19.19683261,22.60589798,11.42069947,13.97079704,15.13749369,17.66827921
27529,16.57785579,13.50490291,14.58944032,19.78845986,16.79808121,18.7412599
33648,21.01512484,16.90014883,18.68671358,24.22676902,12.48086172,6.690382009
14107,24.21733332,8.439940433,21.92050197,20.24841612,8.118111434,17.05569672
16153,23.91508212,21.62237729,9.979688405,7.804451044,9.636006934,27.0423942
36092,20.09445248,10.44418508,28.98897625,10.46157735,8.697385427,21.3134234
36614,16.30822531,13.59938183,16.09937385,20.43176906,22.36914062,11.19210934
19080,17.15650568,10.56517309,19.01790528,22.60070182,12.68908239,17.97063173
24823,22.12422862,16.57310352,23.40697219,10.56156928,15.93581919,11.3983072
4116,17.11441332,15.82694117,17.65990895,21.05097702,11.32534218,17.02241736
22827,20.17123182,17.15818716,11.45726827,14.05090849,16.10593297,21.05647128
30119,16.73733777,9.83086518,15.33823374,18.18507705,18.90096116,21.0075251
1756,20.16467601,12.51551255,17.00928189,20.60878143,16.40698813,13.29475999
4743,16.60549567,13.03200069,23.64676239,22.67701097,13.7198878,10.31884249
15150,19.49771395,14.52603718,18.56581846,21.73992734,8.07235586,17.59814722
20716,18.57268855,14.31956358,13.34424544,15.4460593,14.10751277,24.20993036
33042,18.29109424,11.43462619,21.70558713,23.9177881,12.10156084,12.54934351
8655,17.24501854,13.54307194,17.85754787,21.1406628,17.30399947,12.90969938
5098,16.87486059,16.73655691,15.07297675,20.50045097,17.03711566,13.77803912
18995,17.35009101,13.50983361,17.79461882,23.02865189,15.57885759,12.73794708
38723,18.33447543,16.39176253,22.93455745,18.84278955,11.30911593,12.1872991
41021,20.10696802,21.45768234,12.00566604,15.77301023,17.94175584,12.71491753
41544,19.85999256,22.34957187,14.15089142,15.0544465,16.91927692,11.66582073
34960,14.77915078,12.03728508,17.59422312,21.70659484,15.49073109,18.39201508
10439,16.28768791,16.08058154,16.40177243,20.52655916,14.10982799,16.59357097
36790,17.78274611,18.5167022,13.4816323,14.64505349,13.19074933,22.38311657
15790,22.23895789,14.11031661,13.14938239,15.66550735,17.78751101,17.04832474
36001,17.84806627,6.894560956,16.4286246,21.4603698,17.50055013,19.86782824
36271,30.2644893,20.71619519,13.16629239,15.42526897,9.073404926,11.35434922
17260,15.73209257,8.548643549,24.19063068,22.62790063,11.17716845,17.72356412
17574,15.73209257,8.548643549,24.19063068,22.62790063,11.17716845,17.72356412
10834,15.8859021,7.840426489,17.65627814,23.6509577,16.44667081,18.51976476
35552,21.17653731,15.5666374,17.54741779,21.34016819,7.105424621,17.2638147
4206,17.07474429,16.82669297,17.36789283,22.47949522,14.06260722,12.18856747
28984,16.88563733,14.74411277,16.79050855,20.26478403,16.19698544,15.11797189
13947,20.81998043,7.852460495,26.61422209,22.71665365,2.549505922,19.44717742
29103,20.19551356,15.88465185,19.7454985,19.76365257,9.404097954,15.00658557
38657,18.2555478,13.12576481,25.50519504,20.34394337,10.86472682,11.90482217
28950,20.06504434,9.522478682,24.78505121,10.8383657,14.50874343,20.28031663
35409,19.39073317,11.3012388,17.50675118,19.15287637,11.15709669,21.49130378
12918,17.2251619,16.43249255,13.4159022,15.86234274,22.53044956,14.53365106
32029,17.06631769,13.72168352,14.00781045,18.20572688,19.31401559,17.68444586
32522,17.06631769,13.72168352,14.00781045,18.20572688,19.31401559,17.68444586
2139,16.27455948,14.11684335,19.08027891,22.2440604,14.96206446,13.32219341
3564,20.10833739,16.66634608,12.90717848,17.36074455,17.97361161,14.98378188
9821,17.13062039,14.35167433,18.62139946,22.38401937,12.89478003,14.61750642
33302,17.34411148,16.26738455,16.65939763,20.71342225,16.56328034,12.45240374
39670,20.47453627,7.157785337,16.16499233,21.16908788,22.74128991,12.29230828
19446,19.97294201,13.91716848,18.514525,22.14058501,16.95562242,8.499157086
18678,19.05949671,14.73708701,15.11328448,18.58649224,14.78032588,17.72331368
11731,17.57435606,10.79954772,15.58382824,18.44384782,17.1008376,20.49758255
5085,16.63525447,16.41549361,18.09468823,22.14105058,11.78465504,14.92885806
13719,17.54917751,15.78071022,14.18873556,18.06699635,18.90902095,15.50535941
14139,17.54917751,15.78071022,14.18873556,18.06699635,18.90902095,15.50535941
20745,20.35303976,23.32428414,11.71137485,14.69986756,15.84356802,14.06786566
36655,21.80159098,21.0044298,13.90375897,13.97917462,13.84887339,15.46217224
17869,16.56092758,16.4674301,15.78537742,19.08437619,17.34394083,14.75794788
27781,16.87953896,4.319577233,23.33157081,23.33465306,9.276828268,22.85783168
32415,21.12280486,22.03129906,12.76056053,13.41042651,13.69589856,16.97901049
32868,21.12280486,22.03129906,12.76056053,13.41042651,13.69589856,16.97901049
393,24.21715085,8.722042494,17.46725082,18.92492411,15.1181248,15.55050693
10922,20.72637205,12.89899025,29.68820803,10.88725759,4.697039845,21.10213224
12555,17.53154345,12.7623108,14.28300163,19.44403962,17.68527046,18.29383405
23807,20.65017098,15.31476477,15.32771496,20.57579266,16.24395336,11.88760327
9062,17.24330439,10.54748411,18.66557714,23.6707507,10.7931812,19.07970247
27383,15.72523193,13.80570998,15.6877572,19.23809471,20.45801099,15.08519519
9274,18.66691171,6.514960515,18.63912808,22.25352644,14.01108198,19.91439128
9670,18.66691171,6.514960515,18.63912808,22.25352644,14.01108198,19.91439128
37569,19.85790149,20.050814,15.9579818,12.40120383,13.66199327,18.07010561
5478,14.98714565,8.555728485,15.58800395,19.63035727,21.65062131,19.58814333
7093,23.0753209,6.0018955,27.17238705,26.22702005,6.79130846,10.73206804
5797,20.00425788,14.6678198,22.84145105,13.32181575,11.31839492,17.8462606
1239,17.25761692,17.20745671,14.88549116,16.61083491,15.51669625,18.52190406
3582,15.89070112,12.27881835,19.09223471,23.02838178,15.40436307,14.30550097
5063,17.88489211,16.72774906,15.39984271,19.97842885,17.17586526,12.833222
13211,17.66269921,16.36707909,16.27882468,18.80141147,14.96217761,15.92780795
27125,19.59762986,12.46442705,14.7143252,20.17315874,16.1473981,16.90306105
11833,17.3564816,14.54568653,15.00277615,20.42813996,12.70819804,19.95871772
25540,22.29455481,16.30490082,24.09743725,10.89572152,15.43682431,10.97056127
31288,18.32833133,21.25738827,12.71286393,17.53872974,15.26550188,14.89718485
31759,18.32833133,21.25738827,12.71286393,17.53872974,15.26550188,14.89718485
27758,29.9833497,13.62308154,28.37835978,7.442130586,10.33556923,10.23750916
40650,21.73173217,18.66815359,11.37442417,15.90911758,16.25989603,16.05667646
2244,18.74109911,12.8761741,15.988094,19.93540621,14.67508912,17.78413747
15712,14.38054575,12.13955631,18.26479933,23.36226751,13.74557248,18.10725862
22034,18.09412199,15.01135761,19.14101202,19.96971387,15.79087887,11.99291563
18042,29.84287786,8.105964768,26.31623586,24.95915693,4.822708191,5.953056399
14395,18.53044502,20.70310768,10.65210148,13.74673501,17.54443411,18.8231767
21113,17.14884067,9.865063569,26.13052187,24.34427096,15.35100971,7.160293222
21627,18.66336124,16.00156017,18.03237276,22.20566402,11.60362608,13.49341573
6074,20.70033085,18.24595451,19.11551806,16.55483087,18.63178195,6.751583753
22764,17.39576586,19.07195556,11.48805597,15.12951807,18.37993055,18.53477399
34315,17.67658104,12.5154876,20.12462788,22.66886062,13.49677988,13.51766298
22480,17.53297043,15.96992048,15.19641592,20.00671384,15.20109003,16.0928893
35403,15.69389924,14.00402636,17.39305277,19.29578558,13.77076915,19.8424669
36125,21.44581309,14.62715832,11.88595657,14.64646899,15.69050971,21.70409331
18158,20.23451227,17.0054181,13.66875248,17.78989342,17.90725119,13.39417253
19782,18.33295094,17.90521871,18.14835531,20.22377389,17.24568207,8.144019086
36637,19.1217788,9.20686667,26.89573602,19.26138778,10.75443365,14.75979708
1188,14.82957292,12.09522734,13.72162355,17.85024966,19.22798509,22.27534144
11066,19.77873948,7.362564563,19.84087492,23.15577733,18.21896256,11.64308115
8441,21.40243039,15.64419861,14.53941682,16.31014476,16.04628479,16.05752463
19928,19.92096613,15.37272605,16.3684665,21.16501782,16.86266216,10.31016133
10935,19.49745886,20.88925579,12.29558322,14.7983129,14.86840918,17.65098005
28981,16.09323877,14.74893703,15.60920453,20.97599353,16.89802385,15.67460228
9017,14.53884454,9.9565479,19.454135,23.57571775,18.30725213,14.16750268
6149,18.47822172,8.260432204,26.03153715,20.85204978,12.11057785,14.2671813
29731,19.48989079,12.8523885,22.8396938,19.90221499,11.04332582,13.8724861
3130,23.38324451,10.57946215,12.91598735,16.31049341,14.45055676,22.36025581
24502,18.68216934,12.61045325,14.44076955,19.09282108,22.75993304,12.41385374
22857,17.91197197,13.29705118,16.15024801,22.17913859,17.27244376,13.18914649
31388,17.17414741,15.71556812,14.32828922,17.99076776,17.39310745,17.39812003
31860,17.17414741,15.71556812,14.32828922,17.99076776,17.39310745,17.39812003
11261,20.61187608,15.74871335,13.95318678,17.50676428,16.7533926,15.42606691
19590,23.03883783,12.90716753,19.65407166,23.27119842,6.68288304,14.44584152
24159,20.4737212,12.54457034,13.57489882,18.01768819,16.52779257,18.86132887
33945,18.06748912,18.59330162,17.3283905,21.65419569,11.81787365,12.53874942
37264,20.30057485,20.38674202,14.79257989,14.48727988,12.7609924,17.27183096
3409,19.74499972,15.77084294,12.87770942,15.82258703,16.37873817,19.40512272
14580,17.74956459,12.43704981,15.92633932,17.10133236,14.27273322,22.51298069
35434,15.5732994,15.05383117,17.06570747,21.31792619,12.82555569,18.16368008
36930,20.69417713,9.682409446,26.44088432,10.90727659,9.079000871,23.19625164
3053,17.8453982,20.21289878,15.03604872,16.0072401,12.60761812,18.29079609
11639,20.97401085,19.14368205,11.44438532,16.13467114,14.40045233,17.9027983
18573,18.75927781,14.45032108,16.47699392,17.31843208,17.89837109,15.09660402
30759,20.07198048,5.708313581,16.41335748,20.05511549,16.41482144,21.33641152
37268,21.79054658,16.01875319,16.22330115,18.27786267,14.15960282,13.5299336
39218,18.16486662,13.04390297,19.60319495,19.04803219,11.15033059,18.98967269
3044,17.85637032,14.90820305,15.10396934,16.42588601,17.08370993,18.62186134
11999,19.6348059,21.98988138,9.919874314,12.67771849,17.04027398,18.73744593
16975,19.57269905,12.66014746,14.16626108,19.13256682,13.37388103,21.09444454
29915,16.99484856,12.98957045,15.01081315,19.81252674,18.23793665,16.95430445
37579,19.72206758,4.302334361,24.78559666,20.1593598,13.84707752,17.18356408
35170,17.55066925,15.98608731,17.04445216,20.1967705,17.44345644,11.77856434
39793,19.9668209,11.14102332,15.49610676,21.89756674,16.51700108,14.9814812
1883,18.60689801,14.46621868,16.19810192,20.006107,13.57281415,17.14986024
27261,19.23543195,8.440145562,26.59723968,13.54945126,15.87913894,16.29859261
1108,18.25474306,9.783560852,17.13969622,23.54613948,17.0473275,14.22853288
22463,15.62971937,13.77430155,18.08805197,18.89920395,18.56866973,15.04005344
6420,15.67463321,14.15903592,15.54707657,20.23576092,16.57643394,17.80705944
21668,14.66944067,12.25178018,17.82096374,22.89069262,12.93890936,19.42821343
33866,18.17065374,17.63884858,17.57306306,20.30746203,14.8873528,11.4226198
7648,20.18802561,15.79876488,17.07661207,19.04843824,13.77037577,14.11778343
11501,19.60019227,10.82579296,16.91261945,22.69533587,17.94000388,12.02605557
19846,26.76282069,9.03183806,12.74050895,11.39947114,22.56914831,17.49621284
41175,21.1199922,15.04224167,22.6570449,13.4205819,13.64331266,14.11682666
11969,14.92545432,13.40878752,14.83723524,20.62136819,19.15094178,17.05621296
30747,15.74513738,10.6992114,24.53159093,17.64940426,11.91511061,19.45954542
30812,21.15822061,16.18746156,11.70522145,14.42490168,14.19478938,22.32940532
15924,22.07180087,20.03836094,12.60615677,15.42022687,8.940360657,20.92309389
17086,17.40100322,14.57438475,19.77295933,23.14831511,14.9567642,10.1465734
11357,17.2202374,14.86545572,16.83946112,21.20382057,16.59227875,13.27874643
13789,20.59439694,11.78578917,18.91916726,22.76406413,12.19892716,13.73765534
23108,16.92806239,13.43976238,12.52015107,15.08142455,19.68322103,22.34737858
17291,17.11087344,14.22292696,17.71488501,23.46377516,16.8362808,10.65125863
37750,18.2594242,5.142098976,24.94419983,19.99433958,10.76597195,20.89396546
18324,20.20793422,17.71189962,13.24865454,17.90211052,13.69354074,17.23586036
6737,18.29962195,4.9326618,20.05673563,22.77179862,16.02664655,17.91253546
10859,23.39646319,25.53504876,12.50001785,12.74379071,17.00480629,8.819873202
18468,18.09482596,13.99950344,13.53110197,18.41710139,15.11989245,20.83757479
19354,20.40103094,8.07384879,16.79953716,21.72969119,16.98509159,16.01080033
3712,17.42555363,15.99086672,18.47895218,21.4690952,11.94237396,14.69315831
40393,18.96314116,5.542186222,16.94050916,20.8135849,17.7830433,19.95753525
7824,21.42818213,6.421841076,29.51764993,19.74242985,8.370221483,14.51967553
7011,20.72924166,8.520269634,26.39061158,27.38800142,11.59307911,5.378796599
16528,19.72366214,10.32941414,13.60181843,18.44911653,20.65313524,17.24285351
36659,26.40766645,7.244575611,27.5906913,15.45610929,1.159484958,22.14147239
3751,18.26862051,16.85014741,18.27995635,21.31672593,11.11385681,14.17069298
35252,23.13841514,12.4170523,16.69438171,18.81663043,13.99784177,14.93567864
3770,19.73117499,10.47583113,22.52314024,26.59780601,11.29481626,9.377231364
4172,19.73117499,10.47583113,22.52314024,26.59780601,11.29481626,9.377231364
24095,19.31668924,20.78800002,13.66711138,14.5357883,17.47921078,14.21320027
25241,22.7708905,18.73706013,22.95198165,20.92161471,9.201855007,5.416598015
30285,30.82810407,27.21487457,12.26113875,12.34745597,15.80953486,1.538891764
26211,21.73809427,5.555862681,29.54181995,21.71058204,6.624038627,14.82960243
26638,21.73809427,5.555862681,29.54181995,21.71058204,6.624038627,14.82960243
37022,17.04014574,14.98608591,19.58205558,18.41965714,13.30986811,16.66218752
41162,18.76848441,12.91889816,14.38680437,20.00830354,15.77672399,18.14078553
5249,17.2898155,14.53980859,14.66068598,19.57872553,16.3418263,17.5891381
21121,17.48178458,16.63406118,18.96217882,22.16386836,10.61505896,14.14304809
27962,16.69331147,14.81810954,17.34111713,18.53257854,12.87697266,19.73791066
28373,16.69331147,14.81810954,17.34111713,18.53257854,12.87697266,19.73791066
38530,19.06094056,11.709684,26.02736974,16.08290191,3.601093381,23.5180104
8670,30.62432521,22.14544084,10.96714491,9.082038744,10.63571547,16.54533483
11667,18.47415426,15.58170616,12.90473334,14.53832177,16.91498483,21.58609963
13119,21.1058305,9.901215966,16.48869658,21.11451254,7.630212159,23.75953225
2355,17.9880985,16.39169243,16.52847717,21.7218611,15.47211847,11.89775234
39637,22.78853755,16.40647969,13.10606833,14.54951899,18.45588135,14.69351409
21380,20.9573603,16.01553311,19.11953317,23.10441074,9.694665105,11.10849758
22309,19.50522244,15.03267573,17.07125101,21.25953631,12.47479605,14.65651845
9914,16.91438663,11.49396096,18.72165355,23.37263879,10.62576826,18.8715918
10861,19.23569614,12.95643549,16.45965564,20.55859876,20.68373076,10.10588321
32925,18.73324753,18.24880997,18.45169824,21.10342643,13.39482919,10.06798864
33322,14.90598866,15.40749278,12.55367021,16.3238028,22.10321119,18.70583435
34885,20.64398929,12.48877535,16.66845643,16.47518516,15.46351705,18.26007671
11754,18.55314761,9.31303262,18.45483059,18.91390192,15.93337168,18.83171559
37093,19.32959982,8.825095887,22.07066919,21.44331931,10.15881307,18.17250272
39223,20.86505941,19.56288257,17.30706421,14.92705067,10.57578526,16.76215788
23976,19.67288814,4.833334417,22.41478503,27.57856891,15.15766734,10.34275616
25164,18.96185401,13.30782795,21.59866663,21.27626406,11.9791943,12.87619305
6753,20.19028341,11.49946589,21.6875665,25.05724851,9.593656283,11.9717794
31362,17.42422399,5.982685477,18.96243072,25.4873693,18.73587124,13.40741927
31833,17.42422399,5.982685477,18.96243072,25.4873693,18.73587124,13.40741927
41115,20.76140982,18.89341619,13.44148961,17.51172868,17.86167148,11.53028422
614,16.00620552,13.20756454,16.64231302,20.69050768,20.61904769,12.83436156
29460,20.44038074,18.00447776,12.35826443,16.40296041,15.86706036,16.92685629
34925,16.25078934,14.9280614,16.61043498,19.3957134,13.77593739,19.03906349
35420,18.13914302,9.851840521,16.43790825,19.25658807,17.87140535,18.44311478
4065,19.37579369,15.98983297,19.25562501,19.02279797,9.08287789,17.27307247
15666,16.72990835,15.36665917,16.83618127,22.56228208,14.58684422,13.91812491
21766,16.60695578,15.43912502,17.11926934,22.48192633,14.00037937,14.35234416
24853,15.83463076,15.00444035,20.67757336,23.04786027,12.8918686,12.54362666
25223,15.83463076,15.00444035,20.67757336,23.04786027,12.8918686,12.54362666
11851,18.08970378,17.67648994,15.46854189,16.82763704,16.39130093,15.54632643
12220,18.08970378,17.67648994,15.46854189,16.82763704,16.39130093,15.54632643
5412,15.01423421,11.52912507,22.81378034,21.06270929,15.30248236,14.27766874
29780,22.32812679,12.888328,14.93307909,21.37985604,17.7764852,10.69412488
5379,17.41697667,13.46007106,12.80408033,17.33042514,19.65849925,19.32994755
17556,19.01824442,20.2084297,14.21101903,16.67913894,14.25585113,15.62731677
36946,26.57866176,8.548040462,26.54562372,19.15132154,4.234248657,14.94210385
15818,16.20604243,15.0237282,15.02369597,21.23162356,16.81438151,15.70052833
23636,20.15100664,15.39385765,14.19484179,16.81894104,13.63129435,19.81005853
3462,17.15045224,12.56776904,19.07408238,23.89006911,13.80083763,13.51678961
6455,20.65138865,16.76645808,22.1184658,23.48449371,8.864570432,8.114623332
17014,17.76155244,16.89784823,19.30081953,22.6014143,12.28658111,11.15178438
22208,18.62752364,2.064443276,23.9106168,23.02695012,9.524358009,22.84610815
10405,17.30832185,3.833966421,21.56083722,26.02860989,12.78566481,18.4825998
4659,17.34983461,16.37126419,17.02990524,20.70407111,11.9831164,16.56180845
24006,20.58388105,17.52065292,14.96789516,18.69346803,17.59326505,10.64083779
29407,16.04533581,16.62161585,13.79171571,15.96129398,17.13178118,20.44825747
7901,16.09512511,12.14459971,19.87548453,22.13290547,18.62984898,11.1220362
13528,16.30549614,12.09137322,15.84774813,18.48359482,13.71495429,23.55683341
15718,15.75579293,15.17335181,15.87392916,19.89516519,15.70714254,17.59461838
20529,19.72675552,11.90511713,16.45840912,21.16974985,19.73539375,11.00457463
40291,19.59981708,18.54944351,13.87143749,15.55052562,16.0451698,16.38360649
1289,20.40397212,22.83795436,14.94292883,15.1902013,14.15539999,12.4695434
5407,20.3568677,15.031641,14.36904897,18.53689879,17.09290397,14.61263957
5862,20.3568677,15.031641,14.36904897,18.53689879,17.09290397,14.61263957
15982,19.55423397,18.18166201,13.96433083,14.38743002,12.93048365,20.98185952
35482,19.54212045,15.92299464,16.35183499,17.90927939,12.98675016,17.28702037
38444,17.04464064,10.29480563,19.90907626,23.87410057,21.18311666,7.69426023
25440,17.78121483,17.20516637,21.76692424,20.87224519,14.81902725,7.555422127
35941,20.43106967,13.21812512,16.33405897,19.79136749,20.12428039,10.10109836
6285,16.38414264,15.39373186,17.87657659,21.63503057,14.90931592,13.80120243
20405,19.57583313,17.04733145,12.23561287,17.17752149,20.7176635,13.24603755
24056,18.79643314,18.9993302,13.55736635,17.65712755,20.56082234,10.42892042
28725,18.11967593,13.32917638,18.93632868,21.34802039,14.40859117,13.85820745
37624,17.4117149,11.58567441,17.18205467,21.42299473,20.97985138,11.4177099
8062,16.44851843,7.866734763,22.66454145,24.47775151,13.94038834,14.60206551
16179,22.39561544,18.20186282,10.68332743,14.03370528,12.87788546,21.80760357
27867,16.91390038,9.267456267,27.75205979,22.81247692,12.85034037,10.40376627
28293,16.91390038,9.267456267,27.75205979,22.81247692,12.85034037,10.40376627
13237,19.11644167,21.8894797,11.68734249,13.94810789,18.0229285,15.33569975
18317,22.73143128,12.84878984,21.6800547,16.89662703,8.380823983,17.46227316
39862,18.22159693,17.20323961,11.55417714,12.77804251,19.37827905,20.86466476
7410,21.04961793,5.942571005,19.28293774,24.29220577,17.5607862,11.87188135
18276,18.92128138,17.02685653,17.58045817,20.5807821,12.38383442,13.50678741
11112,29.99855918,23.64795799,11.75764277,14.10719821,16.52008114,3.968560724
12333,22.25154941,8.265019494,18.34532444,24.21501516,8.738256102,18.18483539
34093,18.32912366,14.94098994,16.3953773,21.60169588,22.58148109,6.151332128
4591,19.83629114,14.41621515,16.4586386,19.05579462,13.50549287,16.72756763
2289,17.80568279,7.94418856,22.53886601,21.83889332,14.3065016,15.56586772
13296,19.05339344,20.72698876,12.6052672,15.69402806,14.84827738,17.07204516
10317,16.42240579,14.5543277,17.68088165,19.69865074,12.96591634,18.67781777
8091,19.16807042,16.13940791,21.25240184,16.61501398,9.548342195,17.27676366
8543,19.16807042,16.13940791,21.25240184,16.61501398,9.548342195,17.27676366
15647,17.11780422,14.38401621,13.82937367,17.12143013,18.93919446,18.60818131
16640,17.39427399,19.12783753,17.64955867,18.68685541,18.21832841,8.923145987
38528,20.17433177,8.625403643,17.0983781,19.55783181,14.04644302,20.49761166
908,17.24241588,14.52070077,15.54326711,17.45322535,15.71725632,19.52313457
18974,21.78017918,15.79993723,15.6679795,20.65969152,10.72672307,15.36548949
30032,17.93643553,9.974451576,20.82478802,21.32446152,10.87666015,19.0632032
39795,22.80398338,17.85376903,10.03800647,12.7068346,13.33698966,23.26041686
13514,20.89843744,21.711158,10.90340268,12.23572011,16.03375932,18.21752246
24021,18.19759888,5.955022442,21.89481523,27.87765925,10.6241208,15.45078341
33991,19.20782884,14.18485691,20.2246505,19.61005371,10.4944989,16.27811114
8089,17.29625291,8.043076009,15.77331506,17.6593954,21.63199729,19.59596334
18755,18.31665705,13.69996967,17.20362387,21.35542159,16.60498891,12.81933891
4345,17.10293318,13.38638158,19.46509799,24.1364252,12.36975449,13.53940756
33340,18.52120314,15.34936031,16.98770283,20.74526562,15.7948612,12.60160689
24217,18.95226423,13.04223481,13.75173868,18.27392702,14.89624368,21.08359158
41555,19.5683921,19.44480363,12.18687683,16.07631462,22.29860624,10.42500658
39392,18.14300232,8.074088058,16.57403876,20.98850365,25.80413739,10.41622982
35731,32.02025645,17.83425625,16.30194926,12.20519852,15.25120199,6.387137541
17659,21.57083169,18.83198084,19.78649979,18.24693067,11.99109118,9.572665837
27661,18.12973668,14.42715336,20.20848906,11.09236749,12.36433884,23.77791456
9580,16.33154463,7.297256184,22.81529185,19.8458182,13.82458812,19.88550102
33016,16.87337435,15.34874747,17.20513848,22.29353231,13.86344791,14.41575947
34212,16.84899847,15.08399811,16.03540841,20.16416673,19.2342326,12.63319568
39833,21.3130164,6.441691085,21.75506808,23.63185594,15.52693975,11.33142876
18613,22.00412027,12.71594681,22.99588536,8.671030081,8.298678313,25.31433916
326,19.03816249,13.30904246,16.29664797,21.44012007,18.83052475,11.08550226
11704,16.73576425,7.389382269,28.53939718,18.4469303,10.68274326,18.20578273
11640,17.52180042,10.66419363,14.83913275,19.84504754,19.18834147,17.94148419
16825,20.44064436,9.806125276,26.2727851,20.00322523,15.53616429,7.941055747
14355,19.85956433,14.34725915,18.63792602,21.947358,8.715853943,16.49203856
34186,19.02864092,19.62928091,18.29418062,19.593008,12.89943717,10.55545238
28758,16.42849209,15.50664864,13.42434341,16.97486649,16.68614379,20.97950559
6225,18.39269276,16.20879339,17.45513387,18.99155605,12.92019916,16.03162477
12693,25.27574035,21.63584424,9.896077529,10.37575451,9.011501906,23.80508147
13688,20.91256996,11.65450613,18.4499757,23.20485388,12.69723948,13.08085484
31447,21.31101152,18.81022355,11.81867665,15.28852053,17.39025412,15.38131364
31915,21.31101152,18.81022355,11.81867665,15.28852053,17.39025412,15.38131364
722,19.05744968,13.25928642,16.21601112,20.8928829,20.14776782,10.42660206
5316,18.04198047,12.2687202,24.42935252,15.05442872,8.301655559,21.90386253
21236,18.34224886,15.91564637,17.66133709,21.78985993,12.87732231,13.41358544
18171,17.99051206,11.91358797,30.02370545,16.92817558,5.955242911,17.18877604
7458,16.1391914,15.63162992,17.59880179,21.11194925,13.89711375,15.62131389
29709,16.46312361,17.44725729,14.24133752,17.75083586,16.12238423,17.97506151
3818,18.86467944,12.41258822,15.9950124,20.17533646,12.84011143,19.71227206
4229,18.86467944,12.41258822,15.9950124,20.17533646,12.84011143,19.71227206
197,19.07071246,9.761762161,16.1350282,20.65968229,23.25636295,11.11645194
25786,21.72117812,18.86867338,19.10012096,20.04798186,14.51507111,5.746974574
18504,19.78184181,16.56286296,14.48872398,18.55066991,15.94825537,14.66764597
34039,19.09054496,19.1815312,14.79952133,17.33010222,10.8457448,18.7525555
29238,20.53881527,17.69691829,23.08768121,13.08713823,10.21668603,15.37276096
29787,22.18096666,8.680254246,34.59498744,16.4566902,5.579515828,12.50758562
34571,16.45869714,15.52467759,15.58015529,19.9656934,19.24445183,13.22632475
11797,15.42372731,11.41984791,12.22113012,17.13887677,20.79112714,23.00529074
7886,18.90388825,13.30762809,14.88094599,18.98300973,19.20966887,14.71485908
13174,20.52443796,12.21148809,14.61767056,17.98083986,12.37908959,22.28647393
29272,18.60024387,16.52515841,24.59445784,10.79441633,12.48065125,17.0050723
7593,20.22310067,14.47630027,13.84423891,15.78188016,17.00808121,18.66639878
7159,17.21997955,13.30610412,17.31935211,20.82914462,19.35431131,11.9711083
33177,19.2261895,19.27557239,18.87878703,21.17565248,12.90185567,8.541942924
22495,21.03421479,12.27734972,13.52254181,18.33743485,14.03143563,20.79702319
37380,22.18360857,12.49513215,15.69942891,20.92911762,14.24768145,14.44503131
20023,22.6550099,9.530260239,17.94011962,17.20277118,19.76638401,12.90545505
20497,22.6550099,9.530260239,17.94011962,17.20277118,19.76638401,12.90545505
39453,16.65548934,16.10742621,22.00774184,17.5084569,10.64104942,17.07983629
10858,22.24865503,20.92187798,10.88139772,9.998732134,14.61152651,21.33781062
36591,16.08085003,19.48252048,11.57582995,12.47247363,17.26180244,23.12652347
7661,22.49679198,22.17232604,12.40454278,14.71649648,13.86829451,14.34154822
17075,17.10609882,13.48059508,13.0155527,18.7653985,18.14824952,19.48410538
17455,17.10609882,13.48059508,13.0155527,18.7653985,18.14824952,19.48410538
41229,19.90000336,20.93466756,10.76608179,13.21017385,14.2575895,20.93148393
13965,23.89698972,24.61337381,13.93844331,15.13779549,9.77197335,12.64142433
36526,18.28718286,10.79979888,15.99357279,22.29912164,19.71074945,12.90957439
20134,20.07291095,12.00950468,16.29110585,18.90463203,23.17407052,9.547775962
35458,19.97677156,14.64686017,16.01812976,20.89314003,19.99033115,8.474767331
2439,19.63591995,13.01418719,18.37234954,18.53133626,12.74113653,17.70507053
4979,16.70061767,16.96775119,15.60227154,19.91537884,17.10171039,13.71227037
11084,19.1191991,10.92104371,16.90956786,22.94987784,18.14339454,11.95691695
33789,16.82700434,11.42100593,18.98739016,24.26336672,11.12622309,17.37500976
36942,20.32070135,16.44961382,11.36578648,13.98400617,14.3277865,23.55210568
9824,19.05596534,9.719566118,26.97640841,15.51756452,11.4553406,17.27515501
29178,16.33305708,15.62661353,20.22278027,23.54672104,11.59123748,12.6795906
37560,17.95794494,9.974655756,14.39656415,19.37897132,25.64476807,12.64709576
372,19.71108454,14.06541924,15.98164158,20.47811321,15.41896004,14.34478139
13756,18.74757776,8.480871691,16.47556892,21.89493471,15.41825785,18.98278907
14170,18.74757776,8.480871691,16.47556892,21.89493471,15.41825785,18.98278907
20173,16.19984036,6.747691102,21.7830423,25.47959864,18.80887673,10.98095087
24872,18.06458385,17.93013153,18.75986171,21.24542455,13.75660176,10.2433966
25232,18.06458385,17.93013153,18.75986171,21.24542455,13.75660176,10.2433966
39884,20.23762938,12.59570402,27.09139879,13.42005539,5.396541549,21.25867088
41398,16.19984036,6.747691102,21.7830423,25.47959864,18.80887673,10.98095087
11755,19.2935119,16.08133251,12.74581501,17.79796361,18.57544234,15.50593464
30513,18.35893987,15.34183783,15.7706375,20.53099375,17.3321523,12.66543875
770,22.41118815,10.11341578,15.90981332,21.1436285,18.23751086,12.18444339
8659,18.25584063,14.31167112,11.2409754,15.12304168,18.09380585,22.97466532
33744,18.07021976,17.47352548,18.20991569,21.42014513,12.65562228,12.17057166
40549,18.24549367,15.77343494,13.76518971,17.60465665,20.96862157,13.64260345
23860,17.13884595,14.72253527,14.85125056,19.01158822,16.10749861,18.16828139
26468,17.93832737,11.58727942,17.97559173,22.92164668,16.49578912,13.08136567
26898,17.93832737,11.58727942,17.97559173,22.92164668,16.49578912,13.08136567
40033,19.97873603,12.51270034,16.88860937,23.28751432,15.10784616,12.22459379
18110,23.43884627,11.55178547,14.531162,17.41248162,13.24242884,19.82329581
32201,18.64441336,14.80327383,15.24235501,19.7807592,16.58616828,14.94303032
32690,18.64441336,14.80327383,15.24235501,19.7807592,16.58616828,14.94303032
560,22.34145248,14.48403657,15.75252236,18.92208173,14.71827991,13.78162695
24542,21.0785753,24.05984105,12.11632356,15.16537363,17.00796967,10.57191678
11278,19.54446795,10.19214452,20.26286407,22.55398697,12.4717285,14.974808
21140,17.87897518,6.249977214,23.67951313,29.94622609,8.075124464,14.17018392
21529,17.87897518,6.249977214,23.67951313,29.94622609,8.075124464,14.17018392
3143,16.99821181,7.277434042,26.51371447,18.54210327,4.217295946,26.45124047
9814,19.21305327,13.29342466,21.96778019,21.32970181,13.69208318,10.50395688
16185,18.87740014,19.68972282,14.76695102,13.17144854,14.94306249,18.55141499
30120,20.24605417,19.26905941,11.9843729,15.70717343,17.17219891,15.62114118
32927,20.50322261,10.35145234,19.50128258,23.10311876,13.61641518,12.92450853
33404,20.50322261,10.35145234,19.50128258,23.10311876,13.61641518,12.92450853
541,16.14109498,6.028542086,15.63652304,16.38236303,19.79737117,26.01410569
16410,17.6697158,13.71361007,23.32605313,21.92156854,14.57163319,8.797419267
16601,23.11454945,17.83625206,10.6352384,14.00016154,12.7181915,21.69560704
40457,20.33688289,18.67413651,14.00712798,17.32424093,18.87701655,10.78059514
40718,20.41903923,15.13312486,23.81356133,12.16606572,10.63533999,17.83286887
266,16.5775206,13.88167215,15.58183385,18.55470593,23.15501759,12.24924988
11336,22.40269596,12.63577265,13.27503746,17.81594919,16.11698136,17.7535634
22475,18.24767297,14.03801009,14.2727201,18.4552689,18.57935988,16.40696805
12205,19.18928481,13.1494934,14.93156327,18.65965524,13.3769075,20.69309578
32314,17.69215472,13.7281824,15.62156241,21.19634675,18.61905205,13.14270167
38718,25.69878224,7.966389737,23.76789841,23.16530903,11.42904575,7.972574835
30142,24.26062118,12.78623014,10.61492534,10.92030255,10.35314141,31.0647794
26451,17.864546,12.04285716,17.23658156,19.80825161,19.4269414,13.62082227
26946,17.864546,12.04285716,17.23658156,19.80825161,19.4269414,13.62082227
11365,17.53873156,13.36699038,22.88165243,17.79024869,7.087778827,21.33459811
21250,19.18689853,13.07525549,16.25655663,20.67602637,17.60782656,13.19743643
40950,18.97487412,16.15965508,20.38160879,19.54707499,5.83788658,19.09890044
12353,18.89206185,17.78770194,15.36055718,19.4335232,14.88705559,13.63910024
19967,21.87801005,20.26081624,15.25082316,14.77755135,11.84199383,15.99080538
36091,17.63066903,13.10960695,14.92243287,21.15651791,13.61781989,19.56295335
17003,19.59664397,22.96120859,13.9035549,14.10876248,15.15486799,14.27496207
24519,22.4643566,14.53421061,26.89287891,9.862100587,6.154114474,20.09233882
29608,20.37951429,18.79863879,10.0773993,13.53282133,16.39866227,20.81296402
39131,16.88913501,16.63088048,21.8226167,22.43733742,10.0154245,12.20460589
7344,20.53689458,17.24694774,20.57766861,22.36232925,10.92931873,8.346841096
39026,20.58085605,17.96493429,10.97008086,11.50079145,17.49812787,21.48520949
33183,19.23093124,5.757146679,31.87791919,23.95434545,3.341708531,15.83794891
14200,25.99279936,22.78524148,10.80036903,12.99931846,16.36086983,11.06140184
40825,23.22376182,9.055658271,22.49899188,21.19398861,12.3999813,11.62761813
8172,16.05298563,5.478655762,24.5570983,25.29177067,12.16896998,16.45051965
18710,17.21265314,14.36605698,15.45232572,20.75158039,16.32052903,15.89685474
19104,17.21265314,14.36605698,15.45232572,20.75158039,16.32052903,15.89685474
27090,15.48055621,13.44067125,13.96653196,17.90665567,17.99764381,21.2079411
16430,16.21729905,11.2294358,19.79143008,24.23042523,19.81737388,8.714035961
21872,16.62546613,11.37139627,20.10826885,23.38558636,13.7522599,14.7570225
32307,17.57819497,1.136183926,22.13301348,28.1854961,18.07674628,12.89036524
32780,17.57819497,1.136183926,22.13301348,28.1854961,18.07674628,12.89036524
40441,16.16958165,13.37276235,15.18539693,19.43735245,19.04061599,16.79429063
5339,18.08413663,14.70023157,20.90138447,15.61268724,13.91452044,16.78703965
3395,17.7207612,15.34872464,21.11929953,17.82906791,9.425678205,18.55646852
10777,21.08484856,10.36271162,17.0239381,19.95455753,20.27602945,11.29791474
12972,18.8950437,12.75723411,17.28021104,18.10925015,15.73936326,17.21889774
2989,18.59914677,17.24769772,22.74550189,22.49893812,7.529674104,11.3790414
21863,15.81026998,16.50693926,16.07916953,22.32329868,19.65743066,9.622891895
20951,15.87770766,16.25081359,16.05803514,22.06166643,19.97057736,9.781199828
39086,16.70589177,11.96804301,19.17737347,20.09374959,14.36104742,17.69389475
769,18.7022214,15.57869144,15.57760303,16.99003827,13.9184359,19.23300995
3013,23.1355168,23.66704976,10.32729416,10.48303423,12.71328326,19.67382178
3377,23.1355168,23.66704976,10.32729416,10.48303423,12.71328326,19.67382178
5712,18.5347613,18.9885952,13.14804593,13.8271708,17.57774614,17.92368062
8624,16.71211305,15.13381024,20.37526821,21.48141499,14.57588509,11.72150843
5581,18.55801109,10.98042865,14.42621055,19.38146717,25.06212489,11.59175765
8496,18.92618358,21.20331245,11.1006012,11.49981456,15.23507749,22.03501073
35291,18.3279083,16.93491365,15.55128189,20.35398583,20.06543901,8.766471318
3108,19.04647468,4.155313331,21.99830027,23.35478239,16.98448127,14.46064806
16463,18.66250144,14.86955408,15.9465304,19.32008669,21.19958088,10.00174652
22941,24.98606205,19.16202799,11.24745379,11.93987072,16.50204604,16.16253941
35968,16.62229846,13.95870678,15.5013379,18.36099457,21.42575589,14.1309064
37096,19.88332342,16.00365934,16.33829811,18.48674687,15.13052371,14.15744854
37218,17.74609617,14.59128847,23.38557649,19.44835689,13.16872782,11.65995415
3014,21.87518609,24.57063766,12.36804545,13.52359584,17.85902507,9.803509888
3379,21.87518609,24.57063766,12.36804545,13.52359584,17.85902507,9.803509888
24311,18.0333467,13.47696244,13.75423948,16.58849546,16.98928201,21.15767392
39298,16.56668564,12.24522866,24.47199819,18.15525289,11.00309733,17.55773729
16660,19.49711388,10.48059678,15.27824435,18.05645797,16.43757966,20.25000736
41370,20.71779942,12.88084451,14.29793938,18.24180376,22.58007577,11.28153716
5483,21.78313804,18.9091298,12.94974035,16.49545745,16.93080154,12.93173282
30755,18.71679186,11.37777653,17.32887597,22.44628092,17.18323557,12.94703915
19840,19.98957943,15.0308101,16.97757827,21.66362849,16.43734163,9.90106207
13568,19.82037742,16.31982566,12.26474543,13.23539465,16.46661475,21.89304209
35646,17.62102837,16.2600627,15.53822508,21.00956544,17.8537654,11.71735301
37337,17.20208662,12.15147442,22.83328068,17.30676988,9.716531647,20.78985675
34943,18.380577,13.13100846,15.53098013,15.20548646,17.86336329,19.88858465
14540,18.40922734,20.82073967,11.61095571,16.10833479,19.55912152,13.49162097
3740,16.75204385,14.723876,14.9747831,18.25448412,17.11901433,18.1757986
8658,14.52586202,13.85887066,22.8881768,19.16371382,12.74396198,16.81941473
17548,18.28338304,15.74532739,15.48166402,20.23859896,17.03565766,13.21536894
38535,21.88076925,11.4858375,20.3841885,22.64578171,12.54420788,11.05921515
3104,19.18008392,9.020220467,23.30535148,17.36933613,11.21539396,19.90961405
37279,18.06318848,16.00245947,14.25276069,16.09562369,16.29340222,19.29256544
40699,25.3713199,25.41518743,10.5648726,8.816838608,8.640930877,21.19085059
3357,18.883356,15.11935308,23.64243308,23.60760132,8.207541139,10.53971539
24993,22.91374246,10.83111782,22.92919954,24.6730741,14.18017479,4.472691285
25300,22.91374246,10.83111782,22.92919954,24.6730741,14.18017479,4.472691285
40500,19.02156051,20.78241933,12.07202775,16.40618301,20.84641673,10.87139268
10154,18.63468064,14.87034776,16.47230506,20.62212167,13.91903101,15.48151386
13533,20.0504266,15.11575421,12.20551885,15.41287521,17.25843517,19.95698996
41410,27.02358752,10.41954879,16.51947538,22.53924583,17.56406486,5.934077614
8165,20.7043745,8.564756301,16.75840814,19.42507366,21.36334154,13.18404585
25980,19.49701705,13.44874451,16.0894759,14.31573329,22.37913817,14.26989107
9177,15.59543145,8.846091527,20.23581608,23.47119705,17.68093617,14.17052773
2213,17.36987388,16.47963857,14.87134624,18.92144188,20.80681262,11.5508868
8609,16.58027856,6.377952848,24.11923366,24.44542145,11.29024647,17.18686701
23873,20.45909748,18.76358278,12.74650037,12.90570029,14.29198923,20.83312985
26375,21.50199859,18.99014266,12.13421907,14.22833263,11.20295239,21.94235465
26794,21.50199859,18.99014266,12.13421907,14.22833263,11.20295239,21.94235465
36750,21.4357543,18.60356269,10.939187,12.58283923,17.17415736,19.26449942
999,18.79382014,12.25441074,18.10630324,22.94696662,10.10841292,17.79008635
24401,17.82645681,18.2177893,12.93167679,12.71379164,15.87477174,22.43551372
8044,20.28381244,13.51519573,23.9541686,20.35977179,7.445799336,14.4412521
8498,20.28381244,13.51519573,23.9541686,20.35977179,7.445799336,14.4412521
9711,18.56532427,16.86130476,16.05724381,21.03953151,16.11534558,11.36125007
30073,17.43159001,12.23461741,14.13229736,17.96643687,21.78425907,16.45079927
36689,24.0315241,12.8968868,15.80879054,17.83381633,20.30811196,9.120870279
38506,16.2047859,12.71045192,19.45933698,19.52193443,14.72169925,17.38179152
4188,18.96159701,18.44745487,12.88077273,17.06188029,16.54573717,16.10255792
16524,20.0973537,14.18258771,15.76269384,18.00081564,18.18419016,13.77235895
12885,21.7781263,19.37176728,12.26525255,14.60568539,11.86845542,20.11071306
23380,22.50322353,20.50095266,13.08592381,15.00130604,19.05318979,9.855404167
39175,21.45679516,23.52208035,8.516535327,10.46950688,11.33639034,24.69869194
39891,20.46372698,11.34867302,23.84846715,16.40062272,9.558526419,18.37998371
2571,18.26031704,15.22226137,22.84265696,19.95944374,13.91058011,9.804740788
9676,21.51333823,13.92789364,20.83484291,19.78417625,15.05166248,8.888086492
11800,17.72668137,17.80933394,20.69975271,18.75133981,13.53436255,11.47852964
30485,15.08486116,13.54570921,14.26099107,17.22684879,22.95276928,16.92882049
35800,23.06802236,21.61744061,12.15063316,12.89543694,16.46296391,13.80550303
17225,19.05892501,11.82011955,16.23450581,19.3803743,14.79352191,18.71255342
16645,15.864753,16.44576842,17.84668113,20.91144226,16.9567401,11.97461509
27766,21.86373628,13.37222184,24.86428256,22.52873211,9.050425748,8.320601465
16451,16.71748998,12.45225223,17.67009812,21.60509147,16.34020244,15.21486575
39010,23.04053842,18.90475762,13.93835101,16.94269356,22.32823715,4.845422235
5832,18.65087269,19.22815928,12.56743724,13.70165592,16.53166645,19.32020841
19056,19.11508577,10.68550491,15.30386796,19.96348915,16.37635153,18.55570067
8739,15.70738724,9.732421388,24.78455231,20.36275235,14.81982309,14.59306362
34111,18.32273301,8.743756824,29.69541933,23.58337394,5.750899113,13.90381779
355,22.3376609,24.04280063,15.52693407,15.34991281,18.03862462,4.704066962
14318,18.57625162,12.84806254,13.67509095,15.38158689,16.36172144,23.15728655
8031,21.18527462,18.93476897,12.40985163,11.50457554,12.33664751,23.62888174
27697,16.35532287,16.63348924,17.24026879,18.71546804,17.81216989,13.24328118
155,20.37589891,16.36380349,15.51111825,20.7662304,14.13435793,12.84859102
251,22.90539591,15.71103826,15.45047314,16.49187134,13.41830869,16.02291264
661,22.90539591,15.71103826,15.45047314,16.49187134,13.41830869,16.02291264
2125,17.03720324,15.96085099,14.33557687,17.99499953,16.24787326,18.4234961
27490,17.84100515,5.893190135,22.70202627,21.68334926,12.19819903,19.68223015
35763,17.8845053,8.720959642,15.40666733,20.51601535,18.04869411,19.42315826
4796,16.03616361,10.38354629,20.9875094,24.71335566,13.88071257,13.99871247
3795,17.0045625,17.29481639,16.57451906,21.95717534,16.69878431,10.4701424
18496,19.46531189,15.72931549,15.49099213,21.10951764,15.47990112,12.72496173
30211,16.96075599,5.880433935,25.26552742,26.64688937,8.515829991,16.73056328
38649,16.65115643,10.97003091,23.27437713,23.77007456,10.1443362,15.19002477
17197,19.42954787,15.3444501,16.38386091,20.10080322,17.53836756,11.20297034
23456,18.75710263,16.66565027,15.01670194,19.0968716,17.66423055,12.799443
30030,21.99053743,2.534172723,32.09212021,14.7732538,1.33430907,27.27560678
8241,22.08444813,26.19038659,11.32801933,10.31125178,13.73247545,16.35341872
10050,20.9468472,7.47341222,24.06425569,26.15381191,8.714015269,12.64765771
26734,21.85973653,15.47826338,22.68073948,18.01060336,3.081328008,18.88932923
32389,20.95172454,18.82274182,13.35821108,18.65571187,15.61047303,12.60113765
32849,20.95172454,18.82274182,13.35821108,18.65571187,15.61047303,12.60113765
12773,20.39045426,17.32833613,14.30990549,16.04078289,13.20962003,18.72090121
36106,17.11912107,13.71221863,22.60112516,19.62954961,12.82076369,14.11722185
34596,19.1517893,11.23922849,26.35339684,15.358585,11.67698576,16.22001461
30170,22.1295408,21.74566653,13.56824594,13.25290792,15.45557762,13.8480612
5169,18.82228878,17.50199149,16.64251706,22.51317124,12.21146017,12.30857127
5270,18.37276616,13.90787237,14.73471216,18.40913396,17.5954355,16.98007984
8867,17.693813,17.53582607,15.47917528,20.02783286,16.23051792,13.03283487
10561,20.1464734,9.732020257,19.75773001,20.98268856,19.70992549,9.671162292
40607,17.40569773,15.33269997,20.47495762,20.54529852,8.646827291,17.59451887
10004,18.7258407,10.8217849,18.9672052,23.56979511,15.82291769,12.0924564
37948,19.48798391,13.22485979,14.748958,17.06234341,22.24600322,13.22985167
30108,21.33439098,14.27479669,15.3585618,20.13871772,13.26833891,15.6251939
41364,23.29054547,12.61418747,22.46754804,13.55847727,1.170021648,26.89922009
5104,16.30307237,14.81211506,15.71102436,20.36896276,17.58484715,15.21997829
35039,20.22603171,17.28529141,15.38776254,16.6505782,13.46949111,16.98084503
13988,20.30658327,19.70286252,11.15450142,15.08027934,15.65579138,18.09998207
34175,16.48333302,11.75777272,18.70938602,20.44431459,12.20092585,20.40426779
10419,16.92777054,14.63193452,15.82663176,21.47879737,17.39417765,13.74068816
15736,16.4772368,12.89440582,15.9819619,20.79972418,14.77960847,19.06706283
39934,22.67285816,15.72867258,14.68004766,16.84986389,18.67185951,11.39669821
12709,18.49279548,16.85880111,20.66411663,19.06186907,12.84207277,12.08034494
14740,18.36643062,16.96686209,12.49222731,16.61010949,19.36082656,16.20354393
4645,18.21692953,16.91147625,17.40290764,20.9837203,11.43550742,15.04945885
7089,17.62171232,6.690375135,20.89700194,23.13139377,14.38526869,17.27424814
11725,17.77692194,12.17795805,20.96656771,25.17117099,14.46941189,9.437969419
25337,20.97605464,11.47419053,19.28735462,19.14677739,17.70896024,11.40666257
25957,15.91242489,15.31834255,16.33233147,20.98600148,19.21709498,12.23380463
9323,17.16751766,8.313001752,20.96916384,21.68624,14.69541315,17.16866359
11238,21.32852127,8.601187528,17.83382271,20.28977346,19.55612177,12.39057326
26497,17.95570236,14.87372212,18.91432772,18.79879172,13.52384445,15.93361164
26878,17.95570236,14.87372212,18.91432772,18.79879172,13.52384445,15.93361164
27653,18.16919355,9.110078777,15.40498904,20.42817792,15.98274705,20.90481367
19837,18.22172707,11.01278005,17.11844184,19.68927335,16.98775243,16.97002526
27214,20.66343928,17.56345707,23.75678606,14.15784215,6.893167795,16.96530764
33838,20.24479636,18.98008412,19.77477351,23.31337688,12.34855226,5.338416868
29578,18.69615,16.31813265,14.94432824,19.96113032,14.86381894,15.21643984
12687,18.63657389,15.62386619,12.85714625,17.36056873,19.09975569,16.42208925
17462,18.67157147,15.81215951,19.66115398,24.76368225,11.66234985,9.429082946
19061,17.91411938,16.79150115,20.03336993,18.29497679,9.022087929,17.94394482
21514,19.67335031,18.42014459,16.66091606,17.28062586,14.51621501,13.44874817
40495,21.8812734,19.61562213,12.7124228,15.20560349,14.66025796,15.92482021
37527,19.40651787,22.92770172,10.85607402,9.901894066,14.05557838,22.85223393
38508,18.52616683,13.32474044,20.76101978,20.38634773,15.88740022,11.11432499
15172,15.81628833,15.92565053,14.354825,18.82096272,18.86414616,16.21812726
20132,20.60558594,16.24481688,11.45469662,15.70301542,17.91191154,18.07997359
22670,20.79169884,15.90891388,13.57849429,16.47346041,14.17955493,19.06787765
546,18.51438586,16.20903151,15.37760721,18.71907155,12.60526064,18.57464323
12633,17.78322477,12.28335522,17.51167099,22.25533262,16.38808184,13.77833456
27263,15.76095815,15.28522552,14.05389485,13.59812708,18.81670032,22.48509409
6207,19.83628332,14.88151858,15.15157549,19.97198366,13.33133254,16.82730641
6652,19.83628332,14.88151858,15.15157549,19.97198366,13.33133254,16.82730641
25045,15.25638911,7.529178073,22.10680658,24.35876453,8.581500612,22.16736109
8358,19.74823288,10.1948111,22.12466777,18.55344299,9.278608005,20.10023725
13161,18.11941709,13.83500041,13.57644988,19.10402633,20.64462877,14.72047752
11768,19.85237437,14.44500957,12.11426569,16.761066,19.10718402,17.72010035
24459,20.03881435,23.83766375,12.02538335,15.09582223,13.65572513,15.34659119
30067,27.16268429,10.49155175,14.80475114,14.07296781,12.99891289,20.46913214
31135,20.00130936,20.38088699,13.56341025,15.70029543,14.33355779,16.02054018
31611,20.00130936,20.38088699,13.56341025,15.70029543,14.33355779,16.02054018
22399,16.88439757,14.44577798,16.96588985,21.84616148,17.18054432,12.6772288
37416,16.01549024,13.47482171,22.45213066,20.82614644,14.26320872,12.96820223
37849,19.76484914,18.0254615,12.73546448,11.33071513,12.38318178,25.76032796
2036,16.83655487,16.29229674,14.2771202,20.65179648,17.99810333,13.94412837
6286,17.1015528,9.29598082,20.63793518,23.92942953,10.87620992,18.15889176
20960,16.85573748,11.8175568,19.65373551,23.08247741,13.08628117,15.50421163
37347,16.84321385,15.11828735,19.1854482,19.26998495,12.21447306,17.3685926
10484,17.76264429,15.0346808,16.60958949,20.55761622,16.07667202,13.95879718
36099,17.09272147,20.43699844,11.00839425,11.41453097,16.76016025,23.28719462
39074,16.50515528,13.50823696,19.27857994,20.28125276,12.76910155,17.65767352
37088,21.8352185,5.555455129,26.90286165,22.45259943,3.676872279,19.57699302
24597,18.24090933,12.50665977,20.45857652,21.85767073,15.38833305,11.5478506
41073,16.55515474,14.97870054,19.74622586,20.9284698,11.71898689,16.07246217
22552,15.40711285,11.64097102,15.0272499,20.14132084,19.08973811,18.69360728
34999,18.76902313,13.99709477,15.33532372,20.48564572,23.36308824,8.049824414
40611,38.47681375,10.82915012,12.27228683,12.33336937,9.484228861,16.60415108
22224,18.17796007,11.71526823,18.30059522,25.07360382,20.57632384,6.156248818
40053,22.3355422,24.80209947,12.12393941,12.33538751,12.77619553,15.62683588
4774,17.18898196,15.42914749,12.89241113,17.0058555,17.57749269,19.90611123
27912,19.92078698,15.51531565,27.11111201,16.77342421,3.891640658,16.7877205
28335,19.92078698,15.51531565,27.11111201,16.77342421,3.891640658,16.7877205
40515,18.7186855,17.12487202,12.79201904,16.17609092,21.50330529,13.68502722
5965,21.93749993,10.34783506,26.98958415,18.91532794,3.540856955,18.26889597
13646,18.32077479,9.431980294,13.53048589,15.96716557,19.66728202,23.08231145
3584,17.77182831,17.20623621,16.50772084,20.54471384,14.8521739,13.11732691
22408,21.65584092,20.66289953,23.83751364,8.334446069,9.549589807,15.95971004
30076,22.1629513,11.17602492,19.38493499,23.38634906,10.4722504,13.41748932
40762,19.85570707,15.13739648,13.36716657,19.09887964,15.58841571,16.95243454
14194,25.59332055,4.342434445,26.04778269,23.5807483,13.01045463,7.425259381
37203,25.99098222,24.69685702,13.74927049,11.03210306,9.153616747,15.37717047
20499,19.07215611,13.07397986,20.05932924,18.52771722,10.37096029,18.89585729
7669,18.65824323,11.07152136,15.00713723,19.02205302,20.8341507,15.40689446
22601,18.32637426,8.842203126,18.3620854,20.5615473,15.61507007,18.29271985
4557,17.0961309,14.94442831,18.48643047,22.13003931,16.99294215,10.35002886
5117,17.68604663,15.01271573,13.42215376,19.2727349,17.38766378,17.2186852
25227,15.95557414,16.02023855,17.14694358,23.83634897,18.35472684,8.686167925
12863,20.09363151,9.568212424,13.51368328,18.4421452,21.05409468,17.32823291
24088,23.12925464,21.26982458,13.46725839,15.55397239,15.27516635,11.30452365
27177,22.58036121,10.392024,16.13751351,19.89735498,18.85235326,12.14039304
8737,18.32062599,5.206069554,20.76484251,27.07831072,23.49241465,5.13773658
11527,21.59642806,5.384879381,20.28895627,19.7208334,17.49486518,15.51403772
11677,15.19810951,12.75741589,25.32574985,13.73927189,10.9702839,22.00916896
38359,19.70839854,14.33358354,14.75660265,18.84517875,10.54641009,21.80982642
38132,16.35271121,13.72634386,18.41779399,21.33019164,15.36847623,14.80448308
17073,22.0045624,10.4428358,23.39732273,26.69219351,14.7763312,2.686754358
22441,15.42585671,13.58533654,14.90603333,19.22203534,17.90148895,18.95924913
38930,14.26589424,9.511688041,15.68866694,20.53505558,17.4096042,22.58909099
5157,17.928686,14.44691697,18.67547682,25.11965651,11.49883636,12.33042733
3321,16.36601372,12.73054159,21.74825887,22.83440508,12.26281362,14.05796711
8187,16.84745194,16.55959762,19.27208561,19.82393224,15.36627017,12.13066243
27665,18.20554166,3.600078393,18.48106792,24.99063239,23.35473865,11.36794099
29912,16.11683216,12.84811524,20.2360092,21.54048458,9.111782604,20.14677622
29987,14.97040455,8.831914412,22.74946833,22.23989864,14.12647043,17.08184364
13438,18.97975264,14.36764072,21.49026398,16.08058882,7.783149991,21.29860385
15760,21.7783444,19.21909007,12.05056816,11.84283353,12.48657369,22.62259015
23666,17.80516253,14.82901629,23.95633594,16.10364691,7.124521494,20.18131683
35884,14.55263994,13.2254066,18.91832315,21.64546651,14.83967332,16.81849047
38001,17.70835529,16.31150441,20.60179435,20.27343369,12.15551478,12.94939748
15321,23.61919307,15.37586887,14.03068662,17.69489041,13.19707256,16.08228847
30488,21.88613389,12.01431874,31.35008197,20.28987637,6.593740278,7.865848751
24570,19.11513121,14.83464366,21.4286318,20.92237468,7.868976213,15.83024244
21577,16.79842109,12.70995637,13.79731645,18.89450409,17.16166044,20.63814156
25719,22.26813411,13.58743202,21.96206087,7.849522816,13.19118473,21.14166545
4596,18.2931785,18.52802507,16.48104739,20.79542136,14.99106587,10.91126181
38932,17.62879954,16.99589353,20.01703393,21.30836059,9.702575945,14.34733646
22905,17.31337004,15.78619235,14.31467297,18.63555026,15.48323994,18.46697445
38961,18.22592207,15.65147388,22.4901111,21.77161675,8.159638542,13.70123765
15943,14.64365289,8.776853493,21.72562712,27.01451217,13.21916096,14.62019336
8462,19.0084026,8.306887942,17.60988469,22.49842228,13.42357748,19.152825
11972,18.75922965,16.67032681,13.63901469,18.44910407,18.64020394,13.84212085
29806,16.32254876,15.85348949,21.27631887,19.0172886,8.053300421,19.47705385
8774,18.09872423,9.141813571,23.00971786,21.56965134,6.528525154,21.65156784
31484,16.94102693,17.54573022,19.69559524,21.98636566,9.769612686,14.06166926
31951,16.94102693,17.54573022,19.69559524,21.98636566,9.769612686,14.06166926
6343,15.91982352,4.80024555,25.62766041,25.26317603,10.15051305,18.23858144
10435,20.56841411,11.3347542,18.39353741,22.16098417,14.12892289,13.41338721
39657,23.11408594,21.88910387,13.01853224,17.14061394,17.87634464,6.961319372
9308,18.96536616,17.46589651,19.55040661,22.89609396,15.91698787,5.205248894
21312,16.2458437,11.77904252,18.69239421,22.17891055,12.80080726,18.30300177
28826,13.46001331,10.08981851,18.17332199,21.59615552,16.77707459,19.90361608
30601,19.84652112,11.42696019,13.40822286,18.28176152,18.19434908,18.84218523
35999,20.22344625,20.65618934,10.69803418,11.30522611,14.17708376,22.94002036
39777,16.69898816,15.3603457,21.43335238,16.24940083,9.649399333,20.6085136
5356,23.54638675,12.32748962,15.98307152,21.14422932,14.01033517,12.98848762
16148,23.20584157,12.00711338,21.6958016,22.90547832,5.182558266,15.00320687
36919,17.85029086,12.76493088,22.73035752,23.84973745,7.475185896,15.3294974
39522,16.73729819,14.62222429,23.7852969,21.99871874,11.79272871,11.06373317
38905,17.99918603,7.54277179,18.81118777,21.95699409,22.3521588,11.33770152
12440,21.78836866,11.18752032,14.29225975,13.13054011,23.18671521,16.41459596
35178,21.74837906,24.53193045,15.29313681,15.10167469,15.38346639,7.941412596
9396,18.50889745,15.36694675,17.2660117,23.96935697,12.86007545,12.02871169
27528,18.75256938,17.46201616,22.26297536,13.85796219,8.289912297,19.37456463
10721,16.79356451,15.2329112,18.08983795,20.66404671,11.81812641,17.40151322
18119,15.70803713,15.33359491,15.4807365,19.90782162,19.22556723,14.34424261
24891,21.52617953,16.29711375,19.92450563,22.30195296,15.58458597,4.36566216
28783,21.01806557,9.466231502,22.37809071,23.2406438,7.520860933,16.37610749
28832,16.17886983,16.74830753,15.78155453,19.81167429,17.57428109,13.90531273
36342,20.42263902,12.7050581,19.62780995,22.10544847,7.505632054,17.6334124
39389,15.27056878,12.96202276,19.65823001,22.96980214,10.29038893,18.84898738
34593,18.239933,12.19972882,20.55424369,19.67108411,15.53724061,13.79776978
29016,16.10822696,13.90357947,17.39462601,15.56178094,10.39028411,26.6415025
504,25.48270068,16.18414946,15.2684724,12.34107241,16.08411394,14.6394911
38592,16.30868845,11.54351098,21.90969351,24.47283436,16.14268186,9.622590838
35224,31.1412669,22.30988056,15.16773742,16.01851482,11.28401644,4.078583857
20652,18.15867558,12.48617924,19.08305445,21.10121873,21.34605175,7.82482026
36013,19.67604756,12.10606897,14.86282753,16.9687355,20.84159499,15.54472545
37984,16.106371,4.288791561,24.39439197,27.57661259,13.52057114,14.11326175
19279,19.38087535,17.59137134,11.75095855,16.68848533,15.44600033,19.1423091
23403,22.8374154,19.64042808,12.52439059,14.21262688,14.4237946,16.36134445
24992,22.73386875,14.59696544,22.13993857,22.30437897,6.257152666,11.96769561
39921,18.42461148,11.43564788,22.57395935,20.93968909,7.56384012,19.06225208
37030,16.6369944,13.66194089,16.61488849,20.91060685,16.23922426,15.93634512
2674,17.03497109,13.35900085,22.34679614,20.8216238,8.210168724,18.2274394
3734,17.62989064,16.16545639,17.16125478,19.96633468,13.26535523,15.81170827
10940,17.14753233,12.92818958,15.73552477,21.24745024,19.63495591,13.30634717
22023,20.57743569,15.68728946,16.94748932,20.04768637,17.08462959,9.655469578
30446,21.81020838,11.06799957,18.3497245,18.77719578,13.08846903,16.90640274
41534,20.93351844,17.60009555,13.51837649,13.66146537,20.86498437,13.42155979
37915,16.24782546,13.88757523,20.80135207,19.99548054,9.640097009,19.42766969
7047,17.28626228,15.82892048,15.03276153,18.78805604,19.64712646,13.41687322
22010,17.76761918,16.16394618,17.81877066,21.35745924,13.30291317,13.58929157
642,19.81562983,14.3125964,15.13985213,16.05888765,11.3706211,23.30241288
39373,19.32243804,15.10942276,17.83890098,17.67133137,14.6510779,15.40682894
94,23.86610598,17.23152521,15.10387916,12.2119267,11.65635231,19.93021064
9047,17.17751938,18.50227144,19.73095575,21.75087878,16.16000231,6.678372331
15775,22.3783478,17.62349635,10.82734995,13.82939041,12.81495742,22.52645808
36236,19.89631313,10.35473352,16.30912452,21.44923056,21.24738448,10.74321379
18509,16.4884138,15.47870844,16.97274221,19.42240482,17.55047964,14.0872511
1998,16.81333551,16.01258252,17.87449723,20.34856646,14.75733776,14.19368053
15418,17.54177538,12.38995143,16.96443584,19.05584855,15.50144624,18.54654257
30506,17.26477028,16.5776862,20.82679303,18.52799186,7.764059753,19.03869888
34036,19.35418485,19.03911721,19.1820348,22.01080699,12.05639904,8.357457111
4094,19.61513089,12.38706699,18.82214344,21.00720542,10.05974199,18.10871127
25919,17.95112584,9.622062321,23.55385518,21.90309138,13.55262528,13.41723999
24551,19.60194875,21.25223652,10.93732221,12.47702089,13.54663364,22.18483799
36833,20.3884547,13.0522179,20.85165405,18.64870062,7.689103726,19.36986899
37877,15.34075503,8.866080104,22.02860735,21.75876539,17.4951643,14.51062782
38663,17.51393725,13.54020212,20.21145578,21.95635532,8.903996859,17.87405268
20340,21.15134827,27.0487223,10.93550669,11.72198339,19.01176856,10.1306708
26984,17.93652249,17.12320113,23.0695531,18.83329863,13.83944225,9.197982397
16828,17.24137049,11.15435074,18.86790632,23.14956289,19.12621169,10.46059786
132,16.88999009,16.18571831,15.05787905,19.47347881,13.16323924,19.2296945
4927,20.38718881,17.49519221,16.30664013,21.28729533,14.13764226,10.38604127
14211,16.8005835,14.01292893,14.38529354,19.41419367,18.96034221,16.42665815
14290,17.56329929,12.38558937,25.76391977,17.88309183,6.662539637,19.74156011
37121,18.4035482,15.86083201,21.56374753,23.40861099,8.959400694,11.80386058
9117,18.87890594,14.92358759,15.12849894,19.4127516,18.34817244,13.30808349
20318,20.58965588,18.29597485,13.58329417,13.71290629,20.01612345,13.80204535
14015,19.09972548,15.13611136,18.62547362,22.50402245,16.84515253,7.789514558
36709,18.81915462,9.285359945,17.06642716,18.73032383,12.27697049,23.82176395
27589,16.88254161,15.89028628,13.84546619,19.10934175,18.09697822,16.17538596
4815,17.36264732,16.57874942,17.39873563,21.61918382,15.13741587,11.90326794
5223,18.00550133,16.63434165,15.66378472,21.87056669,15.29723599,12.52856962
30351,16.35116187,15.4091652,19.27938902,21.47456795,9.834355463,17.6513605
34594,19.31251456,15.37859422,16.33160784,20.00414214,17.33497796,11.63816327
19996,18.80642598,21.30805288,10.56860921,12.74335296,15.94741571,20.62614326
2961,16.44255629,13.07723223,17.24147151,21.5504637,13.9054156,17.78286067
14249,19.78006941,22.09176064,11.93075052,14.62055717,13.35902828,18.21783398
7541,17.96376147,13.70063702,19.22853103,24.08216127,14.36584852,10.65906068
18134,21.6293347,18.49610951,15.54625343,21.04797413,11.96475568,11.31557254
28786,17.02013543,6.64398514,17.82902425,22.29362378,17.55770854,18.65552287
30966,18.67951112,18.68149268,12.52421126,14.85549983,15.82492198,19.43436313
20488,17.83913177,4.300553636,22.17061389,24.35001456,14.37108829,16.96859786
23131,16.78959863,6.384153028,16.55267301,21.96174602,17.24094431,21.070885
24281,22.90792517,23.92647668,13.04910261,13.39658153,16.66046116,10.05945285
5143,16.22682802,14.00439346,16.39131807,20.71931494,16.44982705,16.20831846
20262,18.47103255,19.35092253,21.48554073,19.72929894,10.12414927,10.83905598
28781,17.62437376,12.36072418,26.8592995,18.50864796,8.022578531,16.62437608
37376,15.67566103,2.312659747,19.50918909,23.97749433,18.60808478,19.91691101
675,24.02269865,12.63700731,14.97231111,16.16176719,18.19365096,14.01256477
41259,17.20453399,12.2680556,17.11904616,16.85702419,13.96511258,22.58622749
9966,18.45731841,15.38226391,14.54673168,18.21115733,18.92996698,14.4725617
12078,17.10350304,12.74673837,22.98376552,20.8871769,8.51336153,17.76545465
35204,19.06170851,22.77468159,14.89450953,16.68822316,17.23033223,9.350544967
11305,18.96667683,10.03941342,20.19697824,21.16513655,15.13866583,14.49312913
2381,19.03121788,12.31852011,18.44895916,22.08161805,20.41631971,7.703365089
21954,15.87931764,15.88635018,13.1677961,18.22318757,17.15994868,19.68339983
23366,20.88758516,11.73951529,18.64604786,21.94712342,17.62841544,9.151312827
35232,41.40072394,13.19025609,14.89143205,8.369295579,9.850427119,12.29786522
14890,16.86699179,13.11535301,15.79034538,19.02729084,22.77148492,12.42853406
17259,17.63539891,18.71408421,15.13019209,18.61073142,15.96883712,13.94075625
37765,19.60099783,14.038294,12.93547816,14.33926691,12.76920301,26.31676009
38215,25.35341727,4.698308503,20.43026589,23.7111807,18.68266678,7.124160867
20903,17.57980919,14.81555015,14.68550632,19.63491921,16.27877496,17.00544017
36028,24.52890727,18.12776582,10.0020939,10.5125632,14.4781179,22.3505519
23772,20.35431354,11.13981832,15.43010562,20.84720532,21.29985607,10.92870112
38039,15.77839267,11.02437315,19.06357014,20.98218349,14.15708299,18.99439756
1392,17.87992488,9.521617487,21.79187136,20.71667191,10.73036375,19.35955061
17971,16.66363402,11.93777887,17.90698268,23.03625703,13.59465627,16.86069112
16362,14.52231251,10.55311593,18.37835659,24.30707612,15.29965414,16.9394847
19336,20.35326594,11.65597289,23.34817114,11.68476796,10.11175099,22.84607107
7645,19.29254001,17.93597909,19.25348436,19.50695997,11.73650271,12.27453386
19509,18.30195794,17.56015376,22.05551419,20.13790385,13.69213896,8.252331295
17554,20.48055859,7.802674706,24.67387988,17.15340891,8.625085505,21.2643924
32409,19.3929876,14.78441912,17.36301884,23.44552539,19.00480381,6.009245239
32873,19.3929876,14.78441912,17.36301884,23.44552539,19.00480381,6.009245239
39220,17.56006821,17.33961319,16.96893158,18.03865608,10.13495726,19.95777368
12602,14.36881323,12.93653978,23.2430881,16.96371614,12.03212832,20.45571444
7617,18.7662755,15.82114374,24.46684904,13.61926859,7.935328202,19.39113493
2940,16.03049021,12.57598572,19.66823988,23.1371381,13.54914863,15.03899747
18199,17.55059388,16.3520512,13.44205645,14.28216764,18.6921791,19.68095173
7138,18.52874757,11.20198358,24.94768955,19.31997088,10.2848182,15.71679022
12036,19.21830932,9.753436879,17.97504329,20.08195025,11.62802287,21.34323739
30159,17.20829563,12.28613193,21.05872914,21.52806355,12.29836861,15.62041115
33259,16.44451451,8.348401425,25.48591659,25.7309273,9.701857413,14.28838277
33700,16.44451451,8.348401425,25.48591659,25.7309273,9.701857413,14.28838277
35666,23.80029857,18.95378795,14.72016571,16.29653144,17.05525644,9.173959881
14600,19.71876844,17.39856845,13.17515404,17.65889223,14.90569814,17.14291869
21004,15.86044368,14.58339075,16.40192148,19.28983999,19.68680886,14.17759524
27099,16.1588829,7.841120802,26.65798162,18.16274971,13.33047379,17.84879117
38315,17.4938841,13.52609084,16.41383301,20.81771067,13.65739472,18.09108667
8071,19.62628974,9.820291881,14.98423618,18.5797125,16.01237329,20.9770964
8525,19.62628974,9.820291881,14.98423618,18.5797125,16.01237329,20.9770964
9294,18.42034832,17.56830708,17.31866269,18.44864123,10.85812195,17.38591873
12651,19.50533479,14.5851413,16.46645186,19.85367875,11.16879001,18.42060329
18650,17.12594858,14.45612537,20.22747837,19.34876,10.26152966,18.58015801
21598,18.46305676,11.9709017,22.4803386,24.67098124,9.210921948,13.20379976
41685,17.18390488,16.54047755,19.89337651,20.3840236,12.01932738,13.97889009
5363,15.84947418,6.475377692,19.79638188,23.3609719,18.13265976,16.38513459
11776,16.28164881,9.471838243,15.85023985,18.34929063,19.27046841,20.77651405
12161,16.28164881,9.471838243,15.85023985,18.34929063,19.27046841,20.77651405
31040,20.51621534,11.08695686,23.25229902,19.97275708,6.883070316,18.28870138
31521,20.51621534,11.08695686,23.25229902,19.97275708,6.883070316,18.28870138
33044,18.62470795,12.51298163,17.57532643,20.83022151,16.60019649,13.85656599
89,27.0042915,15.60055421,14.61721274,11.7820612,15.41513388,15.58074647
35486,20.30104467,17.2647392,14.54929004,19.23162646,20.85898149,7.794318146
37609,23.06370101,19.88464802,16.68850187,17.41576131,8.655793017,14.29159477
38794,15.61376196,14.9783335,19.2885387,20.1345412,13.41403691,16.57078773
3873,18.1046705,16.21472731,12.72498073,16.56807458,15.55850096,20.82904592
19155,13.15319767,12.28978947,22.95915869,19.69630715,9.806600027,22.09494699
39881,15.94374935,8.488854503,16.7342519,20.11151037,15.70229901,23.01933487
40462,25.54033155,17.45844362,12.41081447,13.11404385,14.71931312,16.75705339
8316,15.8212005,12.16841486,20.71382457,22.30686769,17.38550378,11.60418859
8726,16.05404397,12.05492854,22.31695771,24.41704505,17.62507948,7.531945244
12548,22.51618443,22.14300024,9.677579509,13.04385315,14.0246743,18.59470838
18334,17.01528272,10.27125219,24.42643592,20.59481414,13.00100726,14.69120776
24180,19.80840702,18.7286179,11.1480641,12.62723642,20.47524419,17.21243038
3587,16.24601148,10.22567223,22.49954177,22.63656003,9.469443641,18.92277085
4018,16.24601148,10.22567223,22.49954177,22.63656003,9.469443641,18.92277085
14294,17.75900378,12.82176425,17.36709937,19.53584872,13.94955347,18.5667304
35211,18.8702616,16.46035762,14.54424148,19.0194623,15.04902915,16.05664785
36852,20.11134374,8.448405027,16.27465873,20.62384544,21.8239748,12.71777226
13762,23.27711513,23.59928829,12.53480284,13.67489096,10.27838397,16.63551881
31178,15.318261,13.89203689,16.85735638,22.58117937,13.65684277,17.6943236
31654,15.318261,13.89203689,16.85735638,22.58117937,13.65684277,17.6943236
40894,20.54383371,13.01720495,19.49797567,21.20745101,11.13804335,14.59549132
24441,17.22235332,9.715632229,17.03333805,19.48923244,12.49027504,24.04916892
26485,18.20836363,14.43669203,12.92997025,18.27321977,17.93960658,18.21214773
26890,18.20836363,14.43669203,12.92997025,18.27321977,17.93960658,18.21214773
36377,15.5092217,14.31380832,18.34357471,21.88921144,14.27309162,15.67109221
37486,19.02774116,18.89415992,11.97499761,15.52132104,18.2095461,16.37223418
37634,17.63704728,12.27729139,21.46146691,21.6948025,9.989158505,16.94023341
39545,16.51389965,14.14644697,17.79753523,21.31929337,12.72321589,17.49960891
1220,15.5813314,15.53757117,18.07777863,21.32554722,14.76385576,14.71391582
17149,21.85367387,19.01740274,15.87984327,21.25497872,12.98782271,9.006278692
9465,15.62221727,9.023726294,22.37400694,24.71844066,14.59368771,13.66792113
22413,18.39659535,17.32336973,13.48793869,18.567428,18.16498241,14.05968583
30795,20.67330934,10.90496713,22.16018613,22.33911336,11.49704696,12.42537708
35665,19.10976338,21.87991183,14.49423083,15.76972599,20.35728399,8.389083969
35559,14.02004707,12.68689847,14.45293986,17.8348391,21.64937319,19.35590231
3056,17.12191592,4.200288404,17.18787668,22.93029647,21.91529865,16.64432387
3195,19.29469073,19.54217737,18.12197745,21.69322621,10.5682775,10.77965074
5421,18.20503978,17.14551633,17.83600989,19.23042486,10.704253,16.87875614
18508,17.42581608,14.60253137,17.49595405,22.27328787,14.73976063,13.46265
27187,21.84209861,12.05718025,21.82008323,15.78495792,6.703418762,21.79226122
1118,20.54422117,14.2558235,16.27816828,20.4838775,11.85536094,16.58254861
3720,18.11224127,16.90946337,16.31884236,20.81529541,15.04407142,12.80008618
20438,18.05017082,16.53967982,18.26929319,20.52092196,12.48443804,14.13549618
22005,17.94250747,16.76656218,11.39128692,16.22003929,18.63922948,19.04037466
2801,17.75978099,13.86827192,15.15111726,19.94376984,15.11196426,18.16509573
6081,24.5604923,9.549600529,15.99046696,18.74032896,14.65847932,16.50063193
39538,15.82071948,14.34755617,17.63209882,22.09135085,18.79741359,11.31086109
8058,15.9813627,11.78162205,17.75542061,21.75645749,16.43171995,16.29341721
12621,15.314965,8.444659353,23.32642071,24.49472862,12.15425704,16.26496927
12872,20.728508,16.97189086,13.90566832,16.65492055,18.32489202,13.41412024
38844,17.13660713,14.35021306,19.58692591,20.25455386,11.08160275,17.59009729
39094,18.40914201,15.22382461,16.67992039,13.74860569,15.86468519,20.07382211
17916,18.0667732,13.37093352,18.73236742,23.16287035,16.93100945,9.736046049
38054,18.78676215,13.42745368,16.68068741,19.57346107,12.93149687,18.60013882
7387,17.88153868,13.96266286,18.54263,23.19845531,16.17300248,10.24171067
8223,20.95019803,12.38794917,18.80704993,19.73340646,10.31878679,17.80260961
8224,16.97086821,17.48109141,16.99361412,19.40452176,13.41766303,15.73224147
16220,20.13268378,14.90836327,15.26108444,18.1780868,21.60452151,9.915260194
40350,22.266266,14.74752599,21.69479776,19.28127364,19.55151178,2.458624813
16644,16.86883352,17.62438544,21.83788571,19.49353334,13.96408762,10.21127438
30719,18.65038008,18.47580285,19.16695422,19.07508619,13.09025627,11.5415204
40367,18.62521685,17.28731399,13.0902414,15.50746234,15.95592729,19.53383812
11528,22.83626839,9.403682401,18.79700605,19.80056219,13.83282994,15.32965103
35219,17.8917987,18.64400962,14.38691056,18.03866867,16.99667749,14.04193496
7854,18.0805777,16.17638652,15.09531386,15.74975311,21.99779607,12.90017274
21125,18.79190851,18.5280547,12.24861635,16.80152483,17.57907132,16.05082429
25101,18.35950332,11.31968301,16.45484337,21.51188856,12.59516291,19.75891883
29819,21.95127893,10.03663753,21.55874521,21.53342223,13.42807203,11.49184406
19551,19.67052103,14.18799747,28.2343338,20.65467055,7.612005383,9.640471773
11055,17.5965366,15.73622461,20.79835982,22.16302459,9.851113613,13.85474077
3426,17.77138283,5.639779796,15.8568717,20.51653113,23.07334361,17.14209093
8009,17.08058619,9.232147638,17.31302875,21.73591639,14.72040382,19.91791722
16252,17.60908781,11.72591433,14.33957163,18.5076278,18.95572782,18.86207061
12481,18.85317141,18.27545864,19.18255517,18.56757283,9.554853723,15.56638822
8179,20.12303237,8.772344739,15.00878754,17.12319933,22.30897775,16.66365827
9370,20.92080285,12.50227344,18.44315365,20.46642115,18.39466015,9.272688764
22661,17.81636467,18.22486743,13.15196305,17.31043604,15.12537337,18.37099544
40008,20.38544327,9.020957146,24.283729,19.28444439,7.813362596,19.2120636
40527,21.53233083,20.12068716,11.84426651,10.43401168,10.38010133,25.6886025
19470,21.59707785,15.14183505,14.33176743,15.43100495,10.48582372,23.01249099
35784,21.35262189,11.20912908,14.35439191,14.32938949,24.23926608,14.51520155
35570,19.85468515,13.02197929,14.35416328,17.55427025,18.23895355,16.97594848
37067,22.79347685,25.84601102,13.52036433,15.51658666,17.55473296,4.768828174
12546,19.13552281,18.83574281,12.66887922,16.96395141,15.91305517,16.48284857
16479,15.67511403,7.428418927,25.63405386,22.56673721,8.20353691,20.49213906
26102,16.64785182,18.9093129,12.4308759,13.24490091,18.7567437,20.01031477
26540,16.64785182,18.9093129,12.4308759,13.24490091,18.7567437,20.01031477
31856,18.52935079,17.56575771,19.75050542,21.96209527,10.25177675,11.94051406
11610,20.84759047,10.31207505,29.03154757,12.32702968,9.628790532,17.8529667
12046,20.84759047,10.31207505,29.03154757,12.32702968,9.628790532,17.8529667
19689,16.33047446,11.55696949,18.71265163,22.20822101,14.62828272,16.56340067
34484,18.11178819,14.91748625,18.17520994,20.12577569,9.478662089,19.19107784
40833,16.01342022,14.02084872,16.46995405,17.79231765,16.89125397,18.8122054
35915,19.94239077,14.16566659,11.61858533,15.86347961,17.27637954,21.13349817
5916,22.94710027,11.27403562,18.06769536,20.58386742,10.24939382,16.87790751
8279,16.04442779,11.04452624,12.32893301,16.90845139,21.21749054,22.45617104
29497,16.64675272,15.8460982,18.87854475,21.62171916,15.57452831,11.43235685
34500,19.7085046,18.87556243,16.10797516,20.77470623,15.60319155,8.930060031
622,26.18944477,17.31261089,14.31526231,8.773770249,6.515029783,26.893882
19684,15.62872186,16.61077682,19.4477359,20.3594834,12.47038184,15.48290018
34262,17.12769,14.47722981,16.61075781,20.81281131,17.32149588,13.65001518
39169,16.68474341,15.21691638,16.15071615,19.47847365,15.07039014,17.39876026
29122,17.99066335,17.30610684,15.8630218,19.99062878,17.24641287,11.60316636
35695,19.48410256,21.53737298,14.24962061,16.11570711,21.02482228,7.588374462
27547,19.52397127,14.48742637,12.70436395,16.93926225,20.64293545,15.70204071
38213,18.22178325,13.64531009,19.43975209,25.71399723,10.42890118,12.55025616
950,17.24936891,10.12763222,17.84845192,21.98745731,15.08269312,17.70439653
22065,18.15437708,16.56341588,16.50377281,18.76948922,14.2782306,15.73071443
24046,18.95267495,16.36298963,17.06989018,20.47392516,8.045838792,19.09468128
29685,19.72723621,14.21800834,16.4643772,21.24553092,18.07819442,10.2666529
30069,15.17193045,3.10415031,26.27439691,24.75841922,12.84508544,17.84601767
5775,16.63454428,5.832583322,24.14312139,22.82175255,4.53048672,26.03751174
15272,16.72828275,15.47997956,13.14151858,16.8540712,19.77889959,18.01724831
7283,20.40859942,8.814351334,17.64007924,24.92693523,14.96472387,13.2453109
16810,22.19652179,11.69344651,24.36883051,21.8586013,4.26600653,15.61659335
21331,17.4052846,15.48720815,15.99864707,21.48919865,15.93660709,13.68305444
24243,18.84268398,17.35172471,18.5295487,19.21379669,10.9197697,15.14247621
27779,21.34675099,0.960472501,23.25728673,24.72431277,12.64648728,17.06468972
10659,17.2321345,13.24173812,18.29399701,21.2718096,12.53234983,17.42797095
34953,20.25604212,16.36260916,14.15041652,18.67512375,15.10161131,15.45419714
8304,16.36965761,13.46960929,21.43373441,23.35087722,16.66173672,8.714384751
27656,18.76341181,19.35401257,12.17585669,15.67524718,14.1589061,19.87256565
38060,17.5140138,6.996349614,17.24775891,22.39583638,15.42238384,20.42365745
2346,19.2008432,6.921295167,19.50060446,24.98293975,14.0664294,15.32788801
15586,20.09690382,20.84399479,10.82409575,14.35777403,19.42007481,14.4571568
16803,21.65757802,9.307626458,17.1026522,19.4676733,21.79394132,10.67052871
24395,25.18297776,21.05152736,10.79088692,9.859836565,13.9958411,19.11893029
35933,18.6082648,11.67356106,17.64252915,23.07418009,12.83768285,16.16378204
35523,21.65666624,17.74812722,13.95818831,14.65362174,14.86549659,17.11789989
88,20.94316914,15.34043008,13.91860211,16.04891828,14.78371233,18.96516807
13128,20.3281454,15.91769869,16.78451776,20.3175074,12.9453423,13.70678845
3318,20.9229197,16.26144413,14.91264063,20.4074037,17.54188141,9.953710438
26816,16.48968621,5.683776498,26.06578377,25.25857888,11.94599107,14.55618356
38618,16.43077257,4.459228323,21.27740108,26.70628455,14.99766894,16.12864454
40706,20.15158822,9.1574079,24.12796141,21.0193288,8.058610885,17.48510278
38196,18.36630198,8.659852892,19.32899874,21.61933942,12.15705302,19.86845395
33068,20.99050913,13.3756966,21.65291335,15.95914864,13.36781224,14.65392004
33539,20.99050913,13.3756966,21.65291335,15.95914864,13.36781224,14.65392004
41270,17.45798333,14.61861271,21.58595753,22.38991213,9.736719507,14.21081479
38640,18.60708508,2.56087265,28.07374258,24.32001161,15.40661058,11.03167749
40124,33.30875959,12.1495444,12.93758599,12.05718183,18.35849336,11.18843483
21689,20.45720679,12.49858845,16.20132655,22.10617531,12.58465776,16.15204514
24484,18.46820716,12.44318683,24.59820452,23.1142904,7.033678272,14.34243281
30602,16.21415535,14.24251728,22.34633259,21.84754629,7.483245545,17.86620295
31395,18.14434593,17.46678157,19.08490359,21.85428988,11.62306574,11.82661328
13750,23.73804009,18.55551187,10.51062339,11.50329329,14.21128141,21.48124995
16650,21.09595542,13.46593645,13.38616872,17.28817472,16.81885573,17.94490897
29679,19.58647676,13.78596303,24.01470306,15.11417845,10.66877243,16.82990626
18646,19.53816108,9.303285216,15.58528858,20.68296512,17.24123639,17.64906361
34899,23.81620548,13.83431131,13.81501373,11.45171095,12.56985578,24.51290274
19788,20.48556638,15.50569463,14.72800488,18.84399268,15.29009996,15.14664147
31036,17.68167748,16.00365314,18.84536438,22.28137422,9.116099428,16.07183135
31224,17.62071509,14.69725333,17.56416641,19.1978317,12.59833446,18.32169902
33963,19.62127301,11.51130376,17.29042039,20.13360609,17.44234934,14.00104741
36682,20.87956675,12.2285115,20.11279183,19.12907309,10.52809778,17.12195905
31702,17.55788879,14.91386662,17.5770264,19.20207327,12.47396569,18.27517923
31517,17.33065369,16.22640813,17.86805755,21.9139691,9.968627008,16.69228451
19695,18.58963836,16.34133117,20.47171735,19.39743112,13.84955302,11.35032898
41633,19.89520138,13.65173133,13.42863898,15.84909505,14.81427082,22.36106243
6521,19.78496245,8.937363702,17.84144047,19.25014678,16.85624973,17.32983686
6924,19.78496245,8.937363702,17.84144047,19.25014678,16.85624973,17.32983686
513,18.05801634,18.56519702,13.69809211,16.71569218,19.51083665,13.45216571
7333,19.00297091,10.41358817,16.62507603,21.71948084,14.40392217,17.83496187
21020,16.74813115,17.34414086,16.54694182,21.56495993,16.75013362,11.04569262
17847,18.63502465,20.56200698,14.31777041,16.10131823,13.50097034,16.88290939
8106,15.80817411,11.50833117,18.85992852,21.30757897,12.18126065,20.33472658
10503,18.62831529,14.92815137,17.98579497,20.87612172,12.20007633,15.38154033
20293,16.92365912,10.63875117,15.76348514,22.09983907,18.83391089,15.74035462
20723,16.92365912,10.63875117,15.76348514,22.09983907,18.83391089,15.74035462
30860,18.61861821,13.10067451,21.13095024,19.54350287,8.375026577,19.23122759
11648,17.72009353,17.15605626,18.54434993,20.57771728,7.701551427,18.30023156
38965,14.73911865,10.41523938,19.25895912,21.8807406,15.77931983,17.9266224
39997,17.32599793,9.688125739,13.4266484,16.44595551,20.27943346,22.83383896
1672,16.2243494,13.03991325,20.46857882,22.79008009,14.86135697,12.61572146
19199,18.76014204,17.79842903,17.06762545,19.79541209,9.206015785,17.3723756
19851,16.60487358,15.46472242,15.98918641,14.73186439,19.48266475,17.72668845
40630,17.16449371,3.893320754,31.37262941,16.38031771,5.994709303,25.19452911
5060,17.50353099,17.96825244,13.20144234,16.79937147,19.29701454,15.23038824
38150,15.60647772,11.33865692,19.38716661,24.32994643,17.05571393,12.2820384
40826,18.78000452,17.91939213,14.70084588,16.64822063,15.69157015,16.25996668
12110,19.27390214,7.055611962,31.84832643,14.54914577,8.747573341,18.52544036
17183,25.6772516,14.88384749,13.84402882,13.93262577,9.504651634,22.15759468
17293,18.41944683,10.5099535,17.77666129,21.34647361,16.33810085,15.6093639
17661,18.41944683,10.5099535,17.77666129,21.34647361,16.33810085,15.6093639
19369,16.02797711,16.43111764,17.12197175,21.54157722,14.39840727,14.47894902
23588,24.0173212,4.756672291,23.46209019,23.22380598,10.92667041,13.61343992
29397,15.06671429,10.01233438,21.70014129,23.18223568,14.87639039,15.16218397
37400,20.40999325,13.27201192,13.60922857,17.07659822,17.76279674,17.86937131
38130,16.50081849,8.506059807,24.10499325,24.67252189,15.31820413,10.89740243
40871,18.77410094,11.6210897,16.28880496,20.81828147,23.21489831,9.282824628
5509,18.25784349,12.9692205,14.44723843,19.23999731,23.5243494,11.56135087
30858,18.13585735,15.17843535,23.94271415,20.09424133,9.552311405,13.09644042
29718,19.7250436,12.40603517,16.00751296,21.35749691,14.57903081,15.92488056
9862,15.16476711,12.00442549,17.39732912,21.58838034,18.34855148,15.49654646
12680,16.97599427,17.21505401,11.7869165,15.30398153,16.31305208,22.4050016
14525,17.04279169,14.69182328,15.62112493,19.08011733,20.99096956,12.57317321
16489,19.38053907,14.9936979,18.65814718,16.40732051,9.170406926,21.38988842
26962,20.58161823,14.09768913,19.7998423,15.13931877,10.46424909,19.91728248
10612,24.82713332,21.22017924,11.11175734,11.53593136,11.67728987,19.62770887
146,20.89886902,17.07868984,13.68164636,17.55775497,17.54922179,13.23381803
37887,17.69626341,14.56242719,15.41543453,18.85098498,18.44463327,15.03025662
39333,17.36596168,16.22561116,16.24961146,20.29967322,10.82079561,19.03834688
39573,17.13565563,15.89879287,12.92894702,17.75446609,19.74509563,16.53704275
20586,20.43879404,21.35457372,14.87135034,16.32480118,14.2265422,12.78393851
24292,21.41055532,11.39500748,14.40145805,18.60714776,15.49829086,18.68754052
27662,19.50701691,11.76933438,21.07181696,19.5555353,8.466407005,19.62988945
30357,18.15783643,7.061644032,20.99611242,22.32297931,14.83110917,16.63031864
30816,16.55580535,9.639788743,21.78715772,23.86096331,8.879523472,19.27676141
26128,19.27038434,14.33831486,17.88182225,19.20971249,9.704112546,19.59565352
26562,19.27038434,14.33831486,17.88182225,19.20971249,9.704112546,19.59565352
38473,16.84112808,15.53058435,17.80794695,22.1673237,17.16187528,10.49114163
38913,18.8273516,12.94744459,18.07857511,20.61754925,14.23903483,15.29004461
15118,18.7195193,15.10526932,13.00690633,14.80418222,14.97359184,23.39053099
16229,17.38312219,18.13565155,21.00728664,19.96823338,12.57915539,10.92655086
34309,22.31097964,16.71734251,17.54397783,21.91999261,15.06971697,6.43799044
22889,23.09369506,14.54360206,13.78406333,18.39106097,19.77600235,10.41157623
99,17.66158763,15.41160438,13.57795908,15.68786478,23.53907123,14.12191289
13512,15.62422382,15.92741496,14.74027727,18.76399046,18.8882191,16.0558744
21913,18.63121851,6.366405,21.33183065,26.08388964,21.28069255,6.305963643
30496,19.2842534,11.68496993,16.98432032,22.08991001,18.38420155,11.57234479
38055,19.0338642,14.37548474,15.48426031,18.35158594,14.95866012,17.79614468
4215,17.51126902,16.8296963,16.51614582,21.32596267,14.19101623,13.62590996
6253,18.9411724,11.36722115,20.67537493,24.98157068,13.3952215,10.63943935
36086,16.26214734,19.16374814,12.24837425,15.78451962,24.02252023,12.51869041
24481,16.39884451,17.12462041,16.46656879,21.17392326,11.566019,17.27002403
30420,17.0087551,13.15985032,21.24612688,18.70766802,12.71907266,17.15852703
22119,19.4613463,15.27117694,16.61779816,19.77480824,14.79144746,14.08342291
17684,15.83095503,11.74574987,20.2186789,24.43653486,17.87133574,9.896745601
11211,16.86113405,11.87744675,22.68574329,23.29789157,7.614706387,17.66307795
41090,21.06507003,16.30223467,14.72805997,19.83984013,20.67733635,7.387458861
30047,18.20393506,5.075058624,24.65003736,23.63969702,8.117175065,20.31409688
23106,19.89995605,16.38087454,16.43153466,19.84555621,8.653910765,18.78816778
10093,16.99887748,12.85542738,16.09055075,22.16313577,18.38379117,13.50821745
13557,19.67519044,19.36146492,10.79324284,12.40069906,20.08697567,17.68242707
31554,16.28476351,11.03548323,20.82481415,22.55688876,10.80408076,18.49396959
27423,18.03307179,17.13310282,19.6052549,18.28226984,9.403391814,17.54290883
29663,15.5700493,10.83314065,20.94897122,22.92024332,13.73539828,15.99219723
29974,18.2513069,16.95211475,11.90940974,15.90753384,16.98622119,19.99341357
1351,16.85061122,0.510286398,26.9277898,24.13620547,8.889532932,22.68557417
20035,16.75761477,13.5871345,19.31622698,22.02755528,11.72058902,16.59087946
20383,19.81770036,10.59451904,15.77175349,17.60698278,14.82959277,21.37945155
32424,17.78417278,17.41029377,16.65198077,21.01446528,13.5838056,13.55528181
32865,17.78417278,17.41029377,16.65198077,21.01446528,13.5838056,13.55528181
10468,17.36656709,15.83178688,16.14165662,19.95508874,14.64129413,16.06360653
13967,16.03337286,15.19709907,14.75754299,17.8406159,19.3646649,16.80670428
35167,22.65853937,25.1397109,13.54790193,15.84108326,13.97195312,8.840811412
502,16.50455772,14.08064084,13.49970512,19.72708385,15.00997365,21.1780388
3042,18.36338991,15.38001716,18.11986345,21.17193378,11.00737484,15.95742087
12172,18.65224019,13.19704692,20.3916979,18.1474814,9.437444222,20.17408936
20121,23.26987744,20.23464452,14.22294833,15.79344308,13.89101239,12.58807424
23835,23.12095624,15.47130307,13.2862596,17.91607537,19.16148276,11.04392296
2752,19.3952027,17.09116937,13.84596017,18.81463899,13.5720113,17.28101746
12756,18.06017766,11.9174325,17.24558381,20.9498258,10.23168608,21.59529415
35433,22.6215506,16.39124707,13.31557534,15.99121198,15.0887529,16.59166212
36651,16.08734558,14.99802225,19.03943163,21.94930933,10.92519275,17.00069846
15329,16.45728246,15.72870316,16.28183873,21.14439262,15.33137514,15.05640789
8558,21.84496694,10.62305564,17.93677938,22.41391305,8.731502085,18.44978291
23124,18.87386319,15.93353268,22.02853361,21.30576832,11.62189081,10.2364114
29615,17.55156811,14.03191292,15.58331685,20.58621014,14.45234262,17.79464937
36134,24.9324302,10.09395554,16.73448527,18.17740737,13.07317275,16.98854887
36558,16.62457503,16.58666643,13.03407633,17.57505863,18.09780371,18.08181988
30242,20.77052264,19.78369508,17.30025428,12.29246099,21.20258549,8.65048152
37424,19.25901694,17.4111908,17.43001246,19.50943726,9.231342148,17.15900039
7136,17.6180005,10.95671773,22.2675832,25.05608055,11.22861102,12.873007
2832,17.64444016,10.880999,16.37213803,19.20624268,14.99543407,20.90074605
3221,17.64444016,10.880999,16.37213803,19.20624268,14.99543407,20.90074605
10274,18.09549878,18.15304747,24.06465553,20.13107406,5.308725412,14.24699874
39922,18.04158459,14.50110486,17.52193539,21.27632267,10.02794861,18.63110388
40296,18.6359483,11.00012411,19.47212608,20.47964982,10.81257526,19.59957643
629,21.25652928,17.78211537,13.28283835,13.96686285,14.47847351,19.23318065
3924,18.94809168,13.75468632,24.47754398,14.91975712,6.363268149,21.53665276
20603,23.06938356,20.87995392,11.76161243,13.95529362,16.55818361,13.77557285
22028,22.85494453,13.45179622,16.726828,22.89417967,13.4284112,10.64384037
30275,18.2513069,16.95211475,11.90940974,15.90753384,16.98622119,19.99341357
34873,20.19976299,15.74915347,13.18116551,17.02939741,15.94656804,17.89395257
39510,18.49083373,19.16205881,16.74527813,22.98725084,14.26714059,8.347437894
39618,15.50874992,15.22953467,14.42342499,19.56900521,20.04582214,15.22346307
10599,17.58303794,16.50294219,23.28179346,17.60914671,11.80317676,13.21990295
38485,15.80935507,5.227546086,20.78901139,26.10327855,11.26591641,20.8048925
31073,16.11570717,10.88987248,20.78795032,22.78363083,11.1864403,18.23639891
1255,16.2570371,13.91166106,18.68813742,21.61467906,16.55841394,12.97007142
20024,18.04217592,14.29639408,15.28795091,17.06579867,14.50914233,20.79853809
13349,16.21224766,13.08116923,20.27860663,21.57503028,4.976424816,23.87652139
31426,20.81037086,13.01590001,20.53522813,23.60467479,10.68063366,11.35319255
31895,20.81037086,13.01590001,20.53522813,23.60467479,10.68063366,11.35319255
36011,23.52238458,18.9647501,16.52983758,14.57578169,21.61037817,4.796867889
30035,16.10144455,14.62621951,18.33960947,20.07554502,11.96818411,18.88899735
37442,18.68562607,13.70553964,14.40984348,16.94964094,14.58799391,21.66135596
35595,27.79270975,23.9031322,13.12889803,12.90662767,13.34203501,8.926597337
35393,16.58323091,15.31115524,13.12271104,15.72950621,18.33136233,20.92203427
20145,20.86372423,17.63249297,14.18071893,13.44100063,18.33438433,15.54767892
20601,20.86372423,17.63249297,14.18071893,13.44100063,18.33438433,15.54767892
21633,19.75257419,9.854954907,10.78011677,14.44703186,17.14175356,28.02356871
38465,16.99433856,13.3460945,15.82411447,20.51149016,14.20978747,19.11417483
38596,16.23448572,13.83656157,14.77921863,21.28741952,18.4820667,15.38024785
38881,19.5374658,17.17850876,14.5897285,18.82616494,12.39599392,17.47213808
9939,16.5092201,15.60670062,18.55128732,22.00842953,12.30043896,15.02392347
21174,17.41189027,12.42600767,18.77571682,23.28973216,16.67408764,11.42256544
22066,17.41189027,12.42600767,18.77571682,23.28973216,16.67408764,11.42256544
24805,19.42833576,11.45056057,29.05290718,24.01936884,11.45560578,4.593221859
30673,16.10717698,15.08740955,16.76465548,20.7835297,12.03984612,19.21738217
36017,20.86858686,22.79526145,13.4575871,15.29171554,16.29645283,11.29039621
2794,16.9617104,15.9467887,16.52853385,20.39239023,15.88957186,14.28100497
4708,18.50814127,19.08768474,12.96681743,15.19622025,17.68329043,16.55784589
39809,19.28327167,11.92805172,14.08393691,17.4275676,19.68500165,17.59217045
40216,15.93122286,14.48476569,14.317167,18.69703445,14.28720116,22.28260885
23378,17.35989036,14.09298364,14.67854713,19.36583397,15.97014534,18.53259955
12048,23.39584016,6.040564341,26.90320236,16.21726138,2.361057581,25.08207418
37816,17.62925255,10.92909787,16.43744582,20.28056798,15.5804879,19.14314788
39343,17.93543591,7.911484356,21.24058662,25.03638347,15.27334423,12.60276541
39408,16.99623716,13.40724739,20.00422116,22.43945768,14.56548011,12.58735649
39426,24.94161986,16.61921659,20.20480802,20.87201338,5.471628517,11.89071363
24070,20.68517039,9.863058685,24.53288625,19.74500225,13.69705556,11.47682688
16055,19.68784229,12.67883844,20.24229952,23.49436312,7.643697179,16.25295945
29262,15.66621972,14.02005404,21.98784851,15.30380144,14.57959168,18.44248461
10462,15.86508783,12.53159539,15.61242096,21.96340876,15.99078234,18.03670472
13833,20.2043073,22.3934764,11.87887521,14.17893314,12.95839516,18.38601279
23233,14.28271659,13.23989643,16.8853239,20.66843579,15.14698864,19.77663865
40429,20.48272342,15.45024842,19.21937897,23.36536861,9.875295025,11.60698555
22907,20.44850938,22.53469409,12.95762096,14.35635897,19.69551096,10.00730564
32016,18.25462465,15.87643668,12.87355483,17.14100382,17.80137728,18.05300274
32511,18.25462465,15.87643668,12.87355483,17.14100382,17.80137728,18.05300274
39859,16.4504312,16.55224667,13.75250592,17.51832551,18.48810571,17.238385
12133,17.70722067,8.147218364,24.24642768,19.5788869,8.144139643,22.17610675
14483,16.15982361,14.89266188,13.73073349,18.78443676,19.3196825,17.11266175
22712,18.24287619,13.86116194,19.13383037,22.13802243,12.31686399,14.30724509
23207,18.24287619,13.86116194,19.13383037,22.13802243,12.31686399,14.30724509
22192,20.93740829,16.02103591,14.40980243,17.99019751,18.91826003,11.72329583
25981,20.01717816,15.98593517,21.08023739,23.31100084,13.57028072,6.035367714
4190,16.48879879,13.14270793,22.68750719,19.77258206,9.944230304,17.96417373
6946,19.82122034,17.26410891,12.06893841,14.72556127,18.7790972,17.34107386
40863,18.47274383,17.61448293,15.67376982,19.11779478,14.29627289,14.82493575
41060,17.35721228,15.13786999,20.17228556,24.97656259,14.37312681,7.982942772
6255,16.99831397,7.190026483,25.15325638,23.98332434,10.90395185,15.77112698
11015,19.03170161,15.71788227,14.82265538,18.52363704,14.42007398,17.48404971
11429,19.03170161,15.71788227,14.82265538,18.52363704,14.42007398,17.48404971
15844,18.59288141,11.37064448,26.25796132,12.57591022,10.88875806,20.3138445
37267,17.61456827,13.67846272,13.67362644,17.54082591,17.14982027,20.34269639
41444,16.89882521,13.04358447,18.85731936,23.08984643,13.23885607,14.87156846
4693,18.72269554,14.45764536,25.30394331,16.39180456,9.887049556,15.23686167
20162,18.15314933,12.86867617,16.82699653,21.86351665,11.68651159,18.60114973
27911,14.88985732,6.437721574,19.70003035,24.73832305,14.10032022,20.13374749
28331,14.88985732,6.437721574,19.70003035,24.73832305,14.10032022,20.13374749
29637,20.11618924,3.554154294,22.35916419,24.67837527,11.56129031,17.73082669
35356,30.20662298,19.50450165,13.08032364,11.1290052,13.5721695,12.50737703
2938,19.37877703,15.27809425,15.20091755,15.2617426,16.0285378,18.85193076
36605,21.86238526,15.98350147,13.78603702,18.59559973,15.87094449,13.90153204
3576,15.03508831,14.84223682,12.74483191,15.33130868,21.26464214,20.78189214
6112,22.74905568,21.3567736,13.19527955,13.64102265,13.66105949,15.39680903
11099,18.29693249,9.369532564,19.82825059,22.44984566,13.42401719,16.63142151
31262,26.12102696,24.75820609,10.55059055,11.64559456,12.62770247,14.29687938
31737,26.12102696,24.75820609,10.55059055,11.64559456,12.62770247,14.29687938
11300,20.79757197,14.06226721,12.53273111,16.26824393,20.37155404,15.96763175
16659,16.80486933,12.39035531,18.94555607,22.10221396,17.17125248,12.58575285
20983,16.96076277,10.60513604,17.49217107,23.79535431,14.6693621,16.4772137
12560,16.38196559,16.95913748,17.39307094,20.57670093,9.18689385,19.50223122
22614,19.33473832,17.36816714,25.04888478,18.05476795,8.735856887,11.45758491
26070,17.4941793,13.12773784,19.44461687,21.9184197,16.19767309,11.8173732
26522,17.4941793,13.12773784,19.44461687,21.9184197,16.19767309,11.8173732
30110,16.42056425,8.524357266,17.83929208,25.00235759,18.55551453,13.65791429
30361,16.16416221,11.29473259,19.06159455,21.4050234,13.37969067,18.69479657
36263,17.36731837,10.98468042,18.6452224,18.87639728,14.65498684,19.4713947
38888,18.99578209,17.86561866,15.40978156,18.0837185,17.92081059,11.7242886
25730,19.3119869,16.30419744,28.27434235,20.97806185,7.807743736,7.323667733
33265,20.0062814,19.80340979,18.14212635,18.90704465,12.4364174,10.70472042
24688,18.88748355,11.10952389,16.38641016,21.1131654,12.09533712,20.40807988
4447,16.17803491,16.51249964,12.58394273,14.53924709,19.36459678,20.82167884
35078,18.32786831,21.69351254,13.07592028,15.12299159,20.01728024,11.76242704
36560,16.82391343,15.95636536,14.2732982,16.74202978,17.6883768,18.51601643
41480,17.92233796,16.86287407,19.31358386,23.14903258,11.65117674,11.1009948
24407,21.47357069,21.30868561,9.88181016,11.37292994,11.95437018,24.00863342
24151,15.80825756,13.81692672,16.7296106,20.40305528,16.47773865,16.76441119
29790,17.20829563,12.28613193,21.05872914,21.52806355,12.29836861,15.62041115
30155,15.02791482,11.04768457,20.73889885,24.46522164,11.01894862,17.70133149
18845,17.61919478,17.23926734,16.74114307,19.55093293,14.65344023,14.19602166
23169,16.28186397,4.844349774,17.48768818,20.49014897,22.65690645,18.23904266
4609,17.53326415,11.69910815,17.20640981,22.30625685,18.0213187,13.23364233
11293,17.8732735,10.98542804,19.12643345,24.6054006,8.171003796,19.23846061
12413,20.08587967,17.56854929,12.84939994,12.8417318,18.41899363,18.23544568
15094,29.08363238,18.62333208,12.82830977,11.54046248,6.192988351,21.73127494
24282,17.79758321,12.0434118,14.33159683,17.95308163,15.64424138,22.23008515
36724,17.82130914,18.90748586,16.67821382,20.00222925,10.54810546,16.04265648
4758,21.2998623,20.70634329,17.56972496,18.95250993,13.13230846,8.339251048
9791,20.02596158,9.638597543,24.10935407,16.79255697,16.84050478,12.59302506
20646,19.7802711,15.92717214,15.11360505,17.32130683,15.2273266,16.63031828
33277,21.9138718,6.208539949,21.24927282,21.60191321,11.91613484,17.11026738
36509,18.57879913,15.05387966,14.92012506,21.07673604,16.59164757,13.77881254
38613,18.92640223,13.93220537,13.67599911,17.81771629,15.15120491,20.49647209
3032,22.79233589,12.37220369,19.29285324,23.05305259,8.988335798,13.50121879
14012,22.65677659,16.51009886,11.50583933,11.92947619,15.14939392,22.2484151
14159,17.15462399,12.3193417,24.44120597,27.69357617,9.08978959,9.301462592
14189,14.72657507,8.889310462,20.5474444,27.03928219,16.33946391,12.45792397
19875,14.86422623,13.92690466,18.10780712,20.72880476,14.69633658,17.67592065
22379,18.29772138,18.05951395,14.35047771,18.81018445,18.59500703,11.88709548
40131,17.23160494,13.10596996,20.50227638,24.31617946,18.66285274,6.181116519
41485,19.23080606,5.526542758,19.47170985,18.95618701,17.38420737,19.43054696
14397,18.63020966,16.4653903,23.28854787,17.91456753,5.091491965,18.60979267
34897,18.94496687,16.08699111,12.99809508,15.59996841,21.44322958,14.92674895
3782,21.75196004,15.62092292,21.98197403,16.16617273,10.58347853,13.89549175
18850,16.9581643,6.282277686,17.59563322,24.25354985,19.12234971,15.78802524
2242,18.08153819,8.28614093,27.54869091,12.14342492,13.56638532,20.37381973
11739,21.45720872,15.67014242,19.34727311,16.48263688,6.815028421,20.22771044
12125,21.45720872,15.67014242,19.34727311,16.48263688,6.815028421,20.22771044
29014,18.44898476,16.50823644,14.22195253,18.56064138,15.65151371,16.60867118
41338,15.31246232,8.794896469,18.64821824,22.35001232,14.78254665,20.11186401
22519,14.80102896,14.72120656,15.27743776,20.51962931,16.20541986,18.47527755
27630,16.45159967,11.47431639,20.77692034,23.66735075,5.538673483,22.09113937
34101,20.00811076,18.41593804,17.41371069,20.74798848,15.05501468,8.359237351
41365,19.26218937,15.19632421,18.15675725,21.66883024,14.06890072,11.64699822
5667,22.58868044,14.77714073,19.87107759,23.06042749,13.18283165,6.519842099
15928,15.84730621,15.76921582,16.44119307,19.44671439,18.92403505,13.57153546
24142,18.52255339,15.8532411,14.4288581,18.14562046,15.79490393,17.25482302
36008,19.15406257,15.51512514,13.95408832,18.9812896,16.15272506,16.24270931
41201,20.63341334,14.10138499,20.6735025,20.01743952,14.16483694,10.40942271
35365,19.35808602,15.56899487,12.92963414,14.86696198,18.06094617,19.21537682
36572,17.78107343,12.63325583,17.02607522,20.01690606,12.41043468,20.13225478
40565,14.74104413,9.29963642,21.29859336,18.8896756,15.2574813,20.5135692
41399,16.22545295,12.42483681,17.37932307,16.42822393,16.42651457,21.11564867
7596,15.10814036,7.235091983,20.21865064,23.62115702,14.57236896,19.24459104
13467,17.80645566,10.25773536,14.38499407,16.02455948,20.22216204,21.30409337
16331,20.33059238,15.47737821,19.63404726,18.25756931,7.823696701,18.47671614
37871,17.12879469,15.51595712,16.55984551,20.315887,15.30660586,15.17290982
8168,20.04532733,12.29238656,14.60238243,19.64782811,21.94607819,11.46599737
37373,20.79259702,12.36033801,17.19564855,13.6578589,16.11501633,19.8785412
41143,15.31873204,10.64799742,17.45621771,23.23428285,17.66895528,15.67381472
3674,17.23515965,15.01860575,18.26055715,21.03654061,17.96234292,10.48679392
22001,19.4072665,18.70235798,15.47275797,18.07042805,15.85013235,12.49705716
23337,17.79704447,3.402802947,19.73625885,25.43864566,16.0964955,17.52875258
31413,20.90879928,10.34230941,14.03893804,19.28277,21.53179788,13.8953854
31884,20.90879928,10.34230941,14.03893804,19.28277,21.53179788,13.8953854
39379,20.53063735,17.30541428,15.76520962,16.04692757,14.84277105,15.50904013
2936,19.6855429,15.33062946,15.5836385,19.56387136,15.85221741,13.98410037
3809,18.39042821,19.27098376,13.6747354,16.36583465,15.9239599,16.37405809
20351,22.28204063,19.89366854,16.82071361,18.88981168,11.71384756,10.39991798
24514,18.06922071,12.98059421,16.23631377,22.2181182,17.61451393,12.88123918
38899,15.93696655,11.01311619,21.48205634,21.34014087,18.2146186,12.01310145
8242,16.91766579,9.212142751,19.99264423,22.86774344,12.52617014,18.48363364
13197,22.78374918,3.65385789,16.07365899,18.52749428,14.13828239,24.82295727
22737,15.74657199,14.05557726,15.90403456,19.98817403,15.7758525,18.52978965
11443,25.50163756,5.818179987,16.84331936,15.30515136,13.96111165,22.57060008
39071,20.31367121,16.97957399,13.79229627,14.44466366,16.66640974,17.80338512
1981,17.72164655,15.40045277,16.39774398,20.24512293,13.26391355,16.97112022
10238,18.42926992,16.46856879,16.01017526,21.40006804,15.73923677,11.95268122
10848,19.47665616,15.10984994,15.30643846,20.93705987,12.68938783,16.48060773
24439,24.16405267,19.28639004,12.42257877,14.1897212,18.52673575,11.41052158
2866,15.91429805,12.48609744,17.42359019,22.05156314,17.68585451,14.43859668
11392,23.03004598,10.12362991,22.85992547,23.26108725,8.830653211,11.89465818
26058,17.53311344,11.7428364,15.99753925,20.57075243,14.31776872,19.83798976
26509,17.53311344,11.7428364,15.99753925,20.57075243,14.31776872,19.83798976
40597,15.33120733,11.27048345,19.05104679,23.75352703,10.24687468,20.34686071
41011,20.26539872,17.91791731,15.38332564,19.45488641,14.06226293,12.91620899
23539,19.06933849,13.40126109,17.26284393,21.36137827,10.87116063,18.03401758
23558,16.66265207,14.08499784,21.63867914,25.47791178,11.34663527,10.78912389
32301,19.22241292,13.07053117,12.47927869,16.3714456,18.60036584,20.25596578
32773,19.22241292,13.07053117,12.47927869,16.3714456,18.60036584,20.25596578
33430,20.95446149,17.72465876,13.59532392,16.40535619,11.31843733,20.00176231
35210,21.47216284,21.50280885,12.8922049,14.40949906,13.41267002,16.31065433
12403,18.0462369,17.96675255,16.54823399,20.23071283,12.93737672,14.27068702
20510,17.61122122,13.28845175,15.15348725,19.24063007,16.17849998,18.52770973
40142,16.10598105,16.4335135,15.21376618,19.10797342,18.4246896,14.71407626
27058,20.15748379,10.00184587,24.57230153,17.32473861,6.002226695,21.94140351
5668,17.83072992,21.11351242,15.35024588,20.04778107,18.18478345,7.472947261
6077,17.83072992,21.11351242,15.35024588,20.04778107,18.18478345,7.472947261
19360,16.17334321,13.77424905,19.24859272,20.78363715,11.32757482,18.69260304
40934,19.06115036,14.48307714,15.3639404,15.77139606,16.32611879,18.99431725
41165,16.73237536,17.41589259,14.18306147,19.90760178,19.19488838,12.56618042
36363,24.49884127,23.25060759,11.32598336,11.08493257,19.80337706,10.03625816
40357,16.39636756,9.038254299,16.90251154,20.1218248,13.71509919,23.82594261
2595,18.5804204,15.84055826,16.70838774,22.85716712,13.97129035,12.04217613
13236,16.30774205,15.47894121,19.2703882,17.91065205,14.07992785,16.95234863
16052,18.93027961,15.18192262,12.05722235,14.76022193,17.18950941,21.88084407
285,19.03411382,21.90802648,12.69498848,14.52908175,18.77682661,13.05696287
7947,19.26562021,14.44032862,12.81570841,14.89684441,13.12902497,25.45247338
22834,18.33918535,17.30511126,16.79795639,19.06812929,11.755347,16.73427072
23320,18.33918535,17.30511126,16.79795639,19.06812929,11.755347,16.73427072
24048,18.77621385,13.0488458,11.97039767,15.09450053,20.80562491,20.30441723
36513,20.11033613,23.08328739,11.23707054,13.26129252,16.64848848,15.65952496
36823,21.00422087,14.21752677,18.49237219,18.44985724,11.03787777,16.79814516
2783,17.73086691,11.78556276,17.31646768,20.63817156,16.38788318,16.14104791
9652,18.95594291,17.12338052,15.56722937,20.5625175,13.14152816,14.64940154
18109,22.04925331,15.52793523,14.28791077,18.95739642,19.53759635,9.639907916
33759,16.71977741,13.2051165,15.6065842,20.2452812,16.08559639,18.1376443
9836,17.87994451,16.59826511,13.00259241,17.09266494,17.99011652,17.4364165
33423,20.74868527,13.75558879,20.41066757,22.67985886,13.7213864,8.683813105
5620,19.92090648,17.90067895,15.80992469,19.06225769,15.20301045,12.10322175
20094,15.12453751,7.353412868,19.4717558,22.19934421,14.90408284,20.94686678
38505,17.6592151,11.27620002,17.24378196,22.261065,15.90130928,15.65842864
7273,15.80149604,14.60736885,13.17402335,17.91698276,20.2748647,18.22526431
19768,17.55353788,12.09943677,17.51034382,22.53678382,15.27955957,15.02033814
26294,16.04432393,11.85616928,19.66909607,22.09817367,12.19422197,18.13801507
26732,16.04432393,11.85616928,19.66909607,22.09817367,12.19422197,18.13801507
35577,26.92380168,28.169402,12.56086947,10.10052607,12.68288613,9.562514657
1546,20.6212314,17.05347549,13.08771706,16.83286919,14.60383724,17.80086962
8990,17.78626612,16.69628116,12.73458931,16.73158278,18.16588928,17.88539135
9520,21.26706103,16.45077785,18.87966182,23.14164552,12.27135852,7.989495263
24757,16.61346392,8.515355796,18.37633482,24.02152926,16.69075604,15.78256016
16988,18.04320182,12.93083392,17.83917868,21.23842585,11.29800615,18.65035358
17406,18.04320182,12.93083392,17.83917868,21.23842585,11.29800615,18.65035358
25377,19.29447796,11.06101958,24.64062761,17.06028095,3.627895481,24.31569841
3203,17.06755856,16.16970257,17.34426891,18.86510583,15.071202,15.48216214
11051,22.08522073,16.29350018,13.54735713,17.16937381,11.9028773,19.00167085
35793,20.37749386,14.05996235,14.58579504,13.40441763,18.90659817,18.66573296
2665,16.2483012,12.74207286,19.03571605,18.68995596,14.32416004,18.95979389
9111,18.77238364,12.22335791,19.70464671,25.5982052,15.3033478,8.398058743
30451,15.48734214,12.11518132,20.22730596,22.43232286,14.93782297,14.80002475
19528,18.70980785,15.11521386,13.65389016,17.67174919,22.8705064,11.97883254
20048,21.34382433,7.59891734,16.91451126,21.42140981,25.42715283,7.294184439
39644,16.87695766,15.69261781,13.89587434,18.7506322,20.1228562,14.66106179
12302,16.15366582,7.58238429,20.32852267,19.14264224,19.08937157,17.7034134
36726,20.22347745,22.35857493,13.40347891,10.99183675,12.02876993,20.99386202
7689,16.22850734,4.870623187,24.2616113,22.53869495,13.54009546,18.56046775
17729,22.85056788,11.24291211,19.16494324,16.22876488,4.732157233,25.78065465
13248,17.78174749,19.5710298,12.61543282,15.95298129,18.50890262,15.56990597
13743,17.75007661,14.37531291,22.42985165,26.30005862,10.35769696,8.787003249
19029,15.40376177,14.34823976,16.74009443,22.32386114,15.78146787,15.40257503
39400,19.97758578,18.20524955,19.9703158,20.70740976,13.27439749,7.865041618
13316,15.92004439,12.46698143,15.74763408,20.97002795,24.16900258,10.72630957
16885,14.60511293,14.14769032,18.99240915,21.3751162,17.49666452,13.38300689
27554,16.13985852,12.30074064,21.01523249,24.24792122,14.0987108,12.19753632
38377,19.14089676,11.83361794,17.32901953,18.98334871,14.74860099,17.96451607
3260,20.53570478,20.3544033,11.54455976,11.46562672,12.90609892,23.19360651
13243,16.84903234,17.50633636,15.46129111,19.26028601,12.03659147,18.88646271
30618,27.48915036,14.43525438,14.26959335,16.15212355,15.82586327,11.82801509
23693,16.2036933,13.10355012,15.82665049,20.40317381,16.02249052,18.44044176
2841,14.24907569,11.25521718,16.38290184,20.50249085,20.80042851,16.80988594
8301,17.45360326,13.28765146,21.67824169,23.82773816,13.49740022,10.25536521
23510,15.2547448,10.16739689,18.91217053,24.43666584,13.39802673,17.83099521
30852,16.15942249,14.83330725,16.71733658,18.82198319,14.26462765,19.20332285
31090,18.48222985,12.04505972,23.3989306,20.6751682,11.52840659,13.87020504
31569,18.48222985,12.04505972,23.3989306,20.6751682,11.52840659,13.87020504
14417,20.60712942,15.61433516,22.2757135,13.88321014,7.442937237,20.17667454
15217,20.60712942,15.61433516,22.2757135,13.88321014,7.442937237,20.17667454
41573,17.40021784,14.93839467,13.33427033,17.41965626,19.44217399,17.4652869
8141,17.75335732,18.22478506,16.44524811,20.38177074,19.59114898,7.603689799
10106,17.47446616,13.79232374,22.42416936,19.03372662,15.84539479,11.42991934
29719,16.42056425,8.524357266,17.83929208,25.00235759,18.55551453,13.65791429
30124,55.11137885,0.979282543,25.14358915,14.13122182,4.246554144,0.38797349
20619,17.04491391,13.44194521,16.04694086,22.18505452,12.08443248,19.19671302
25361,20.0424836,10.42290473,25.51364621,13.27152276,9.13819144,21.61125126
30121,19.85721198,10.98966306,26.40586437,15.6783037,9.676108856,17.39284805
6262,18.40028942,16.50355659,23.24743897,17.23298139,6.931231344,17.68450228
6697,18.40028942,16.50355659,23.24743897,17.23298139,6.931231344,17.68450228
8979,18.08869135,17.96282139,23.48252962,17.65511499,8.344332412,14.46651024
13134,16.17451645,16.15121952,17.01605042,21.33270033,16.21556985,13.10994343
19128,16.48936155,12.43585498,21.12397768,23.88221229,14.73420683,11.33438667
23017,21.04600212,21.60302488,15.74020515,16.23855696,13.25972058,12.11249032
23462,21.04600212,21.60302488,15.74020515,16.23855696,13.25972058,12.11249032
33673,18.39696826,15.47351683,14.14345812,19.95718419,19.47336178,12.55551082
41324,17.06337312,14.82456673,16.08805919,21.28699066,16.14164944,14.59536086
6026,18.59828991,16.84979425,15.33362913,18.75023124,16.10795929,14.36009618
8721,19.83534555,17.0725593,18.98734362,22.67924042,11.67016895,9.755342165
8805,20.58418714,13.88400754,13.37543117,15.13206364,12.19972215,24.82458836
11564,21.05257845,17.73221256,16.81708583,18.15179253,11.35845321,14.88787743
11935,19.41908288,13.84525526,20.93060889,23.26248971,12.63799958,9.904563676
38860,17.31302832,16.76925871,12.48134047,15.63202841,17.24828269,20.55606141
35377,19.81684008,19.58398088,12.55027735,12.93939333,16.84202424,18.26748412
20198,16.60139062,11.20854514,19.11942242,22.83513594,12.57105279,17.66445307
23368,17.5636519,13.16504648,19.38052422,21.94791891,16.14850282,11.79435566
39645,17.82579155,16.59124776,15.24921967,20.51736643,17.62134704,12.19502755
16571,20.81189029,11.6786126,19.86598097,24.1212013,13.45327193,10.06904291
35021,21.31354379,24.4795794,12.52332916,12.45870348,11.21773417,18.00711
5663,18.33575014,15.69332543,13.50442489,18.54431295,17.28028002,16.64190656
20397,17.39230958,17.12500309,15.37314365,18.19039678,17.15313539,14.76601152
23006,18.75602081,17.15390553,17.47262565,21.24967124,12.85979009,12.50798666
24372,15.9634247,13.89022947,17.63068942,21.31659306,15.87941608,15.31964727
17956,20.27516031,12.6463487,21.87245141,19.44988113,10.74562365,15.0105348
27360,23.9128822,14.16498563,19.32100326,21.25627187,9.067136128,12.27772091
34944,20.72774938,21.27593086,12.51798142,16.43420099,16.85339766,12.19073967
36177,21.49614206,5.246523635,24.64287011,20.38707712,7.995035153,20.23235192
40062,20.68504287,16.57186295,17.54006875,22.18119902,12.44250866,10.57931775
9014,18.39319134,17.05269219,19.53525099,23.42532734,12.40712413,9.186414019
9870,18.39319134,17.05269219,19.53525099,23.42532734,12.40712413,9.186414019
13040,16.52064196,14.10628543,16.82514369,20.90129877,13.74397848,17.90265167
19642,14.44604621,11.24941321,21.8588838,23.50877654,8.735757368,20.20112288
19703,17.13432512,14.40801508,19.16758932,21.09216359,14.78960164,13.40830525
32281,17.29937395,16.54891991,13.93660306,16.84167092,15.30563365,20.06779851
32739,17.29937395,16.54891991,13.93660306,16.84167092,15.30563365,20.06779851
3025,17.24828767,6.743478647,24.46839012,25.65147134,13.22848281,12.65988941
9222,17.16474659,14.88549261,23.7056048,19.3040345,11.84741301,13.0927085
9622,17.16474659,14.88549261,23.7056048,19.3040345,11.84741301,13.0927085
11301,18.9903425,14.61438067,16.31779995,20.58469764,18.21157055,11.28120868
24995,18.84150321,11.04521167,16.2803535,21.54765778,18.97668132,13.30859253
25291,18.84150321,11.04521167,16.2803535,21.54765778,18.97668132,13.30859253
15193,17.53650651,16.74165567,22.06382158,20.59628462,5.537997738,17.52373388
39914,21.79529095,20.21516598,10.04817228,11.448555,18.34759112,18.14522467
40378,20.97630582,12.97113884,16.63583949,19.5903376,10.66180796,19.1645703
41430,18.09878709,13.73179481,17.96228742,21.86721356,15.27204717,13.06786995
2709,18.20788238,12.32914373,16.29407041,18.32824561,16.08011491,18.76054296
3512,18.0981036,15.6942972,23.31911928,18.09732977,6.301262023,18.48988812
30099,19.38428053,16.0191479,12.78099866,16.06118438,11.66993174,24.0844568
1038,20.21108346,9.858876966,24.29159252,26.1783154,8.646553461,10.8135782
34569,19.88046281,17.97117659,13.8869421,19.30197622,16.34128952,12.61815275
40052,22.81953166,14.27606851,16.57226239,20.49892026,15.00894228,10.8242749
10457,17.80230879,13.4657445,21.74961129,18.15617619,11.54027379,17.28588544
10743,15.85434507,12.52892067,17.73631337,22.68818526,15.97389202,15.21834361
33478,21.07158056,8.491268423,28.00175638,26.7765745,6.504800705,9.154019433
20915,16.59388096,15.5390398,21.68618356,17.8221014,10.16483194,18.19396235
31369,17.58662399,7.565476808,11.86249169,15.91502528,22.56421986,24.50616239
37306,27.60442627,19.76895873,14.20570133,13.60856287,7.837086806,16.975264
4397,18.38650525,16.4052493,22.17580047,18.94165202,5.668288399,18.42250456
10813,21.54960155,13.49885095,14.59192833,18.40483955,20.22767447,11.72710515
20347,17.91277075,16.62184457,12.05281147,16.53319148,19.90307878,16.97630295
28985,16.61722033,10.22291223,21.47463076,23.36834476,12.39192137,15.92497055
35237,21.30969631,12.61460219,12.49903848,16.79836837,19.34956361,17.42873104
8880,22.17260791,16.02661178,15.49771664,19.44055338,12.33352861,14.52898168
11451,17.93927625,6.717383876,21.98497358,23.26529335,15.08519372,15.00787922
11927,26.93149709,20.87902792,12.60135044,12.05795123,15.06333621,12.46683711
12311,26.93149709,20.87902792,12.60135044,12.05795123,15.06333621,12.46683711
21155,17.65827236,11.22054295,18.75863353,21.90954289,17.01521531,13.43779296
210,21.06426794,25.90244334,12.42143934,13.04414926,11.62214207,15.94555805
22577,18.16395222,11.42556103,17.96218581,23.39019272,12.56262709,16.49548113
18862,18.83016882,19.77723757,15.27649134,18.35122874,16.65814672,11.1067268
28245,17.65228456,11.36601844,27.21000024,15.75550638,11.14834812,16.86784226
28649,17.65228456,11.36601844,27.21000024,15.75550638,11.14834812,16.86784226
13552,16.18165157,11.91390475,22.05411989,24.20698252,11.81170829,13.83163298
13997,16.18165157,11.91390475,22.05411989,24.20698252,11.81170829,13.83163298
17850,18.18338323,17.52290134,19.94959494,22.53347472,10.63866911,11.17197666
5875,16.13694592,11.38275116,17.80675578,21.85014541,15.27129121,17.55211053
7163,18.83214955,14.3619281,15.13625702,20.92190727,16.39243364,14.35532442
21549,17.06522789,17.49958946,17.88843847,19.82581538,8.051080752,19.66984806
34178,21.65427886,8.976102737,27.80378923,25.81709712,8.650369287,7.098362769
10981,16.79241328,15.42103334,19.40272014,23.6097021,16.43339325,8.340737881
19791,19.65699127,21.39351742,13.32026509,13.99328253,14.68660177,16.94934192
33000,19.52763389,8.143398283,28.75157581,24.67852176,10.50061751,8.398252747
36138,18.4329044,12.65606919,18.76428084,23.50964629,17.35173717,9.285362118
38455,22.45681743,9.668145127,16.32059127,19.63563708,11.78431657,20.13449253
39160,17.85102911,13.00891183,18.00888409,23.51194934,12.353923,15.26530263
31838,17.51168304,7.888354279,11.79645362,15.79897055,22.51846176,24.48607676
33910,20.18486059,9.033372052,30.33105859,24.1262943,7.765325276,8.559089192
36018,18.09843518,11.48604069,16.6761327,20.39861366,14.44704354,18.89373423
5567,16.45675134,11.85907422,18.30905062,22.37609932,14.90007266,16.09895185
5995,16.45675134,11.85907422,18.30905062,22.37609932,14.90007266,16.09895185
23244,17.3653075,10.52228808,18.93793135,23.27821519,14.3893666,15.50689129
26104,22.24763592,19.1646251,9.74224547,13.18758694,16.25197048,19.4059361
26536,22.24763592,19.1646251,9.74224547,13.18758694,16.25197048,19.4059361
7391,19.30628297,16.85263971,23.70119,15.89221436,6.36646388,17.88120907
4122,18.97269621,17.83752326,16.23419143,21.28796508,16.07759947,9.590024543
20417,17.05706377,6.64952674,24.03705559,30.04350824,15.96961736,6.243228298
40821,16.57736225,15.80234836,17.29871442,19.34389416,15.47083312,15.5068477
10288,18.1156111,16.95626688,21.91724277,18.4486702,7.609174116,16.95303493
9401,18.48586684,17.76201692,24.7825613,18.02014996,10.79632933,10.15307565
37905,15.324054,12.65410311,14.80881777,19.20388171,17.19695379,20.81218961
39165,20.14843568,17.93818082,13.19564812,13.15494463,16.115061,19.44772975
5372,15.73542197,14.65620335,14.7935033,19.22597815,17.09961402,18.48927921
5827,15.73542197,14.65620335,14.7935033,19.22597815,17.09961402,18.48927921
8783,24.20639826,12.35053023,18.04111036,20.33245688,13.85303132,11.21647296
39295,17.00496475,7.720203443,17.16741877,22.33392203,17.53751881,18.2359722
40403,17.8478552,17.92890055,14.70505031,19.63621135,16.39316639,13.4888162
2914,17.56225022,15.20038418,14.20302795,19.92891437,17.96348983,15.14193344
16456,15.18117083,14.51331055,15.82661274,21.14734845,19.2294545,14.10210292
23940,17.27291768,17.12133123,15.17261476,20.40198389,15.77842967,14.25272276
39482,15.00630343,8.145807813,22.57809223,20.91306604,19.46627033,13.89046017
41064,18.17998223,17.51879568,13.52765219,17.89336385,19.62423172,13.25597433
13712,36.2490686,13.7480478,15.4936273,11.89490118,7.03989413,15.57446099
20223,17.66378276,8.940197766,19.93424376,25.03113891,13.19470037,15.23593643
20678,17.66378276,8.940197766,19.93424376,25.03113891,13.19470037,15.23593643
25038,19.98259623,11.88483622,19.30478671,23.39797497,15.07372414,10.35608173
37227,17.82688071,16.17606597,19.71569605,17.8567799,15.99818752,12.42638984
39928,17.94828777,15.39580038,15.08887346,18.07094262,17.41091997,16.08517579
16050,18.63099418,11.94790604,18.03231567,21.03575066,12.39975389,17.95327955
23092,21.90977562,21.03141646,12.80270468,15.92452822,13.19668865,15.13488637
23947,16.92681374,16.82385393,15.20201347,19.64873346,16.90045399,14.49813141
37987,19.73610839,9.830333643,13.80956046,17.65204631,21.57893357,17.39301763
38066,19.20519067,21.27691578,12.58216973,14.91478074,18.35430058,13.66664248
11812,18.29312267,10.27569779,19.82567303,18.77123458,10.7877355,22.04653642
16432,18.45780012,16.3256151,16.08442621,20.25815945,15.47295143,13.40104769
16851,18.45780012,16.3256151,16.08442621,20.25815945,15.47295143,13.40104769
32915,19.71238373,13.07004932,25.59011162,20.76309489,9.801304126,11.06305631
41483,16.50998715,12.56464492,21.02261892,26.49356471,15.77909653,7.630087767
14052,16.85212855,18.69100329,13.80001103,14.23541578,18.12502034,18.29642101
23246,17.52107111,7.893256809,19.31691312,24.5755372,7.139206672,23.55401509
29524,14.37367061,11.03121798,19.57557488,22.93970548,15.36508319,16.71474786
36422,16.94184915,8.381295298,21.1441136,22.93494774,12.5236172,18.07417701
38393,20.98076167,17.33044166,12.700907,15.40811636,16.11191813,17.46785517
2726,17.71234676,18.71255686,12.59009884,14.93291886,15.81737162,20.23470705
10122,19.8175195,18.96799572,18.21092022,22.56204331,12.99865236,7.442868895
12400,21.2154595,10.78106758,24.25620496,24.76608377,4.451238319,14.52994588
15259,19.21098747,14.34785289,20.75518241,22.60301089,8.40755453,14.67541182
15419,18.58538299,16.87974323,20.94323569,21.19690065,8.907117245,13.4876202
21821,18.42030123,16.14821492,13.09205556,17.72771131,17.51575007,17.09596691
24236,17.14994064,15.26264554,14.93620971,20.38346756,15.32298911,16.94474744
36501,19.31152453,14.4744185,13.91220675,17.92361281,18.06983745,16.30839995
3617,20.97551479,13.39164979,20.3534989,22.85405368,5.827767634,16.5975152
4033,20.97551479,13.39164979,20.3534989,22.85405368,5.827767634,16.5975152
10098,19.31064711,14.05016851,24.35593268,13.39576075,15.28217592,13.60531503
7807,18.91385313,14.02593518,22.01482163,23.70062355,12.80503983,8.53972669
15512,17.60936419,12.34309754,16.03718247,19.1999085,16.90876215,17.90168516
427,18.98095805,18.34539815,12.41710182,12.96956801,17.14841622,20.13855776
14802,15.77887574,13.47650644,22.25634849,22.95388549,10.22514525,15.3092386
24620,20.09897082,9.081906355,27.39416987,14.12705469,6.702952537,22.59494573
27010,19.66936498,11.1633117,21.28918699,27.26027696,9.395640819,11.22221854
37223,19.08957707,11.53129574,19.89888538,23.49789784,11.82046664,14.16187733
31375,19.23107329,15.57842076,12.50945758,16.90515815,16.55793334,19.21795687
31843,19.23107329,15.57842076,12.50945758,16.90515815,16.55793334,19.21795687
40654,16.96360872,15.79836556,15.56841901,20.41872292,14.08887401,17.16200979
2497,17.79323391,16.21943768,13.75105101,16.99433825,21.04444191,14.19749723
13567,18.5454206,13.65866693,15.20979616,19.75773337,13.31876036,19.50962258
1597,15.53565891,9.993019676,21.30431153,26.85797604,13.44090616,12.86812769
26222,17.59195468,18.14944546,12.35539923,16.48919508,14.81721478,20.59679077
26658,17.59195468,18.14944546,12.35539923,16.48919508,14.81721478,20.59679077
37177,23.85454664,26.52130679,14.92607549,11.33344842,10.58314891,12.78147376
13834,17.65262377,13.88573344,18.13422725,21.51886855,11.47836178,17.33018521
14275,17.65262377,13.88573344,18.13422725,21.51886855,11.47836178,17.33018521
23103,17.70370915,5.410533776,24.91677838,25.55513744,11.01615418,15.39768707
23537,17.70370915,5.410533776,24.91677838,25.55513744,11.01615418,15.39768707
37647,18.75658649,15.0304955,16.15978965,14.91898526,12.80502856,22.32911453
2197,18.21232451,18.51023223,21.91211611,16.84208489,14.02192026,10.501322
22385,16.43546722,14.76229372,21.51477955,20.36444498,7.755420969,19.16759356
26345,20.5716966,10.37413574,21.35594877,24.12064551,11.90546936,11.67210403
26762,20.5716966,10.37413574,21.35594877,24.12064551,11.90546936,11.67210403
6714,18.45321696,9.780106971,25.64695468,19.00537366,7.092785889,20.02156184
26307,19.83441976,12.90424711,14.55785206,18.97793289,17.93243336,15.79311482
26738,19.83441976,12.90424711,14.55785206,18.97793289,17.93243336,15.79311482
34251,15.25982786,14.84051393,13.66099206,17.91262976,21.43733398,16.88870241
39581,20.55391094,16.50865244,13.35798033,15.53664784,18.00601927,16.03678917
133,22.91498567,21.10234175,12.32346624,9.884802361,9.642121454,24.13228253
21915,16.22084853,13.19973356,17.62673048,21.24770573,17.73659658,13.96838512
39235,29.49688018,27.2614863,10.95832464,9.657239888,13.00842909,9.617639897
35702,32.14226295,17.74960131,12.28213547,7.551641773,6.027923514,24.24643498
5129,16.80995468,12.0255689,19.24552484,24.090535,17.87420596,9.954210622
5463,22.76873706,13.7466031,12.36273999,16.07446255,14.82649945,20.22095785
11217,20.81153294,16.24531151,11.13746308,11.58967389,17.55046705,22.66555153
12752,19.82941742,12.31273187,16.51954576,19.07755379,14.54542434,17.71532681
16025,15.9530584,13.68548653,16.72684921,20.13246429,14.55769161,18.94444996
19335,18.96430275,14.94127274,18.63836857,21.8226712,7.060735898,18.57264885
15382,16.59830868,15.38205198,13.20365792,15.20109281,17.29708632,22.31780229
38368,20.34104911,15.67265453,16.87471724,22.36816307,14.97579539,9.767620662
9829,18.59746125,17.78125545,21.33468855,19.39081247,9.393596811,13.50218546
40769,19.37841059,14.35268129,16.96598831,19.81425065,15.21920187,14.2694673
41702,16.47638024,4.779682513,24.50140277,28.90726005,19.34664976,5.988624662
35662,25.25593047,23.62389638,12.26872059,11.36201845,12.37281036,15.11662376
19555,18.90007242,15.2505178,14.20713722,19.96632058,18.52836484,13.14758715
41590,17.16721634,16.70725978,12.36394564,17.29359358,18.24812297,18.2198617
37674,25.42922013,20.28158511,10.43232123,9.936872732,9.300041043,24.61995976
8645,24.46405557,6.71167108,18.53608333,17.41007732,16.40760616,16.47050655
18169,19.79424358,15.89331198,18.17408566,22.11591294,12.71117402,11.31127182
31126,19.07932786,17.08380936,19.08761009,22.85270029,13.51158718,8.384965218
31608,19.07932786,17.08380936,19.08761009,22.85270029,13.51158718,8.384965218
36329,16.18408972,16.93953161,12.86269584,15.3147011,19.41002415,19.28895759
36368,17.02937645,15.34802665,11.88059347,16.49868556,19.67861082,19.56470706
38117,17.29572216,16.29749703,10.07546941,13.33013353,20.15250938,22.84866849
11137,18.09947301,10.02559341,16.52677177,19.26224934,14.34025651,21.74565596
18350,17.89573362,17.45139705,17.81420744,19.47620575,10.00413387,17.35832229
19370,16.68053459,16.45833371,19.03705043,20.40267843,14.26184492,13.15955792
22894,17.95032439,12.96908709,16.96818222,21.61377457,18.69403273,11.804599
28873,16.72190056,8.269414798,19.78856419,18.34913016,14.50197096,22.36901933
33254,23.67709434,10.63596768,27.86375472,24.40223668,7.404275944,6.016670641
33857,17.9785075,12.68400555,24.83638915,19.50904028,11.24769018,13.74436734
220,21.0206645,18.82485576,12.25610721,13.54209874,15.28132926,19.07494452
20861,20.59275349,13.16050922,13.69147816,16.14510917,12.39098961,24.01916035
23214,20.39143468,12.15286913,22.41523705,18.91067457,7.76467446,18.3651101
31158,20.958447,13.42457902,15.93478214,19.70600334,15.45867044,14.51751807
32096,18.75986463,7.742744882,25.85720581,21.99797457,5.256082324,20.38612778
32582,18.75986463,7.742744882,25.85720581,21.99797457,5.256082324,20.38612778
37677,17.62482648,11.25953246,17.21969259,19.54128905,12.61149681,21.74316261
2211,17.67738203,17.33480338,14.61080705,19.57055777,16.88221605,13.92423373
10895,18.20220763,13.60555302,15.65531171,19.95526493,19.74556651,12.8360962
13930,15.3791976,6.944977474,17.22632242,17.42820985,19.65882292,23.36246974
38129,18.94153256,9.265699813,27.72459126,21.74456334,8.951164506,13.37244852
37450,19.56317605,20.00219405,15.5649488,17.66224371,17.46508294,9.74235445
39372,20.94655509,24.91171144,9.779063006,8.26144444,16.18626123,19.91496479
34915,19.03425607,17.96314323,12.24480908,14.42023729,17.39370943,18.9438449
8605,16.74668328,3.96211396,20.828865,23.1438768,18.05309706,17.26536389
483,19.07880928,20.63085489,12.24311604,9.924036165,17.96496712,20.15821651
6687,17.01826973,4.299576139,27.29782209,26.70813665,7.320793859,17.35540152
8193,21.14934947,13.6368403,17.96867208,22.33048034,15.89538254,9.019275275
17708,14.99735511,6.437257106,19.77506954,18.19813061,18.06988953,22.52229811
17991,19.35031365,10.01942047,24.07135626,14.30478689,14.22802035,18.02610239
3315,19.08957267,18.0053911,13.76725174,19.44245358,18.02297749,11.67235342
22746,23.41822477,18.83857798,13.27440334,14.98066954,16.39455122,13.09357315
37519,17.48769874,15.63223275,14.98696549,18.16334372,21.17644582,12.55331348
39963,17.87634065,17.73068736,13.9137465,15.35152727,23.08658001,12.0411182
14849,19.08358097,16.71623545,14.70664289,16.19141698,15.27880746,18.02331626
29634,15.53226838,10.96449956,17.15288305,21.65336737,17.14283635,17.55414529
40091,22.46497426,19.04432928,11.64337874,13.1055745,13.14916121,20.59258201
13031,16.60262758,13.20009227,21.2970154,19.85622622,14.11118101,14.93285752
39241,19.59213413,14.65998976,17.05505838,20.8723588,14.01376187,13.80669707
12855,19.03314311,15.99771244,15.98361019,20.91308613,13.85141822,14.22102991
26769,20.44498106,3.693323774,26.76467388,31.8858805,3.830167956,13.38097284
8362,26.0182944,9.887393384,19.71428957,21.64807326,14.19130049,8.540648899
10621,29.34205208,23.10408388,10.11591844,10.86389986,17.43893898,9.135106757
1904,19.31853715,15.05000292,11.47843591,15.85701042,21.21517203,17.08084157
4143,18.61839798,7.043619585,20.13297278,23.80882835,13.23974908,17.15643223
11719,16.97503502,16.01105163,17.67086775,20.23672495,19.43897662,9.667344027
11914,20.68126083,15.10991679,21.53145251,22.829808,8.289919819,11.55764204
11952,16.59573162,13.23574006,14.65265078,18.97068194,17.81378004,18.73141557
12291,20.68126083,15.10991679,21.53145251,22.829808,8.289919819,11.55764204
12865,16.59573162,13.23574006,14.65265078,18.97068194,17.81378004,18.73141557
11537,20.32783298,9.725935374,23.60008994,24.87523844,9.36287789,12.10802537
31581,16.63404518,14.54951735,14.17849294,19.16111481,17.67447084,17.80235889
9121,17.82208427,9.816677531,24.44171957,25.03192877,15.62817266,7.2594172
9542,17.82208427,9.816677531,24.44171957,25.03192877,15.62817266,7.2594172
11243,16.1703774,13.86375655,14.84880831,18.44788658,15.56839364,21.10077751
23697,24.52271816,22.8643105,13.00349716,13.76959047,15.92457909,9.915304621
29092,16.77068937,14.60771431,15.22842078,18.75283553,19.63450622,15.0058338
38968,21.74077845,12.37636535,19.22670916,25.96859972,17.63778472,3.049762604
15980,17.93286229,14.7782276,12.85731951,17.0463659,21.47681842,15.90840628
20896,23.13108161,16.83396275,19.0987313,17.99226015,17.85695568,5.087008514
14745,17.60348989,18.24304678,12.19671393,17.02738054,18.88137416,16.0479947
38300,16.05132259,14.85496077,13.20761608,17.03618507,19.27907036,19.57084512
41307,15.73809001,12.69694113,15.69366214,19.61202288,14.53485922,21.72442463
3034,18.84552085,11.96364861,16.09800909,22.07401175,21.53950687,9.479302837
6863,19.1727934,16.61327412,21.42073545,20.60435483,11.27460347,10.91423873
26657,16.06181978,9.25586701,16.21295731,21.98716557,22.09289709,14.38929324
29133,19.03420757,14.25213176,19.87122271,19.37547118,7.087767909,20.37919888
33228,20.37673945,15.48301013,16.07536314,20.80162276,16.08823283,11.1750317
16868,19.38511878,16.94342986,13.9297603,17.89379827,17.90376005,13.94413274
35398,18.70666182,15.33856012,12.17536368,15.27732408,14.59422872,23.90786158
6533,17.22851663,11.96716253,25.08993348,17.47724572,8.286722079,19.95041956
14370,15.3306323,13.86739631,19.39554822,22.5359895,11.0785101,17.79192357
4908,16.1861166,14.88062485,19.72082144,18.57633088,11.57162409,19.06448214
20226,17.45983479,14.46930273,15.89602338,18.59662502,17.597832,15.98038207
29323,23.81195487,20.11559853,13.5236936,13.91981908,12.04880542,16.5801285
38795,16.5061185,12.08808047,17.71838942,19.15194271,15.02714675,19.50832215
4993,18.64249383,17.87791486,16.31446167,22.73030209,17.18651661,7.248310931
8234,16.98776006,3.577874307,19.3305244,23.3887459,16.58551297,20.12958237
13807,19.27355588,12.07130785,17.16644228,19.31718309,17.81095691,14.36055399
19709,18.03895146,15.40479065,15.747168,17.59714578,15.99370195,17.21824216
36967,16.0482122,11.12114153,18.82583949,16.55713976,12.90524706,24.54241996
36979,15.37277145,6.515899691,19.64805613,25.99475261,16.19398387,16.27453625
11386,19.40693192,17.27060652,11.2174969,11.74241009,18.78138658,21.58116799
12637,18.49493604,9.494513744,15.07509952,17.52352681,19.69910824,19.71281564
12941,18.00617368,13.25475289,17.57758983,20.13602297,11.0597905,19.96567012
9261,17.60243757,13.43761775,21.25545192,19.24897344,10.69987372,17.7556456
10860,19.648275,10.96673232,16.44204526,19.65820433,15.30837749,17.9763656
31286,17.23874106,13.80636033,15.65694779,18.80632057,16.31176327,18.17986698
3336,16.12228852,14.73726532,14.14969128,18.50397821,17.78074911,18.70602756
13170,20.94733101,17.38886539,15.45967668,18.28856716,8.460123106,19.45543667
18505,17.99327242,17.85857612,15.83604516,21.13150618,17.68437731,9.496222815
19727,14.90041592,11.15514463,14.74551755,20.55610594,20.76059817,17.88221778
27726,16.24154566,10.58334749,16.16155991,22.09325235,22.83509396,12.08520063
31758,17.31228371,14.36358805,14.87780611,18.77492004,15.88621787,18.78518422
35009,21.3595862,20.52155803,12.13399217,11.077703,11.16044166,23.74671893
31103,16.59184822,14.57602547,13.94368098,19.01052597,18.19634318,17.68157617
6048,20.72886661,8.319483441,17.25838982,22.71191092,15.54625044,15.43509877
11792,21.26583022,10.60646866,19.56829668,22.57225546,12.91300558,13.07414341
28546,18.3189189,4.051146113,27.51072093,17.83892671,9.091115944,23.18917141
32232,18.80319739,7.788530581,21.85429952,21.78563875,11.25865654,18.50967721
32709,18.80319739,7.788530581,21.85429952,21.78563875,11.25865654,18.50967721
40649,21.81005429,10.82006798,15.32477749,18.77622204,17.30958009,15.95929811
1789,17.28634176,15.35906333,16.37878468,16.73254699,14.0699049,20.17335834
37958,17.00516823,15.91878829,16.63489419,21.15855919,21.94955501,7.333035091
5446,20.12623732,19.69965925,15.01992789,16.63791064,18.51555811,10.0007068
10680,18.59442267,14.507512,13.17603095,17.23949762,17.6716243,18.81091246
23843,17.65929193,12.3321818,16.13990953,21.98236224,19.31213385,12.57412065
34202,21.9631704,5.402069938,21.59927688,22.20387503,11.83620986,16.9953979
7322,17.87906101,4.417113507,18.62223753,18.80369739,15.56141795,24.71647262
10604,19.26205743,10.18877013,16.38944776,20.35696328,15.426967,18.37579441
16630,17.2713812,16.88370119,13.12035975,18.04629519,22.02928659,12.64897609
37125,16.54467248,17.5208683,16.12630164,18.45314585,13.57949394,17.7755178
37858,14.25736909,16.55522191,11.91947014,14.83187225,18.048563,24.38750361
39345,18.71927862,17.73034195,13.96611505,18.32979582,18.54460509,12.70986347
40422,17.16823959,16.65095528,17.63751665,21.36051998,15.11256444,12.07020408
13246,17.46302992,10.62506393,17.11566051,21.96277108,16.94777449,15.88570008
32373,19.91317247,16.66149569,13.36598495,16.1594651,14.66785798,19.23202381
32834,19.91317247,16.66149569,13.36598495,16.1594651,14.66785798,19.23202381
39374,17.4937423,12.65767904,14.27388516,18.46805581,19.70480299,17.4018347
4918,15.67658742,15.41041107,19.63144742,18.9147493,12.40992041,17.95688437
10315,18.86948319,13.58618845,15.46203025,19.3612744,16.37116494,16.34985876
12572,19.56940132,17.21278166,11.93450211,13.29324235,18.01846719,19.97160537
19140,17.58104264,17.07582742,15.93948234,20.97088987,12.70383188,15.72892585
15,19.82986399,19.37823355,12.07115775,13.20802134,14.86475698,20.64796639
35864,19.04019091,14.40137847,13.0971211,17.53540929,17.69442493,18.23147529
5674,17.54585745,9.732473865,17.73819289,20.18960447,12.91257512,21.8812962
27845,17.15190846,9.531559589,25.10912778,22.86522395,10.71472408,14.62745614
28275,17.15190846,9.531559589,25.10912778,22.86522395,10.71472408,14.62745614
2407,18.29402722,7.80239113,17.73093589,21.99459779,13.77097218,20.40707579
36471,21.62933995,17.22737324,17.78848408,20.8796745,10.24108188,12.23404636
38885,20.04318879,15.95976057,15.46711923,16.22095896,16.3188439,15.99012855
10525,16.24052412,15.17688602,13.68600769,19.56642817,23.02097406,12.30917995
12532,18.93370767,13.33174246,19.24820063,19.57311658,13.28477737,15.62845529
21089,20.33522986,12.26886736,16.32160066,19.98898727,13.91027299,17.17504186
21488,20.33522986,12.26886736,16.32160066,19.98898727,13.91027299,17.17504186
14654,18.8140793,16.0649343,20.34183007,19.40158978,10.11365366,15.26391289
16722,18.42286535,16.21251028,17.65695282,19.0760581,10.9275381,17.70407535
22091,14.88102826,15.92571523,14.59113929,19.66518795,18.1428435,16.79408577
30382,17.67263652,12.37254274,13.75261442,17.62475103,17.04045669,21.53699861
7420,16.67707017,9.761526884,25.28275079,18.95843393,8.407948791,20.91226943
13735,22.96311958,16.01426882,17.89294474,21.50901527,11.31668384,10.30396775
14149,22.96311958,16.01426882,17.89294474,21.50901527,11.31668384,10.30396775
27826,20.56980883,9.897843937,25.10999064,17.77096004,9.446142346,17.20525421
30830,15.39155811,14.95800674,15.58899342,19.94716544,16.86971321,17.24456307
31175,19.42287241,19.55295653,11.42283767,14.79171016,18.32922513,16.48039809
6140,27.85649322,8.35802024,12.70994312,11.01260164,6.019830294,34.04311149
12723,15.78115416,14.57204312,18.34644061,22.29352229,10.88769378,18.11914604
39219,19.73703458,4.825582342,18.65284912,25.33670687,14.0240753,17.42375179
39639,26.24051042,19.54291314,13.04227616,13.61483831,20.78186446,6.777597505
41264,19.52487403,12.24526599,15.27110671,19.85542939,12.0543323,21.04899158
26298,18.30085486,14.63309439,21.550559,24.01887546,9.083720741,12.41289554
26735,18.30085486,14.63309439,21.550559,24.01887546,9.083720741,12.41289554
40373,17.42487483,15.07629505,18.20925744,21.36582097,13.05623116,14.86752055
41043,19.77037314,16.88365378,17.77142519,23.42584939,14.08833794,8.060360551
379,22.27262505,11.50711588,12.05861641,15.94626665,18.18924427,20.02613174
15714,20.08991365,13.67730498,15.08161742,18.73232798,15.14020371,17.27863226
17567,20.12984034,12.29581869,23.3473903,23.36605632,6.812393671,14.04850068
24710,16.03228228,17.00087851,20.11431,20.41744767,12.89332319,13.54175834
27764,19.92151842,13.22876307,17.35516308,22.23871007,8.366564238,18.88928112
28814,15.82428394,13.21194308,22.10589709,18.38693793,11.6830032,18.78793476
29668,16.23204597,15.15788137,14.17582394,18.94421988,19.40033152,16.08969732
37188,22.12384657,15.34462789,12.59628865,14.20020537,13.00009029,22.73494122
37462,23.70105077,15.23452523,12.54210274,14.73013509,13.76884978,20.02333638
40862,15.8148619,14.94882915,12.69813362,17.09668359,19.74925601,19.69223574
7662,20.18324706,17.56774527,18.55886298,22.83285922,12.90846086,7.948824602
25768,18.65713881,15.10447719,14.4040923,16.71520194,19.70601516,15.41307459
8972,17.69816361,10.09775549,23.87000912,24.26064103,13.82924972,10.24418103
13759,17.68994461,14.56471749,19.16114701,22.20103586,12.93255113,13.4506039
14167,17.68994461,14.56471749,19.16114701,22.20103586,12.93255113,13.4506039
39936,19.49026292,15.95117446,13.64602847,16.21392072,17.07966083,17.61895259
32433,19.67752574,13.84279691,19.09747758,21.02679853,13.24034671,13.11505454
32871,19.67752574,13.84279691,19.09747758,21.02679853,13.24034671,13.11505454
35265,19.63457371,7.603814151,11.94317515,15.13009883,14.92826817,30.76006999
13918,16.31484001,7.870421988,20.18909982,24.00765128,10.19578827,21.42219863
17928,23.07196175,7.882623107,22.88156997,28.39500499,15.18383715,2.585003027
40017,18.89458403,15.47052024,13.62369838,18.34525484,17.59324482,16.07269769
19258,25.75078938,25.19408329,14.42176046,11.57142354,15.94767542,7.114267903
23783,17.07679583,13.90349381,16.19144592,18.66775238,14.62369885,19.53681321
31639,19.15782492,19.77228554,11.28925071,14.65673148,18.36387664,16.7600307
521,21.5987565,20.20834881,11.93009303,14.77611362,11.4631073,20.02358075
35846,18.06794318,11.37428144,16.17450217,21.33291389,15.79812961,17.25222971
39682,17.42757987,20.3828423,12.98401038,16.70849635,19.82024182,12.67682927
10974,19.70754878,18.21852822,10.63957224,11.23661074,18.4641442,21.73359583
13559,17.11209777,13.24176644,19.64810267,23.38241834,11.15809049,15.45752429
4917,17.85695898,15.7092657,21.85253013,18.26118459,12.46177311,13.8582875
5135,17.30939243,11.33301341,23.09169782,24.41351066,11.67293915,12.17944652
8901,17.60884377,8.588191701,22.5702629,21.36804951,16.37442204,13.49023007
22320,18.02107922,18.54403399,17.95731284,21.29929357,12.00161498,12.1766654
30729,17.34854584,12.10828572,17.33000399,20.43118504,10.82937368,21.95260573
35576,20.32917455,21.25998638,11.92972984,13.20618698,13.75639728,19.51852497
36992,17.07397243,6.959185834,22.79382448,25.29594952,14.33468388,13.54238385
37010,18.84309409,17.67967523,15.20796026,18.94080375,19.00765381,10.32081286
14002,17.96600099,12.37075056,20.24922291,23.02992089,7.493986329,18.89011832
16093,16.76965178,17.31111249,13.57033004,18.52279964,17.01660803,16.80949802
18232,19.60719759,14.69777011,16.23278534,18.5425315,16.34582174,14.57389371
20341,18.97202293,15.99580639,17.37622942,23.96084552,14.33180003,9.363295716
20761,18.97202293,15.99580639,17.37622942,23.96084552,14.33180003,9.363295716
40256,19.91792429,11.04606817,18.50096258,21.68389375,13.0374117,15.81373952
12736,19.71348712,11.77326888,17.47820909,22.55914681,15.74999719,12.72589091
20576,20.81074624,15.68182483,13.8233028,16.72255923,15.49650655,17.46506036
26008,14.40750085,13.75540181,19.47180765,20.83544747,10.84235675,20.68748547
36066,18.73372729,16.40679768,14.48324828,17.73046745,20.1436854,12.5020739
9834,16.5471561,8.332074574,24.46973324,24.05012134,12.69889886,13.90201588
684,19.67375699,24.85942124,11.91144374,13.22833481,15.66511273,14.6619305
41700,21.72548619,17.92598765,11.18122696,14.81186321,21.17289545,13.18254054
13191,18.14656856,13.56506515,17.09263612,22.07790511,16.00969159,13.10813346
31145,18.69116266,11.35431711,15.28449289,20.98318143,13.34492786,20.34191805
31627,18.69116266,11.35431711,15.28449289,20.98318143,13.34492786,20.34191805
8769,19.31526303,10.26524436,13.67997867,19.43271656,17.73395314,19.57284423
25701,26.68469778,14.31714665,18.43802255,17.712986,18.51649983,4.330647195
25867,24.63016025,12.17220237,23.19369133,19.12014264,11.48435386,9.399449556
32007,17.84118484,13.35084857,21.75685076,22.48760758,5.877860991,18.68564726
32489,17.84118484,13.35084857,21.75685076,22.48760758,5.877860991,18.68564726
39188,18.41585443,5.759118754,20.29420127,25.28400018,17.27269314,12.97413222
41576,21.4463067,15.00988758,16.42008578,21.21593771,13.71890532,12.1888769
3103,18.88307911,3.956043859,22.5574368,23.7074798,14.34699115,16.54896928
17570,19.79134357,14.39159741,15.93987151,18.46225716,13.39556296,18.0193674
27406,18.42467966,13.06619343,20.41792008,22.6045658,13.78703556,11.69960548
35459,23.39776903,17.83736528,11.86587574,11.62920715,12.36698698,22.90279583
13454,15.58362864,8.654698688,19.27870514,22.52212747,12.93716169,21.02367837
20026,19.48250418,11.4424542,15.24120068,19.98316329,12.91495382,20.93572383
27688,16.68026653,12.97060795,19.79120439,23.55607723,8.985992663,18.01585124
34920,20.885378,20.51744889,11.82798034,10.79041343,9.923366178,26.05541317
36319,17.61318605,13.98919557,12.85062026,16.9160046,20.60918311,18.02181042
39879,19.50892571,13.96158841,16.995355,18.65430624,12.34535604,18.53446859
12523,18.90711329,14.24239649,16.63300244,19.06820409,12.4368223,18.71246139
13180,21.7081115,15.72373635,15.60578192,20.15155445,16.16591065,10.64490513
23003,17.37287218,17.65010966,14.63614799,19.08257829,17.16664931,14.09164258
24225,19.39713133,11.27483053,19.99138191,21.45923367,14.01871412,13.85870845
36285,17.09486744,15.78237214,15.51195508,16.22426667,19.21878858,16.16775008
41109,19.39540364,16.16028477,13.89904678,16.19880771,18.59495451,15.7515026
11983,19.16007867,22.08605059,11.75928855,12.688164,18.01025304,16.29616514
12344,19.16007867,22.08605059,11.75928855,12.688164,18.01025304,16.29616514
23564,20.55103911,22.55693224,10.55964649,13.09853215,14.64639061,18.5874594
26966,16.58970418,16.37989562,15.16112459,17.47272216,15.98270507,18.41384839
36506,22.2155463,20.61826458,11.28645461,11.41688939,10.32354957,24.13929556
20166,18.07139426,14.09023445,17.01961136,22.52548055,13.77570083,14.51757856
22343,18.36588119,14.91245728,13.45139966,18.86332198,18.44462981,15.96231008
27581,17.33905501,16.77555546,16.33219136,18.77570054,16.54822631,14.22927133
33092,19.82108041,14.16739598,18.79550932,19.96961878,16.2951923,10.95120321
34018,19.82108041,14.16739598,18.79550932,19.96961878,16.2951923,10.95120321
34895,18.32662154,18.512319,11.7807842,15.2259443,19.51010073,16.64423023
35412,21.91067629,21.80306642,11.7658105,14.8233138,17.13306443,12.56406855
39912,17.50055588,17.36409486,18.72630011,21.82099583,11.78787553,12.80017779
2778,16.77786264,12.60648939,17.98361347,21.78538016,18.01182764,12.83482671
16074,23.4815261,19.86608328,12.48561042,12.91108503,16.46832079,14.78737437
36424,19.15185764,14.28747725,12.85741077,17.86431892,15.33337688,20.50555855
36497,18.3804108,9.870726758,18.59833438,18.72221196,14.41143365,20.01688245
36623,19.89829006,22.24206737,12.09780498,11.84537716,17.28688679,16.62957365
39003,18.30991609,12.97710784,15.53960689,20.30870053,19.00383595,13.86083271
41450,19.69244063,14.66714079,15.26905607,20.94951686,17.00027746,12.42156818
10647,17.14473256,11.32630811,15.82547797,18.32252269,15.90100977,21.4799489
15374,18.45651186,12.50858475,24.13574999,18.48052712,9.918635325,16.49999095
16130,17.53149157,11.39247592,16.42754093,20.33052849,16.06568295,18.25228013
24214,16.64650664,12.60600637,16.57090187,21.03717317,15.71835866,17.42105329
24277,19.19450983,15.32864683,14.78061366,18.92572242,19.02314103,12.74736622
134,18.71686222,21.91393989,11.61942436,11.07936461,12.14266822,24.52774069
40388,17.13600821,16.46614473,14.81483493,19.15662988,16.08367845,16.3427038
920,18.48367372,4.668690877,19.04822239,22.71648161,11.60164284,23.48128856
13409,15.16464109,8.006658408,23.50463092,24.18291994,8.150622437,20.99052719
5078,18.76822784,17.34685449,21.43695058,17.35826105,10.07541686,15.01428917
23572,21.32912325,17.30066417,18.5246701,23.94455096,9.489849633,9.411141893
39021,19.05760056,19.5257351,15.80475678,19.87747291,15.72272641,10.01170824
40488,14.48482017,10.26142326,18.79941168,20.79052485,13.89693778,21.76688226
5203,16.93165986,4.739611556,26.85593692,18.49760743,10.72905348,22.24613075
5607,15.9459989,6.418003121,19.37289413,22.69711116,11.91422981,23.65176288
16507,19.39731268,10.29584508,20.2844376,23.22550562,10.217536,16.57936302
30559,22.16876303,19.68652567,10.90026604,15.16489305,11.47328471,20.60626749
31216,15.47493823,7.288969633,18.83915521,20.88798762,16.1899579,21.3189914
31688,15.47493823,7.288969633,18.83915521,20.88798762,16.1899579,21.3189914
549,18.36931579,21.86111216,11.56276504,10.93425617,11.38951713,25.88303371
34737,18.60280428,11.8918978,18.30734655,23.52054441,13.95530943,13.72209752
140,18.35880846,16.76112084,11.54373252,12.79188188,18.38886096,22.15559534
36704,23.28266294,21.10890855,11.61347334,9.375066984,11.04937263,23.57051555
40815,17.11035357,12.78438925,16.49693789,17.57264423,16.71613807,19.31953699
5505,18.85855366,15.73898634,14.34407931,17.24302682,20.7557884,13.05956547
11838,20.8911071,19.11615386,10.47876435,13.35067997,16.8203221,19.34297262
16112,21.72427793,6.884182121,21.70078552,24.14446063,15.46015076,10.08614304
28137,15.25466083,7.559071859,21.99995871,19.53361321,13.92993049,21.7227649
28506,15.25466083,7.559071859,21.99995871,19.53361321,13.92993049,21.7227649
37727,20.65985936,24.51101895,12.88600502,12.00797615,14.44515736,15.48998315
3399,21.44101291,15.39622517,12.44178109,14.47615887,13.25335111,22.99147085
6713,16.24906865,14.33285102,22.10134699,20.50373971,12.29297839,14.52001524
26168,16.21159243,14.38475462,15.34590407,21.12635908,15.11942179,17.811968
26597,16.21159243,14.38475462,15.34590407,21.12635908,15.11942179,17.811968
9071,16.55502414,17.15602196,15.90446786,20.82523464,18.16122654,11.39802486
25350,17.18399729,9.170908998,24.13488963,17.50932294,11.36483729,20.63604385
27539,17.23864141,12.93872952,17.99435444,21.93976321,14.75408326,15.13442816
22748,16.47559763,12.88131926,13.75074262,17.91696408,21.30418549,17.67119091
36937,18.20462879,18.09661691,16.98509379,18.932992,14.64413541,13.13653311
8225,17.94623366,22.11496583,10.52036777,13.32142649,19.35550628,16.74149997
15421,15.76748164,14.08599117,19.17288835,20.34211053,11.90020936,18.73131894
18487,20.2646466,5.556839207,17.3233149,22.57465452,17.55698414,16.72356064
27112,16.34027909,10.4454063,13.41793373,17.89043935,18.61832049,23.28762103
371,21.60543361,21.77402079,11.53711357,14.56663277,13.75286827,16.76393099
36151,18.81895105,17.05839341,13.06446658,14.59794941,18.16321242,18.29702713
12241,19.2144345,7.544158907,21.63839954,26.51644463,8.357546631,16.72901578
14574,17.43215521,12.10169972,23.06192146,20.76998468,8.809693923,17.824545
15574,17.16034886,7.376218019,20.92202369,20.52713249,15.1288722,18.88540474
18766,19.7605578,2.415780939,24.24156812,29.16432438,13.36035252,11.05741624
20615,19.00698315,15.14539129,17.04085822,19.77245337,16.70640108,12.3279129
27641,21.38787179,12.29714588,21.25365673,21.53028505,11.80761102,11.72342954
474,26.17535877,23.08616738,11.45430536,9.566592667,10.11368345,19.60389238
11493,21.4842253,18.48930524,18.30428774,21.30342654,12.81028836,7.608466826
4100,16.83586512,12.11699013,22.32788305,25.79446687,6.809817403,16.11497743
39119,19.59803834,17.84725926,13.27387749,14.61253225,16.11224968,18.55604298
25118,16.97663278,14.63634837,18.14073287,22.129904,10.63305353,17.48332845
32332,18.14454351,10.69451921,21.47007499,21.93319973,9.849135212,17.90852736
32802,18.14454351,10.69451921,21.47007499,21.93319973,9.849135212,17.90852736
71,19.37962979,23.31562154,11.43674614,9.00277402,15.42807643,21.43715208
10358,18.15281445,19.36184761,12.33807564,15.40163156,12.82219328,21.92343747
33466,21.93503546,16.5550244,16.64351871,19.54372898,13.08472515,12.23796729
23391,18.98264052,12.19443349,17.33768858,22.50191908,15.47403801,13.50928032
23879,15.4376358,9.469400453,17.76544662,22.34969695,17.18187661,17.79594356
12900,17.55002245,6.876612083,15.06214775,18.29711291,19.9602326,22.25387221
13669,18.66207139,16.81474442,13.21356972,17.57226394,18.20514757,15.53220295
16852,17.08695761,15.85058047,19.0008909,23.79880883,12.65105053,11.61171166
21094,18.46090352,18.80232957,15.24609212,16.70115017,17.52087189,13.26865274
26484,15.76113545,17.08834295,18.98498287,21.17838471,15.9786878,11.00846622
26957,15.76113545,17.08834295,18.98498287,21.17838471,15.9786878,11.00846622
27702,19.32391389,16.61684266,13.65453798,16.34138059,19.10865254,14.95467234
15674,16.78651589,15.78452339,17.73847002,22.12934637,12.72493184,14.83621249
36708,21.33585877,14.20136148,11.61505191,15.42046029,18.57393138,18.85333617
40177,18.99125252,11.21984826,16.86162943,19.45070188,17.28047848,16.19608942
3292,17.70636228,16.05223161,15.5708547,21.07806837,18.85075022,10.74173282
3413,25.67526205,15.96645657,13.89283832,15.77379574,18.57862536,10.11302196
4923,17.71806647,15.77572621,11.94173136,16.12144628,21.17934454,17.26368515
13860,19.4713278,14.42140363,15.97256644,17.77398426,14.28655283,18.07416502
16183,15.94789613,9.105774336,18.26311882,21.60587874,15.39294694,19.68438504
27785,16.56658631,9.944254242,20.24070283,26.82732478,15.68315985,10.73797199
118,18.81953745,18.23224133,11.30948927,13.70674809,17.17691684,20.75506702
37169,27.42385436,21.36101054,12.16358705,13.94493822,11.91347395,13.19313588
41140,15.56427323,14.99102774,14.41381807,18.15306806,22.49019876,14.38761414
30107,16.64439053,17.67696408,14.36566467,17.79213361,15.30275189,18.21809521
17831,20.02287981,12.84392268,17.36908976,20.46673328,19.47369263,9.823681846
27679,18.5664487,18.69974073,11.77403317,14.14389212,19.18668534,17.62919994
25384,17.34342817,14.74437499,16.17904728,19.63125265,13.99509217,18.10680474
13190,17.46407812,11.83203829,14.82668364,16.80547406,19.78341711,19.28830878
21253,19.7170428,12.34948062,16.78300831,23.19840176,21.56440732,6.387659187
29847,18.45284904,10.96262989,18.02250869,21.8877193,13.11906873,17.55522436
26243,16.68017648,15.36022445,15.81167395,19.87361694,20.38646791,11.88784026
26689,16.68017648,15.36022445,15.81167395,19.87361694,20.38646791,11.88784026
7615,20.91152782,15.31751608,15.17193468,19.79636206,13.49944973,15.30320963
14850,17.61321699,18.8765375,15.89112642,17.73021102,14.1310256,15.75788247
9629,20.83270919,12.299164,18.34848226,22.99237091,15.42770961,10.09956402
13129,18.98236314,14.65793997,13.27652072,17.38406153,22.55097139,13.14814326
25250,23.81281355,13.87050495,16.22585907,17.90698207,11.53155488,16.65228548
27714,18.41032179,16.29212279,15.41542879,21.20574092,17.73067108,10.94571463
36948,21.1385748,14.4409289,13.48581305,14.34170702,15.98958486,20.60339138
19802,17.42639249,16.47329292,15.02012072,19.33539613,18.90633532,12.8384624
37992,22.1527812,14.05794984,15.25569593,17.0803017,23.60131001,7.851961324
34471,17.5844834,12.80594442,19.78050744,23.09162397,20.05249319,6.68494757
20062,20.9417361,17.78139603,13.13113351,17.14189901,18.88804243,12.11579292
33370,22.96851327,18.16449759,15.21275107,19.39517536,17.4496945,6.809368224
16241,20.12670628,14.66125451,13.27319664,16.93686804,22.81350972,12.1884648
6328,19.08467541,13.04906222,18.01864914,21.5113467,14.34781031,13.98845622
37432,17.93372365,19.08330963,14.50197335,17.55342033,14.35849441,16.56907862
34694,20.33002446,15.97642215,16.39658578,20.41183825,17.74459404,9.140535313
30972,20.16321658,16.71213814,17.78886825,22.14932908,17.44877071,5.737677232
17678,20.97920449,11.52941911,17.98731787,18.96153588,16.23663797,14.30588467
32949,22.39303271,13.06224418,14.29184086,17.91552296,17.9080177,14.4293416
33434,22.39303271,13.06224418,14.29184086,17.91552296,17.9080177,14.4293416
6462,18.85067767,11.53274632,15.21499467,18.62933544,16.03454665,19.73769926
36632,23.04472991,16.85053778,11.27285537,11.94416672,17.67027929,19.21743094
1568,17.73327923,14.5703656,18.75608489,25.2760131,17.36370252,6.300554669
7879,21.95124287,7.897938034,17.66980603,20.93518888,14.40367617,17.14214801
34583,21.60192148,10.73767414,18.89163696,20.75949495,13.87299341,14.13627906
7880,19.58714364,18.08226089,13.93027199,14.78692697,15.34565953,18.26773697
28975,20.59964982,13.16810608,18.62564967,23.22264959,16.33932438,8.044620459
21176,19.97411991,12.37438319,20.52702363,24.43177064,11.30966393,11.3830387
21573,19.97411991,12.37438319,20.52702363,24.43177064,11.30966393,11.3830387
19517,22.64484382,27.86771074,12.95759469,11.91935773,12.60034091,12.0101521
40302,17.86023633,10.09106771,13.67909697,15.57785178,20.56358313,22.22816409
10365,19.48705278,10.4094083,17.53083166,22.42858388,16.44185183,13.70227155
5327,24.44404142,21.37010983,11.10164977,8.298881669,7.631973791,27.15334351
5781,24.44404142,21.37010983,11.10164977,8.298881669,7.631973791,27.15334351
30560,21.19059857,19.90470072,10.43815655,14.57479262,14.17472203,19.71702951
6323,19.59553574,12.10197488,15.06744558,15.4120229,18.94885974,18.87416118
15970,22.35722008,18.67744997,11.63397308,13.71462043,15.83312557,17.78361088
1936,21.68938876,18.66565498,11.98612118,12.2848209,17.80652001,17.56749416
2317,20.10982798,19.90447663,13.67143341,15.79327095,13.87770655,16.64328448
3170,19.68109895,18.6274118,8.777635303,9.298938772,16.31054575,27.30436943
21539,15.5361561,7.948829334,17.64662927,22.69430134,16.59830877,19.57577518
21180,20.8099303,18.44150123,11.953413,15.24960389,17.03199053,16.51356105
8065,19.26942365,19.06658374,14.97813786,15.57160212,21.19148947,9.922763161
8975,16.96432535,11.85312325,18.07010562,24.51132299,16.13726795,12.46385484
18917,18.98258586,14.1450087,15.23974337,18.2095226,16.75600725,16.66713223
19241,18.98258586,14.1450087,15.23974337,18.2095226,16.75600725,16.66713223
14392,19.51892622,18.46425507,11.35421506,11.38767777,17.02224831,22.25267756
21141,15.54462116,8.019010281,17.56528142,22.71833618,16.66689976,19.48585121
6146,17.35586049,16.2607691,14.40471596,18.23889169,19.45798376,14.281779
33971,17.92481972,17.57960371,16.70438432,21.09443147,19.48019232,7.216568461
11726,20.86149918,21.58982122,13.82253794,14.57564957,12.2333034,16.9171887
5144,19.90927255,18.46476394,13.0245039,18.46768577,15.66383765,14.4699362
5141,21.94175366,20.04911125,11.21145967,12.84025344,20.01605545,13.94136653
24577,30.76389261,26.42518437,10.10961852,8.072432405,8.273615204,16.35525689
7276,19.67155186,14.49285573,15.98922403,19.56448215,20.52702996,9.754856264
18291,19.73724917,15.80374807,17.42173565,18.40725917,15.16108182,13.46892612
39542,25.32679343,19.9432365,13.16298235,13.88472118,15.33956193,12.34270461
41400,21.0305223,24.46367123,12.76993114,15.40847187,17.93454476,8.392858698
4781,18.57239419,12.90546592,14.73254342,19.41808978,18.92095717,15.45054952
29361,17.45735871,14.49464183,14.42861636,19.64916606,21.14083405,12.82938299
1032,20.82653932,16.86498207,11.38397989,14.81020299,19.01655213,17.0977436
2515,21.57619195,14.74068523,13.25160455,18.37997822,20.0516985,11.99984154
25152,19.84334625,14.49839526,14.5605699,18.15990604,17.62851563,15.30926691
1994,17.77227834,11.55072837,14.98287212,19.41497482,17.31299523,18.96615111
17110,16.28628946,7.495154335,17.92717575,23.98005797,17.25082563,17.06049685
11911,21.03291677,12.82758108,13.39247889,16.68965723,19.07815163,16.97921439
12288,21.03291677,12.82758108,13.39247889,16.68965723,19.07815163,16.97921439
38124,20.24884034,7.865251948,19.54840351,19.82766101,15.51850128,16.99134192
18313,19.03391966,14.13417521,14.12775959,17.8408249,16.43426958,18.42905106
34680,18.65724809,16.52495218,16.79685964,21.5439462,18.0646664,8.412327488
17565,18.28551902,17.19894445,16.97013753,17.27137394,13.30645778,16.96756728
41303,21.97699489,18.56836079,11.67760116,14.99373297,19.08381442,13.69949577
18751,21.05592347,13.36346329,14.13007441,20.17973662,17.30689355,13.96390865
29330,17.69578185,14.69243875,19.16582798,22.04793802,14.70981776,11.68819563
32276,21.13531957,15.4390522,12.65612446,16.04483873,14.3000903,20.42457473
32753,21.13531957,15.4390522,12.65612446,16.04483873,14.3000903,20.42457473
41623,19.13446507,22.15742277,13.61592759,15.52298513,16.60129926,12.96790018
7101,16.27991296,18.1636652,13.66924649,17.59027195,19.36651601,14.93038739
18356,17.01923136,14.74301508,13.46552066,17.43223169,17.61312072,19.7268805
22584,23.20769019,13.79160232,10.55710788,9.649856275,18.04173036,24.75201297
164,18.93038599,13.58010715,11.30916294,15.79089377,19.61201376,20.77743639
20459,19.05175807,7.122801689,17.82044907,24.33651459,18.02627403,13.64220255
41000,21.42789726,20.41844703,15.55154625,19.38672585,15.0631328,8.152250814
1352,15.50695091,11.95458358,17.27902742,20.11873169,14.70845655,20.43224985
9971,19.79431113,14.29911987,20.61064984,22.25626081,14.84659005,8.1930683
27227,19.74194157,16.61032058,13.49049637,16.66889383,16.92832149,16.56002617
6215,15.80734833,17.45073808,13.41786371,16.87383332,21.28018569,15.17003088
7770,19.09324859,16.46189005,15.64265345,19.61413999,13.46754067,15.72052724
13193,17.81522419,12.49569008,11.50466342,14.37466023,21.42936183,22.38040026
18570,18.42300365,19.88150759,11.59500378,16.31515907,19.5308802,14.2544457
29317,16.43073521,8.300943363,20.53910849,23.53461898,14.94811659,16.24647736
11522,22.06943476,24.23525089,8.837913623,8.331303762,15.2807402,21.24535677
27853,18.09235789,13.85788408,17.76481837,19.2466893,14.62410383,16.41414653
28280,18.09235789,13.85788408,17.76481837,19.2466893,14.62410383,16.41414653
4689,20.79983712,7.213237578,16.40781573,21.89921629,13.51910297,20.16079032
24026,22.59511039,24.23001352,11.80996212,14.41963794,14.70753421,12.23774182
11519,18.56605213,4.22096041,18.61358599,20.60308221,21.7984795,16.19783977
12678,16.94029732,8.697501863,15.96640936,18.7822901,18.74475547,20.86874589
21926,16.97331274,20.01987357,12.0830518,14.29901624,22.14153902,14.48320664
37160,20.76300041,18.49427212,12.42814685,15.1526881,14.04645106,19.11544147
21245,22.7040091,10.14006235,16.42111491,20.79067251,19.83881846,10.10532266
12667,22.64200899,22.30928579,10.26624392,10.71698952,13.17342547,20.89204631
10837,20.46002631,19.75098016,10.28220524,8.893689483,12.54599818,28.06710062
15676,18.57641132,17.2241079,13.94356454,18.70029717,16.39365122,15.16196785
19549,33.76771001,17.63478024,15.38851452,17.53252622,5.101222478,10.57524652
924,15.10415606,11.17016876,16.52244901,21.1161868,15.35806596,20.72897342
23623,25.04882075,19.0020543,13.56362615,14.79724262,19.15047478,8.4377814
4675,18.65421843,22.25662917,14.81751737,18.57879389,14.19744718,11.49539396
6675,17.63546363,9.430778216,17.56514399,21.62617848,14.91817021,18.82426548
9146,17.0984617,16.19470505,15.48223443,18.44041503,16.24388887,16.54029492
9562,17.0984617,16.19470505,15.48223443,18.44041503,16.24388887,16.54029492
23241,22.23082345,14.72693082,14.44857865,16.53189596,16.73082633,15.33094478
33067,21.55970364,18.52473946,13.20497516,14.958393,18.29377937,13.45840938
32019,20.37591699,15.14700798,13.76351714,16.47382674,19.66963167,14.57009948
32502,20.37591699,15.14700798,13.76351714,16.47382674,19.66963167,14.57009948
21930,18.17033316,19.68953201,15.20594634,18.00173192,17.14330574,11.78915082
15204,15.81478412,10.23590944,16.95425351,21.19439806,18.62657083,17.17408405
9666,17.15627812,16.77353378,15.44586913,20.50563282,15.9673609,14.15132526
23134,20.35647298,21.65771199,10.5335305,12.17936283,14.05703528,21.21588642
9273,20.30294207,18.75412281,13.22181472,18.3984624,18.19558457,11.12707344
9678,20.30294207,18.75412281,13.22181472,18.3984624,18.19558457,11.12707344
29467,17.54357845,19.01198099,13.37050412,18.01917448,22.48385433,9.570907633
33047,17.14326116,16.41579143,13.79027065,16.64843541,19.74411921,16.25812215
33537,17.14326116,16.41579143,13.79027065,16.64843541,19.74411921,16.25812215
3684,19.81911611,11.65419477,15.4318905,19.98276645,15.9890527,17.12297948
34385,17.72316966,11.99245737,16.33474636,19.38388881,14.5926056,19.97313221
33209,19.11430614,22.19344455,12.64082229,15.03379951,20.59068327,10.42694425
19070,20.0750582,16.13081291,10.30364124,10.59437649,16.01851962,26.87759154
844,20.25895631,23.01244672,13.70697503,15.14779993,13.68125018,14.19257183
21027,18.24178505,21.94080447,11.47090128,12.00164337,21.68758939,14.65727643
21907,18.46798262,13.69913978,15.9500809,20.23496879,17.53642371,14.11140421
1808,17.41727813,14.87962378,14.16930528,17.41726015,15.17610545,20.94042721
9268,17.31863049,16.95310517,15.37909662,20.39234471,15.8226969,14.13412611
25921,23.219977,11.54859098,17.3846478,17.19500007,15.99024138,14.66154276
30023,19.07174517,15.17771488,14.19556685,16.71022661,15.20403878,19.64070772
22323,19.34419232,16.24348957,15.6459891,19.28621632,13.76046199,15.7196507
21454,19.8703135,14.27047856,13.46879599,18.79864404,18.24453346,15.34723445
33837,20.05569566,14.30155651,16.85261888,22.40968181,18.30228602,8.078161127
15459,20.26873961,15.60350151,16.715976,21.30766727,16.34984968,9.754265931
9909,18.80480531,11.70052675,13.40318084,18.02181156,21.64872574,16.4209498
27997,19.8577845,14.27758455,12.97929974,16.1685527,15.37336752,21.34341098
28405,19.8577845,14.27758455,12.97929974,16.1685527,15.37336752,21.34341098
5455,19.27322825,13.36862111,15.64553362,20.39669349,22.66863183,8.647291709
40677,28.72230927,18.76761407,12.61529414,10.55116107,13.4762784,15.86734304
4448,18.98163749,18.13293334,13.08379447,17.51115537,18.07368716,14.21679218
25665,22.99585367,14.62655123,15.79149252,20.34755852,14.73623408,11.50230999
30798,17.38110182,16.58383839,12.17217808,15.43698191,15.45024405,22.97565575
1490,22.25794787,9.152761897,15.66026047,20.71845209,21.10475329,11.10582439
17910,19.84421676,19.11734341,11.19360767,13.50268045,16.80214682,19.54000488
10466,16.89496985,19.99811051,12.88589432,16.93734144,20.07479171,13.20889218
17240,23.18765504,10.40754225,17.48506968,23.28595945,19.98393164,5.649841958
17590,23.18765504,10.40754225,17.48506968,23.28595945,19.98393164,5.649841958
3890,21.2706589,19.15229413,14.50387019,15.54573739,19.23626945,10.29116994
6890,20.18653506,15.41210749,15.02608238,17.50535719,11.35731807,20.5125998
33981,21.94483015,11.98795859,17.01714368,22.18503475,16.94721522,9.917817609
820,26.94927852,15.3057575,11.24904151,7.20200288,2.652320466,36.64159913
15575,24.94499531,18.45799225,10.45375279,7.206049033,13.83173346,25.10547716
5738,20.55532142,11.61528993,15.05087864,19.02773868,18.35049774,15.40027359
981,19.70283402,10.44589946,16.60292728,22.13438012,21.87392045,9.240038672
32021,18.12798087,14.50863768,13.57695673,16.44614945,16.04789171,21.29238357
32506,18.12798087,14.50863768,13.57695673,16.44614945,16.04789171,21.29238357
38269,20.67978083,20.60782978,14.1456812,16.20073816,16.47614193,11.88982811
1334,19.29250742,13.42136455,14.2781582,16.63117209,16.94300012,19.43379762
14816,24.25876029,21.6520547,12.16376645,12.28292212,11.27196873,18.37052771
8405,18.57076356,14.97644522,13.09111476,16.79810956,18.16259792,18.40096897
29572,16.49532705,11.16494202,19.2900317,23.59735414,14.84521726,14.60712782
11258,24.86836488,14.56074564,14.07010239,14.25629026,18.81173482,13.43276201
9135,19.2142541,12.43029479,21.18732416,22.38611099,17.2754424,7.50657356
22213,22.38439867,10.92330545,15.97766374,21.04627102,21.17349945,8.494861675
18847,18.89502908,5.975013785,17.90385206,23.24255247,16.54987469,17.43367791
19198,18.89502908,5.975013785,17.90385206,23.24255247,16.54987469,17.43367791
6665,19.98318802,18.36075194,14.16957529,13.27494786,13.74334546,20.46819143
22173,17.89714129,15.88448275,14.07762658,17.08683289,21.19404079,13.8598757
1727,19.87232693,23.40814864,11.78979344,13.16868676,12.63597004,19.1250742
9347,21.08755955,14.11441867,15.42254632,16.88724994,14.30134186,18.18688366
5904,20.79711201,14.3892461,14.6468295,19.79855759,21.66454237,8.70371242
21387,18.76612185,17.71214833,15.55656549,17.857858,15.30412832,14.803178
29102,19.49447457,17.07932086,12.65163195,15.87958834,17.25753023,17.63745405
30539,18.72284686,10.44923134,16.24726832,20.29424284,14.65306348,19.63334716
4223,20.25839648,15.32430919,12.24196815,15.0616567,20.29230651,16.82136297
3837,17.75658748,9.913249902,16.4406997,19.63421537,14.68874395,21.5665036
9394,17.24608494,11.6793101,17.83164219,22.058092,20.92497439,10.25989637
2323,18.8437201,20.33448259,11.75214629,13.42297349,17.97489059,17.67178694
25784,20.27797348,22.69805976,14.6563772,16.36696952,17.95128628,8.049333756
38848,19.53824897,18.06674921,18.85537575,18.42660096,17.83826515,7.274759963
25744,15.69959395,16.54497962,13.58789223,15.06868788,19.02128896,20.07755736
1863,20.21240334,10.66389331,16.581764,21.09899903,21.82514189,9.617798438
7620,19.32256993,17.09241623,13.46044482,14.54798933,17.70764429,17.86893541
6232,17.01940042,13.69034947,14.92006278,18.82397417,18.00750051,17.53871264
6402,16.62045806,15.04542862,15.11748748,19.76451366,16.54706526,16.90504692
6826,16.62045806,15.04542862,15.11748748,19.76451366,16.54706526,16.90504692
20945,19.34374551,10.53833833,15.88714197,21.65485005,18.05587806,14.52004607
19881,20.5710874,9.039727887,16.0008043,20.78913292,15.42052988,18.17871762
36711,23.90402029,27.78548722,11.27006142,12.14825335,12.17937568,12.71280204
2432,20.94647864,18.63112705,9.156029607,11.95985787,17.21084817,22.09565865
9541,20.01219657,13.37841415,17.99475448,22.81476305,18.65670753,7.143164222
15655,19.87673308,17.21888403,12.28660524,14.98169144,18.66244854,16.97363767
24073,21.67459853,10.54193687,13.75980923,15.31526998,17.8160047,20.89238069
15060,19.18861185,17.47015937,11.34671971,15.34454863,16.36914402,20.28081642
4010,19.56495411,19.7940455,14.15962608,17.48839948,16.5558619,12.43711291
15191,18.60364613,22.31975844,10.30308233,12.84755791,16.60785351,19.31810168
24983,20.41050898,15.22047947,15.80917201,19.17916324,20.9011849,8.479491399
25290,20.41050898,15.22047947,15.80917201,19.17916324,20.9011849,8.479491399
7031,18.83443715,10.52103274,21.45567879,19.4100128,15.45941753,14.31942099
17753,20.34196399,17.76833747,12.71322981,14.253373,19.16549257,15.75760315
33563,18.06283551,15.70687397,15.43664281,17.8624575,13.62842349,19.30276672
13206,19.47332464,17.56535367,13.55748052,17.89480249,16.69877377,14.81026492
25104,17.93212616,14.76301167,12.37073965,15.74200089,16.5051728,22.68694884
7168,16.94974831,11.67441496,15.41155568,20.69458509,15.63867797,19.63101799
23630,26.83198309,22.46635599,13.47143194,11.39507925,9.335072213,16.50007752
27168,17.45796867,9.882286226,17.84960413,21.42576273,21.89886902,11.48550923
6466,21.02828908,24.56914119,12.93369643,13.10096953,14.45637967,13.91152409
20011,23.31895268,18.3426948,15.75887286,18.58359729,16.00974632,7.986136043
30025,15.40786415,13.10377874,14.08422834,18.68957459,14.76308737,23.95146681
22483,19.2188174,12.39761543,14.44711961,18.28997653,20.21132051,15.43515052
33117,19.63667515,19.30491357,15.26420423,16.63726059,11.1473215,18.00962496
3991,17.31574368,15.90967859,17.20852452,18.62996538,18.42806134,12.50802649
15068,19.61884905,20.48379195,11.13928766,14.41818058,17.79693774,16.54295302
32194,16.1515302,10.19682009,13.97008064,18.31751108,18.49974282,22.86431517
32668,16.1515302,10.19682009,13.97008064,18.31751108,18.49974282,22.86431517
984,19.23566503,18.41276545,12.80030209,17.37446014,16.0616762,16.11513109
1404,19.23566503,18.41276545,12.80030209,17.37446014,16.0616762,16.11513109
13778,21.97049074,20.42288512,11.31652285,14.81075992,12.87299558,18.60634578
14192,21.97049074,20.42288512,11.31652285,14.81075992,12.87299558,18.60634578
7179,20.06103146,9.217885514,14.33821439,15.34072928,18.22092314,22.82121622
11161,17.99679546,16.76885358,12.67955581,15.13145635,21.03050091,16.39283789
2405,20.27388129,14.00501868,15.03812738,20.33526076,19.13792289,11.20978901
4735,16.91879847,8.361468627,17.70952802,19.477679,15.49643622,22.03608967
10102,19.15540621,14.9540958,14.10569969,19.41901146,19.46908301,12.89670383
23964,19.92160331,18.389973,11.05727373,13.4622244,15.39911421,21.76981135
18216,17.9926332,18.18008292,14.04331436,14.03105816,10.97480766,24.7781037
21299,18.81685022,15.42895272,15.70683509,19.75941888,15.14756623,15.14037686
18501,19.91475186,15.13278562,14.0671898,17.31872338,12.17924568,21.38730366
5811,23.52092106,21.12777498,13.36109729,16.21979114,18.66935235,7.10106318
3531,17.21283445,13.61065959,18.79547926,21.53615427,17.31043333,11.5344391
24822,19.36137814,17.17262383,17.46135532,18.15009436,16.04090509,11.81364326
25527,19.36137814,17.17262383,17.46135532,18.15009436,16.04090509,11.81364326
7729,20.71591448,20.29126251,16.24055591,17.99248052,16.5570069,8.202779672
34129,19.84374799,23.32155943,12.65576095,14.6086526,17.95246578,11.61781326
11856,24.16933737,24.5283204,9.294426995,10.00602247,16.69872366,15.30316911
14897,20.7323336,24.14136795,12.46030935,14.54749533,16.49530815,11.62318563
20991,18.90371943,13.30815052,16.08681549,19.28582456,17.40805424,15.00743575
28017,18.80945528,17.79968427,12.92574425,16.92738921,16.46871785,17.06900916
28423,18.80945528,17.79968427,12.92574425,16.92738921,16.46871785,17.06900916
27587,20.02523352,18.87126522,12.93084988,15.78318596,15.81647671,16.57298871
34756,19.15753786,23.76459296,15.04231507,15.91094542,13.78070039,12.3439083
18829,22.55079223,27.16255105,14.06602553,13.01107292,13.15298179,10.05657649
4646,21.37687885,22.92120333,11.70599761,12.09879094,13.18859954,18.70852974
20964,19.23569433,13.68994904,16.71013479,23.36402051,20.19978529,6.800416035
40162,29.32273993,23.17468773,10.46990234,6.573026552,5.370433295,25.08921016
2580,24.16651956,4.871926409,23.23956943,27.14580558,13.43660295,7.139576071
12889,18.77192505,21.21497859,9.392424623,11.2750595,19.24302866,20.10258358
10285,19.10255049,9.53696385,15.07093961,21.65855692,19.02038306,15.61060607
33524,19.83106942,23.27340023,13.60658496,14.99932913,12.68040967,15.6092066
35019,18.10153297,20.36488562,11.24419588,13.633109,17.12506665,19.53120989
4565,17.00025814,11.51835968,14.06385261,18.19439162,20.44268286,18.78045508
14405,20.35246945,10.82708955,13.47762201,18.38929834,24.98264443,11.97087623
27695,20.67951643,18.53765292,11.16081144,10.85762763,14.77823768,23.9861539
6211,23.37373913,5.038816705,27.82338027,27.20807469,5.370364763,11.18562443
14995,20.23773778,21.39341336,14.24306502,18.90645637,19.39955864,5.819768826
41607,24.47769517,24.11140361,8.268034192,4.913817577,8.764789267,29.46426017
12764,22.7099793,23.58581194,9.984094325,11.7551296,16.4593915,15.50559333
13445,18.02949492,16.6144487,14.38030296,17.24896547,19.02435552,14.70243243
14460,19.47815367,20.84014625,12.69727745,14.22335076,16.16155334,16.59951853
15095,20.12933869,15.19410415,12.30813186,13.27739382,15.67353326,23.41749822
19146,21.91112241,18.11715736,18.90725778,16.56051162,15.44518739,9.058763433
17040,17.28631832,19.10798089,12.87760687,15.14620591,16.06165357,19.52023444
34276,21.23461043,15.25017708,16.01058561,19.83455475,20.62905155,7.041020579
1054,15.96035405,13.62162649,13.59769893,17.51198828,18.65141577,20.65691647
18363,28.58251548,14.33767393,11.78984476,8.821704628,8.978914112,27.4893471
4748,17.56183296,15.85640577,15.76843761,20.49553337,19.26681689,11.05097341
28007,17.61901917,13.14689693,13.20170544,17.69279262,18.95221628,19.38736957
28419,17.61901917,13.14689693,13.20170544,17.69279262,18.95221628,19.38736957
27142,20.59483118,17.96659482,11.41582229,13.06796863,16.82425014,20.13053294
2051,20.10664212,23.43513624,11.01048567,12.83751835,15.36895602,17.24126161
12819,20.03949813,18.74176285,13.35577006,12.64410714,13.43892367,21.77993816
28872,18.04676262,8.099905744,16.07010797,20.14041426,17.51610683,20.12670258
17079,26.36392326,18.70008162,12.02518432,11.58592094,8.790117619,22.53477224
17459,26.36392326,18.70008162,12.02518432,11.58592094,8.790117619,22.53477224
28734,18.16706209,13.70457864,17.26974811,21.25583161,13.70640584,15.89637371
34942,18.76554563,16.54494992,11.03806715,13.66408041,19.76942411,20.21793278
19130,20.69246845,18.67713853,12.01202819,16.96449233,15.65885123,15.99502127
21001,18.90744505,16.92530849,12.90740998,13.34167839,18.86629956,19.05185853
24753,17.4672158,14.19056227,14.82263063,18.13992787,19.91320348,15.46645997
27224,19.30832117,17.26603176,14.13145756,17.82864872,13.29863205,18.16690873
967,17.34283601,10.59965393,16.68021173,19.02034613,18.40460065,17.95235154
1394,17.34283601,10.59965393,16.68021173,19.02034613,18.40460065,17.95235154
9913,17.79193884,10.53118603,14.34322672,19.80937922,22.94483485,14.57943434
21861,20.61056857,9.909154008,15.8968753,21.403129,17.72196765,14.45830547
18567,22.86635026,22.29745819,10.70048543,12.11632006,13.38170695,18.63767911
3591,21.85743188,28.05054936,10.83067114,10.87578296,13.30929172,15.07627293
29305,19.64760132,9.508234562,14.46705433,20.05330249,14.85524997,21.46855733
23156,25.8642701,26.98838896,11.88000438,9.451873468,7.491821015,18.32364207
34747,19.04913475,17.88466222,15.6740917,19.23077794,17.93948784,10.22184556
1099,18.65712684,12.08634188,13.33844904,17.36481689,19.85322668,18.70003867
17136,22.13981766,27.43565129,10.57342045,10.03163117,13.30811003,16.5113694
32325,17.40060374,10.70146382,15.13129087,20.68892607,14.4738435,21.603872
32793,17.40060374,10.70146382,15.13129087,20.68892607,14.4738435,21.603872
23683,24.04626374,23.98971694,9.486179393,10.43772778,16.15989304,15.8802191
28023,16.36578545,13.38139994,13.32076412,17.03967339,20.32531244,19.56706467
28435,16.36578545,13.38139994,13.32076412,17.03967339,20.32531244,19.56706467
8275,21.26363962,5.294951037,18.62487796,18.63889661,16.53031675,19.64731802
14410,23.44310466,20.63345253,11.18272429,11.48315571,15.1379261,18.11963671
3657,19.97116974,20.10726176,12.5753295,13.55603168,13.28511181,20.50509551
15755,20.3285918,20.21374025,10.59212312,11.08361979,11.89512247,25.88680258
15969,18.64542865,17.8181598,10.16300934,13.88669373,19.76851006,19.71819842
985,22.19138223,16.80907452,10.64837027,11.28547621,16.06159512,23.00410165
34115,20.50216335,19.60546396,11.62644761,14.31171899,17.12989383,16.82431227
7761,19.41410406,14.06244486,16.92416927,14.08649246,16.73411833,18.778671
21413,21.80553455,26.23983851,10.71776874,8.947813474,18.14783536,14.14120936
23845,19.29548163,20.85489752,11.66694539,10.92123769,16.58539832,20.67603945
30709,18.13461594,9.36167865,15.60736747,18.52080433,16.10239115,22.27314247
6403,20.72303338,12.12725033,17.41004728,21.25853101,16.83044798,11.65069002
15198,20.99841509,13.00547521,12.69519606,17.13712449,22.70117255,13.4626166
15207,21.4186097,19.61855567,10.98425903,12.01029729,14.89229316,21.07598513
34452,17.46277375,16.81544811,13.31082094,16.51770095,19.6558041,16.23745215
40394,19.57600042,16.55977142,12.92288073,15.61990714,13.27539201,22.04604828
12851,19.47083621,17.57207926,11.32892646,9.948643386,15.1470124,26.53250229
7351,22.00510932,15.06601126,14.70315619,18.53217097,22.62478468,7.068767573
19649,22.1730267,22.92435999,10.61106759,8.628603797,10.02582754,25.63711439
21131,19.49359504,14.101128,13.96745116,19.26652888,19.35240867,13.81888825
22012,19.4610135,15.30749399,14.17241067,16.71530211,19.23414673,15.109633
32299,21.31714016,19.90885806,9.476921639,10.73982553,13.96213788,24.59511674
32769,21.31714016,19.90885806,9.476921639,10.73982553,13.96213788,24.59511674
21922,19.77546015,16.92634313,12.50589621,13.06368769,18.88486187,18.84375096
32440,20.54645689,22.878173,10.87824819,11.86308631,14.13795203,19.69608358
32885,20.54645689,22.878173,10.87824819,11.86308631,14.13795203,19.69608358
1844,18.65539087,11.79420246,14.84514219,18.29603103,17.55152728,18.85770618
11304,28.59536154,27.50567173,12.39781266,11.01513392,13.31976287,7.166257277
8618,23.39353611,17.44082334,15.07998789,10.33486164,20.07522985,13.67556117
18318,18.49924872,20.0366364,14.11238981,17.70340777,18.36924139,11.2790759
39841,17.69614921,13.05355436,15.65707069,16.12858263,13.98697165,23.47767146
22073,21.21615497,18.17155536,13.86056703,16.58493018,14.51997346,15.64681901
40014,24.10745715,18.08380353,13.74898342,15.63913204,16.67991524,11.74070861
3882,18.39965449,16.21215228,13.65634236,16.13682398,19.42508928,16.1699376
4295,18.39965449,16.21215228,13.65634236,16.13682398,19.42508928,16.1699376
6561,22.42716236,19.02688948,14.20208866,17.27325128,18.87658694,8.194021276
6958,22.42716236,19.02688948,14.20208866,17.27325128,18.87658694,8.194021276
1271,17.37509791,14.64694116,11.97174807,16.09645069,19.65900192,20.25076024
1694,17.37509791,14.64694116,11.97174807,16.09645069,19.65900192,20.25076024
13980,19.72094884,16.69955738,14.73503003,14.00049412,14.61062764,20.23334199
35481,22.58642438,20.78591877,10.80736041,11.65378698,13.80415532,20.36235413
17900,18.57934435,19.02044801,14.26105078,19.01121585,20.03573586,9.09220516
39782,19.39705168,14.97654921,13.24359644,16.92774772,21.03804258,14.41701237
35489,25.09147827,25.63192095,10.76354871,8.36925558,6.655348482,23.488448
4076,20.58380881,15.69654494,14.47912793,15.7026056,13.40645341,20.13145931
7115,19.39467287,19.03595374,15.36688461,15.52743117,15.51060976,15.16444785
33862,21.93276103,16.09459947,17.10999199,18.23486991,21.07636523,5.551412362
9822,22.70770059,12.88432182,16.41421256,22.26457066,13.53721388,12.19198049
25830,20.1136416,19.79028267,14.0821764,16.33831486,19.36118877,10.3143957
18067,22.13060959,20.71904177,12.03535381,12.18723386,15.38713989,17.54062109
40908,23.65664287,13.84402851,12.64532866,16.99833986,20.57341146,12.28224864
34106,19.38778322,16.94045471,15.60314928,19.69953487,17.37300583,10.9960721
32456,18.22320579,16.85998821,12.28714821,14.0767811,18.36293267,20.18994402
32909,18.22320579,16.85998821,12.28714821,14.0767811,18.36293267,20.18994402
39073,24.68559003,15.8575468,11.4055415,12.25745279,15.46173265,20.33213623
1059,24.45526589,20.13645774,11.56884265,10.42927685,13.81756319,19.59259367
4495,21.50982521,27.34080089,10.46786137,10.14157682,14.44947741,16.0904583
14606,16.17109733,14.23968097,13.34370586,18.95542983,16.75439477,20.53569125
14960,16.17109733,14.23968097,13.34370586,18.95542983,16.75439477,20.53569125
3322,25.22618164,25.08497328,12.59230377,13.28691482,12.74503849,11.06458802
12087,20.12771831,17.82321971,12.60680107,14.18950884,13.163656,22.08909607
6425,21.4947208,16.0322146,12.24130528,14.96553519,20.22242472,15.04379941
33729,20.58928378,14.60267917,13.69946074,17.08599798,16.15400146,17.86857688
3834,16.86397515,15.25041761,15.07424111,18.86621085,19.29038618,14.65476911
30086,21.78788501,16.32887897,17.54143248,20.02977005,11.66303756,12.64899593
34229,20.44118164,21.35532397,13.66740769,15.88403429,12.17073756,16.48131485
35519,22.48037382,24.6796702,10.66963345,11.03556025,10.99602689,20.13873539
12640,23.65672225,20.17869143,13.83013209,12.41723438,17.42208626,12.49513361
22359,20.45993709,20.8855226,11.49026315,14.56180941,17.55443679,15.04803096
36737,17.97919756,17.41376323,14.01251694,17.32613005,24.88033694,8.388055281
17738,19.94521878,20.59281455,13.68056649,8.845470582,16.25025471,20.68567489
1529,27.21537984,17.33812507,14.01893085,14.46251667,15.52782406,11.43722351
6357,18.66077722,18.80062335,12.22252163,14.88369314,16.07378111,19.35860355
10067,20.55355426,10.82067082,20.07818696,24.69401526,17.48357442,6.369998283
4246,24.74108379,22.97919692,12.72335513,13.22364905,11.52508807,14.80762703
19945,26.03431099,21.73592937,11.75088654,15.33370209,15.26748982,9.87768119
2000,21.88788887,15.41973687,13.68102397,17.22215884,19.13034044,12.65885102
34029,18.83181486,23.00745703,12.71024105,13.03497543,12.32966153,20.08585011
34506,18.33919542,6.458426661,19.69337186,21.04577053,18.47859845,15.98463707
9546,18.86931021,17.10571326,13.86351976,19.89657026,20.28353232,9.981354186
17036,19.6861031,19.31656588,14.1552945,18.95963824,19.03884427,8.84355401
26351,20.92764738,22.20420857,12.56423136,13.6174662,11.12503888,19.56140761
26773,20.92764738,22.20420857,12.56423136,13.6174662,11.12503888,19.56140761
31439,18.80606538,18.32339031,12.16684345,13.86829912,21.6748088,15.16059295
31908,18.80606538,18.32339031,12.16684345,13.86829912,21.6748088,15.16059295
33104,18.98124403,23.55543204,12.02789844,12.56484955,13.4335507,19.43702523
12836,19.46840711,13.23660502,13.80048939,16.49300873,14.13291861,22.86857114
868,20.66949716,12.08687747,15.78990093,19.70300603,17.66102458,14.08969383
28909,19.85788443,13.98393078,18.41801115,23.49826823,13.92471442,10.31719098
11513,24.15007054,16.784698,14.89041297,20.02048701,12.22766537,11.92666609
21733,20.89555703,13.35303999,19.00987624,16.76432043,14.08387036,15.89333594
31868,20.03634523,17.82943374,11.9902112,13.71247182,22.65781597,13.77372203
32005,18.20326037,16.67922893,11.84162123,14.22042101,21.82445036,17.2310181
32497,18.20326037,16.67922893,11.84162123,14.22042101,21.82445036,17.2310181
25080,17.97815439,14.21713717,16.44631712,17.03929917,10.62931673,23.68977542
28065,21.34904776,10.05819155,18.42676976,22.60096194,16.43877764,11.12625135
28472,21.34904776,10.05819155,18.42676976,22.60096194,16.43877764,11.12625135
17116,17.54121928,12.9712472,16.12977927,21.9116138,16.47658744,14.96955301
15901,22.97861021,15.01023755,9.136930491,11.37010654,11.64211057,29.86200463
30967,22.89248004,17.12791635,10.20200858,12.73910433,14.52729935,22.51119135
23188,20.54457966,17.9870841,13.18161405,14.40886292,13.90582624,19.97203303
22067,19.12043072,16.54153415,13.86130319,17.50876044,20.11386809,12.85410342
27533,27.47987789,24.1520088,8.784486153,6.312816931,7.5826559,25.68815432
2942,27.74285678,21.6860808,10.80098256,10.46999975,11.82263029,17.47744982
21550,18.68664863,6.574324007,19.04647259,21.23306264,17.95517359,16.50431854
1551,25.68815201,19.84113088,16.28358382,15.99009576,10.40245631,11.79458121
2400,23.06238144,13.8702885,15.74718316,19.80909036,16.48154265,11.02951389
4574,18.4257195,11.11818947,18.50980347,23.1280228,17.61342347,11.20484129
4410,17.67639191,13.08981119,17.59897542,20.13686736,20.5587055,10.93924863
28264,19.1517388,14.26600503,15.99984154,20.55313266,19.17449578,10.85478619
28696,19.1517388,14.26600503,15.99984154,20.55313266,19.17449578,10.85478619
6762,18.6885,3.534079151,21.13926225,20.15698678,16.40666255,20.07450926
21715,17.09986073,5.454886131,18.42652298,20.20865702,20.92435338,17.88571976
28059,18.32736033,5.671339195,21.11616895,28.93017232,12.23296825,13.72199096
28475,18.32736033,5.671339195,21.11616895,28.93017232,12.23296825,13.72199096
4321,20.13810545,19.66533995,12.33139804,13.28027146,20.63784096,13.94704414
7934,18.37053792,11.94866119,15.65374704,18.13848318,16.81149684,19.07707384
21028,19.35727621,11.59618748,14.25126181,18.01652825,18.34545987,18.43328637
21419,19.35727621,11.59618748,14.25126181,18.01652825,18.34545987,18.43328637
21764,18.19670522,16.13938278,14.33224022,19.33086141,14.76712273,17.23368764
15251,19.12525868,23.53082505,10.02916761,12.9392444,17.93723416,16.4382701
9240,21.8137037,15.67302462,15.1496191,19.5638558,17.85174638,9.948050416
10480,23.36097673,14.79045155,16.76721664,21.3794622,12.17013032,11.53176256
15090,32.00371854,14.01330962,12.40061951,12.20645751,7.769226723,21.60666809
2386,21.77784137,24.75498573,14.7179178,14.35399108,14.08519348,10.31007055
20938,19.49559572,19.80730106,10.14742699,12.70025779,16.65656796,21.19285048
33540,21.03353553,24.65326424,10.07519881,10.52289063,15.11476201,18.60034879
9338,16.35599072,4.321732498,19.37898456,26.11604807,17.50827526,16.3189689
2539,20.56145715,23.42694412,13.80084023,13.96171079,14.84520283,13.40384488
19449,23.2388174,15.7903771,13.96235291,16.90203684,19.73072807,10.37568768
21523,20.91290791,9.99383067,20.45029833,27.01301889,11.03524507,10.59469913
21887,18.07928712,11.66629231,14.04546598,18.83371727,22.39360791,14.98162941
4627,16.48017353,9.700959721,17.78920645,23.67456813,16.55879764,15.79629454
2251,20.3711625,19.9639417,11.0478784,13.37167547,13.46627996,21.77906198
26217,19.09491911,18.13276545,14.14677245,17.95954366,17.40122556,13.26477378
26632,19.09491911,18.13276545,14.14677245,17.95954366,17.40122556,13.26477378
16236,25.91403512,21.27709206,11.51060785,14.32620618,13.25907323,13.71298556
32288,18.49589923,16.06022367,12.50594908,16.94704098,18.43328546,17.55760158
32758,18.49589923,16.06022367,12.50594908,16.94704098,18.43328546,17.55760158
34478,16.41150536,16.6229657,11.86465457,13.79255538,20.63425485,20.67406415
14284,19.9359791,18.89442517,12.58188156,11.45590899,13.46663386,23.66517131
838,20.37699786,19.22213968,11.05925906,12.04969428,17.43548961,19.85641951
4731,18.34425956,17.56652925,13.96385173,16.80698298,17.62454734,15.69382915
37156,19.75098141,18.69873451,12.25067826,12.37982703,17.80971513,19.11006366
1655,18.22635566,9.875058644,18.66626278,18.12511007,14.87906044,20.2281524
14894,20.13893984,24.97567768,11.82069484,9.984984948,14.92412774,18.15557494
33413,20.89253684,16.45949761,13.27555505,15.71100478,15.02499998,18.63640574
8204,21.57167851,17.69297524,12.91407287,13.85593709,16.80306291,17.16227337
24064,29.9513987,30.42368896,12.54690871,10.68393795,9.496716856,6.897348828
21212,17.4878584,19.64021739,13.62025233,17.77279234,15.94059228,15.53828725
30402,18.67911041,20.59443182,13.62437106,17.35583915,22.10431853,7.641929018
33178,18.56278944,17.31394667,12.25036197,17.29092863,17.52401517,17.05795812
4532,19.3857021,20.80699177,11.23761371,12.22632035,14.40786864,21.93550343
7374,25.66259043,17.18554527,10.08672655,8.135008605,9.418703792,29.51142535
21181,21.89628606,16.05054279,13.55114027,17.05169615,20.12400761,11.32632712
25930,24.03317098,16.62535944,16.74009691,19.04321296,13.68089301,9.877266696
2472,19.79839843,23.70209022,11.86972163,11.55365266,19.30991553,13.76622153
14538,23.9636374,17.15681254,9.225215534,11.27413737,16.75053762,21.62965953
27278,20.21767854,16.99660934,15.94882133,18.61520706,12.71561965,15.50606409
14666,22.08989974,19.90793118,13.12185627,12.45569489,13.79677166,18.62784625
14983,22.08989974,19.90793118,13.12185627,12.45569489,13.79677166,18.62784625
19707,20.73303683,18.54645493,15.12364643,15.30931976,17.39056055,12.89698151
2703,25.68415989,27.43631566,11.88682724,12.05525,14.27451129,8.662935924
18765,17.77208708,18.9202663,12.35261669,16.07643377,20.02565279,14.85294336
22888,22.33110994,13.20613498,14.0696427,17.24309229,20.7538397,12.39618039
34463,18.85720411,9.800331084,21.60592263,25.6991601,15.74404934,8.29333274
17072,27.3313507,23.925819,11.02820752,8.193951148,6.693409854,22.82726178
17926,27.3313507,23.925819,11.02820752,8.193951148,6.693409854,22.82726178
8891,19.64882738,1.240812404,22.04861741,27.46177714,14.98366137,14.61630431
9313,19.64882738,1.240812404,22.04861741,27.46177714,14.98366137,14.61630431
12318,18.21235027,20.62182109,13.7762341,17.09950817,13.68409314,16.60599324
13368,21.74117859,23.70681949,8.610365961,10.81370246,16.72316755,18.40476594
15384,26.24381318,24.31306074,11.6087517,10.09840932,8.549297915,19.18666715
27115,18.99738028,19.94054783,10.12975415,12.65052147,23.3098602,14.97193607
29606,23.33918684,19.38175259,13.30731407,11.91917338,9.974500261,22.07807285
34406,18.80830946,22.48313612,12.53115728,12.8082303,15.17258548,18.19658136
3697,19.44085385,12.65812524,17.75092994,21.09839384,16.54426823,12.5074289
7559,19.32466947,13.86325616,15.42678091,18.60983405,15.52631207,17.24914734
15010,22.07198617,26.49305561,13.58281542,13.96545807,10.08472396,13.80196078
36584,21.3129558,20.29029174,11.18162172,12.11853753,15.24482678,19.85176642
14681,20.94211457,26.22123797,13.5897403,14.87208178,11.22821316,13.14661223
6177,19.55476653,19.98543156,12.79986039,13.17138175,20.5468614,13.94169837
7270,17.85353838,20.86946545,11.59840187,13.23746854,14.71723126,21.7238945
31398,21.65573552,19.60322016,12.04520305,12.60287798,22.03179557,12.06116772
15545,23.23898945,21.78034787,10.24837269,10.31859526,15.24663762,19.16705711
34863,20.26994183,24.09853202,10.66073619,8.687678295,16.90168545,19.38142622
1166,21.51060348,27.06375729,10.80175579,11.10676012,12.39272324,17.12440008
14695,20.85256979,23.31894176,13.59984484,16.62630646,21.43105024,4.171286906
38463,20.66245042,16.0670733,9.75482263,10.15647968,17.13506869,26.22410528
7994,20.50830038,15.45530324,12.63871056,13.17867099,15.38567314,22.83334169
19085,33.46037708,12.36918663,15.38776184,9.90817434,13.73879465,15.13570545
15915,24.38259942,26.05259118,12.72719247,15.05591941,16.99902864,4.782668878
22239,24.1000596,18.43294548,14.28170207,16.55536707,14.26880195,12.36112384
25567,23.20549731,23.73415688,12.02324362,9.408951371,9.996394231,21.63175659
3559,20.21223313,17.05465756,13.17845483,14.98302081,20.49799164,14.07364204
14398,16.13993292,8.518381843,17.36046561,19.73477808,18.28577224,19.96066931
22228,21.9928833,21.94385699,11.95975324,15.66035669,17.79728693,10.64586286
29960,18.70979683,20.47867375,11.90765475,11.50326152,17.93994174,19.4606714
4038,19.08869587,7.328456687,17.38737913,22.01512872,20.51354829,13.66679131
32317,19.12180674,12.61424014,13.2520362,15.92587496,14.17594374,24.91009822
32788,19.12180674,12.61424014,13.2520362,15.92587496,14.17594374,24.91009822
3613,16.87799297,10.64049194,15.72682162,20.0919041,20.83653818,15.82625118
24644,17.92702335,16.2240467,14.59222429,17.67137936,15.51211341,18.07321289
30843,17.11088119,12.64664492,11.96283242,15.11399936,15.84712723,27.31851488
33324,19.45344874,22.41993141,11.21203634,13.43560737,12.71892996,20.76004616
34255,19.45344874,22.41993141,11.21203634,13.43560737,12.71892996,20.76004616
18142,23.06450072,19.35837219,10.08939466,8.61487339,15.92735619,22.94550285
33189,21.48158868,21.91124538,11.13245437,11.6717552,17.16951121,16.63344516
6815,17.6959185,12.95638593,17.99403196,20.45389844,23.62577009,7.273995084
6290,17.03629724,10.3740444,15.11513674,19.90875925,16.51225483,21.05350754
14782,29.15938136,18.64662848,11.40297788,11.30985621,11.44065573,18.04050033
4483,18.00650973,9.996498927,14.63214478,19.05254295,20.54959869,17.76270491
22166,20.28930732,21.73629922,9.906823031,11.95648992,19.50720949,16.60387102
32923,21.628903,16.65100005,16.97713021,17.19687574,21.64243551,5.90365549
34816,19.25482861,20.47249761,10.59520262,12.03866578,15.63419751,22.00460787
7781,21.86086771,17.70362629,13.28347176,16.13961489,18.48137259,12.53104675
25525,19.21140925,22.43707802,14.2414019,15.50963032,18.56355179,10.03692871
30856,21.75304155,20.59510905,12.96629755,13.66863717,14.2362701,16.78064458
30936,24.08224745,19.65906227,13.31398155,13.79979971,9.453221888,19.69168714
26478,17.82818202,16.05648822,14.16835134,15.21286347,19.62607433,17.10804061
26950,17.82818202,16.05648822,14.16835134,15.21286347,19.62607433,17.10804061
7207,19.74681497,14.91510637,13.56999382,16.04934632,16.59458352,19.124155
20302,18.74809451,12.59753991,12.71523844,16.61592435,15.63324501,23.68995778
20733,18.74809451,12.59753991,12.71523844,16.61592435,15.63324501,23.68995778
27200,20.72955369,22.41805436,11.58665532,13.25680045,14.08351685,17.92541933
36746,26.22745064,20.0374004,8.881571403,9.105543581,13.66493583,22.08309815
3730,17.15158341,9.726119056,18.00062924,23.12949162,17.26364695,14.72852972
4050,17.70032529,5.747784445,21.16976475,27.37703933,14.05346121,13.95162497
4901,20.51515575,15.172212,13.40509145,18.91394932,21.87521889,10.11837259
13208,25.39959088,23.3621194,10.17949733,9.078343684,9.798942131,22.18150658
15724,26.80897646,19.64570302,14.32906434,11.59888963,6.284485781,21.33288078
2962,28.40447613,17.77739867,13.60439075,12.18258179,11.2669416,16.76421106
3334,28.40447613,17.77739867,13.60439075,12.18258179,11.2669416,16.76421106
15554,14.77876414,6.33994977,17.28446972,22.71617553,20.11460553,18.7660353
23968,23.14625706,21.83619492,12.38912673,13.7680391,23.49792779,5.362454402
33179,20.1324744,18.25088482,15.21327059,18.08718543,17.6576185,10.65856626
2041,18.87705467,21.72298379,10.89142723,11.47066348,15.2170668,21.82080402
4967,18.35360265,9.41580157,19.55558562,24.60520464,19.40749751,8.662308009
15487,15.58010307,14.24608366,12.72130211,14.57098389,21.33684217,21.5446851
16933,21.410013,9.50749752,13.63835543,18.16555816,14.82205637,22.45651953
17364,21.410013,9.50749752,13.63835543,18.16555816,14.82205637,22.45651953
8192,28.91710159,19.46702975,11.65833104,11.93930613,10.15978135,17.85845013
16330,26.85985138,24.4009454,13.85977656,11.97937425,7.217630405,15.68242201
6721,17.30444363,8.850642467,16.57469302,21.39571237,15.27904915,20.59545936
33197,21.75627337,16.10639348,14.1209531,16.0509294,12.95203917,19.01341148
33644,21.75918714,16.10855057,14.12284429,16.05307907,12.95377381,19.00256513
4281,23.77672679,19.48059083,15.75997502,16.00339434,16.57871886,8.400594164
2507,23.71360087,18.60567763,15.47136615,16.49473079,17.59153276,8.123091817
6050,24.24842253,10.9806449,18.8223207,22.58375884,16.60505538,6.759797658
2043,19.71926694,16.32043598,14.54141707,16.10379702,12.57167632,20.74340667
1052,21.24469291,19.62357475,11.51458697,14.35068,17.93153713,15.33492825
1468,21.24469291,19.62357475,11.51458697,14.35068,17.93153713,15.33492825
28118,22.55252334,21.05885937,10.02847185,13.22678559,16.09938432,17.03397553
28512,22.55252334,21.05885937,10.02847185,13.22678559,16.09938432,17.03397553
16313,21.2692699,16.7475688,14.03851222,17.13032062,20.37913938,10.43518908
14174,29.17808694,26.40742676,12.71370381,7.802673606,6.267270834,17.63083805
32191,20.42855856,19.70402317,11.791739,15.2415927,18.24018309,14.59390349
32673,20.42855856,19.70402317,11.791739,15.2415927,18.24018309,14.59390349
1341,23.55702764,17.91992244,9.484228003,9.609346182,13.79727359,25.63220214
23030,23.49105365,19.42622244,10.0801868,10.83150648,10.17136102,25.9996696
1728,21.28320074,19.08930845,10.7679199,10.70933293,17.58487801,20.56535998
22563,16.72470142,12.67743044,14.81449119,17.6575563,20.41989788,17.70592277
27297,18.48146378,6.372970787,20.2731733,23.86753733,14.62306664,16.38178816
24800,21.96031405,26.22579429,12.93353315,12.24965212,13.15936723,13.47133915
25822,22.84754862,24.68022307,13.20534136,10.86317367,9.729435578,18.67427771
25872,20.73216241,24.9132855,14.74487987,14.67997921,16.45222336,8.477469653
32698,19.90987034,18.21444402,10.75998974,13.11882981,18.40786735,19.58899873
4251,20.08546439,8.202893578,17.39505149,21.46132053,12.23205066,20.62321935
9058,19.21676796,18.43665106,11.58983914,15.5719172,16.48643821,18.69838643
13371,31.32532631,24.75912631,11.61443765,9.845455786,7.638110785,14.81754316
24900,19.72334117,20.07386908,13.06588289,16.10340411,17.81708892,13.21641382
17261,27.32635704,16.47934433,10.55179492,7.55680551,10.51380917,27.57188903
21578,22.31923319,15.67076316,13.38008909,17.14447017,21.84955565,9.635888732
21877,22.08306422,13.79203844,18.04123182,22.55860075,18.66387049,4.861194278
33583,21.51852258,25.32429954,11.02023373,11.72772413,13.80071815,16.60850186
8707,22.05569048,19.88401366,8.741684828,6.813504985,14.59620084,27.9089052
34599,22.66626928,19.56926471,15.25441821,16.66934877,10.93574309,14.90495594
18311,28.04884051,19.06291616,13.59059393,10.48683221,11.17252692,17.63829026
21744,20.24351387,17.49045954,14.04314694,15.71549744,12.56674844,19.94063377
34732,23.01162759,24.70690612,13.75926967,14.75140555,16.18754017,7.583250891
6983,22.18166382,27.00360749,11.38907965,11.54901596,11.53151523,16.34511784
7290,20.64742607,14.46246769,11.54892901,15.00480642,21.51719177,16.81917904
25984,21.11009608,18.38444331,13.04509793,14.974666,16.70340691,15.78228977
25471,18.48400793,15.24062423,14.64889779,16.97083403,20.80668173,13.84895429
32250,20.06213664,18.6774792,10.53443648,12.87267609,18.56639825,19.28687333
34104,20.58772091,15.31622418,12.58658203,17.36077126,17.44916724,16.69953438
24274,24.70096833,21.07055293,8.579961782,6.926891467,15.43278586,23.28883963
40217,27.87440475,24.00543521,11.76669419,8.848028135,10.14097686,17.36446085
15868,18.93985355,18.26275843,11.42947775,14.09815553,16.80466172,20.46509302
21064,20.54861498,22.76818342,10.33784286,12.08077662,18.22496481,16.0396173
24820,20.07140953,17.42280422,17.20166642,19.15579688,17.86964033,8.278682619
26276,18.32567062,13.04076664,12.68097653,14.85518158,22.31766624,18.77973839
26700,18.32567062,13.04076664,12.68097653,14.85518158,22.31766624,18.77973839
7068,19.90200412,17.75737988,12.89759568,14.0570519,19.8181074,15.56786102
4114,20.04867798,22.12751362,11.83047591,13.73389684,21.69816355,10.5612721
37630,25.2454299,9.569821556,12.71314204,15.98746676,15.40531682,21.07882291
40096,26.1079286,19.50644598,13.38135648,13.98276351,13.35524563,13.66625979
17486,17.83246069,4.241014795,16.65836582,22.04634555,20.52683605,18.69497709
22513,17.88329223,17.63017307,14.323876,15.71028347,12.2146294,22.23774582
32377,19.76441436,21.44199335,11.13451807,13.5875634,21.51655479,12.55495603
32836,19.76441436,21.44199335,11.13451807,13.5875634,21.51655479,12.55495603
33748,30.5985185,20.94162473,9.629038494,10.11486424,7.25976629,21.45618775
34068,20.9178533,14.17600019,12.81731436,17.05511291,18.37338395,16.66033529
6039,27.13281784,24.22464343,10.87095355,11.50684876,20.93496938,5.329767041
13763,27.54600717,19.42580882,12.02188641,11.38543752,12.5571323,17.06372777
30907,25.32387262,12.44119768,10.41585404,13.03937274,12.99769612,25.7820068
4509,17.78614594,8.880903513,17.0740687,21.5052927,17.64384075,17.10974839
15838,22.04725947,20.39640116,12.55137593,15.55644924,14.77629713,14.67221707
29200,18.22037988,18.25966455,13.60900464,14.26795323,13.266052,22.37694571
1542,27.01372454,23.76746184,11.98200002,12.13429694,13.16388463,11.93863204
6395,19.70248819,17.33462643,10.95927678,11.583459,15.01041906,25.40973054
33129,20.65725512,15.00380131,12.4195405,16.36513525,18.03851937,17.51574845
18060,20.59658169,22.75226586,12.99563466,10.78807075,19.13349248,13.73395455
35513,20.59866675,21.34401427,10.50760755,13.63709115,16.77213214,17.14048814
36224,27.60997417,21.25883684,10.33783836,8.554430104,8.411786123,23.82713441
4941,19.14489873,12.60984003,16.31734833,21.08011214,23.43262925,7.415171525
34932,18.84158704,19.71275406,10.50445242,11.86192403,15.89777875,23.18150371
16255,23.27180951,22.66217628,11.94395559,11.16539886,14.08100164,16.87565811
19152,21.23539266,20.68460252,11.19868144,13.04193121,16.8307859,17.00860627
25493,23.01127817,27.52095377,13.21666185,12.24796978,12.36270569,11.64043073
29050,18.14617078,10.77931148,15.95721663,21.79641319,18.56506358,14.75582433
29563,20.70181261,15.33081559,17.15045451,19.74010369,13.87661247,13.20020113
21967,21.07403563,22.97037286,9.867171623,11.33449895,17.25665753,17.4972634
14912,21.33951149,18.63150586,12.9722211,11.93083724,14.68173044,20.44419386
23031,24.67100751,20.84241645,12.44227991,13.84697498,22.62571194,5.571609203
27719,18.85660198,17.83959501,14.48223399,19.18548334,19.79350439,9.8425813
3629,17.66616961,7.411293357,18.36586106,23.82003383,16.48154062,16.25510153
10580,20.76685041,16.35896775,11.12115995,12.54134502,19.47769654,19.73398032
25517,21.56475372,20.44575712,14.30159606,16.4212528,14.82133489,12.44530541
32331,18.84153469,17.35287538,13.95429746,18.64062445,21.80808874,9.402579277
4437,21.61174375,15.41279351,12.97137084,14.76324573,21.3855501,13.85529606
18733,22.63057439,13.13920582,13.99290449,17.39922408,21.14828445,11.68980678
1871,19.93498144,20.75293297,12.88947227,13.7852069,13.68076183,18.95664459
16328,28.00668893,28.039147,10.65624066,7.780913125,9.134913314,16.38209697
16723,28.00668893,28.039147,10.65624066,7.780913125,9.134913314,16.38209697
15035,31.57522528,22.01161671,12.08349587,10.52783421,9.903242627,13.89858531
6574,25.50389506,26.22260458,10.83408106,10.59188711,10.90721209,15.9403201
36887,25.00106177,22.88841065,11.9935973,7.624587089,15.037012,17.4553312
29469,20.68021697,10.4921812,13.07607889,15.79010531,14.53277882,25.42863881
1438,23.75944365,16.27050984,12.57775973,14.6561658,14.45185418,18.2842668
6586,18.29903904,17.99217388,16.01788854,18.16371068,20.3868859,9.140301969
6994,18.29903904,17.99217388,16.01788854,18.16371068,20.3868859,9.140301969
33703,19.27151816,12.97716895,15.79682634,18.27587466,15.50928045,18.16933144
578,20.42409185,19.88776794,10.31054251,10.01562664,14.93170925,24.43026182
9468,22.38186478,19.86684776,11.75846943,10.98639084,18.15821831,16.8482089
28050,20.28167675,18.95855744,11.13297315,14.29331187,16.72422597,18.60925483
28457,20.28167675,18.95855744,11.13297315,14.29331187,16.72422597,18.60925483
10080,22.01335409,17.73470586,14.60621815,18.53752812,21.01844093,6.089752841
15206,19.00632228,13.50426884,12.79187823,15.61198031,21.49258223,17.59296811
25178,20.99114186,24.28541648,12.14216298,11.46259132,14.33196668,16.78672069
2076,19.20418085,17.66332279,16.54014167,17.2900639,21.72260951,7.579681283
9257,29.87821086,22.31070774,11.36035966,12.12122792,8.053176811,16.276317
9655,29.87821086,22.31070774,11.36035966,12.12122792,8.053176811,16.276317
12740,22.04606406,24.6714972,10.63590153,11.05289058,11.92089566,19.67275098
21322,19.38840853,21.48590911,11.38200087,12.55919495,18.66206167,16.52242486
22453,21.76824068,23.36145115,10.92181134,8.46040735,13.06152271,22.42656677
27931,19.6609573,18.91633233,11.78791387,13.90737919,13.55746974,22.16994758
28353,19.6609573,18.91633233,11.78791387,13.90737919,13.55746974,22.16994758
653,24.50773294,17.17896913,10.18273885,12.78804872,14.75615693,20.58635343
32924,18.14791252,14.43005793,12.01901989,12.7734001,18.92784499,23.70176457
9341,22.15012948,22.35034504,10.96861377,12.81155819,18.03396378,13.68538974
4097,20.42453148,11.39648306,17.90233533,20.48391247,14.00823089,15.78450677
27056,20.37079787,18.96894848,14.26930584,18.40279003,19.64363934,8.344518445
29097,18.49118155,2.356973148,26.26358437,29.85603994,12.95681868,10.07540232
25805,26.1875337,24.62582675,11.24975017,10.6450919,17.51231095,9.779486539
9900,19.80927049,19.13642686,11.9118462,15.46525443,14.50987375,19.16732827
1137,25.05713883,23.53461499,12.70404691,12.58121282,13.64839299,12.47459346
1590,19.03490529,19.89084348,10.95804314,13.14756393,20.78814633,16.18049783
1989,20.14252779,19.01884997,11.95564973,13.19759593,12.74511332,22.94026325
14975,27.84144377,19.45208806,11.49066359,12.85701354,12.79668449,15.56210655
32291,23.82051054,19.081467,11.09812066,10.71373925,10.18495584,25.10120671
32775,23.82051054,19.081467,11.09812066,10.71373925,10.18495584,25.10120671
1657,20.813911,18.91897741,15.85808809,13.48371754,13.54460155,17.38070442
27748,23.44795842,20.83843237,10.38836261,7.33171169,7.102244864,30.89129004
7456,21.14847422,15.91235541,13.61996899,17.04063137,8.431778453,23.84679156
35089,17.73996115,21.73866512,10.14472544,10.78225295,20.58353682,19.01085852
7815,19.57169581,17.74879443,14.93111405,18.02768158,23.18434538,6.536368753
25990,27.50351075,27.91617024,13.80957058,11.84800075,11.54369051,7.379057165
7532,23.21276973,21.85171115,11.95567291,15.28662081,14.06511057,13.62811483
30479,18.61726937,14.47004372,11.67986505,11.41643038,12.56147766,31.25491383
278,17.99643562,22.99099982,10.07619052,12.19091112,19.95683534,16.78862757
18376,22.9952521,17.15875528,12.03964092,16.06837076,13.0027968,18.73518413
36656,21.50459642,18.97103952,10.90158594,11.45737738,18.55477549,18.61062525
18023,27.05318421,20.63717149,9.268031426,8.040927101,11.7531355,23.24755027
14412,19.5781123,12.37682782,12.9744865,15.55075116,20.34761924,19.17220298
30641,32.97614167,6.761281274,14.05575802,7.899629334,5.817727612,32.48946209
21853,20.73344259,23.53932773,10.00427493,10.20520213,13.11141237,22.40634026
1002,20.76024158,19.56612786,13.36532553,14.79215045,13.23415662,18.28199796
5809,18.42545085,7.478114925,12.65697252,13.62517367,20.18015536,27.63413268
19761,19.43677217,19.15312741,14.40054807,14.74293064,23.88165905,8.384962662
17283,22.52868285,19.31238575,16.48959834,18.47513728,17.80934571,5.384850076
17677,22.52868285,19.31238575,16.48959834,18.47513728,17.80934571,5.384850076
1154,19.85837966,18.41366884,11.52412144,14.12704343,14.79785131,21.27893531
14615,15.96841864,14.38136703,12.28455293,13.4963494,21.31988259,22.54942941
14287,33.98900133,10.02436024,15.85133805,8.953461318,10.89949137,20.2823477
8815,26.37106476,18.60730843,14.27278836,18.18014693,18.84421832,3.724473196
23474,27.42037976,22.29110947,9.878280989,7.950060951,5.038344225,27.4218246
16694,22.00284213,18.52958959,17.64397394,19.69518723,16.72653678,5.401870326
7779,22.60954712,9.745252787,14.8255473,16.83070469,16.15116843,19.83777968
14317,21.27801924,19.49206354,10.81630519,12.63007099,17.58488666,18.19865438
14785,21.27801924,19.49206354,10.81630519,12.63007099,17.58488666,18.19865438
3823,18.22829108,13.04504206,14.32079516,19.75321267,21.03588321,13.61677581
4237,18.22829108,13.04504206,14.32079516,19.75321267,21.03588321,13.61677581
25593,22.18139859,19.45219702,13.25119819,16.35014472,17.31143594,11.45362555
2182,24.45321968,21.88912878,9.91714594,8.684980152,11.09381934,23.96170611
36735,37.09563219,30.57999717,11.79001359,6.924941934,8.972123958,4.637291155
28652,28.87289618,19.89380204,10.25375976,10.2994592,15.28126905,15.39881378
34563,20.84389764,17.24496369,13.90417955,17.04062874,15.92039007,15.04594031
4623,21.65407791,21.51207094,10.76413811,11.09707748,16.43522604,18.53740952
28935,19.9785274,24.13010555,11.57830041,12.12063836,14.20110323,17.99132506
8971,18.63199904,20.76314647,13.46704099,19.11248191,20.40627764,7.619053946
14663,14.68357188,4.600835109,18.29761663,23.49763744,22.59121127,16.32912768
25531,20.24302941,18.06980226,12.02180489,14.28278451,17.69985888,17.68272004
14819,20.36255368,11.63754835,13.34462149,15.67332651,18.8951084,20.08684156
33398,18.51929164,13.72287322,13.85497425,13.72161712,16.81539333,23.36585044
11070,23.99878781,13.0944799,16.53956883,15.56322944,11.47295628,19.33097773
11489,23.99878781,13.0944799,16.53956883,15.56322944,11.47295628,19.33097773
21635,24.78395929,10.71200938,15.15025697,14.5121916,17.71464211,17.12694066
25532,23.17159334,19.21475253,17.56039017,19.79523824,15.61650081,4.641524912
3710,20.93424213,22.65512851,10.41619484,11.88968096,18.36178365,15.7429699
6823,24.4238446,23.04047184,9.68992315,8.862417077,15.19280739,18.79053594
32356,19.82001704,18.90968057,12.15331726,14.74629296,13.55898558,20.8117066
32820,19.82001704,18.90968057,12.15331726,14.74629296,13.55898558,20.8117066
27771,20.62028117,15.45541228,14.10840292,14.10825227,13.31264159,22.39500977
29401,20.59745315,8.919742866,17.06339412,22.19172277,22.99577293,8.231914166
1464,20.9570315,13.49555351,16.74653477,18.14286987,16.10734698,14.55066336
2447,20.99520216,24.59639893,10.23299564,12.72788794,15.37580642,16.07170891
11905,24.92875447,23.99236173,7.907137363,8.453359817,10.82100783,23.89737879
18297,19.19730818,13.4720494,13.21581921,18.27249098,19.51800709,16.32432514
6779,19.85582235,19.73647873,11.69487969,14.24650859,15.72089351,18.74541714
7577,21.35879117,19.02277816,11.46723526,13.94182893,17.7027081,16.50665839
7184,21.88280352,22.73530312,16.06962835,13.33408798,10.52434534,15.45383168
21641,20.43114422,3.084042507,19.87397983,23.17883295,13.26100581,20.17099468
14592,21.4259898,27.46469625,14.076105,15.27732747,12.67550053,9.080380946
14952,21.4259898,27.46469625,14.076105,15.27732747,12.67550053,9.080380946
21799,20.40233328,20.67549186,12.70319954,13.68109777,15.04273833,17.49513922
26803,25.03372476,21.3491265,9.076977711,6.568184371,11.35501914,26.61696752
27209,19.09519412,7.220824182,18.86306401,24.82939248,19.43811621,10.553409
33743,25.39675533,20.30659274,12.85913522,9.05635608,11.07751722,21.3036434
4545,18.07742522,3.888601612,23.51588698,27.90436959,15.22167626,11.39204035
33811,19.23933716,20.65149933,16.08266558,19.20153123,19.78186807,5.043098623
34285,19.51576573,18.25706643,15.87615947,17.34010158,23.26239523,5.748511569
35142,27.30560459,24.60378577,9.946224862,8.301033847,9.582698164,20.26065277
40425,28.11132627,26.651686,11.71417019,9.045163263,12.87912174,11.59853254
4088,21.67258549,26.53177802,12.71000435,13.12949529,11.18046063,14.77567622
25216,24.73543946,24.66717411,8.686809916,9.38209973,18.50644831,14.02202848
1189,19.01246142,12.25323717,18.62518367,19.75386953,22.28274255,8.072505669
5114,20.21714985,12.25644052,12.3555279,15.58550223,19.80189059,19.7834889
9230,23.00717658,18.58616744,13.7398419,18.00064467,20.66780702,5.99836239
4956,21.92252414,23.97330729,13.34298639,14.11936531,15.10806802,11.53374884
2054,26.69082139,23.46356873,10.83204756,8.909664181,9.583800591,20.52009756
2324,22.23968459,20.26073284,12.81829749,16.50640775,17.50311445,10.67176287
9907,16.93261138,10.12637853,15.33029922,20.08269209,24.23970892,13.28830986
10479,21.70177651,21.01188497,12.54443439,13.44374586,15.50359397,15.7945643
39613,26.77024354,23.01430238,13.23248488,9.906956639,19.45033927,7.625673291
13668,30.46659001,14.60690969,12.81884351,13.46544567,17.4432165,11.19899462
6372,18.41549507,16.22697196,15.80116637,16.0432845,17.47493989,16.03814221
1071,21.76590061,24.07978699,9.744232679,9.909305738,19.61871098,14.882063
1479,21.76590061,24.07978699,9.744232679,9.909305738,19.61871098,14.882063
6458,21.0530111,19.74643071,12.7610253,16.47245377,22.03608931,7.930989803
29142,20.5998172,20.95304153,9.238271488,8.980471793,17.15747747,23.07092053
4021,23.49402855,13.98216526,15.55616699,18.21730877,24.31969953,4.430630903
23365,24.83295091,19.09871398,13.62058047,16.19126936,15.31062009,10.94586519
28153,20.33270035,17.61508684,11.23462025,11.31103376,14.57419476,24.93236404
28545,20.33270035,17.61508684,11.23462025,11.31103376,14.57419476,24.93236404
34549,19.86327793,21.41306525,14.61105434,16.54794138,20.43005639,7.134604712
9485,22.33511773,8.204611098,18.78796217,22.22414879,24.9005444,3.547615803
28924,19.90342076,18.75516434,13.30710802,14.67068468,16.36653663,16.99708557
33285,21.2159219,17.96993476,15.99938334,18.83885305,15.62144499,10.35446196
33733,21.2159219,17.96993476,15.99938334,18.83885305,15.62144499,10.35446196
34345,21.90840087,11.17772387,16.02046677,19.89310617,22.94022489,8.060077432
25433,27.6680396,25.97184638,11.97173099,10.00016124,9.894381419,14.49384038
13844,24.06578945,21.11217611,10.52303866,7.752216114,10.7974967,25.74928296
29116,19.86303435,23.58574633,11.78717846,13.34331484,18.75143422,12.66929179
7492,19.47205302,21.23505503,12.53729012,13.55843317,17.77223075,15.42493791
1480,30.42591711,24.04253434,13.71470463,11.4316908,9.932881052,10.45227207
1558,17.31625129,16.15213285,13.70331934,18.04296648,13.78406933,21.00126071
2548,22.71278678,22.23206477,12.81406572,13.79843622,14.43621763,14.00642888
16661,28.72578587,21.7617368,10.130078,8.270985902,9.36922028,21.74219314
30205,21.94173003,5.192737421,25.53317714,24.60827955,11.0435185,11.68055735
1167,21.07477994,14.9010115,14.67418745,15.80506472,11.06861958,22.4763368
1268,29.23245662,19.9651876,10.80516132,11.50105729,17.28302731,11.21310985
2159,29.23245662,19.9651876,10.80516132,11.50105729,17.28302731,11.21310985
23216,27.52771211,17.94089608,13.88977104,16.250168,14.05123551,10.34021725
24703,30.18557883,25.6010126,11.1010956,8.034443433,9.140453273,15.93741626
9027,21.68011857,22.28582449,10.40334507,11.80110999,15.8470901,17.98251179
12769,25.96572685,19.3039977,11.79242495,9.693073295,9.884624747,23.36015246
7340,22.16497402,9.459997914,20.73888261,22.15410168,22.35096722,3.131076559
30962,22.33137067,14.01980662,15.88177976,20.80610696,18.0345003,8.926435692
35026,24.68421489,20.1103749,9.868815648,6.992319731,13.96889382,24.37538101
25492,24.735317,19.10217939,12.78892968,16.98560462,19.3462854,7.041683893
32319,20.95507373,19.96109511,9.875437888,11.64277864,14.73320693,22.8324077
32789,20.95507373,19.96109511,9.875437888,11.64277864,14.73320693,22.8324077
34527,21.21587293,10.25284961,17.72339972,22.58788325,18.96124402,9.258750458
3557,22.53954143,21.2891299,8.605445593,10.02822755,18.16260359,19.37505194
24811,20.50697365,20.7095281,14.53564515,15.92742449,13.96753388,14.35289473
15530,21.90158451,21.33118731,9.236575508,8.298477835,16.11737477,23.11480008
7741,19.83977391,18.29845428,11.26419883,13.98003052,18.13264753,18.48489494
6407,26.52949298,24.54310197,9.839752971,8.406024794,12.42363588,18.2579914
34386,20.48971682,19.25891632,14.50519047,18.09230379,15.8208729,11.83299969
25889,20.21318804,19.74662987,13.98332041,13.17587111,12.77992985,20.10106072
11859,26.37620951,21.30636462,10.63590978,7.975130792,9.739874674,23.96651062
1180,21.42902989,23.74329814,10.55690148,10.96955957,17.44126447,15.85994646
33552,23.47606658,19.04352162,14.14860808,16.17386491,17.27738028,9.88055853
15850,25.54047657,26.8227701,11.40601082,9.533295582,13.38143117,13.31601576
6888,19.67033903,16.50319888,13.42933976,13.76492731,10.40276002,26.22943499
27733,19.44583661,14.61634403,14.91474662,18.60740608,20.27953363,12.13613303
34590,22.26217584,21.70773085,11.35515228,11.1475409,18.02396227,15.50343787
15047,22.67768627,22.42270358,11.8456432,12.67594362,10.30081132,20.07721201
24782,24.76951889,19.90704267,12.349542,16.23430701,19.23452544,7.505063987
25315,30.35065749,24.31557007,15.32307479,11.01471561,9.73607382,9.259908222
35645,20.40681543,22.44890499,9.609313371,11.1496161,13.53261436,22.85273575
1682,28.22264883,21.36823467,10.3353443,8.369833976,9.802092599,21.90184562
9055,16.57102843,10.00588949,16.21335709,20.1584854,22.43538958,14.61585001
28993,23.71139443,23.41225172,10.86994372,14.70637047,20.18770276,7.112336892
24840,23.99924984,21.78665029,9.412162184,10.28779366,15.91955211,18.59459192
17304,27.85676713,21.54832206,9.164123752,7.338579679,8.276533989,25.81567339
23628,35.63903682,19.11241973,15.70959003,10.06719176,5.026303815,14.44545784
39309,24.60504616,14.59625285,11.72702703,7.646891067,13.41493595,28.00984695
1033,17.93522537,19.70393401,11.90526797,11.19280565,20.43631495,18.82645206
27856,20.9785663,10.43499959,17.60566415,22.66393782,22.19016671,6.126665423
28285,20.9785663,10.43499959,17.60566415,22.66393782,22.19016671,6.126665423
25618,21.83475584,17.495245,10.55113538,13.55869481,17.9361152,18.62405378
34851,21.88674936,20.18330871,9.487373352,8.17816555,16.31251146,23.95189156
2062,21.29486749,19.6847563,10.20758597,12.29240644,11.72178227,24.79860153
33202,20.7997338,22.1295768,10.78188847,9.409006583,18.81156329,18.06823105
34700,20.80726658,19.29206276,10.35938457,10.35623498,15.93679068,23.24826043
15821,25.72643546,27.84905349,11.48664901,8.365330338,13.26094879,13.31158291
1426,24.70722392,20.80433181,13.06817115,13.87780917,9.922251328,17.62021263
24652,24.99364079,22.54405317,13.97373245,14.68270695,16.54254119,7.263325449
10402,20.02578002,19.85236017,15.36410238,17.8245613,19.11908747,7.814108666
34120,22.68124809,21.68582641,9.944470643,8.678659445,17.6033112,19.4064842
11799,22.75747523,12.86468461,13.53540398,16.43385404,15.41547423,18.99310791
6513,21.03077139,16.48227047,14.70130833,16.46403499,17.96428468,13.35733013
33843,31.34980982,18.47903301,10.61521362,8.142596208,11.02423605,20.38911129
18458,21.91556397,19.60848439,9.333209679,8.388820527,15.41378298,25.34013845
25646,22.53373519,15.14023944,17.13515302,13.87027409,15.24256346,16.0780348
24417,26.6767935,18.32284025,11.34724171,7.636005408,5.645694217,30.37142491
33311,22.16747605,9.365383743,17.23643613,20.57938947,18.8644948,11.78681981
10395,24.66283672,27.10964043,13.79229288,12.05025414,12.77384625,9.611129583
25859,22.86683488,24.87655322,10.857234,13.92428353,19.42359502,8.051499356
4059,26.79345812,10.04601514,18.53625703,23.80930646,15.62893157,5.18603169
1056,22.02926529,16.8282299,14.13685104,15.81133695,16.55724539,14.63707143
25009,18.68254023,17.1909905,15.97390149,20.90600809,21.64438594,5.60217375
25309,18.68254023,17.1909905,15.97390149,20.90600809,21.64438594,5.60217375
28679,24.99055698,18.48726771,12.08986699,8.938222911,7.024153303,28.46993211
5012,19.47151524,10.19228265,13.98509279,17.63143726,16.32826815,22.39140391
15857,22.12806428,17.42831574,12.01060278,13.55559935,22.93361486,11.94380298
34238,23.35590725,9.203126039,16.83713805,20.21870084,18.63626161,11.74886621
24887,22.86783378,24.12779143,14.72314689,18.91394333,15.09449184,4.272792717
1021,24.92956694,25.84515434,10.50307548,8.281323533,10.173261,20.26761871
1439,24.92956694,25.84515434,10.50307548,8.281323533,10.173261,20.26761871
29667,27.16268429,10.49155175,14.80475114,14.07296781,12.99891289,20.46913214
35614,27.21260238,22.75689844,9.403261074,8.74944746,11.99282922,19.88496143
9472,17.26860365,9.125398446,17.67750961,20.82777899,18.33367959,16.76702972
25585,24.25721511,28.54375031,14.43163386,14.64686784,14.25722048,3.863312401
17780,25.89609828,19.07466604,12.3794027,16.65098341,21.53844725,4.460402322
23494,23.0745161,10.2874791,16.40079875,18.32831197,9.809452617,22.09944146
12849,25.42297302,13.75141555,11.29890197,12.9012712,13.20104626,23.424392
32382,25.22903395,12.58229338,10.70605041,12.12906558,11.98783631,27.36572036
32838,25.22903395,12.58229338,10.70605041,12.12906558,11.98783631,27.36572036
1927,19.20596662,15.21065359,12.51877504,14.33897161,18.09956219,20.62607094
38814,23.88960497,9.10905666,12.1426199,13.00542131,9.178952382,32.67434478
2231,19.89150225,16.50232208,15.23203511,19.52022156,17.35012874,11.50379026
1251,25.62998044,25.51105168,13.64746606,13.44052168,8.14457584,13.62640429
1668,25.62998044,25.51105168,13.64746606,13.44052168,8.14457584,13.62640429
7077,22.3800268,18.12945962,12.69961839,13.19868084,12.16495474,21.42725961
20098,22.84276408,17.77598247,11.93573791,12.94473725,16.13676172,18.36401658
20557,22.84276408,17.77598247,11.93573791,12.94473725,16.13676172,18.36401658
9467,22.84816723,17.40200037,12.52883906,14.86498734,17.45601815,14.89998785
37343,23.06806631,18.02277077,10.53591955,9.968394024,17.20445924,21.20039011
25387,27.87341815,21.09215414,13.02886812,14.27937654,16.68009319,7.046089859
1951,25.82817146,17.31210897,11.85658447,15.19519249,19.26958364,10.53835897
1451,17.46133874,15.35562522,12.72817578,12.71910233,21.68148102,20.05427691
1648,24.4133494,24.11587755,12.11542022,10.51881105,8.661826292,20.1747155
9649,27.07980188,18.91217814,8.803228203,10.14074553,7.458029526,27.60601672
2358,23.79135709,23.88994494,9.68108879,10.09603138,19.4729305,13.06864731
29765,24.40325935,13.42602853,10.17149962,9.320972669,9.712000221,32.96623961
1216,23.85580448,21.53590807,9.324926796,9.083662832,10.08142377,26.11827405
1628,23.85580448,21.53590807,9.324926796,9.083662832,10.08142377,26.11827405
2059,23.28920302,24.67793535,11.18995261,9.940989926,12.87667682,18.02524227
6785,23.02238642,21.81901023,8.778076783,5.225926148,12.1317601,29.02284032
4316,24.1390881,19.02043209,12.07500922,16.66475191,15.59987093,12.50084775
6178,20.47561714,19.03766235,12.3817866,12.58555438,12.08081907,23.43856046
8313,22.7315596,16.87466129,20.40274069,17.06272634,17.75393332,5.174378759
8734,22.7315596,16.87466129,20.40274069,17.06272634,17.75393332,5.174378759
238,28.89437133,25.93160026,8.994514882,6.90351873,8.969980923,20.30601387
33916,25.45805809,17.55182043,13.06926676,14.72138688,16.42979985,12.76966799
26269,26.15008392,16.04332157,12.16257825,12.06748605,22.45218181,11.12434839
26705,26.15008392,16.04332157,12.16257825,12.06748605,22.45218181,11.12434839
34015,24.08893394,17.51650234,14.37427852,16.1632681,16.03627771,11.82073939
25678,18.7109684,20.41633995,15.48619146,19.15505584,19.52934769,6.702096662
14700,24.28386335,22.90380344,11.5343759,10.53553454,14.8014018,15.94102098
34334,20.58134647,20.19956706,12.65299751,13.65317978,20.64059647,12.27231271
11723,26.11585448,19.76693046,10.54867765,9.633215112,12.58607991,21.34924239
21462,21.43515707,19.23178794,11.25317479,10.94019855,10.12974097,27.00994068
30943,26.13369389,19.83679249,10.16155625,8.069306537,7.441837171,28.35681366
21607,25.96883038,20.10381136,13.29725669,16.74889934,13.93697913,9.944223103
9773,25.64653668,19.41234555,8.84315658,11.01488304,10.96599439,24.11708376
6353,21.60054328,8.037992537,19.48567007,22.39120181,22.57510875,5.909483553
6773,21.60054328,8.037992537,19.48567007,22.39120181,22.57510875,5.909483553
32313,26.022034,16.99297204,9.650543916,9.92480393,9.04942926,28.36021685
32767,26.022034,16.99297204,9.650543916,9.92480393,9.04942926,28.36021685
25194,22.37787924,20.97860186,14.71298763,13.74792141,13.70260425,14.48000561
24935,20.25184756,16.26260365,11.44870201,15.33406058,19.0648799,17.63790629
25663,27.75439508,17.54176585,15.89973771,17.44999681,8.621304367,12.73280018
7274,32.18984364,23.68256186,11.2075628,9.311865118,11.44866913,12.15949745
15021,24.18237922,23.55870288,11.71499861,10.74593455,14.54113639,15.25684835
8541,25.45917516,12.33974123,10.51412624,11.19577684,20.62176497,19.86941557
34625,22.95722657,21.57595689,13.14793621,16.02020513,17.88053755,8.418137669
6486,21.84608993,12.66450658,16.42786809,18.47655483,15.45586045,15.12912013
26801,28.8093015,27.5925001,12.302875,14.67873056,13.86117211,2.755420739
7871,21.35991405,15.33082576,12.26774658,16.98351069,20.69116533,13.36683759
21479,25.90209954,18.58021357,13.87071998,17.94894284,12.80148354,10.89654053
9072,23.35347135,10.92884467,14.78376097,16.34861044,24.53788709,10.04742548
16226,24.08821408,20.30142006,14.02437716,15.12301638,9.149709033,17.31326328
16638,24.08821408,20.30142006,14.02437716,15.12301638,9.149709033,17.31326328
15363,24.69728538,22.60304867,9.172555104,8.677860996,14.4170057,20.43224414
6360,21.45528963,7.330108291,19.61991066,23.9325518,18.2118023,9.450337315
6775,21.45528963,7.330108291,19.61991066,23.9325518,18.2118023,9.450337315
7254,22.32843545,23.65582035,10.25830303,9.322568346,19.21988718,15.21498564
8925,25.51113674,19.47497633,8.865094408,11.08818605,13.18112283,21.87948364
28195,21.74883222,18.73993769,11.95374062,11.95110668,13.19241034,22.41397244
28594,21.74883222,18.73993769,11.95374062,11.95110668,13.19241034,22.41397244
15520,24.54633699,21.31734084,9.346863242,7.75947002,11.11067075,25.91931816
7424,20.25381531,3.153357253,17.55245925,22.38140942,21.48937553,15.16958323
1072,29.9218797,19.05764048,12.29985843,13.72261185,16.58525009,8.412759455
10222,18.46554135,17.01906907,12.16153644,15.69595231,22.60514675,14.05275408
1432,24.92258756,21.4936469,11.29391805,8.813451975,16.08229779,17.39409773
29125,21.18186475,20.1086891,14.52019766,16.72803673,18.67707761,8.784134156
20143,24.45140881,23.10761743,12.73110482,14.63470894,12.10812352,12.96703648
20602,24.45140881,23.10761743,12.73110482,14.63470894,12.10812352,12.96703648
15642,20.57747242,11.35517265,14.95690575,17.32312585,16.02525255,19.76207078
22450,25.71834604,23.0208205,13.15607234,12.25513327,9.95059627,15.89903158
41291,23.23015534,21.94178195,10.59350665,8.305311629,18.64574772,17.28349672
1014,23.4892051,19.95023891,12.03009762,10.90991814,20.00356173,13.6169785
6465,24.66779503,9.286161496,22.38815712,20.52777728,19.87768565,3.252423424
15440,20.85138084,24.51242987,13.04003563,14.96721265,22.32409292,4.304848086
22069,24.30528026,23.69540831,11.85870753,13.16986706,12.29596732,14.67476952
34177,20.40415735,24.50529109,14.61453661,16.27517115,13.74391548,10.45692832
17513,37.15480709,27.10720843,13.22692416,7.433807409,8.307383972,6.76986894
5214,30.76196519,23.15175633,11.73288203,9.27023599,13.39488843,11.68827202
18632,25.38081719,14.17346308,12.54051001,10.3573342,14.0818197,23.46605582
19352,25.38081719,14.17346308,12.54051001,10.3573342,14.0818197,23.46605582
24025,23.50734793,12.10584769,13.07189084,11.58497669,18.50267599,21.22726085
2331,23.03284902,20.84046485,13.16574242,10.75226025,20.44798098,11.76070248
21346,19.5651685,8.056361509,14.76232759,17.06742575,22.53270063,18.01601603
9247,19.50215896,14.00455922,11.58667275,11.48936552,18.72019957,24.69704398
3111,24.25504574,11.18227552,9.668849538,11.75942253,12.02127614,31.11313054
21368,29.28209836,19.18573981,13.09824732,11.18520927,5.522621888,21.72608336
14769,23.61155563,20.91783909,9.794026785,7.845546139,10.92947146,26.9015609
2681,23.94728449,7.724685847,10.81554454,12.9088465,10.92892724,33.67471138
17972,19.49694462,12.68939489,10.19710919,8.037161288,16.65073945,32.92865056
7488,20.81328251,21.69079187,10.79507,13.89090797,16.11491298,16.69503467
21644,23.21423167,9.890885459,15.63087954,16.50224228,18.78547927,15.97628179
33088,25.60268984,16.53307152,10.19552478,9.004609652,14.87031796,23.79378625
22180,21.8953099,11.28411756,16.26351719,22.42224634,17.06927377,11.06553525
25924,25.09082213,20.32005588,14.54204196,15.27805551,9.738862112,15.03016242
7530,24.41225729,20.05814113,8.460639995,9.829950685,12.85548106,24.38352984
9922,19.77291307,20.46082593,13.22796383,16.51055584,16.70061646,13.32712487
21757,22.76323335,19.60209197,14.07460735,18.0950718,21.72084379,3.744151737
21435,19.06540174,10.97821514,12.27903474,15.19043465,25.39766267,17.08925105
30389,28.76814135,19.86598606,12.59954592,12.33635118,15.34023568,11.08973982
32184,22.66146996,14.32043095,14.62139312,16.07896069,20.9562904,11.36145488
17414,29.05323185,3.028744532,20.02790276,17.85951815,7.872921603,22.1576811
18421,21.33147802,21.88006865,14.2190485,15.15406068,14.19890461,13.21643954
8625,31.42369528,14.73265531,12.97889366,10.50299388,8.745729205,21.61603267
37695,27.32642513,22.06502408,10.93275626,12.74179094,10.78969078,16.14431281
8871,17.54730815,10.73291613,14.68759425,15.08879512,18.91653564,23.02685071
15994,22.90735004,22.13671448,12.05960485,13.88532909,14.03977659,14.97122496
24830,26.19603784,14.00880425,17.70853112,16.54336257,7.244004444,18.29925978
7657,20.79390449,11.29306429,13.82561758,17.93487831,21.72483041,14.42770492
9717,17.71675592,11.06243657,14.00536809,14.63018158,20.7661456,21.81911225
25739,22.48816778,23.86483099,13.49867219,12.84606029,19.56510062,7.737168123
17913,24.39149703,12.15936234,13.15730137,15.50564175,10.77745263,24.00874488
10025,28.16733731,18.0942384,9.632057015,9.435577707,10.21946651,24.45132305
27354,30.03312715,6.601073418,12.69936053,10.30298434,14.19294828,26.17050628
16355,23.97994203,22.07441397,12.00240764,9.012130892,12.17818081,20.75292466
16746,23.97994203,22.07441397,12.00240764,9.012130892,12.17818081,20.75292466
25526,28.08076183,15.17747048,16.70646505,14.02883607,6.617765462,19.3887011
27829,31.78554464,20.92203599,12.84118784,8.83093977,13.63395291,11.98633886
29048,24.81842278,17.86683812,13.08153772,10.21751003,10.07459035,23.94110101
17720,29.69757894,16.90963442,9.830894628,6.447136524,2.672264441,34.44249104
35040,27.72755894,21.55538886,8.915097535,7.333720379,8.674347629,25.79388666
17622,29.68616853,26.67991929,11.90686405,8.699424174,16.63134825,6.396275706
33564,26.3932261,8.397695153,11.89240559,10.77189312,12.20436532,30.34041472
9640,25.43946564,18.79824393,11.67603606,9.386820529,15.02236781,19.67706604
28830,20.22655257,12.86817386,14.84778232,15.49023116,25.31593305,11.25132704
32367,27.205047,14.55028515,11.461341,12.85854033,10.7096206,23.21516593
32829,27.205047,14.55028515,11.461341,12.85854033,10.7096206,23.21516593
18417,19.99135465,10.18614525,12.17969841,14.92254,17.3231759,25.3970858
7233,28.92954781,16.00001748,11.4941911,12.08255557,10.2797136,21.21397444
2045,22.17739904,22.88308179,13.384932,11.68931489,20.33410211,9.531170166
1161,21.64163857,23.85853111,13.30633878,10.87109229,20.13998206,10.1824172
7460,24.16726702,16.17603501,8.820101064,10.69422556,17.02818842,23.11418292
8900,21.4193243,7.8597719,12.32911568,11.07870346,17.12795813,30.18512653
7018,23.27266976,22.94532599,13.77221199,9.497445251,10.04542885,20.46691816
25845,34.60401894,33.12259792,12.58188691,7.071283011,10.5802957,2.039917523
30165,24.39302775,8.391827849,29.70031885,9.874310311,3.656632301,23.98388294
24747,23.73359201,29.01522898,11.24122203,11.28732321,12.02004242,12.70259136
2065,23.74662771,25.35131179,10.8011158,10.19149992,14.62945471,15.27999006
34157,26.42314088,22.67307073,11.76997062,10.78317245,10.66247205,17.68817327
33230,27.36619478,24.46651062,12.38381375,11.85783489,10.27918698,13.64645897
25278,27.3777048,28.6221692,15.48322728,14.33066442,9.501637555,4.684596735
15964,27.74729264,17.11064997,12.16138542,11.75715841,8.290581529,22.93293203
32120,22.85266463,16.95670347,12.94380657,11.7704685,12.26217372,23.2141831
32644,22.85266463,16.95670347,12.94380657,11.7704685,12.26217372,23.2141831
25473,24.0990163,27.53647788,11.67921607,10.89011629,11.82871069,13.96646277
24950,27.486309,28.18719886,15.22326344,13.81069202,9.171668765,6.120867923
7037,31.25654759,26.51939172,13.05129382,11.76248205,9.500653288,7.909631534
34578,25.66651266,26.04520261,15.30829884,14.62717606,12.14708574,6.205724101
17731,33.80844923,0.780726637,15.0559071,8.164200541,2.50469351,39.68602298
34668,30.36258185,26.08754079,12.33923845,9.871085267,7.072259861,14.26729377
40214,34.84063213,6.145557839,15.8654152,17.63126597,16.56088213,8.95624673
41591,32.13774829,20.96770273,15.2673707,8.580580947,14.20614297,8.84045436
29024,29.48805413,17.91817544,10.21977629,12.10246763,15.6869854,14.58454111
7480,37.97975804,25.31662014,13.96630805,7.849356583,3.193427071,11.69453011
38248,42.82867409,19.30955079,17.95800066,10.09277113,3.246772981,6.564230348
5637,54.18493719,10.93714289,19.97197218,11.22466516,3.373108776,0.308173813
5671,58.64506032,8.613326572,18.74866929,10.5371434,3.166502554,0.289297865
5706,57.38423248,11.26631545,17.95148294,10.08910804,3.03186406,0.276997029
5718,61.82999365,3.590382137,19.80116057,11.12866546,3.34426004,0.305538136
5999,55.11577052,0.979186735,25.14112924,14.1298393,4.246138684,0.387935533
6030,54.29193107,4.551234746,23.56743605,13.24539088,3.980354301,0.363652952
6122,55.11138238,0.979282466,25.14358718,14.13122071,4.24655381,0.387973459
7004,55.77634267,0.964521212,24.77126689,13.92196894,4.183671847,0.38222844
7006,56.5609918,0.947407957,24.33175659,13.67495498,4.10944202,0.375446658
7008,59.27537066,0.888207148,22.81133501,12.82044632,3.852654791,0.351986075
7172,55.11137885,0.979282543,25.14358915,14.13122182,4.246554144,0.38797349
7511,56.88154301,0.940664942,24.15206214,13.57396295,4.079093043,0.372673916
10782,59.50351769,5.959593516,19.7766892,11.11491204,3.340127018,0.305160535
10800,56.68858636,1.852771024,23.74025913,13.34252106,4.009542758,0.366319666
10808,59.66537934,11.55359405,16.48073807,9.26251873,2.783466837,0.254302973
10975,57.59392768,10.6588957,18.17923,10.21710664,3.070328743,0.280511237
10997,60.48011042,2.585719841,21.14943242,11.88642238,3.571972536,0.326342395
11016,63.00618962,1.103402313,20.5517483,11.55051143,3.471028395,0.317119941
11087,53.97907107,13.26719123,18.75561213,10.54104543,3.167675146,0.289404995
11432,54.15278729,1.000195014,25.68052773,14.4329925,4.33723884,0.396258621
11525,56.7636012,0.94323794,24.21812522,13.61109177,4.090250576,0.37369329
11540,55.11137898,0.97928254,25.14358908,14.13122178,4.246554132,0.387973489
12194,55.11554103,0.979191741,25.14125778,14.12991154,4.246160394,0.387937516
12199,53.86363986,13.53613504,18.66770697,10.49164089,3.152828656,0.288048591
12326,55.04801417,1.291607537,25.00102823,14.0510996,4.222476727,0.38577373
12391,54.88971046,2.450769989,24.4279114,13.72899599,4.125681809,0.376930357
12396,54.54937303,6.120918447,22.52117805,12.65737205,3.803649566,0.347508862
12404,54.03353054,1.002796699,25.74732735,14.47053528,4.348520769,0.39728936
13777,55.04096756,1.479001256,24.89775695,13.99305899,4.205035022,0.384180222
14105,60.19786355,0.868316656,22.29448223,12.52996427,3.765362428,0.344010874
14129,54.54739254,6.121185162,22.5221594,12.65792359,3.803815308,0.347524004
14193,55.00271274,1.306410299,25.01849253,14.06091491,4.225426311,0.38604321
16037,59.24131484,10.60670713,17.26577926,9.703728259,2.916054109,0.266416405
16389,61.85338545,0.962156119,21.29275401,11.96697211,3.596178423,0.328553892
16416,55.84800948,3.451816382,23.30594104,13.09842523,3.936189855,0.359618002
16577,53.87114855,13.53393203,18.6646688,10.48993337,3.152315533,0.288001711
16609,59.19482295,8.868495176,18.28774546,10.27809459,3.088656151,0.282185665
16778,61.76787534,0.833845439,21.41519316,12.03578546,3.616857431,0.330443167
16788,55.11137885,0.979282543,25.14358915,14.13122182,4.246554144,0.38797349
17222,59.49923457,7.870424709,18.68495192,10.50133291,3.155741193,0.288314686
17252,61.50646573,2.444746424,20.64244053,11.60148236,3.486345599,0.318519351
17254,53.52852573,7.053490188,22.57172685,12.68578153,3.81218686,0.348288846
17493,55.11142043,0.979281636,25.14356586,14.13120873,4.246550211,0.387973131
17515,53.64181859,10.17912738,20.71703422,11.64340557,3.498943885,0.319670355
17518,54.03805404,1.00244582,25.744938,14.46919242,4.348117228,0.397252492
17586,55.11173484,0.979274777,25.14338975,14.13110975,4.246520467,0.387970413
17714,55.11147744,0.979021965,25.14368191,14.13127395,4.246569811,0.387974921
17726,55.11147814,0.979021956,25.14368152,14.13127373,4.246569744,0.387974915
18057,55.17005146,0.977744461,25.11087249,14.11283437,4.241028558,0.387468662
18058,55.11137885,0.979282543,25.14358915,14.13122182,4.246554144,0.38797349
18437,55.11137885,0.979282543,25.14358915,14.13122182,4.246554144,0.38797349
18449,53.86364298,13.53613412,18.6677057,10.49164018,3.152828443,0.288048571
18472,55.12844638,0.978651871,25.13417699,14.12593199,4.244964505,0.387828257
18658,55.10531225,0.993978137,25.13864798,14.12844478,4.245719619,0.387897246
18667,54.76148572,2.959879828,24.20980703,13.60641678,4.0888457,0.373564938
18684,61.27590252,0.844610648,21.69074471,12.19065119,3.663395917,0.334695014
18782,55.05979989,1.498534198,24.87578803,13.980712,4.201324645,0.383841234
18801,60.11468428,1.157993969,22.17623626,12.46350757,3.745391616,0.342186301
18878,53.81553327,8.045071811,21.83957461,12.27429669,3.688532114,0.336991506
18882,59.03508293,1.864338947,22.38997223,12.58363164,3.781489937,0.345484315
18886,53.67731062,13.59094541,18.74301798,10.53396725,3.165548092,0.289210663
18890,55.11137885,0.979282543,25.14358915,14.13122182,4.246554144,0.38797349
18929,52.72631423,10.38014984,21.12616449,11.87334532,3.568042765,0.325983364
18957,55.37489738,0.973533667,24.99598378,14.04826452,4.221624759,0.385695893
19220,55.11137885,0.979282543,25.14358915,14.13122182,4.246554144,0.38797349
19260,56.91036911,0.940036076,24.1359157,13.56488831,4.076366035,0.372424772
19857,54.26408328,9.940129811,20.49756585,11.52005977,3.461877406,0.316283889
19924,59.62717706,0.880766655,22.61414244,12.70961998,3.819350521,0.348943332
19926,54.03064549,1.002594988,25.7490949,14.47152869,4.348819296,0.397316634
19935,55.00271359,1.306410275,25.01849206,14.06091464,4.225426231,0.386043202
20146,59.29946435,11.9412963,16.46826214,9.255506995,2.78135975,0.254110465
20498,60.82297153,0.854679406,21.94433874,12.33317632,3.706225951,0.33860805
20632,61.72246062,0.835056305,21.44050539,12.05001147,3.621132468,0.330833743
20771,61.67323673,0.836130165,21.46807731,12.06550746,3.625789147,0.331259186
20878,54.75384583,3.715627613,23.78142168,13.36565527,4.016494788,0.366954817
21639,55.00271274,1.306410299,25.01849253,14.06091491,4.225426311,0.38604321
21727,55.12209732,0.978790344,25.13773333,14.12793073,4.245565143,0.387883133
23477,55.11194261,0.979270244,25.14327337,14.13104435,4.246500812,0.387968617
23581,55.11137885,0.979282543,25.14358915,14.13122182,4.246554144,0.38797349
23613,55.74686395,0.965418908,24.7876331,13.93116709,4.186435971,0.382480976
24637,63.60298031,1.174067026,20.16954658,11.33570609,3.406477537,0.311222448
24692,57.45578681,9.341672864,19.01260778,10.68548234,3.211079686,0.293370519
24819,55.09664081,1.01685652,25.13051272,14.12387259,4.244345639,0.387771717
24835,55.11151222,0.979279633,25.14351445,14.13117984,4.246541528,0.387972337
24855,55.07098996,1.518879255,24.85773022,13.97056314,4.198274823,0.383562597
24867,55.87382468,5.273041781,22.24827925,12.50399723,3.757559109,0.343297947
24969,53.92551641,1.662110062,25.43163957,14.29311217,4.295203591,0.392418199
24970,56.16860962,1.27256071,24.37025385,13.69659124,4.115943903,0.376040683
25026,58.42864072,11.18487638,17.40006263,9.779198318,2.938733514,0.26848844
25199,55.11151222,0.979279633,25.14351445,14.13117984,4.246541528,0.387972337
25575,55.11147744,0.979021965,25.14368191,14.13127395,4.246569811,0.387974921
26091,56.71619619,12.80808093,17.45116369,9.807918176,2.947364078,0.269276945
26195,59.46577585,2.81416572,21.59945201,12.13934278,3.647977299,0.333286339
26218,56.66693539,11.34944965,18.31462053,10.29319894,3.093195137,0.282600356
26227,55.34269931,3.193988244,23.74293319,13.34402394,4.009994386,0.366360928
26260,55.07973639,1.064345778,25.11299907,14.11402956,4.241387721,0.387501475
26292,59.6593036,8.1698635,18.42182622,10.35345078,3.111301334,0.284254573
26314,55.65367527,11.75939811,18.66009192,10.48736107,3.151542535,0.287931088
26324,61.57769782,0.870090104,21.50333898,12.08532525,3.631744565,0.331803285
26336,54.62634441,5.139596108,23.0390321,12.94841683,3.891111036,0.355499513
26366,53.84090301,13.48555324,18.70969106,10.51523683,3.159919439,0.288696419
26378,62.30228114,4.386790648,19.0746734,10.72036452,3.221562081,0.294328211
26381,57.47487226,8.56231985,19.44795606,10.93015716,3.284606582,0.30008808
26389,57.80228666,8.250298143,19.43914182,10.92520338,3.283117926,0.299952073
26393,57.91190845,0.918186664,23.57492066,13.24959739,3.981618393,0.363768442
26435,61.39335567,8.477078661,17.25294538,9.69651535,2.913886568,0.266218374
26456,54.08532428,12.02560458,19.40573255,10.90642667,3.277475363,0.299436558
26787,54.26408328,9.940129811,20.49756585,11.52005977,3.461877406,0.316283889
26854,58.89258343,0.897943428,23.02495335,12.94050428,3.888733246,0.355282273
26912,55.00271274,1.306410299,25.01849253,14.06091491,4.225426311,0.38604321
26921,55.1473433,0.978497948,25.12344429,14.11989998,4.243151835,0.387662648
27272,59.05750709,0.893194479,22.93323328,12.88895569,3.873242449,0.353867004
27312,54.03054861,1.002861752,25.74899762,14.47147401,4.348802866,0.397315133
27337,55.11137885,0.979282543,25.14358915,14.13122182,4.246554144,0.38797349
27364,53.63593069,13.34570872,18.90714184,10.62620828,3.193267319,0.291743146
27647,55.11137885,0.979282543,25.14358915,14.13122182,4.246554144,0.38797349
27760,55.11137885,0.979282543,25.14358915,14.13122182,4.246554144,0.38797349
27774,55.11137885,0.979282543,25.14358915,14.13122182,4.246554144,0.38797349
27808,55.84019368,11.56598323,18.66404101,10.48958055,3.152209505,0.287992024
27809,55.11542774,0.979194213,25.14132124,14.1299472,4.246171111,0.387938495
27827,55.11137886,0.979282543,25.14358915,14.13122182,4.246554144,0.38797349
27995,59.70696909,7.30616933,18.88910472,10.61607104,3.190220991,0.291464828
28039,54.27272747,12.74434746,18.88685057,10.61480417,3.189840284,0.291430045
28080,55.91716753,12.93364217,17.83680803,10.02465834,3.01249637,0.275227559
28141,56.20863386,4.278424353,22.62610201,12.71634151,3.821370397,0.349127871
28143,60.63172364,3.297208216,20.65519879,11.60865277,3.488500369,0.318716215
28165,55.06143206,1.215219265,25.03708665,14.07136519,4.22856671,0.386330123
28215,59.83296355,1.579492296,22.0961961,12.41852333,3.731873463,0.340951257
29037,55.11147744,0.979021965,25.14368191,14.13127395,4.246569811,0.387974921
29071,55.14430725,0.978305951,25.12529274,14.12093886,4.243464025,0.387691171
29148,55.472409,0.971150021,24.94151112,14.01764975,4.212424756,0.384855362
29151,55.28692258,0.975452911,25.04526135,14.07595954,4.229947353,0.386456261
29155,55.04801417,1.291607537,25.00102823,14.0510996,4.222476727,0.38577373
29436,53.64181841,10.17912742,20.7170343,11.64340561,3.498943899,0.319670356
29494,53.42430808,10.12264445,20.87392973,11.73158412,3.525442302,0.322091302
29618,55.04936896,13.10145329,18.23763841,10.24993338,3.080193463,0.281412498
29739,62.85751409,8.07245504,16.64622916,9.355528176,2.811416978,0.256856552
29746,53.64181841,10.17912742,20.7170343,11.64340561,3.498943899,0.319670356
29844,54.92513856,2.146524524,24.58184297,13.81550874,4.151679638,0.37930557
29857,61.70749192,1.196858075,21.24190008,11.93839114,3.587589594,0.3277692
29861,55.11147774,0.979021965,25.14368174,14.13127386,4.246569782,0.387974919
29899,60.79000931,1.383358372,21.66047889,12.17364117,3.658284259,0.334228003
29902,55.11137885,0.979282543,25.14358915,14.13122182,4.246554144,0.38797349
29911,55.01412589,1.306078941,25.01214682,14.05734849,4.22435457,0.385945293
29926,60.31015279,1.152318914,22.06755577,12.40242686,3.727036336,0.340509327
29932,55.11137886,0.979282543,25.14358915,14.13122182,4.246554144,0.38797349
29940,55.11137885,0.979282543,25.14358915,14.13122182,4.246554144,0.38797349
29950,55.11147744,0.979021965,25.14368191,14.13127395,4.246569811,0.387974921
29970,55.11137885,0.979282543,25.14358915,14.13122182,4.246554144,0.38797349
30246,19.0540915,13.65631502,22.70907738,19.83326105,6.747740815,17.99951423
30257,17.918086,6.743269846,29.68150077,14.44692213,6.610784438,24.59943682
30241,18.55731304,17.51357287,15.83406488,22.48449476,12.99111002,12.61944444
30456,55.11137885,0.979282543,25.14358915,14.13122182,4.246554144,0.38797349
30633,55.11137885,0.979282543,25.14358915,14.13122182,4.246554144,0.38797349
30635,55.11147744,0.979021965,25.14368191,14.13127395,4.246569811,0.387974921
31000,60.86487789,0.853765184,21.92086561,12.31998393,3.702261524,0.338245852
31007,55.11137885,0.979282543,25.14358915,14.13122182,4.246554144,0.38797349
36120,53.64181841,10.17912742,20.7170343,11.64340561,3.498943899,0.319670356
36913,53.7247702,3.800135609,24.32230481,13.66964288,4.107845688,0.375300814
37122,55.16882809,0.977771149,25.11155774,14.1132195,4.241144291,0.387479235
37237,57.2644742,0.932064954,23.9377107,13.45349297,4.042890773,0.369366406
37246,54.03064549,1.002594995,25.7490949,14.47152869,4.348819295,0.397316634
37248,53.86371565,13.5361128,18.6676763,10.49162365,3.152823477,0.288048118
37487,55.11276752,0.978993835,25.14295929,14.13086782,4.246447766,0.387963771
37702,55.65549674,0.967412159,24.83881088,13.95993007,4.195079494,0.383270665
37734,55.42584237,0.97242226,24.96744782,14.03222671,4.216805261,0.385255574
40105,55.11148854,0.97928015,25.14352771,14.13118729,4.246543768,0.387972542
40218,55.00271274,1.306410299,25.01849253,14.06091491,4.225426311,0.38604321
40223,54.39023053,0.995014992,25.54752798,14.35824387,4.314776231,0.394206393
,,,,,,
,,,,,,
