UniqueID,Advanced_Playmaker_Support,Winger_Support,Winger_Defend,Inverted_Winger,Advanced_Playmaker_Attack,Inside_Forward_Attack
443,20.5009792,27.06656518,1.801315968,6.852683337,22.11432635,21.66412997
39247,23.28096459,23.82721561,0.946821558,7.515044055,21.09293945,23.33701474
36269,10.47978655,9.774380391,8.053928493,19.95073904,15.39006487,36.35110066
40814,23.77048714,8.034876826,5.848939625,15.87203427,14.37669915,32.09696299
35479,16.87379813,19.46364416,8.403772864,11.44381874,21.68050343,22.13446268
11514,14.03969461,21.4867683,3.638804976,17.25140791,19.97047066,23.61285355
30265,14.83729848,17.12803954,1.020680788,15.41211776,26.32162318,25.28024025
37760,19.19362816,16.72527934,5.506326832,17.37429877,16.85173523,24.34873166
10254,18.15196608,20.27364508,4.693388739,18.25993527,18.85895845,19.76210638
13389,20.02634382,19.20458923,8.242834649,18.9463948,16.08487541,17.49496209
897,10.85866365,20.70512244,16.12857629,18.71092172,14.65828271,18.93843319
1328,10.85866365,20.70512244,16.12857629,18.71092172,14.65828271,18.93843319
13101,19.44097192,9.92814063,22.32784606,18.74699389,13.15700131,16.39904619
1855,17.39531367,15.15463473,7.97173808,20.54532716,15.26996526,23.6630211
12644,12.21425713,17.52493837,21.58424551,17.91673987,14.50399011,16.25582901
29149,12.7402353,20.74327885,8.303551318,21.02558727,12.5490745,24.63827276
23893,18.59302931,13.05092032,19.02784572,17.96289564,15.12313667,16.24217234
41556,18.58208932,12.47071703,21.18074683,17.88702501,13.40281556,16.47660625
11971,17.75147456,17.02877169,10.0068406,20.3763548,16.1645819,18.67197645
22232,12.84680409,18.58013781,17.68495042,19.07467756,15.51507481,16.29835531
39369,18.21749807,20.07985856,3.004158082,13.48299574,18.62151366,26.59397589
13199,16.74551278,10.68748137,18.24359509,21.33079888,13.90734005,19.08527183
23159,13.51062735,14.75118656,14.04936158,23.41967174,14.49328228,19.77587048
39205,10.45174102,23.05226481,13.93269225,18.13345347,15.13384548,19.29600298
11912,14.03325644,18.82951221,13.12623706,19.84664891,14.21499941,19.94934597
12289,14.03325644,18.82951221,13.12623706,19.84664891,14.21499941,19.94934597
9712,17.22157676,22.60934248,8.83318442,15.54557489,19.65103375,16.1392877
39206,11.60780798,24.74646905,3.500292475,14.35879219,18.17887822,27.60776009
21399,11.23501933,19.82846146,19.6289288,17.54550678,15.76807556,15.99400806
11172,10.39648209,19.82930656,14.41977559,17.95711809,17.28070853,20.11660913
27777,18.8035428,13.00525207,9.074674766,24.55096338,11.83500698,22.73056
41094,12.57346229,18.18670144,13.41791337,22.71692363,13.82202745,19.28297181
35920,14.65235853,20.36526716,10.04243745,22.42775593,13.97001715,18.54216378
39126,7.926895969,23.00472508,14.12050487,22.90587549,12.28179358,19.76020501
176,19.87685536,20.3744539,12.22825629,14.52411968,17.50675516,15.48955961
20278,14.9340167,20.55197952,12.88960801,18.24974382,16.43549563,16.93915632
13397,18.18024391,20.13416047,4.148711181,20.17139566,19.37793283,17.98755596
5748,15.27784906,13.87489335,15.6109219,22.26817772,11.85422492,21.11393305
12006,20.73116092,15.21530632,6.013471271,21.10815361,17.45351342,19.47839447
27445,15.37647513,19.69967112,8.749945173,22.42997199,14.01706026,19.72687633
13851,13.19058219,16.37395625,9.070471066,25.27278065,14.45276245,21.6394474
14252,13.19058219,16.37395625,9.070471066,25.27278065,14.45276245,21.6394474
27999,12.01238983,17.01302028,21.42144062,18.21936711,15.90176276,15.4320194
28404,12.01238983,17.01302028,21.42144062,18.21936711,15.90176276,15.4320194
3744,14.9536014,12.42787989,20.50190459,20.98951673,13.52484943,17.60224795
3983,12.6471238,18.16525237,11.20710851,18.96636272,16.72944232,22.28471027
28846,10.90076177,17.5957225,7.44825135,22.51858957,15.83535599,25.70131881
36906,16.04820738,18.95463228,15.76178251,18.00649439,16.02586601,15.20301743
39151,13.92329458,16.51409968,17.42810662,20.06064395,14.89730052,17.17655465
2851,14.0746909,24.70240793,10.34183841,15.5418166,18.04269587,17.29655028
13076,15.47329005,16.68267952,10.86054261,21.71413615,16.04586612,19.22348555
39327,18.33080272,15.17693672,13.93166844,18.77701726,16.76905518,17.01451968
17930,19.62248916,16.41928741,12.27494497,17.06338377,16.7419418,17.8779529
38708,16.7699973,18.37278461,12.60445167,18.52869396,17.10766201,16.61641046
9127,12.18370382,20.75253393,6.237017759,20.91793458,18.55461744,21.35419248
12715,17.30181127,17.00195549,17.59035833,18.66439893,13.01920964,16.42226635
26073,18.37450927,18.33191161,8.841238882,19.91173361,17.318241,17.22236563
26521,18.37450927,18.33191161,8.841238882,19.91173361,17.318241,17.22236563
29800,16.28531105,19.12121422,20.63289422,15.49988133,15.33840827,13.12229092
38425,18.32496875,22.69900579,4.907592649,13.03405715,17.76591916,23.26845649
463,9.93263699,22.75601115,4.040249004,16.54994732,20.41759546,26.30356007
4687,13.9787666,16.78728015,7.309125946,23.33044657,15.71020286,22.88417787
5110,16.54024182,17.11435445,6.752729866,22.25234877,16.58107068,20.7592544
30305,12.34519511,16.79782716,21.06618556,21.72436268,9.62758651,18.43884298
2070,14.47603787,17.61714718,9.130818853,21.75864413,16.90943347,20.10791849
802,11.93632296,21.9637378,5.495691795,18.57810156,13.12464411,28.90150178
14190,13.80910431,12.50392986,17.43325428,20.81749847,15.80739882,19.62881427
41101,14.4117878,19.78486891,12.05158196,19.72047647,16.57500055,17.45628431
20191,13.7911611,16.26106004,14.05604124,23.05379165,13.56175191,19.27619406
9968,11.71069552,20.18355434,7.593465415,22.04173242,17.65773999,20.81281231
3253,13.02606313,23.64049827,15.54344118,14.12777225,17.62224683,16.03997835
11490,13.22741061,21.11538079,2.29941258,15.58722103,15.62917184,32.14140316
27475,16.61520392,19.21750448,11.32876887,18.33054304,16.18421793,18.32376176
41654,14.28254984,17.22360433,16.83451111,19.66595428,14.85934708,17.13403336
2055,17.8034475,11.90079761,18.5083195,19.97101287,13.81245469,18.00396783
22838,14.42128779,12.27729091,15.75701462,23.90367861,12.55411068,21.08661739
41451,15.576162,19.50362552,15.09470947,16.47584282,17.25132868,16.0983315
23794,15.12872063,12.15881262,13.58662135,24.60258029,12.48205993,22.04120518
29135,11.32521803,21.46057662,6.897043128,21.78090545,15.86924489,22.66701189
12352,17.08524763,17.25265592,10.79715145,19.67811294,17.36698909,17.81984296
39750,15.35757015,16.31327276,9.620348396,12.4078046,21.43983353,24.86117056
25816,16.45394916,19.84682729,15.68055528,17.05338309,16.04703909,14.91824609
35518,4.468187996,18.89370286,7.277258092,19.66017394,20.69406516,29.00661196
12869,17.64719655,16.13088975,12.19020832,20.78461411,14.89295453,18.35413674
38824,19.53112953,19.26155639,17.13322552,14.30542153,17.12220034,12.64646669
22546,19.0155836,15.73986351,6.194047213,22.54996837,15.68830848,20.81222883
41186,12.66421273,15.78939747,10.25614176,27.33845259,10.70248467,23.24931078
6179,15.85255619,18.31145391,6.007206999,20.56914003,17.3622468,21.89739607
37361,17.83947943,17.63509507,16.18917795,19.75630694,11.59174919,16.98819143
1458,15.16873407,13.72757315,11.48807783,23.29749317,12.69971678,23.618405
22308,19.30363304,13.96356915,8.91054689,20.82063442,17.91469218,19.08692431
30181,15.93774143,18.52094102,21.07949244,16.05823499,14.81134625,13.59224386
6287,20.3664544,21.80148797,9.755129695,15.07709665,18.35113716,14.64869412
36367,21.83555309,13.39632528,17.66125821,17.62926523,13.85323268,15.62436551
11554,20.6279164,9.37369242,21.26624119,17.14817276,14.45078436,17.13319287
35132,16.7480927,10.57990843,25.35580212,17.3353492,13.46789751,16.51295004
21987,17.50351466,16.15260267,19.80149512,18.19191607,13.10440531,15.24606616
35064,11.00004387,21.73090823,9.063744324,22.27310438,16.16869349,19.76350569
20301,11.29759771,10.72330681,13.73641428,26.76320304,12.71226867,24.76720949
20731,11.29759771,10.72330681,13.73641428,26.76320304,12.71226867,24.76720949
40873,14.59942712,21.33129031,7.473675804,20.21170661,17.93815454,18.44574562
12369,13.69390897,15.19682592,23.85447537,18.36800808,13.11864778,15.76813388
17563,10.48456648,15.03532707,8.661393827,27.05585934,12.20976691,26.55308638
111,17.91743937,17.76598506,14.70616501,18.63729892,14.98839852,15.98471311
21261,13.32337748,16.39360336,19.56689829,19.4684397,14.68215354,16.56552763
23356,16.94136799,21.37577665,17.09041593,13.63078554,17.3870261,13.57462779
3094,17.60531969,19.54019962,11.36553519,17.98738507,16.24796608,17.25359435
32034,21.84458218,16.50606529,16.43309506,16.00722808,15.10864989,14.10037951
32524,21.84458218,16.50606529,16.43309506,16.00722808,15.10864989,14.10037951
22901,10.12060983,17.88526438,15.29154548,23.54421806,13.33941731,19.81894493
23379,10.12060983,17.88526438,15.29154548,23.54421806,13.33941731,19.81894493
35579,25.93436355,20.60001163,12.20020881,12.4806293,16.05932964,12.72545706
18255,19.94241467,13.13490209,12.76966663,21.13283733,14.0927606,18.92741867
22500,10.31946081,11.00042689,17.19355199,26.10900566,11.98630185,23.39125281
24135,18.95921595,15.87802836,13.25126039,18.87175841,16.32750598,16.7122309
16873,28.2745682,3.963352206,10.79790194,11.99671721,18.52875966,26.43870079
18756,13.19163807,14.92773389,24.86888245,16.55802374,15.90774696,14.54597488
20463,21.67442999,18.27948606,8.258678133,14.19558144,13.23972786,24.35209652
7942,18.05247988,15.85082888,7.257514789,18.60970143,16.78733618,23.44213884
13839,20.28799785,14.98495536,19.4124287,17.24878468,13.69560272,14.37023069
14270,20.28799785,14.98495536,19.4124287,17.24878468,13.69560272,14.37023069
29832,15.96861638,17.12194301,14.95662188,20.2807666,14.71931167,16.95274045
11939,11.5551886,16.35281049,11.56928829,24.49816519,14.82802911,21.19651833
12920,11.5551886,16.35281049,11.56928829,24.49816519,14.82802911,21.19651833
2157,14.84597875,15.23458699,5.252665146,25.0111056,16.27128081,23.3843827
40563,16.12890244,21.77485781,11.07501867,16.06508496,17.24257079,17.71356533
39127,19.28216046,13.68682312,11.33548543,22.11885554,13.6441463,19.93252916
1746,16.08093991,20.37820041,7.162062189,16.78826587,18.63110396,20.95942766
9078,11.32538485,13.16571655,22.38732423,20.99259881,13.94104376,18.1879318
16354,13.84299429,13.84481933,21.90748649,18.92961986,14.50712569,16.96795433
40736,26.23748692,15.83911498,15.81021074,12.84032801,16.95756659,12.31529276
35294,20.00028392,19.36857807,11.80856205,16.60816669,16.0768588,16.13755047
12261,19.23820139,16.98396335,18.09857108,14.81508214,17.6724106,13.19177143
34304,12.45248414,19.99804417,7.367897947,22.30613835,16.13367319,21.7417622
34819,13.72366005,19.80286613,7.178443717,17.33032263,20.11277567,21.85193181
11934,17.14024825,21.43424791,11.68154265,14.82971186,18.95953357,15.95471577
12419,17.14024825,21.43424791,11.68154265,14.82971186,18.95953357,15.95471577
37350,19.47403087,12.00128954,11.8260109,23.02568561,12.23474753,21.43823555
15786,11.56273744,21.66769396,8.765790929,20.43060382,17.0845238,20.48865005
27092,19.71006386,17.71028286,9.889847558,19.85694353,15.18273273,17.65012945
37654,15.0576709,20.86973211,12.33597777,17.06583547,16.66455148,18.00623226
862,16.32092438,20.55159431,7.44660144,16.26082082,18.87354927,20.54650979
39184,16.92146384,23.61532194,0.577807434,14.64331279,18.67639932,25.56569468
40960,10.3170638,19.71362322,17.44569624,20.50613627,15.07342235,16.94405812
3085,14.89233165,19.02373509,13.89275421,19.22927696,16.54609521,16.41580689
4417,15.55320272,11.61435417,23.80953177,18.92327088,13.55124922,16.54839124
21792,17.81918247,15.87656601,17.28825694,15.19811835,19.90185486,13.91602138
34898,19.99483698,18.10047563,12.35062336,19.20617921,13.73188692,16.61599789
7356,10.39722036,18.06532536,19.8738459,20.28209117,14.34439982,17.03711739
30586,18.36056054,17.64124438,12.79166078,19.39704633,14.61644869,17.19303928
37146,15.38967168,21.20371244,8.651113812,18.16347356,18.15884755,18.43318095
4043,17.87076311,17.21823683,8.239599374,17.78650949,19.62312708,19.26176411
22559,15.17283695,15.16088756,15.57399702,21.49213554,14.46066415,18.13947878
31160,15.70263306,18.35103845,10.31178685,21.72849721,14.98863718,18.91740726
4411,17.10807801,15.76676273,11.41408337,21.36941571,16.10711171,18.23454848
4835,20.34759492,14.59192755,9.588203667,19.06566566,16.4717514,19.9348568
1273,16.03740151,15.20579964,5.941780873,24.29186356,16.12073875,22.40241567
14230,15.66793633,11.57129887,7.40874906,18.64075651,21.08951253,25.6217467
18219,24.13663754,14.01668402,3.35829848,21.6789053,15.80731078,21.00216388
24504,17.44919185,12.17955436,18.49754782,20.27791011,14.08329462,17.51250124
27743,18.70494628,20.22831995,10.98694113,16.70161236,15.52004252,17.85813776
16818,15.30110453,17.39960869,16.63084154,18.20823419,15.76768063,16.69253043
29245,6.167844985,3.801009236,18.38878024,24.17358393,19.79277748,27.67600412
40569,17.98992912,18.27127035,10.15432338,16.44470966,18.82618311,18.31358438
523,15.83556185,18.77953748,14.42643865,18.52715304,14.96836325,17.46294574
5162,11.66270636,21.52430301,3.86094548,23.88262776,16.56930738,22.50011001
37018,17.71250926,14.59666618,17.93342199,20.1809987,11.59180759,17.98459629
9794,19.34147385,18.94095576,6.120506377,20.49753117,16.51534218,18.58419067
36911,19.94675601,18.54728351,11.93854611,17.74039498,16.80816321,15.01885617
38258,16.59836782,18.57451425,7.669216952,17.40417935,18.04509678,21.70862484
30417,16.02993419,16.72693209,9.132264681,22.04399008,16.70168496,19.36519399
4304,14.29873849,17.7451537,10.02183028,21.41775276,16.65381092,19.86271385
2927,18.27119525,22.49393325,14.1516627,14.64779809,15.85509621,14.5803145
3463,15.91269652,20.16640757,11.50099991,16.58189404,17.40775835,18.43024362
26082,19.06321696,21.21653007,12.455756,16.78776099,15.59347357,14.8832624
26523,19.06321696,21.21653007,12.455756,16.78776099,15.59347357,14.8832624
39656,8.435048326,18.54623063,19.1958304,21.32822305,12.07121718,20.42345041
30701,20.12759545,21.75353142,1.30111798,14.01489245,18.3720388,24.4308239
3586,20.57373393,19.71897247,11.70069133,17.20169158,16.47169563,14.33321506
30680,18.76348557,19.63187375,8.255934839,11.97919155,17.8898135,23.47970079
35873,19.31886115,18.06437348,9.057063833,18.94586649,16.82804602,17.78578902
26233,14.06234749,17.23571243,16.1144241,20.36734296,14.46380662,17.7563664
26668,14.06234749,17.23571243,16.1144241,20.36734296,14.46380662,17.7563664
22595,21.92968878,14.48835335,6.241735224,21.83970492,15.9120054,19.58851232
8133,14.98580612,20.45091955,15.18637875,17.07896495,16.9200747,15.37785593
8575,14.98580612,20.45091955,15.18637875,17.07896495,16.9200747,15.37785593
22259,16.16000585,21.12345172,7.10457256,18.49701657,17.12530587,19.98964743
36058,12.75162456,17.10341463,24.82560894,15.36720139,15.92351764,14.02863284
39292,19.43711372,12.80956644,17.75347094,19.34210922,14.68375355,15.97398614
40914,13.06352367,13.18369405,18.38717929,22.59985825,13.29280362,19.47294112
13146,18.88747553,17.64018598,16.94111704,16.94019054,14.87030712,14.72072378
27418,18.38351164,14.29005339,16.59069267,20.57866222,12.58352441,17.57355567
36372,14.92439218,16.85043925,10.21464419,14.54775093,18.68793583,24.77483763
27850,16.40898901,17.98703975,7.671261226,18.27008119,19.64395179,20.01867704
28277,16.40898901,17.98703975,7.671261226,18.27008119,19.64395179,20.01867704
8704,14.25739811,16.27737754,16.187955,21.45636912,12.89000675,18.93089348
35045,23.54291931,9.907199262,15.55366714,20.0057366,13.30868294,17.68179475
36121,17.14867741,17.73219735,16.85918914,18.21198057,14.5404492,15.50750633
40581,16.13351093,19.53375392,6.338692038,22.40046869,15.45742695,20.13614748
13084,19.61765812,16.94135054,7.078931379,22.0138369,15.56254929,18.78567377
35649,18.66528591,15.64571223,19.60660827,16.62278099,14.33229763,15.12731497
4685,16.08684052,19.4928155,9.726931438,20.67861862,15.56295755,18.45183637
4839,16.35518135,18.90943841,8.154418797,20.7085686,17.33932733,18.53306551
33014,14.26996272,17.06893982,10.15529389,23.20041611,15.25901189,20.04637557
11062,11.61101827,17.25735124,17.91611394,21.14806045,14.72979322,17.33766287
21258,13.07765662,21.29772637,8.64721188,18.63443262,18.14168326,20.20128925
22924,13.2118087,18.2605066,19.3477442,17.63289064,16.06583496,15.4812149
35352,19.54581959,13.59818741,16.05010209,19.10114226,15.29346876,16.41127989
20297,13.62974303,19.03081655,15.34623419,18.77880035,16.60163797,16.61276791
24680,20.86026423,18.94327699,12.42839794,16.29694778,17.43514712,14.03596594
6819,11.51399518,19.31258361,8.337517463,21.89740119,17.1909323,21.74757026
27252,8.912857361,19.83417446,18.2740775,22.55348477,10.11356519,20.31184071
18626,23.68803595,13.39058374,19.04087615,16.24560262,13.19076547,14.44413606
20366,14.68414104,20.92435162,18.47226321,14.61606831,18.14631066,13.15686516
8800,18.091129,10.21989169,6.020722161,24.59401928,14.52675894,26.54747893
12409,12.56785148,19.20734169,13.11120431,20.90332338,15.78233558,18.42794356
35536,17.68028645,11.58167231,23.66555549,17.47763379,11.83403183,17.76082012
32014,20.78046478,13.67949128,14.38370484,19.85777405,14.10320607,17.19535898
32507,20.78046478,13.67949128,14.38370484,19.85777405,14.10320607,17.19535898
2644,17.46083583,19.75362682,12.44301809,17.79139643,16.9974237,15.55369913
15076,16.08245194,18.11965242,7.991022124,20.71321581,15.85409584,21.23956188
31032,19.04871478,13.18036453,19.54076813,16.59449785,16.06301168,15.57264303
31514,19.04871478,13.18036453,19.54076813,16.59449785,16.06301168,15.57264303
3844,10.89543315,16.6155715,19.17462825,21.15978831,14.4734579,17.6811209
11052,19.01906633,20.36049062,1.658091293,16.36594561,19.44899919,23.14740696
2619,21.89811538,13.46924472,15.77254489,18.25563719,15.05573284,15.54872498
5081,11.11806239,18.108157,9.550417015,24.89012964,13.80098183,22.53225212
35648,13.91219515,17.04373596,16.56749386,21.22949571,13.2397016,18.00737772
12527,12.927342,15.52507481,15.34788575,22.99010919,13.5713368,19.63825145
27663,19.12916659,18.81967406,5.046393784,19.58294538,14.15099442,23.27082577
19838,14.50933684,16.08504866,12.02816607,21.22723342,15.87051825,20.27969677
39575,13.43271718,21.8341737,3.94254949,17.98413618,18.08455777,24.72186568
37964,12.55682723,21.48919371,2.837109094,19.676493,16.87245652,26.56792044
29541,16.13479343,16.99331727,8.397157562,23.07312478,14.56359872,20.83800825
40536,13.36860806,22.70735416,9.716561192,19.14576636,16.52671842,18.5349918
20779,13.807448,21.31057433,18.09620865,14.70560682,18.73651774,13.34364446
36406,17.22989798,17.67177314,14.93556144,18.62829576,15.961425,15.57304668
37657,12.43833195,14.67751788,17.749648,21.20338482,15.94191399,17.98920336
21470,8.478845763,15.14077625,22.69055156,24.53187625,8.83776153,20.32018865
28733,21.64985746,13.17259445,10.35506156,21.59032937,13.99603987,19.2361173
23420,13.29211297,19.57565663,16.50468758,17.90080734,15.07967684,17.64705863
24405,15.56340422,20.7409349,9.677114007,18.23338691,17.83929106,17.94586891
109,20.5343799,16.87419014,14.01156949,19.17459867,12.7589523,16.64630951
2727,19.80263326,17.34370834,9.048656074,14.77632712,15.54000662,23.4886686
30512,17.70577043,14.87415832,9.325100125,24.43612185,11.07645522,22.58239406
17053,16.55812463,17.08188649,10.75729387,21.36488021,15.57896278,18.65885203
36736,7.592848278,13.34571233,25.69259221,21.44797131,13.02067647,18.90019941
8399,18.39198209,15.69030755,7.374709891,19.34013168,17.70530889,21.4975599
27508,18.53486004,14.22754388,10.042908,21.97389036,15.25791892,19.9628788
22134,13.26584164,21.60372271,8.515293048,18.2526038,18.72157612,19.6409627
38214,17.26773602,15.78475702,18.10476479,16.90053685,16.50386883,15.43833649
32001,23.06033203,12.07521737,18.58114118,16.56365929,14.96578958,14.75386055
32493,23.06033203,12.07521737,18.58114118,16.56365929,14.96578958,14.75386055
3400,16.25694869,19.44178194,6.319563468,19.04735015,18.75223837,20.18211737
39534,16.09018221,21.14616297,17.4812634,14.76652611,14.18098401,16.3348813
21130,8.542847264,16.20843759,21.72381547,21.99460122,12.89551742,18.63478103
21522,8.542847264,16.20843759,21.72381547,21.99460122,12.89551742,18.63478103
13091,13.88956535,9.116032509,24.96810401,20.05634122,13.53296876,18.43698816
18284,17.57033382,19.43230734,6.97906955,18.79344731,16.85542916,20.36941282
39698,12.21005083,11.48326551,15.87050612,21.33244095,15.19516772,23.90856886
5092,15.03694896,19.01187963,4.597961358,23.40170841,16.20979158,21.74171006
23816,15.37007678,12.86266918,20.06181466,20.94290351,12.02777032,18.73476556
23822,16.20758044,16.65875558,15.61900669,19.89951213,14.99945007,16.61569508
36753,14.76573028,18.3139785,13.08882423,20.62817579,15.57363179,17.6296594
3445,15.1367721,13.62846465,20.80589167,19.06358857,15.06412028,16.30116273
11873,15.78764426,14.21700303,9.542714691,23.99470884,14.79063033,21.66729884
19490,19.69389972,13.47839511,11.40398866,20.18799623,16.93438018,18.30134009
22968,15.48719908,15.96319763,17.84469322,19.56336345,14.76995815,16.37158846
16789,8.146642209,12.2062592,25.36038702,22.65942818,11.8449602,19.7823232
17722,8.92749683,22.97944881,6.868617228,18.85675068,18.74281345,23.62487299
33365,13.56630078,21.39648728,11.82596941,17.23445484,17.92023044,18.05655725
411,15.48562451,14.65202403,21.82437333,19.28106022,11.09240892,17.664509
807,15.48562451,14.65202403,21.82437333,19.28106022,11.09240892,17.664509
16462,18.33443569,12.76253383,10.12611937,20.5675496,19.07949903,19.12986248
20119,15.75371596,16.1075303,12.55782002,21.04844856,16.94383782,17.58864735
20578,15.75371596,16.1075303,12.55782002,21.04844856,16.94383782,17.58864735
3620,17.15120561,19.1379511,8.987242378,17.51864776,19.11184005,18.0931131
11553,17.44134122,17.30518916,17.35375353,18.13272436,14.55774583,15.2092459
12027,17.44134122,17.30518916,17.35375353,18.13272436,14.55774583,15.2092459
38864,7.304366521,22.10129424,13.32141956,21.25263679,14.34017239,21.68011049
3884,10.88047684,22.51149767,10.42683052,19.48916954,15.82789906,20.86412636
17742,23.09996229,10.35260588,9.096673975,11.27420651,20.33954459,25.83700675
15550,13.13725585,21.37719571,7.856791945,21.15984545,16.55113815,19.9177729
20453,13.08167019,20.67756793,15.08792915,18.91103547,16.59702833,15.64476892
12319,12.57601732,23.2862454,9.64838719,17.70740119,19.29687638,17.48507252
12683,10.33697127,16.31379425,14.402907,24.31297414,13.73340061,20.89995274
15605,10.42917222,17.09647216,12.33538832,22.77229058,14.29670642,23.06997029
28997,16.00009529,19.96353798,7.779060598,18.67505601,17.16416922,20.4180809
38861,16.22507438,18.01374002,8.876629557,18.10015768,15.80858858,22.97580979
12439,23.7968348,15.76881343,8.306750095,18.42472136,16.83499833,16.86788199
36446,18.7081267,19.9120212,2.504733457,18.04001391,17.72122907,23.11387566
33801,13.09863281,21.66267089,12.05392965,17.07714785,18.13780936,17.96980945
39044,18.40341925,21.26470036,14.88180595,15.79454876,14.79843808,14.8570876
8954,17.59466771,19.16066434,10.94308841,17.60816628,15.96718222,18.72623104
10029,14.870446,16.95871774,15.4050091,21.1677416,14.30444482,17.29364075
4312,9.736292218,14.97773978,22.61067753,21.39158229,13.42863724,17.85507094
18748,15.29610319,14.44715007,17.48947489,21.65373798,12.57426994,18.53926393
38179,16.12084055,11.67497101,10.67699242,25.44688946,12.64280377,23.4375028
39052,12.43531899,15.05741671,20.66823992,21.8972034,11.23781688,18.70400409
30679,21.16323273,12.98304556,12.31931134,21.16405266,13.23803797,19.13231974
15473,16.22005401,16.23198476,8.380449155,24.20847825,13.94619593,21.0128379
35905,14.65535431,20.09898206,11.91767187,19.37748608,17.21402014,16.73648553
39035,11.31452171,18.33993909,9.647404778,18.92297386,16.43425346,25.34090711
16199,17.98210061,19.78616242,3.847700333,16.92343101,17.55029644,23.91030919
22304,18.50726202,17.92592209,6.481852517,19.53099599,18.93291235,18.62105502
23912,17.78962794,18.15561582,13.97214145,17.90966155,16.08143316,16.09152008
38774,19.03712797,19.25718583,12.59904432,17.05086672,17.35054676,14.70522839
3146,18.51997926,17.91735612,9.318889237,15.4942581,15.67846587,23.07105141
9367,15.61839634,20.50763478,10.53131583,15.60215199,20.09892434,17.64157672
25557,19.26243781,19.66923461,16.80298453,14.10347111,17.52674637,12.63512556
36350,15.41593098,18.84929171,5.495593588,20.24343469,15.51931528,24.47643375
36815,17.67744918,12.69440658,7.595124635,22.39927042,10.62934663,29.00440256
5720,21.47650304,21.26250678,11.04008867,15.09565835,17.93114149,13.19410166
14473,21.26848939,12.30104361,17.73642647,18.54179267,14.44646942,15.70577844
15276,21.26848939,12.30104361,17.73642647,18.54179267,14.44646942,15.70577844
26244,11.11474841,24.54420055,14.36048757,16.36365803,15.10319107,18.51371437
26682,11.11474841,24.54420055,14.36048757,16.36365803,15.10319107,18.51371437
35835,14.74267942,16.06162789,8.965393196,16.54508896,22.18455327,21.50065727
3866,14.65356931,20.92063809,14.37278701,16.63667351,16.7309085,16.68542358
4296,17.76133674,18.68280847,15.77965849,17.33390957,16.23454952,14.2077372
29648,18.86639998,19.43779922,5.447881748,15.10769772,19.18161621,21.95860512
39494,13.89076896,15.97252409,16.3838239,20.50229961,13.58244229,19.66814115
7389,18.2082339,15.7489547,10.15940514,21.19533414,16.10710624,18.58096588
5210,18.11481019,19.0347477,10.92563772,16.4978835,18.72348654,16.70343436
7567,15.92250556,17.06911099,6.219069443,22.45069768,16.19547844,22.14313789
19525,11.52358818,17.82899879,6.360238182,20.76402863,12.84407555,30.67907067
6298,13.29636563,14.58460411,18.69795171,21.14705115,14.50620079,17.7678266
35446,16.58252065,12.25450135,19.55121676,19.39536464,15.88051957,16.33587703
24289,20.39325787,19.15267989,12.36497928,16.0781097,17.03114766,14.97982561
39449,19.61610595,12.91398077,18.55710359,18.08628564,14.53124513,16.29527893
331,17.80361601,15.5107462,14.41643602,20.78094806,14.42815566,17.06009806
9445,11.25227958,19.84393987,8.440105213,24.57714884,12.15779882,23.72872768
31131,20.86966424,13.59311855,15.42265335,18.15909923,16.61396085,15.34150378
31612,20.86966424,13.59311855,15.42265335,18.15909923,16.61396085,15.34150378
36257,18.90037313,14.18768515,9.411626359,17.78343389,16.25779573,23.45908574
38229,17.28390724,18.81737276,14.53758674,18.97537449,13.66806057,16.7176982
39625,14.14896312,10.13091679,22.91572738,19.44693762,14.86570691,18.49174819
639,13.93302483,16.19467729,7.273340439,17.82644075,21.80060987,22.97190682
30056,14.13146592,21.69316195,7.437507761,18.38444616,17.94719113,20.40622707
38388,16.34108694,18.59243221,7.654704171,18.4850947,17.26955885,21.65712312
7368,16.97013194,19.06714451,1.820376075,21.08142851,20.3424512,20.71846776
24,13.01560625,20.79587295,7.558114973,17.57411975,20.0791138,20.97717227
6502,16.50301132,16.84377212,8.857480497,21.3043989,14.80441539,21.68692176
6905,16.50301132,16.84377212,8.857480497,21.3043989,14.80441539,21.68692176
801,16.01997881,19.08119507,11.82146022,19.53206052,14.89821191,18.64709347
3165,15.36828908,18.37777098,14.79469829,19.39787269,15.83264308,16.22872588
4107,16.41156116,16.84998085,6.153714555,23.48121252,15.72212733,21.38140358
4391,11.31389304,19.05223322,11.19759406,22.34524067,15.00890766,21.08213135
27387,19.3562469,11.94688061,12.65162395,21.52421825,14.65994369,19.8610866
20205,15.3601071,22.57795716,13.26490027,14.66986829,17.76845048,16.35871669
36702,22.45125249,22.66937468,8.012060258,14.7283333,17.68126466,14.4577146
18532,10.32487209,12.60369317,6.65629523,28.46389868,13.32747066,28.62377018
4341,20.11811968,18.06573798,18.81603771,15.10729623,15.04220265,12.85060575
10506,12.96759198,18.64125979,5.594303686,18.25050953,19.29389312,25.25244189
35044,13.59387155,20.74879375,11.91764864,20.29134691,14.61349987,18.83483929
13877,14.9605369,19.27235502,7.611061923,14.83378151,20.37653525,22.9457294
37819,16.11250734,19.36124294,3.314207844,21.02312363,15.36015342,24.82876483
27134,11.54947579,16.3243594,17.62353395,21.76233291,13.49589777,19.24440018
1775,15.11289284,20.26382937,6.417332416,20.77281135,16.1143805,21.31875351
20204,12.88356129,18.6719129,19.79883377,18.70362809,14.6028883,15.33917565
20662,12.88356129,18.6719129,19.79883377,18.70362809,14.6028883,15.33917565
21509,15.40713362,21.64755958,15.51017472,16.27837688,16.07092376,15.08583143
4346,14.43389775,21.50762656,11.8751706,16.69574661,17.13872694,18.34883154
8442,11.26203417,20.59676805,8.18647859,17.53348949,21.86108514,20.56014457
30376,20.12595309,18.67543481,6.512403317,16.66905519,17.37330856,20.64384503
40318,16.45017137,16.01495695,9.630133007,22.75803676,15.60638926,19.54031266
40676,10.8212959,28.08131922,14.83748818,13.28448602,14.41207941,18.56333127
116,16.96928855,11.51608929,20.84074136,21.01167338,12.19278432,17.4694231
1078,16.02121149,22.34828902,10.95593573,15.40803987,18.70033297,16.56619092
12064,23.78794152,14.96976344,17.95836385,15.53631204,13.23744509,14.51017407
8940,18.96532529,17.76786637,9.586435567,20.6398128,15.4850627,17.55549727
11758,11.63279204,16.05865748,15.77189458,22.63161341,14.58300919,19.3220333
23982,18.49751083,16.55674933,18.46881353,17.97224093,13.54016156,14.96452382
37303,13.43729879,20.98841768,11.52614584,18.0645519,19.17874925,16.80483654
13472,16.98033453,13.61943241,10.08744363,14.21386977,20.29049126,24.8084284
36225,19.90169103,19.31563027,1.96099045,19.02899363,17.49178659,22.30090804
35325,18.42701062,18.69957402,6.799834823,17.64925089,18.57678785,19.8475418
2464,15.57797703,20.16090352,8.765904444,21.04934511,15.93963529,18.50623461
5852,10.97062957,20.05899549,9.512744001,18.54544401,16.68864736,24.22353957
20138,12.59643748,17.90620756,14.52860514,21.05604642,16.41222734,17.50047606
24433,15.15327843,19.10564256,13.26384167,18.458175,17.46030073,16.55876162
31469,12.2420973,15.2177043,19.43002484,21.14625058,14.53102626,17.43289672
12407,11.50243475,15.19004224,17.19407466,23.59095476,12.14107306,20.38142053
5140,17.43541032,16.96791385,20.77272458,16.10108069,14.70110925,14.0217613
1013,18.16687746,17.36999738,13.34308472,17.88205073,15.76410177,17.47388794
6866,20.03181643,11.19373354,19.09564239,18.48164389,14.26612071,16.93104304
7724,15.49705774,17.6911463,7.95649624,20.24883393,17.66354462,20.94292117
38133,19.25062345,16.86743003,6.781724453,18.85354539,13.07835385,25.16832282
24611,18.47989603,5.270675231,10.78544664,18.31624482,18.6724277,28.47530958
10970,17.0004586,20.68630211,11.11999948,18.77810629,16.33493116,16.08020235
11662,16.82540217,9.690623074,17.56778349,20.79812867,15.17196885,19.94609374
12574,16.82540217,9.690623074,17.56778349,20.79812867,15.17196885,19.94609374
36299,19.68779662,16.60502884,15.43773529,17.94172287,15.36562578,14.9620906
40901,19.28287744,19.65028699,6.85599145,15.7880586,16.63348589,21.78929963
10991,17.93238608,18.76123029,1.618642314,18.46124161,18.01313322,25.21336649
35151,17.57727652,14.48844423,16.33127119,20.41937221,14.32536029,16.85827556
12903,17.73345912,18.05464237,12.19163894,19.2317221,16.01467357,16.77386391
41340,14.06386585,17.04739736,20.07418066,18.51207554,14.07473026,16.22775033
11036,15.63108695,14.95342892,16.87009783,21.57973658,12.91127629,18.05437343
23549,12.84671772,14.9315507,15.34400827,24.00849228,12.43277832,20.43645271
31334,12.57008483,14.63724489,22.37913344,19.43232532,14.14154123,16.83967029
31805,12.57008483,14.63724489,22.37913344,19.43232532,14.14154123,16.83967029
8135,11.35427615,22.93264538,2.187229507,20.03779005,18.29759663,25.19046228
40598,14.67863753,17.84229672,14.43355395,19.90681533,16.29831719,16.84037928
23823,21.44689683,14.34164371,13.14766446,19.61722076,14.85973086,16.58684338
17505,6.943084235,15.10610018,18.17804317,23.99541153,11.50999612,24.26736478
6715,16.58825314,25.29875567,8.989739593,13.27188569,20.2137416,15.6376243
34927,20.63369888,14.99322615,19.51516233,16.08198849,14.46373579,14.31218837
22068,9.643034916,15.03683215,16.2723801,24.76366493,11.90258385,22.38150405
22879,21.56390515,14.31971728,12.83512987,19.33080151,15.5373258,16.41312039
12800,18.46000267,20.59314159,15.31916852,15.63730181,16.56587805,13.42450735
30415,18.6742637,15.16251722,15.97458888,19.46357726,14.46956589,16.25548705
10303,15.70564865,12.42117196,16.99220449,21.16979348,14.68821151,19.02296991
1948,10.76141423,19.76643353,8.925039296,23.5658312,16.6825874,20.29869436
25351,16.0027944,6.1450504,11.10513665,18.26866655,20.69634972,27.78200228
3468,16.5930143,13.26542798,23.33841768,17.01986937,14.19486102,15.58840965
12806,14.54259569,13.83436585,12.72645521,23.9803066,13.69703224,21.21924442
34889,19.72652276,10.70366393,19.64042922,20.48089098,12.50049207,16.94800104
13413,14.32336435,19.37459549,8.055660338,15.65847025,19.66694226,22.92096731
26862,12.4764064,19.7645776,16.64634436,12.86977762,21.48431844,16.75857558
29475,10.48429991,18.07477029,7.752696628,23.28995296,16.58574958,23.81253063
5009,20.36358028,14.78152077,17.74098093,17.92370384,14.09083538,15.0993788
4300,10.16527465,24.11630288,11.33529873,18.14118902,16.71560915,19.52632556
24347,16.38510803,16.75847342,17.13156654,19.16431212,14.76520001,15.79533988
22387,15.5778839,20.23978256,10.49853523,16.81795319,19.26640303,17.59944208
19044,22.87248514,14.42473877,18.57332081,16.38129547,13.75540352,13.99275629
6443,20.92916633,13.73183499,11.14677149,22.20142906,12.64537829,19.34541984
6855,20.92916633,13.73183499,11.14677149,22.20142906,12.64537829,19.34541984
6452,19.96264815,11.17285381,18.93814646,18.56200692,14.32054278,17.04380189
22181,12.2577568,12.51147928,20.44481558,22.28339565,12.95158933,19.55096336
40413,13.55164561,17.85170419,17.64299888,20.71589444,12.7344985,17.50325838
23315,19.41635197,13.34243475,16.9866122,18.8444789,15.77251329,15.63760888
8489,11.74822225,18.85299643,19.9563248,18.36476469,15.32140732,15.75628451
25690,11.25594911,19.74248695,10.71716019,23.02177303,14.79360376,20.46902696
40902,13.7693524,13.91198059,20.73117733,20.58893905,13.04207845,17.95647218
34860,15.60204751,21.00132567,9.426526552,15.10736423,18.22063548,20.64210056
15638,17.25474645,21.57373276,3.354954829,10.62153199,21.87114518,25.3238888
5480,19.46028392,11.83178365,16.42868808,18.68050027,17.09844604,16.50029805
4648,15.04249043,14.84347351,11.7753982,23.10402358,14.96316159,20.2714527
36956,15.78770389,16.07283582,8.329506328,21.87812352,14.78508313,23.14674731
14285,15.13907266,15.74307265,9.91674015,20.98454674,15.01965706,23.19691074
20931,19.82380973,18.52548236,11.30506461,15.57306952,18.87213336,15.90044042
26986,20.39294642,17.18716634,14.78599844,17.0464688,15.34919984,15.23822017
41177,9.818571144,24.59234094,2.768800169,19.97739937,16.46026275,26.38262562
37407,21.39615587,22.6550953,8.693870321,13.80517203,19.22992807,14.21977841
25046,8.427311581,14.09031091,9.504067221,18.84465194,17.91698607,31.21667228
5099,14.18124938,13.81747466,9.951547255,26.35640721,12.2414259,23.45189559
11625,14.18780378,16.15804635,16.1460272,22.01232422,13.15155198,18.34424646
29882,17.1368293,20.06965939,6.66886084,19.54675429,17.10060458,19.4772916
1732,20.42336527,23.50395874,2.3367443,9.177389985,20.88714568,23.67139602
22969,18.32880903,16.15269376,17.34816387,17.85711558,15.53714335,14.77607441
27203,16.32576767,17.58409459,22.22634366,15.38581294,14.93064308,13.54733805
29582,14.92012241,15.78565327,12.32577281,18.08910079,17.58315578,21.29619494
35097,13.0292021,19.68985506,18.03643204,18.6384017,14.85811726,15.74799184
38439,12.86040695,22.05234629,4.655428086,19.55786993,15.60968593,25.26426282
24508,17.6347654,13.51760643,8.126183871,17.42836653,18.58179426,24.71128352
13009,15.06322146,20.57166774,11.54130571,18.46757945,17.89195899,16.46426665
36807,21.41372574,11.46209819,14.61179327,20.79458112,13.56752431,18.15027738
12,16.26464695,15.45270214,11.29092495,21.26990305,16.30402599,19.41779693
14657,19.24277365,16.15763297,10.37439689,20.53301245,16.0820427,17.61014135
40722,20.35239825,16.81597783,12.31236656,18.86222173,15.98886801,15.66816761
6766,11.11915175,17.26095699,13.8517833,23.61723987,14.09802622,20.05284187
32269,12.1870039,14.09951585,24.93966096,19.33174128,13.24781773,16.19426028
32742,12.1870039,14.09951585,24.93966096,19.33174128,13.24781773,16.19426028
6612,9.546553603,8.322673316,10.91707957,23.33907295,10.44646984,37.42815071
31075,14.7905957,18.46538742,7.945504696,19.29200381,18.53699636,20.96951202
2546,19.49763449,19.17236733,11.27196563,15.66213791,17.64068357,16.75521107
16219,12.95410082,19.8819569,5.996749698,16.91729392,19.58537207,24.6645266
16634,12.95410082,19.8819569,5.996749698,16.91729392,19.58537207,24.6645266
25490,8.328760467,7.546309139,5.010419172,23.16973138,25.31706159,30.62771826
41164,20.6547964,17.88748921,16.17970729,14.25598986,17.9697434,13.05227384
4484,15.06508558,21.79303195,11.09512989,16.738312,17.76961343,17.53882714
30125,14.83729848,17.12803954,1.020680788,15.41211776,26.32162318,25.28024025
39088,15.73130563,14.92791367,23.7656874,17.1028573,14.05777267,14.41446334
23501,7.419313855,10.43837941,12.61959071,27.87930543,14.23840532,27.40500526
21845,18.50363857,19.19064002,11.43077226,15.8155633,18.68657038,16.37281548
22947,15.10086598,15.54782454,19.75846996,18.345005,14.32905744,16.91877708
3508,10.91181441,19.955661,12.30387312,21.50842625,14.45574935,20.86447587
12183,18.95035895,24.5939107,7.541338562,13.33073308,18.47304233,17.11061637
35619,18.93263269,16.91095588,6.313679593,21.04575344,14.86050579,21.9364726
19728,22.64375891,13.21970922,12.53444746,18.98451693,15.55025177,17.0673157
13845,18.26533557,18.62885741,7.224395227,18.19202937,15.95203568,21.73734674
23777,15.3159293,21.85546538,16.40591074,15.99567898,16.78888351,13.6381321
23018,15.34075581,18.86144547,19.45630555,15.78197491,16.36470724,14.19481102
39154,16.83499187,12.89265447,23.66146403,16.09243926,15.3497116,15.16873877
2115,14.42633764,21.11754387,8.418571204,19.67628461,17.06384103,19.29742164
25774,14.5821754,17.48748302,12.27552317,20.52248308,15.86577783,19.26655751
4459,20.45415768,19.12794966,13.37054433,16.31255837,16.93358266,13.8012073
28684,11.81472457,20.97457119,9.911249197,16.59188773,19.23535949,21.47220783
13525,19.6029145,12.43896758,6.484287712,17.25088093,22.92529251,21.29765677
13977,19.6029145,12.43896758,6.484287712,17.25088093,22.92529251,21.29765677
16875,16.48696171,16.50119305,8.752584854,22.26623973,13.1230745,22.86994615
30572,16.00800427,18.84287568,5.944674023,22.39292209,16.13519733,20.67632659
16615,11.76243248,23.39476912,4.21333013,18.01102593,17.59053053,25.02791181
1739,15.55524386,23.87437717,5.887305081,11.47879259,19.0382051,24.16607619
5084,18.85948684,17.84245534,7.996509905,19.94051197,15.85165816,19.50937779
1276,17.3842028,12.54551319,22.52775241,17.63380232,14.98163035,14.92709893
12317,5.823248955,14.04565721,15.14529623,23.61148836,12.85741478,28.51689447
23908,14.77384805,16.00104028,20.23773502,18.58580404,14.8106635,15.5909091
30952,12.915974,19.11365522,7.274905059,16.48648542,20.54336523,23.66561507
1327,14.87711307,22.07432215,9.302484643,18.88525314,17.38262847,17.47819853
39559,17.39001659,16.35162041,18.61932328,16.0419995,17.87486615,13.72217408
19069,14.82688961,21.05884673,14.99962144,15.32373352,19.03059816,14.76031055
30745,13.33821435,17.18047038,13.57690267,22.32516459,14.03360343,19.54564458
12895,11.70507777,23.6269219,17.15665639,13.19574463,16.47756814,17.83803117
39203,14.0225294,23.67068222,16.99791241,14.11905266,14.9118072,16.27801611
26998,14.29137773,21.04744318,6.972793337,19.9892102,18.5012976,19.19787796
11494,11.9915191,20.48399122,7.858866223,17.17036652,19.58127708,22.91397987
11495,11.80727922,24.88322435,4.946025165,19.1573805,15.47378155,23.73230922
3841,17.09993354,19.66382841,8.266065422,18.29605194,17.68486044,18.98926026
4258,17.09993354,19.66382841,8.266065422,18.29605194,17.68486044,18.98926026
10734,13.81119017,19.6429722,12.78836597,20.41287912,16.31714509,17.02744746
10852,15.85937415,11.06433125,23.54394552,19.65659089,12.0634279,17.81233028
11102,17.19189381,15.13887029,11.51245976,19.56983779,16.79407922,19.79285913
22257,19.15490389,17.14055211,10.4371195,20.04810444,15.73713928,17.48218078
30929,15.2879172,17.80630554,18.58184415,17.62930108,15.69459414,15.00003789
36483,19.65278878,13.27194947,17.98381853,18.75712704,14.93855365,15.39576253
38285,17.43217334,17.92370035,8.03590812,17.49468177,18.69089212,20.4226443
30766,20.23586552,16.3603055,17.16231992,17.44354639,14.2881105,14.50985216
30314,16.24042869,14.90696641,10.77550876,19.18332195,16.59459449,22.29917969
22562,11.87166389,14.40322967,20.70808835,22.17941795,12.39426951,18.44333063
30060,17.9596825,18.7677962,4.344483978,15.85310466,19.96760368,23.10732898
40321,15.59864312,19.04338998,14.36703407,20.21389847,13.91277867,16.86425568
27087,11.2046733,20.05665705,5.92047163,19.03107993,16.46140579,27.3257123
3645,14.24473104,16.08846449,14.76462849,22.89269297,12.51928417,19.49019883
30780,15.96380151,15.63095464,14.25361888,19.1651305,17.7524284,17.23406607
18722,12.99008174,18.14433568,9.700644152,22.45674154,17.16939566,19.53880123
19116,12.99008174,18.14433568,9.700644152,22.45674154,17.16939566,19.53880123
36842,19.6593476,11.56008741,15.02434477,20.81650474,13.88141874,19.05829675
29107,17.0905155,13.04305159,18.03150912,18.29842872,14.95615215,18.58034292
29352,17.25107325,14.39597834,18.20982379,18.94397368,14.41052493,16.78862602
12862,15.80737325,10.75896604,16.50779873,23.42362397,12.87112668,20.63111132
19136,11.83689774,16.02504834,22.76980929,17.2278602,16.6584686,15.48191582
28829,14.33741208,18.73831862,10.54308937,18.29372498,18.32779097,19.75966398
39812,15.15494439,18.45418386,8.24155128,15.03041328,19.25639762,23.86250956
35289,16.1032783,18.04529463,8.700317161,20.11231173,15.47215209,21.56664609
39461,20.68944684,18.8908756,12.59593311,15.60520788,18.15071672,14.06781986
8579,11.11068262,21.73393961,3.912652334,20.91815488,18.68181048,23.64276008
17019,17.28148842,20.76432905,12.09873615,16.0567143,16.78570718,17.0130249
21158,12.17694493,19.06877595,5.941995579,22.97573914,17.09557092,22.74097348
21847,16.53372624,18.67678965,9.814276819,17.59176988,20.04693333,17.33650407
18306,15.13988075,18.21502324,9.975302775,19.44143249,18.12095737,19.10740338
29276,16.77803896,17.40174475,12.27613892,20.51862824,15.65507111,17.37037801
2749,19.1104892,22.59151417,8.305965948,14.66819651,21.46481511,13.85901906
3162,19.1104892,22.59151417,8.305965948,14.66819651,21.46481511,13.85901906
6386,14.10476633,19.77805396,9.630093775,20.14149053,18.74517387,17.60042153
6804,14.10476633,19.77805396,9.630093775,20.14149053,18.74517387,17.60042153
25951,15.08529464,21.26532189,11.6099101,18.26260777,15.07526922,18.70159638
27421,18.86981969,17.58440638,11.23098766,18.70105804,16.46819979,17.14552842
837,17.49563186,23.99691533,2.510745625,10.32506042,21.39517788,24.27646888
28979,17.95976913,13.81035842,24.61200599,16.82223471,11.7488299,15.04680186
39076,18.48226694,13.77404485,21.50650572,19.53671548,10.29482528,16.40564172
23033,17.74665061,16.90163289,20.37722114,17.34811941,13.07272718,14.55364877
10606,18.46885241,16.61571268,8.878990537,19.13557147,16.98829116,19.91258175
10677,15.53285695,15.37728055,8.4514055,21.10906907,16.05130383,23.4780841
20885,15.59716376,17.82421698,16.893853,16.37287999,17.44889132,15.86299495
24355,16.83820375,17.61804289,5.501077208,17.96587138,19.82990997,22.24689481
12057,16.77575379,16.49857894,15.1542306,20.95774391,12.58629943,18.02739332
4357,20.67367301,16.60995578,11.24170689,19.68710049,15.04042792,16.74713591
15113,20.44351071,12.39265589,19.63684779,18.75903781,12.47653219,16.2914156
21823,17.90059345,14.09991746,13.70301857,21.46466585,14.63685638,18.19494829
11464,12.36823158,10.4439031,16.73767361,23.89520618,14.01059488,22.54439065
4436,12.05232941,14.45070054,23.15622287,19.15980011,13.94430929,17.23663776
10980,9.085568677,14.82925333,21.92478653,22.504711,12.39505494,19.26062553
36136,9.085568677,14.82925333,21.92478653,22.504711,12.39505494,19.26062553
37911,15.85318713,22.98160597,14.13649807,17.76098323,14.78220063,14.48552497
1827,18.80121943,17.40740621,11.64204904,19.87274333,15.51652885,16.76005313
12233,14.19421638,23.54269113,8.439924656,18.68404524,17.16109456,17.97802803
24272,15.81669972,15.98890049,20.11561076,17.54399786,14.7718268,15.76296437
29056,12.11934103,26.82287884,3.541129529,11.73039011,17.46168977,28.32457072
27198,11.70385335,18.14467234,18.90514983,20.99580827,12.14128242,18.10923378
36202,14.12697174,17.58228657,19.86136301,18.54815822,13.99765779,15.88356267
20539,18.22699086,14.30038496,11.15603326,23.40092816,11.96658213,20.94908063
21961,13.98168932,15.50893788,9.7099519,24.93105448,13.70763763,22.16072878
39287,16.20311431,20.80974693,9.226160145,17.64993588,16.61927925,19.49176348
5924,17.46735589,14.4123279,16.8534824,17.79037173,18.04261982,15.43384225
8349,18.22048033,15.74214827,16.32571963,16.60866399,17.9149707,15.18801708
17635,15.90219796,26.22467725,16.4769876,12.04417423,12.83551426,16.51644869
3588,12.71228707,15.52006222,22.85724744,18.27017999,14.16839267,16.47183061
40426,10.26541507,18.71995748,16.63649584,21.31730446,14.68834415,18.37248301
514,13.13425384,22.91223042,7.309679043,16.2179328,19.12417789,21.30172602
30088,20.85529029,17.81970328,9.340579199,17.70656775,16.56391245,17.71394702
17257,16.74154356,18.54214953,5.768063102,21.73562411,16.17590599,21.03671371
19611,11.2910256,13.72079516,19.7367298,18.84237337,13.7439885,22.66508758
23930,13.38750714,18.46077632,19.61718665,16.99985485,16.92541675,14.60925829
41484,16.03907749,18.11426941,5.149350688,21.79249881,13.64481962,25.25998398
12593,13.17210282,12.35020844,22.10974819,19.66078627,14.12345282,18.58370145
35310,18.89308637,18.7570344,8.966838406,18.03289514,16.80848377,18.54166192
22250,18.15041785,16.89140776,9.441175477,19.56190728,18.47170699,17.48338464
31450,13.76157721,17.9048511,19.98181874,18.30354733,14.39990389,15.64830174
31918,13.76157721,17.9048511,19.98181874,18.30354733,14.39990389,15.64830174
12774,14.71647723,21.5967995,15.29574431,17.2200353,15.81966488,15.35127879
18175,16.49975859,20.31730579,6.148715848,12.33919385,20.1928754,24.50215053
36369,15.80844399,19.79484147,8.160452727,17.13325419,19.39996127,19.70304635
30304,14.79430769,19.04852272,16.34955221,17.06603175,16.60420051,16.13738512
37313,12.28146013,18.01853866,7.749835196,24.23104811,14.82597986,22.89313805
19481,22.39693305,16.57017279,17.23533738,13.93540548,17.22794394,12.63420736
4418,20.44348006,16.25629737,18.30712882,15.41525559,16.0173503,13.56048786
2897,19.56568836,24.37541923,8.209392007,13.50681422,17.93905479,16.40363139
27893,14.96525089,23.81949343,8.485369127,15.84511798,20.16418845,16.72058011
28323,14.96525089,23.81949343,8.485369127,15.84511798,20.16418845,16.72058011
41356,18.09185656,16.52404214,14.20100613,18.92083685,16.34390628,15.91835205
7268,15.25975428,19.89019622,9.624802087,12.54173101,18.29303856,24.39047784
12917,16.55908424,18.99875038,12.2644768,19.40891523,16.33298675,16.43578661
20936,16.51389224,18.61687819,9.474989783,18.12822741,19.71962105,17.54639132
30665,11.7159815,13.91062782,22.7095237,22.3366301,9.837685927,19.48955096
36298,5.845161355,13.79264296,7.077121556,25.67124625,21.89132062,25.72250726
34349,15.59765446,18.32843526,13.01991432,20.8449207,13.8755658,18.33350946
6663,14.94729971,12.5935458,9.019117182,14.93776227,23.36011283,25.14216221
39180,15.21851403,16.71608697,22.09808496,16.48892423,15.26909667,14.20929314
24437,14.41398181,12.74949904,10.32493031,24.78227356,14.74306164,22.98625364
36568,12.10305452,22.13791901,3.967029399,21.19081653,16.31681469,24.28436585
3018,14.51356605,18.02637719,21.78691383,16.12560362,15.70399575,13.84354356
14843,14.84094203,20.25458217,13.52782786,16.52813167,17.26552942,17.58298686
19071,14.69366667,18.91856377,15.71967647,19.54712505,13.56573659,17.55523145
9555,16.51092999,12.50082232,8.442133823,23.85267554,16.52303506,22.17040327
17860,17.05920791,21.05562508,11.63886283,16.15245209,17.04882757,17.04502451
39051,21.93305957,13.98450801,21.78712138,15.16329899,13.91891384,13.21309822
6540,12.49456308,22.0198686,8.140258321,21.17031422,15.42171434,20.75328144
12600,22.49754371,10.63745763,15.88438844,19.76614982,14.23070044,16.98375997
41139,12.8990195,21.42635453,16.69737631,16.7919158,14.83857554,17.34675832
12282,16.73815985,16.7350066,6.263653961,18.02425734,17.07022123,25.16870102
35169,9.949501293,18.46628418,22.53895592,19.28381375,10.70142165,19.06002321
13261,12.83945096,20.66467401,15.14040798,19.78992938,12.53169392,19.03384375
14676,12.31678528,20.13916036,4.811811591,21.90359051,18.12609102,22.70256123
15006,12.31678528,20.13916036,4.811811591,21.90359051,18.12609102,22.70256123
18168,14.87414305,17.8121832,10.13973222,23.7355224,12.34840956,21.09000957
22852,15.97138381,16.90838024,14.04024764,18.87111499,17.60380088,16.60507245
35323,15.85370775,15.11554189,17.3878886,20.16389452,13.48091967,17.99804757
1461,17.34896303,15.68568911,9.725640362,13.57709253,19.0216179,24.64099707
4582,20.05854316,20.03099916,6.731075834,17.99197282,17.45390967,17.73349936
27516,16.05550123,22.4467783,9.537881227,15.82737394,18.33865216,17.79381315
36717,12.33156161,9.278728974,26.28092581,19.24431327,14.48393314,18.3805372
15892,17.20044878,21.31052822,2.427439571,18.02202767,19.60787367,21.43168209
16924,19.40355897,18.81729429,8.290251313,16.71102067,19.0657996,17.71207516
12050,13.62856795,17.65978515,17.05076853,21.25737413,12.44862116,17.95488307
7635,12.53984876,20.90682525,11.84233152,18.64798461,16.15379983,19.90921003
15562,21.8785175,13.49676439,10.32001374,20.61851073,14.8670832,18.81911043
20096,12.81978971,15.53364544,23.94025181,17.97472949,14.35744096,15.37414259
17687,15.01899728,10.67248677,5.84745148,14.43182963,27.82558605,26.20364879
5095,12.26469722,12.12707442,18.04279858,22.71462692,12.68400266,22.1668002
6808,11.6411921,24.47845579,8.005894006,16.75490969,19.88757697,19.23197144
11865,15.5015545,22.75701047,8.92954393,18.29243121,16.88278838,17.63667151
36413,19.1157057,17.31723004,12.39934149,18.7046591,15.8138761,16.64918757
27544,15.37088916,21.0725108,7.565670901,18.96183122,17.52937707,19.49972085
36539,16.52655487,16.79666683,10.01672201,17.22447193,20.27576865,19.15981571
39665,15.91525042,19.11641229,18.53967479,15.17789826,17.35452041,13.89624383
40629,17.32350865,21.82038904,4.956357899,17.390801,16.81317805,21.69576536
41346,10.36396448,17.33711072,11.02731079,22.52820571,9.863141231,28.88026708
2888,9.052335308,11.3470595,22.61416963,22.72803953,12.20415552,22.05424052
29213,9.376072132,20.71378517,10.42994592,21.11479401,16.71237483,21.65302794
35306,18.91698971,12.25514863,9.197205732,23.01734872,15.70456359,20.90874361
34400,14.7780393,18.78336219,5.640388686,22.42314804,15.2896637,23.08539807
40115,13.86778112,22.63335191,7.465091858,18.47893128,15.57728422,21.97755961
22042,13.40938492,17.99560656,7.955692838,22.32065789,16.69528789,21.6233699
20331,10.48591178,16.6036782,18.69153667,22.60470532,12.63006777,18.98410027
20751,10.48591178,16.6036782,18.69153667,22.60470532,12.63006777,18.98410027
17743,16.95764569,15.09763412,9.961802653,22.31763205,14.11212558,21.5531599
38254,14.83476498,21.34293782,11.58370039,18.64601436,13.35789964,20.2346828
22916,16.46818297,13.72109856,19.76905126,18.83840514,15.75300179,15.45026028
31499,13.08301361,17.25555521,10.38041881,20.97279908,16.09739918,22.21081411
4429,16.13914522,19.17231762,0.879312952,18.16423654,20.31997182,25.32501584
27362,9.282791861,15.92326715,21.77100064,23.48400689,9.303494232,20.23543922
6595,13.71852207,14.2015236,13.68017217,22.5200282,15.7423247,20.13742926
30822,13.94837285,12.47828369,3.650730524,19.5393109,20.48905639,29.89424564
11986,14.16321458,18.19381957,18.06253245,18.04031143,16.08140384,15.45871813
29681,15.4258101,19.56695035,7.44282778,20.16874162,19.30379483,18.09187533
10648,14.85276321,18.31429479,8.152695366,16.89218916,21.03609657,20.7519609
6223,15.51638682,11.85021325,10.17706752,15.75693702,22.32033221,24.37906318
11156,14.25856758,18.93040342,6.485631758,20.10703698,18.29162193,21.92673833
15948,18.44429593,17.18999459,13.07896826,19.66322971,15.25663822,16.36687329
36035,9.940278236,13.55660739,23.37127471,19.87019626,14.42902944,18.83261397
6354,9.587123061,16.77065864,15.86227425,23.58978767,14.38236972,19.80778665
31001,14.216369,16.91723875,8.121687897,20.36829044,18.49063985,21.88577406
31942,12.60514751,17.66629169,10.35256822,21.22407179,15.83679882,22.31512197
440,14.87631444,21.1673187,8.752989923,17.50951919,18.66036433,19.03349341
12597,19.72040718,17.50749128,6.51482285,16.46638867,17.44688781,22.34400221
41697,13.29381767,13.01017517,10.42086773,22.51208911,15.14381955,25.61923077
20624,18.39375993,11.83542295,15.43437018,20.85480796,14.77606605,18.70557293
5096,12.50244871,21.86564493,10.76335985,20.12013643,16.26665025,18.48175982
40258,15.86730235,16.74570931,10.12646033,20.54029391,16.67483517,20.04539893
5346,17.48281695,19.84076926,8.202877768,18.72148895,17.17014378,18.5819033
5802,17.48281695,19.84076926,8.202877768,18.72148895,17.17014378,18.5819033
12744,13.31962389,10.76127323,13.04334167,20.36134995,18.07109577,24.44331548
19127,12.04115644,15.01817529,18.08158624,23.53792854,11.00173606,20.31941743
38859,13.36727164,18.75476639,9.292342344,21.32488427,16.63563941,20.62509595
39098,10.45459718,24.0605801,5.808662668,20.60023706,16.00966526,23.06625773
36562,13.76542353,24.05743442,15.62283581,16.23097126,13.34449965,16.97883533
34810,17.34725993,14.34444522,14.14836159,20.87333306,14.91664642,18.36995378
41683,12.00655854,19.95155089,5.965767283,20.83315051,16.75143433,24.49153845
40035,15.6611607,13.26961251,16.20888356,22.09884252,13.10982004,19.65168067
28003,14.59864157,20.99136759,6.146656151,19.28587738,18.60445098,20.37300634
28413,14.59864157,20.99136759,6.146656151,19.28587738,18.60445098,20.37300634
1887,15.37454354,12.15868382,21.93771024,19.95407193,13.26981526,17.30517521
23747,13.06569377,17.77485556,6.770298758,19.39927118,19.82429406,23.16558667
27849,17.63473386,19.64959221,5.930356179,19.21562988,18.74687542,18.82281246
28279,17.63473386,19.64959221,5.930356179,19.21562988,18.74687542,18.82281246
30468,15.66547186,19.53677167,10.4602547,21.11057681,15.08218846,18.1447365
35218,13.25163764,20.38467431,4.564556331,23.48109881,15.47721168,22.84082122
14723,13.17295556,17.94237621,13.98408878,21.44571896,15.09073014,18.36413035
41097,18.66684468,18.49158479,7.128098201,17.50569049,19.09446414,19.11331769
4875,10.84899417,15.63146668,20.64457896,20.92575032,13.88946533,18.05974454
6237,13.77495174,18.69304342,13.01779501,21.45602011,14.25189615,18.80629357
6678,13.77495174,18.69304342,13.01779501,21.45602011,14.25189615,18.80629357
11987,11.33332556,17.39482363,16.69184175,21.2599481,15.39895487,17.92110608
39479,22.36145261,15.23144964,15.96535232,15.72437143,16.90049489,13.81687911
5065,21.04350363,20.68719109,5.308114226,11.67885551,20.56864779,20.71368776
10665,15.31873843,15.29428504,16.47204063,21.1015141,13.6566107,18.1568111
11147,15.31873843,15.29428504,16.47204063,21.1015141,13.6566107,18.1568111
21412,15.41449503,19.78680007,12.34943591,19.82456011,15.07782052,17.54688837
12534,13.27044284,21.59020751,8.461421071,20.34658107,14.63242623,21.69892127
16402,12.86645963,9.954191706,22.15463375,21.75659029,12.68349029,20.58463435
16811,12.10381018,18.75959209,9.890643116,20.77194037,16.31962148,22.15439277
13334,14.50695985,17.06293146,16.54981017,18.92079559,16.86952524,16.08997769
16787,4.597519603,23.50612755,3.246597792,22.09229071,16.00201916,30.55544519
1446,11.73487009,12.8615389,14.36052601,25.29469263,12.18475897,23.5636134
6115,13.22660294,19.78288415,13.04246021,15.33768974,22.24620425,16.36415871
16070,19.81260423,11.86854752,8.772614391,21.69456603,13.71384019,24.13782764
19223,17.5713538,13.8755994,18.52529338,19.63856181,13.23895321,17.15023839
39281,22.54310205,11.28836672,17.97213279,17.32860087,15.74817013,15.11962743
5259,20.29660258,14.21730402,8.443896374,19.60121395,16.5267526,20.91423048
20377,15.56325781,17.36090005,18.55591041,18.70920312,13.55270512,16.25802349
20789,15.56325781,17.36090005,18.55591041,18.70920312,13.55270512,16.25802349
39129,14.64249305,20.404761,11.71395294,18.22141486,17.16117632,17.85620182
27566,20.49230365,13.74271611,9.086817732,21.30508013,11.87630776,23.49677462
36772,11.72018376,20.71749374,4.054989023,19.34540666,21.27203395,22.88989287
26268,15.00924642,18.4466726,16.3779311,18.83851555,15.07119818,16.25643616
26703,15.00924642,18.4466726,16.3779311,18.83851555,15.07119818,16.25643616
24792,14.42282396,22.43723996,11.49369398,17.69128219,16.56227349,17.39268642
39516,15.22563043,15.30663017,20.25160993,18.44420241,14.83035881,15.94156826
3632,18.22760478,16.25408494,6.365991889,13.31240456,20.98744232,24.85247152
4049,18.22760478,16.25408494,6.365991889,13.31240456,20.98744232,24.85247152
4964,16.35775801,18.92364692,6.780977158,22.28222504,14.33638257,21.31901031
30082,19.36891271,17.94530233,12.74713367,15.91724621,19.71454261,14.30686247
38643,18.42400866,10.50147304,21.19285759,19.40452785,12.684897,17.79223586
38782,18.68318498,16.17531244,20.06667316,15.37775456,16.06064438,13.63643049
16516,13.79201653,13.89862929,8.618617187,19.19379272,21.19754888,23.29939539
38818,15.06202774,20.48516872,8.235227605,18.72122019,17.04705243,20.44930331
41334,23.75121932,11.55703222,17.98719271,16.79703815,14.35868,15.54883759
6134,22.85603336,22.47718947,10.11308164,12.09126025,20.94123509,11.52120018
38695,14.17429415,17.48655024,8.749051036,23.82510352,14.24183668,21.52316438
3478,21.29436091,16.11451613,12.54561294,19.29448319,14.60352226,16.14750457
5017,20.58839669,16.04807497,8.787076917,19.82124714,17.38034797,17.37485631
27086,14.44889945,20.44603339,7.176229622,16.74427191,18.52082002,22.6637456
34685,13.15726502,13.09540364,12.23897771,25.65248126,13.01367573,22.84219664
8700,11.72911085,19.40441097,16.05646565,16.18160394,20.3964158,16.23199279
11047,12.77440686,20.79863544,7.029515511,22.18839805,13.38151103,23.82753311
23227,17.12651999,16.2933278,14.92164462,19.11245274,15.50626052,17.03979433
21683,10.22380655,16.67216726,22.10664951,17.20487575,18.17740267,15.61509826
4961,17.76514165,19.97636637,10.4966435,18.64414062,14.94818432,18.16952355
28801,13.96278897,4.834006546,13.23972821,23.72667317,18.30810163,25.92870147
40206,10.66449152,18.04196893,20.51124149,19.70000767,13.62918465,17.45310574
35382,16.02340696,11.73718118,23.12910841,18.20005277,14.66621327,16.24403741
18891,17.6548796,13.96647489,18.73984103,19.26396512,13.96934707,16.40549228
23312,13.90063613,20.23859466,16.94569323,17.56812688,16.52245533,14.82449377
27415,12.22760231,20.54720331,8.588909868,18.24293034,18.55832883,21.83502535
40725,16.68516656,18.44905506,7.55697787,17.92497912,17.84748128,21.53634012
9277,16.68150434,19.76361935,6.198142369,22.95074708,14.30652046,20.0994664
29548,17.39323455,13.61789793,8.372190456,22.80222936,17.07173403,20.74271368
15476,20.13049065,15.41650863,13.82188147,19.46144959,15.16794343,16.00172623
20765,15.52020902,13.5655973,11.60123326,17.8054976,23.65715648,17.85030634
27857,13.02736365,17.40883218,4.749962601,17.3891975,21.94243001,25.48221405
28283,13.02736365,17.40883218,4.749962601,17.3891975,21.94243001,25.48221405
22049,16.70536657,21.43853965,6.392522586,15.32158489,15.79125552,24.35073079
22872,16.89559902,11.92879696,21.44636093,18.7368291,14.96646669,16.02594731
23353,16.89559902,11.92879696,21.44636093,18.7368291,14.96646669,16.02594731
36149,19.39581626,18.25572966,4.520786896,20.76369325,17.76453014,19.29944379
36566,19.35885288,14.5928556,4.295551457,21.86109312,17.50414728,22.38749966
1331,15.78758725,15.90853962,15.12795094,21.13533094,14.45067915,17.5899121
14443,15.42515018,21.3259602,11.83808042,16.89723315,16.56471387,17.94886217
38324,16.37923769,16.58035777,5.492108774,23.04528634,15.62339408,22.87961535
2796,19.14648096,18.10808169,17.57474249,15.3839501,16.58725381,13.19949095
30655,13.36003878,16.33156419,8.29087198,23.78935524,12.9320915,25.29607831
15529,16.26481734,20.91280781,6.328319019,14.12128339,17.50767235,24.86510009
27389,13.27022544,18.17960663,5.208090302,22.46688423,14.4283713,26.4468221
18734,15.25877763,13.44010984,10.73826509,24.06052078,15.07410836,21.42821831
16054,18.84687121,17.00541755,19.46172187,15.67151023,15.67311115,13.34136799
22560,16.03569689,21.75397038,1.682564543,15.93629484,20.61821707,23.97325629
1679,14.43662799,24.01414524,11.2534936,16.92541041,15.33105546,18.0392673
12594,17.00744132,17.98274977,7.864122981,16.99204653,18.2657561,21.8878833
35856,16.40711516,14.27278241,9.284631344,22.33088221,14.44902053,23.25556835
22299,16.27004244,17.19327178,15.66166517,19.25056244,15.49371294,16.13074523
36475,10.15889757,13.66208255,25.49011065,20.88058382,12.05922529,17.74910011
38645,18.08157173,17.65805716,17.82697435,16.91761308,15.16015561,14.35562807
36316,22.06772271,14.66906567,18.88391198,16.56719999,13.6313954,14.18070425
3234,19.80463418,24.44957541,14.09955276,11.51755626,14.36951532,15.75916607
24408,16.952161,15.12130554,7.031023031,19.53384945,16.33797299,25.023688
22350,19.46966766,14.24984154,13.89909355,20.86252472,13.69424537,17.82462716
7522,14.45349845,14.57454287,12.47105582,22.23319585,16.40995747,19.85774954
2915,13.59153729,20.46713532,5.56657468,18.5712515,20.36154774,21.44195347
3294,13.59153729,20.46713532,5.56657468,18.5712515,20.36154774,21.44195347
33009,16.21001963,18.25712356,4.573529349,16.50459049,18.56697371,25.88776327
21439,11.94175802,22.60449764,12.29975276,18.08871463,15.31684308,19.74843386
36026,16.10747811,10.33884675,23.29464599,19.98144313,12.15829083,18.11929519
37314,17.53191154,20.14753366,6.021799907,18.12273728,18.51693497,19.65908264
3217,14.57279004,15.0346793,17.56889995,21.71027757,13.06366068,18.04969246
29686,22.70271491,12.67959401,17.18254689,18.53751493,12.97741269,15.92021656
1228,14.38230596,21.24682966,9.207226345,18.54597429,19.49781002,17.11985372
1641,14.38230596,21.24682966,9.207226345,18.54597429,19.49781002,17.11985372
21167,17.05931011,19.7926494,8.244772014,14.47653447,16.66807791,23.75865609
35795,17.45675749,16.08586139,9.875845786,20.76035522,15.98887061,19.8323095
11088,10.54119229,22.73124797,8.970081945,17.94972284,17.41157073,22.39618422
18464,20.53942588,11.37557405,12.63907658,21.65078932,13.79664798,19.99848619
33793,13.21604157,18.32381553,13.08950137,20.44138074,15.61993581,19.30932498
17790,19.09598258,19.26870179,7.832807297,16.98790382,18.90036002,17.9142445
25703,14.96244416,19.79203707,9.877451933,18.65233443,17.2695672,19.44616522
9390,12.93412551,23.12137208,11.01999015,18.07648826,16.40752191,18.4405021
39396,12.76629501,13.85459878,13.89843362,22.77786217,14.93723482,21.7655756
41388,12.31195186,18.64137879,16.20874825,20.11281119,15.88185506,16.84325485
39606,15.6925639,23.15535495,15.6537099,13.13142824,16.74152663,15.62541638
14944,10.45458915,20.67638644,9.013174934,22.27906926,16.74883003,20.82795018
29163,18.89744553,20.86813215,1.208453188,18.13893372,18.12818767,22.75884774
32467,16.07340521,18.63369723,5.603259058,19.21459658,17.33102738,23.14401454
38927,17.07488209,17.62446911,9.6350265,21.09679439,15.68363911,18.8851888
21452,9.356745539,0.715590912,28.92745633,21.61179737,14.20486339,25.18354646
351,13.02835373,16.81860276,15.66211615,22.08352736,13.55254092,18.85485909
14948,14.17958105,16.12431176,8.411615958,18.37565561,16.68621825,26.22261736
39614,15.41883422,17.77611846,9.205917625,21.34904043,16.87107774,19.37901153
26281,14.93888411,20.32396537,6.419693397,16.96979372,20.53840459,20.80925882
26716,14.93888411,20.32396537,6.419693397,16.96979372,20.53840459,20.80925882
31976,15.95026286,18.68546462,5.610274068,19.34159653,17.13470033,23.27770159
3279,19.57176697,23.24240367,10.69588054,12.76699,17.71037634,16.01258247
21358,16.70705692,19.26729949,9.318572748,18.13017323,18.85409785,17.72279976
33937,15.8381564,18.58298316,4.849686227,16.49858133,18.65645614,25.57413674
3696,15.08562574,15.47179044,10.32295457,24.50336207,13.73567745,20.88058973
4822,17.06969852,17.90173006,13.4299676,19.37225489,15.66525294,16.561096
31465,13.38001498,17.90404881,10.97592528,22.37542629,13.76251372,21.60207093
31930,13.38001498,17.90404881,10.97592528,22.37542629,13.76251372,21.60207093
40838,15.06509898,20.62818249,9.49793981,18.95310211,16.15411579,19.70156081
4511,13.29304585,18.54628366,14.35324581,21.23591383,14.96462015,17.60689069
35991,19.61541294,14.32503789,7.67840882,22.73641091,14.40465369,21.24007575
8006,16.68525908,18.36715183,5.403609202,22.22414828,15.40802933,21.91180228
10963,15.38542797,18.6895636,17.59519329,17.30333084,13.76791377,17.25857053
45,20.64859163,16.32101032,11.41527798,18.97355638,16.45625183,16.18531185
22844,13.23157182,21.70956294,5.766852227,19.21344901,18.53660787,21.54195614
23914,16.63734354,18.18346062,16.77633841,17.16173187,17.08332584,14.15779972
35058,13.08480355,19.73014052,12.76348313,18.06046125,18.0793106,18.28180096
1725,15.36197752,18.9569289,3.392132696,19.36373062,17.10119296,25.82403731
37272,18.3244853,14.05956628,8.336974277,20.51754223,17.55710629,21.20432562
25695,17.15364627,9.009934207,9.752324976,17.14708012,20.45433011,26.48268431
2811,17.58219397,15.78715893,11.12970958,21.68333597,13.88350471,19.93409684
4549,14.53604996,13.82791341,17.10237429,22.53628407,12.87273967,19.1246386
11676,18.69495985,17.15464115,7.60243797,17.58721642,17.18390797,21.77683663
38877,17.59582031,19.78613933,5.78523367,20.66493447,16.00214733,20.16572488
22283,17.91245523,16.55524325,3.63534664,16.82117999,20.55757799,24.5181969
2692,15.88384992,21.4572222,9.989167816,16.82862857,17.66665556,18.17447593
8116,12.45462766,20.59182544,6.500526655,20.86317688,17.6897788,21.90006457
34784,13.5052753,19.72694706,8.107717669,19.62862564,17.16539477,21.86603957
15852,15.53785266,16.20898301,14.66739975,20.65118311,15.30477832,17.62980315
30538,15.81735088,15.197036,14.13432983,22.05380213,13.85759533,18.93988583
17416,15.85497422,21.52689913,16.02969756,15.62136148,13.26166369,17.70540392
23388,16.09189258,13.51058324,21.47186706,18.58277333,14.95198779,15.390896
37937,12.66942881,21.00737887,6.399825096,20.57327315,17.65273046,21.69736363
28800,19.9512172,20.51450489,13.66645971,14.11700635,16.19614072,15.55467113
13081,17.12262017,12.07201253,20.07856294,20.1898054,13.31908147,17.21791748
20175,22.11330773,11.65996553,13.10811336,20.92224442,13.93882467,18.25754429
39275,15.50281876,18.70001961,9.775911492,20.64218976,14.06727676,21.31178363
12436,19.04841624,18.85056508,6.778635931,16.68397555,18.55520788,20.08319931
17479,20.5553716,9.900830174,11.66320384,21.81648996,15.72172816,20.34237626
40931,9.30315042,15.57725967,10.82991415,27.22025659,11.00213393,26.06728524
11924,13.71033195,13.95986183,18.23804598,21.38298301,14.11519439,18.59358283
12303,13.71033195,13.95986183,18.23804598,21.38298301,14.11519439,18.59358283
9354,15.81878036,20.42190983,12.06343879,19.19119049,15.99030436,16.51437617
5006,18.42168376,13.28927629,15.21609299,21.02333582,13.78200775,18.26760338
5304,15.63111892,21.31566787,5.892905492,19.08601031,17.24586485,20.82843256
10841,19.44843344,15.7862606,7.317171378,22.09567664,15.03847454,20.3139834
1508,15.87587967,21.4841472,2.252266536,13.91018151,21.37646364,25.10106145
6401,13.83091925,20.18301696,8.857775172,15.58477247,17.6123521,23.93116404
4730,12.01805676,16.26655832,14.53368387,22.41642069,15.43580264,19.32947773
24191,22.89007671,13.30466344,20.00320903,15.99381562,14.21549483,13.59274038
3555,18.73365522,18.80341991,1.297893677,18.68390234,19.57961319,22.90151566
12706,21.90671381,17.22214554,12.90807799,16.54374779,17.4005134,14.01880147
69,16.81746426,22.06441567,7.599130554,15.72775059,18.65677412,19.1344648
11439,11.79153106,18.94924508,3.44096204,16.94589994,27.99082604,20.88153584
41074,16.24557471,21.51178495,15.35663715,12.72537763,18.60176074,15.55886482
11057,21.38719966,13.9625045,8.174622488,21.86011721,14.75586326,19.85969288
36278,18.46346206,15.30127779,6.906275837,23.66177892,13.87972171,21.78748369
2720,14.62940534,19.42773212,11.34951391,19.89863437,17.59283661,17.10187766
3140,14.62940534,19.42773212,11.34951391,19.89863437,17.59283661,17.10187766
17328,17.40450392,17.90204276,0.708647493,20.95579857,13.21915552,29.80985174
4134,8.21901447,22.83692414,5.262442523,22.02167218,16.44380468,25.21614201
9691,14.10578538,19.89126056,2.405903746,20.11835664,15.55875307,27.9199406
24411,14.79664889,20.85930533,13.88487214,16.04500238,16.97194935,17.44222191
30335,17.60191149,18.77672035,6.906721086,17.52187246,18.9355177,20.25725691
3465,15.78406031,15.96650543,9.980839092,14.14649203,19.44421331,24.67788984
20434,15.54293728,11.35541162,10.62701649,23.08026923,15.13196783,24.26239755
13107,13.27123088,12.99688756,19.15018694,22.52763933,12.96276436,19.09129093
35136,13.00865814,20.7555998,17.5781213,17.40339237,12.24598385,19.00824455
1472,15.31275619,16.6191556,11.78592631,21.67619096,15.26660042,19.33937052
40656,13.51700258,20.44634605,5.356386978,18.61875763,20.39740521,21.66410155
5836,20.26693246,16.90418815,14.51549523,17.6981418,14.74591091,15.86933146
19027,16.53798547,20.52335146,10.16617109,19.35233493,17.21902022,16.20113685
32966,18.04726478,12.99361482,11.0811724,22.26813833,15.41913626,20.19067341
22751,15.2001972,18.29218841,7.297754328,18.13946413,19.40214794,21.66824798
23248,15.2001972,18.29218841,7.297754328,18.13946413,19.40214794,21.66824798
40735,19.55812533,17.03734169,7.62200369,19.54605739,17.75485533,18.48161657
36527,18.933665,12.2721905,8.363357979,22.59451292,15.44121231,22.39506129
2527,13.92560923,21.53660469,12.28349241,16.1476553,18.41390569,17.69273268
37742,12.43545297,15.16882453,20.73628251,19.75435515,15.64845699,16.25662786
18047,14.34773263,11.95281179,14.58541959,18.26796466,14.28782302,26.55824831
38944,11.05158874,13.35928025,24.69478276,20.194126,12.14287273,18.55734952
10256,17.85218318,17.07243348,6.838344275,17.96757769,16.38311927,23.88634211
22310,17.97985894,16.67899189,11.44825105,20.15419712,16.16205864,17.57664236
36783,12.29262308,15.07829273,6.709976451,23.18409086,20.50571992,22.22929696
10226,15.85044358,20.40091611,7.019737257,19.86841365,17.33580101,19.52468839
10403,14.18756316,15.69316911,10.41234128,16.94868348,18.66203106,24.09621191
3119,16.13561884,20.58385256,11.5105697,15.99508794,18.54424053,17.23063041
8842,15.5819617,17.39537422,16.11306185,20.09314466,13.8150871,17.00137047
9283,15.5819617,17.39537422,16.11306185,20.09314466,13.8150871,17.00137047
40713,20.70866346,14.36226034,17.12844716,19.03775289,12.84900811,15.91386804
11292,18.93533439,17.58908616,7.38184454,20.6992208,15.89788214,19.49663197
3685,16.55210389,17.85785802,6.602688163,19.22896297,16.92763485,22.8307521
4099,16.55210389,17.85785802,6.602688163,19.22896297,16.92763485,22.8307521
39310,13.63246185,15.7295413,11.00493172,23.41065239,15.02683714,21.19557561
20610,8.648611076,19.44963681,13.8531365,20.38189921,17.39146963,20.27524678
24238,15.78397615,16.04169428,9.155019342,23.26890816,13.86000119,21.89040088
35942,17.50518872,16.50931402,22.02828165,15.42403088,15.26261952,13.2705652
36212,15.47852687,14.26074972,20.59919231,20.36539199,12.47205216,16.82408694
36115,15.95712266,18.38998263,18.17118629,16.85867554,14.37471308,16.2483198
36208,15.88974464,18.0009328,7.021132624,22.72960178,15.29678761,21.06180055
24297,18.53303861,15.94033194,16.4128073,18.07908838,15.09398199,15.94075178
4903,14.77965709,17.56017026,2.586879912,20.48586851,17.03917278,27.54825144
13383,17.87208497,16.59855231,15.38298235,18.24673849,16.64378634,15.25585555
20027,19.86536137,16.19455047,10.04471493,19.79089301,16.080169,18.02431123
2795,16.33514619,16.96741205,11.49625713,21.59824349,14.82602949,18.77691167
30154,19.1095092,17.42749735,13.50418499,16.54545862,18.12787128,15.28547856
33441,15.93299753,17.77721982,10.55749297,20.28025252,17.60291679,17.84912037
36594,17.43766167,18.28305673,8.912331829,19.50865982,18.24781615,17.6104738
24348,20.6822559,15.00724317,15.09428323,18.77761444,14.36563789,16.07296537
37691,11.34314565,16.59375418,17.91448434,20.68931859,13.93850959,19.52078766
40167,9.457788421,13.96004883,10.34550909,21.88799706,16.95708016,27.39157644
12589,15.93452965,21.16383483,5.407366664,17.97984292,18.71321517,20.80121077
28931,13.88332635,17.00144379,15.92312143,20.53514317,14.57348377,18.08348148
22499,14.60465218,20.84038226,10.81390187,18.59853684,17.86551523,17.27701162
41536,14.43312064,20.37132601,9.824547291,19.36054918,16.2018864,19.80857048
28957,17.21327235,7.350058415,8.779059777,21.01594389,21.47025067,24.1714149
4349,13.05620985,18.69380178,9.73715363,14.47055248,19.72098162,24.32130064
1415,13.88906151,23.98342199,5.656322387,15.54977312,15.54182048,25.37960052
16068,12.62476595,17.14615919,8.099055105,20.06849927,19.45695715,22.60456333
10884,14.84208952,11.53146777,20.27815904,20.39485523,14.8137365,18.13969194
11324,14.84208952,11.53146777,20.27815904,20.39485523,14.8137365,18.13969194
24173,16.37448477,16.71377631,5.80250624,19.93891596,19.53734677,21.63296997
39897,19.32138995,20.96879627,5.781494169,13.89257589,21.54557115,18.49017256
25006,15.22100673,19.14896291,12.42315624,20.1347418,16.1048949,16.96723743
25305,15.22100673,19.14896291,12.42315624,20.1347418,16.1048949,16.96723743
1932,13.34117968,11.70154274,17.12654504,23.97422389,12.93722152,20.91928713
465,18.2176805,20.83164373,10.86102169,14.31595338,20.13251882,15.64118189
4111,17.1559683,20.18787528,7.952697816,18.17071144,17.16696792,19.36577925
29647,13.63397085,21.79664275,7.345051127,16.98541979,18.32398046,21.91493502
1761,14.37979837,22.03378135,4.122933912,17.4447336,16.9647066,25.05404616
18100,17.20897414,19.00719092,5.716607839,18.86130792,16.25228357,22.95363562
29035,16.68795882,16.6416239,16.16601203,20.08634331,13.64420697,16.77385497
16172,11.49205342,18.35916889,15.98809358,19.9624352,17.46152953,16.73671938
16598,11.49205342,18.35916889,15.98809358,19.9624352,17.46152953,16.73671938
34971,14.48397136,15.01544729,19.47521661,18.09218327,17.43425153,15.49892995
27444,18.45669506,18.02637671,11.82814669,18.31066654,13.69630418,19.68181083
17354,9.043958431,19.12776161,11.19310029,19.81702641,13.2332427,27.58491056
34989,16.12320139,14.12326688,9.833699192,25.24145441,12.88900847,21.78936966
20949,14.16673584,15.43236815,16.5958957,21.44678856,14.46412705,17.8940847
3695,16.5074929,21.29010382,7.876891865,17.63791562,18.36080018,18.32679562
24239,13.31623818,18.25954686,10.98936486,21.6006695,15.98636454,19.84781606
26422,19.36185416,11.96223523,13.36088753,21.26900509,14.35092398,19.69509402
26846,19.36185416,11.96223523,13.36088753,21.26900509,14.35092398,19.69509402
36949,19.42127058,17.3311213,17.15477759,16.60680161,15.22709503,14.25893388
21361,12.40678735,22.20745966,8.837412449,17.99977673,19.72705412,18.82150969
12350,9.843144071,21.49338116,3.100790404,20.81955793,20.49980641,24.24332002
22768,17.16440358,21.1269311,6.084699995,17.58252615,18.81923987,19.2221993
20108,20.4528084,16.42346339,15.28482114,18.25370086,14.45058445,15.13462176
39796,20.09585324,15.0047294,12.50019463,16.18143919,17.77770552,18.44007803
23694,15.65663266,19.70450551,6.074521356,23.68086312,13.49446577,21.38901158
27974,12.33598061,19.76882281,6.644715974,23.91532475,15.40256645,21.93258939
28380,12.33598061,19.76882281,6.644715974,23.91532475,15.40256645,21.93258939
19414,9.7511533,16.50558732,9.458259757,24.80835613,13.27854225,26.19810125
34132,13.93093552,18.43668178,15.05395882,19.54579489,16.71053182,16.32209717
6767,13.18526677,19.15089447,15.23880749,19.49562383,16.22339309,16.70601435
36612,14.48307324,17.95145823,19.77781681,17.52960448,14.36906726,15.88897999
30201,11.05189745,18.19324861,14.91533094,21.32602297,15.99758926,18.51591077
24237,21.01078161,16.24069401,13.35563407,18.70720493,15.07672301,15.60896236
22400,17.64183257,21.15644463,11.56953148,16.15081795,16.32824819,17.15312518
39377,14.22984436,13.95648772,21.32589414,19.25201865,13.85508887,17.38066626
10284,13.02433149,19.88190525,13.30130356,20.06291532,16.37749879,17.35204559
20577,13.02134212,16.65103926,14.9243864,21.67695363,14.56890476,19.15737383
20979,17.00091435,15.47915384,17.59398379,19.80924956,13.59651539,16.52018306
21898,17.00091435,15.47915384,17.59398379,19.80924956,13.59651539,16.52018306
24226,14.55490285,19.93539235,5.056059397,18.44836479,20.50391836,21.50136226
25993,18.27714155,19.20646035,6.781180209,14.70566511,20.43269449,20.5968583
36170,7.377716191,15.17382037,12.09752548,26.5063585,15.81954766,23.02503179
30486,19.81030753,13.34047729,10.19577015,19.60343073,16.01022618,21.03978813
36164,5.991779093,17.82115732,22.59174611,21.85796711,12.78785631,18.94949405
24149,20.27768737,18.42760215,8.043271748,17.66340068,16.82931011,18.75872794
36146,14.60144533,10.730557,26.80424066,18.91963022,11.31986555,17.62426124
12471,21.20490535,10.17863899,17.89792737,18.53071532,14.6765876,17.51122537
20170,21.80733491,14.3561477,22.40054912,14.80563823,14.02420111,12.60612893
22633,17.96669025,9.528300365,15.29867024,22.24341698,14.38738753,20.57553462
13883,14.48857526,19.70618898,8.385177571,17.91970549,19.81216895,19.68818376
21080,15.25965219,13.39867358,19.12593275,21.69955839,11.9750284,18.54115469
21474,15.25965219,13.39867358,19.12593275,21.69955839,11.9750284,18.54115469
21882,18.12258005,17.2628346,3.908214346,21.68197718,15.23441332,23.7899805
37955,18.48148498,18.25971828,10.18780662,19.9413032,16.10539838,17.02428855
5719,12.9737652,16.17805308,21.55047818,18.18139019,16.0285458,15.08776756
41489,16.5399781,18.66945027,7.974675903,20.19611088,16.84976991,19.77001494
7413,10.17037934,19.76586374,13.14745273,22.45820993,15.35514758,19.10294667
12358,13.26327503,21.20945823,5.557340382,19.67646629,18.07834639,22.21511368
40635,17.33404122,16.30268675,18.74771686,16.51505091,16.8336352,14.26686906
5730,20.33493451,15.02291099,13.93969298,19.25066531,13.00153059,18.45026563
17333,10.99865791,25.07623223,4.265286614,18.30343768,16.16528574,25.19109983
23427,17.07699029,21.26412723,16.75549706,13.45226308,17.55751624,13.8936061
27923,10.48533157,5.589790469,13.62828318,24.26693704,17.75256814,28.27708959
28344,10.48533157,5.589790469,13.62828318,24.26693704,17.75256814,28.27708959
15220,15.45986366,19.36114086,13.21949124,17.93877376,16.13432008,17.88641039
26098,14.78512455,21.71529156,6.353375751,18.58036393,17.18969719,21.37614702
26550,14.78512455,21.71529156,6.353375751,18.58036393,17.18969719,21.37614702
15956,20.6517873,17.34451876,7.489589743,17.68497151,14.00868852,22.82044417
35172,11.4702744,16.61159229,18.17012595,21.9715076,13.17735244,18.59914731
20698,15.23026797,21.17449652,14.4146884,16.77880296,17.55698446,14.84475969
33494,15.0738363,19.31095665,8.012676374,21.56855706,15.48624727,20.54772636
4790,22.74390763,9.821179964,15.7106804,18.96961749,15.06518796,17.68942655
9340,15.36792727,16.4816764,13.05276844,20.81932628,15.77713682,18.50116479
19584,11.18440003,14.25105797,23.95842321,20.61004454,12.83866454,17.15740971
12364,13.17831597,17.69401208,16.35557753,19.2496482,17.05686953,16.46557669
23480,16.45271553,16.29479583,10.35488668,21.72682371,15.39780376,19.7729745
18490,19.52871532,15.9879592,8.475548661,17.35999043,17.52787004,21.11991634
24754,11.37597187,23.25269329,10.25086565,18.04454397,17.35276925,19.72315596
25148,11.37597187,23.25269329,10.25086565,18.04454397,17.35276925,19.72315596
41597,13.57224187,18.81366127,10.04005601,21.24471469,17.10094592,19.22838024
20904,17.69166164,14.0649585,14.65709399,20.99987754,14.90578221,17.68062613
13545,20.10388723,20.80646215,6.061095185,14.3335816,20.53466008,18.16031375
30882,14.68776698,19.13669666,10.4755336,21.62280806,14.67621124,19.40098346
33894,17.18171386,12.19250496,13.76571696,22.04393212,14.93794961,19.87818249
36074,14.67691057,12.62529591,22.41617548,19.20399593,13.66726644,17.41035568
20969,18.51577245,16.78853538,4.004054278,22.20386687,14.69962302,23.78814801
34429,12.81312454,21.08588743,9.025049318,12.80957375,20.53957873,23.72678624
13299,18.76340728,18.90491083,5.652156661,18.51832153,17.58061188,20.58059181
481,17.39117769,21.49268518,8.41683233,15.91372339,17.90874867,18.87683273
11571,18.25311918,17.86759322,8.597767523,16.36909985,19.20030675,19.71211348
20221,14.90057362,21.35307589,8.635457075,17.1305921,20.14211346,17.83818786
4060,12.80912561,15.42048201,16.17783242,21.97659069,14.98659726,18.629372
35677,22.69656795,11.69029118,17.32759313,18.73680231,12.35993557,17.18880985
37572,8.039147172,18.44616074,23.95711707,17.21226933,17.02753673,15.31776896
35445,17.71801617,20.55305593,10.06317505,16.51542136,17.41838323,17.73194826
23792,11.6888022,20.63637183,7.627802159,21.19961426,17.54102504,21.30638451
1765,16.47956158,19.86981015,6.062063259,16.74464836,18.42235535,22.4215613
20110,15.76250735,18.35659875,11.17251813,18.95828798,17.82141442,17.92867336
5602,18.16572923,20.58619782,11.53333832,16.50904911,17.10427486,16.10141065
40377,16.86247936,14.07558905,20.85005986,18.81323994,13.09275534,16.30587646
41304,20.66617748,11.6579357,21.07952906,17.69665769,13.15813177,15.7415683
2935,20.05436775,14.13472572,22.30266722,15.41181856,13.96617611,14.13024464
3161,14.43742215,19.01008431,13.90062188,17.02438194,15.38469634,20.24279339
9028,11.67555095,20.38670194,11.64373649,21.34083204,16.84530635,18.10787223
19268,17.63607878,17.98467365,11.00118465,19.25361309,17.25311229,16.87133755
39675,14.23907084,22.50584058,6.484688455,19.03796957,18.53636471,19.19606584
20470,12.85325723,19.68923986,9.327409341,20.43045267,19.88729236,17.81234856
39245,11.73351935,22.56789897,11.31633416,17.86418805,17.1233659,19.39469357
41404,22.70991511,14.91575879,20.78476378,14.39159188,14.92933316,12.26863727
25176,14.24279693,17.69557302,9.416414457,16.3120461,21.52127488,20.81189462
39096,12.974144,22.73584424,13.72507104,15.66859199,17.51839081,17.37795792
21947,17.71417173,16.55131506,15.75776444,19.36128715,14.74632523,15.86913639
1611,14.1510058,21.90768865,14.17073701,15.21051004,17.81562404,16.74443446
6027,14.81481486,15.74243709,22.93748302,19.00425265,11.40633899,16.09467339
12824,15.500883,19.35146322,6.9126285,19.982486,18.56247683,19.69006245
30024,15.33467165,19.30169622,6.271444666,19.52121377,19.02791976,20.54305392
4751,12.07973818,14.96618976,9.925231467,23.22527862,13.98931646,25.81424552
23718,16.80370995,21.45556917,6.73398379,17.71599331,18.27123523,19.01950854
35468,12.97548414,16.80015749,15.62370247,22.52874472,12.67252161,19.39938959
7565,12.74783033,13.35842778,14.20366971,23.27551821,14.77982674,21.63472723
36265,15.79533635,19.5897584,13.91643657,16.94901195,16.67924473,17.07021201
38840,20.01634151,13.62697992,13.22272012,20.87514817,13.53214832,18.72666195
14111,13.35014325,12.6636582,21.96207057,21.00679892,13.34384462,17.67348444
1924,18.80886503,16.04001357,5.518096966,21.21223653,15.9587461,22.46204181
21429,12.05522727,22.62938075,15.51199229,17.72817493,15.74455994,16.33066483
40895,20.05570425,11.29147942,22.10604428,17.85481707,12.62038713,16.07156785
18979,17.61369369,17.81970332,11.34089881,19.24718186,17.16972274,16.80879959
8696,12.2550129,14.10716999,20.97814342,21.83008436,12.73466462,18.09492471
3197,19.02610931,19.18388912,18.44022122,13.99691917,17.26390616,12.08895503
7074,15.56932292,18.53741798,5.309196183,19.14595428,17.83433239,23.60377624
17555,17.46789773,19.47166874,6.61422151,19.91914902,18.66973135,17.85733164
30162,12.11947687,20.8624837,10.37130736,19.95163785,14.37339198,22.32170224
452,15.60701954,19.25824522,8.78448779,20.20886978,17.72135906,18.42001861
24105,11.64707697,17.30580129,11.16087428,23.67076517,14.58397697,21.63150532
36697,18.35918543,12.37435205,10.64832341,22.62325949,15.59224502,20.40263461
3863,11.34990775,12.81178367,12.66372281,23.06026156,13.1196915,26.99463271
4314,10.90749635,18.77576834,3.061640357,25.25507316,15.05694882,26.94307297
477,17.85054144,17.97496476,11.67072897,19.58037803,16.30677989,16.61660691
23745,16.78568674,14.91222917,21.17525414,17.80394115,14.07541099,15.24747781
41359,15.72989167,18.79663502,11.79232948,19.2679887,17.45184603,16.9613091
22234,11.27918868,14.99362365,15.82891034,22.96669759,14.59748097,20.33409876
29205,20.97910768,15.03615378,4.465034392,19.42240719,16.9777932,23.11950376
22565,16.92675315,21.73501356,4.198021716,16.46005482,18.90285998,21.77729678
18277,15.59896366,15.98275424,14.24492245,20.10681051,16.55575267,17.51079646
23199,16.02177033,23.69416919,10.15555784,15.12094041,16.96422205,18.04334018
25717,8.537216017,14.55913603,10.80526407,21.54512052,20.82965531,23.72360806
35964,19.67381198,12.13083823,21.30073084,17.11490433,14.23814351,15.54157111
24130,19.90383466,13.62920322,13.15499871,21.22022752,13.51256057,18.57917533
37,17.11289901,18.610515,10.66321813,19.31350443,17.26589774,17.03396569
37698,15.39103557,17.46151892,16.24867347,18.40755693,16.84917485,15.64204026
38203,20.11307339,13.45702514,17.75736142,18.76637432,14.46555821,15.44060752
9987,17.11794847,19.76542981,5.802991397,19.48713677,17.25548784,20.57100571
35334,18.7397244,10.16893036,21.9525362,19.02316874,13.53057971,16.5850606
12760,19.02967416,19.22299903,10.33840247,18.56295402,16.70583182,16.14013851
485,10.22698381,22.2315948,8.868919547,19.8078772,20.62475492,18.23986973
30127,19.49377062,15.82622465,18.42599954,15.79082822,16.17604358,14.28713339
8866,16.76968471,22.1091572,9.108607045,15.55715565,20.02862774,16.42676765
13021,13.58255445,18.280658,9.431065733,22.1363369,14.89769486,21.67169005
4873,12.7923534,14.74264819,17.38191116,22.50207462,13.4353368,19.14567583
26071,15.05791423,19.27215474,4.515286727,22.55421311,17.40903849,21.1913927
26519,15.05791423,19.27215474,4.515286727,22.55421311,17.40903849,21.1913927
40900,20.37253281,14.57415793,18.53666044,17.18523626,14.70249263,14.62891993
2823,12.83580471,14.02520502,21.33791505,21.46032425,12.42297083,17.91778013
28549,10.6816904,19.54079664,16.06848408,19.99417241,15.0056833,18.70917317
38616,20.4200705,14.7823146,12.59940844,19.18001909,15.57801618,17.44017119
8712,21.35891705,18.10014083,9.40430506,15.66070024,17.52462894,17.95130788
12039,11.54188671,16.33324978,13.11192996,23.21659662,14.85806457,20.93827235
20501,19.80307222,17.71865525,7.551812235,19.57745733,18.15069075,17.19831222
27523,17.62283751,20.18539095,3.24721675,21.46878169,16.43299986,21.04277324
27568,15.00991704,19.3572211,17.46786586,15.31891334,16.89700399,15.94907867
29607,16.14965448,19.06874666,7.70567188,18.37836481,18.73824749,19.95931468
5652,14.41407984,20.71234077,11.54839772,17.6870394,16.98442896,18.65371332
29791,13.1205786,21.08196363,8.756229328,19.51634777,16.01574088,21.50913978
842,14.21112881,15.90896888,8.859926563,22.22085076,15.20960663,23.58951836
31404,11.98274322,19.81503202,9.915070206,21.66019897,16.99158631,19.63536927
31873,11.98274322,19.81503202,9.915070206,21.66019897,16.99158631,19.63536927
37660,13.35611786,17.89505584,12.72413741,22.71308519,13.38637764,19.92522606
22140,18.48069235,15.59348563,18.5537722,17.50694638,14.99402145,14.87108199
3063,23.7859732,11.45117125,21.0514689,14.66880141,15.5789594,13.46362583
35038,16.31161477,14.89275425,14.25362929,20.34310472,16.02270811,18.17618887
28292,13.68344418,21.97596335,5.380261162,14.52883861,22.27399697,22.15749573
38217,19.27173041,18.43065949,18.95693869,16.87177202,11.98851894,14.48038045
40827,18.78588463,15.19886039,13.56024439,19.64520947,15.20254986,17.60725127
39293,17.70491587,18.04625762,10.78314643,19.60431949,16.58788476,17.27347583
25510,14.42594608,18.30088553,15.39427512,19.57928495,15.66005577,16.63955255
409,15.91599894,16.41499647,12.3179469,21.21313168,15.91247807,18.22544794
20285,15.27980669,21.28829985,15.01365302,16.47620044,14.69126147,17.25077853
34834,18.19958102,16.45332282,12.73887761,19.73094525,15.79772,17.0795533
37997,15.3443663,18.02018418,6.92477808,23.2949517,15.92685985,20.48885989
1966,10.65087193,23.38167092,3.601512945,21.38302908,16.49519764,24.48771748
22828,15.30455998,21.29324117,15.53566199,17.34511308,16.09572345,14.42570032
39664,19.73447983,14.8227524,11.11290854,20.20461128,16.71768045,17.4075675
35292,15.74695799,15.82190285,12.03061093,21.80417518,15.79020649,18.80614657
17868,12.05249305,14.73593276,9.726445728,23.77802441,10.607692,29.09941205
20862,14.59992832,21.82601278,11.55597209,15.14634822,19.22882629,17.64291231
35386,18.95582092,14.70841651,15.39584003,19.51717401,14.53217855,16.89056999
27983,15.78072847,19.87152164,8.756718162,20.68289017,16.14047892,18.76766263
28377,15.78072847,19.87152164,8.756718162,20.68289017,16.14047892,18.76766263
36508,17.92220721,14.18406295,16.41716991,18.8641544,15.9602486,16.65215694
39530,18.34217338,17.68682326,15.4909388,15.35956544,16.78523232,16.3352668
13419,13.18994375,19.61328941,10.3984951,18.84409556,19.27947798,18.6746982
16453,14.34289623,12.44437437,23.28682531,20.61727931,11.97737703,17.33124775
6133,12.32468641,17.25762185,23.60911344,16.23759792,16.94123288,13.62974751
20315,16.17071095,20.22124721,9.596317031,19.74831141,14.65186116,19.61155223
2375,18.78984446,20.74678323,4.764463901,16.65567396,17.79938822,21.24384622
11977,16.26944294,18.01783784,7.356122965,21.6542838,15.8927105,20.80960195
13410,18.12909786,15.34673044,10.86782004,20.40080192,16.70337344,18.55217631
28722,17.46033892,19.06437545,6.184478179,20.85035016,17.09157445,19.34888284
22988,13.54983182,19.37212869,15.13327734,16.82517439,18.26211712,16.85747064
37601,16.92776154,19.9408091,13.37591918,17.55748407,16.18424268,16.01378342
41681,11.81021669,11.39126083,16.54925903,23.19941214,14.34864856,22.70120275
6811,12.58965584,15.16717767,17.83328609,21.94858753,12.68703065,19.77426222
22337,18.48665926,16.45336511,14.66635396,19.05278922,15.32013703,16.02069541
21115,15.65942298,20.09276438,16.24668747,17.6731379,15.63151994,14.69646733
30439,13.93872896,18.98673029,18.3404284,16.87142301,16.32188479,15.54080454
12512,13.47170598,17.34920945,8.436051407,23.15866641,15.84189253,21.74247423
19452,5.361332706,24.38913267,16.71173196,21.28340938,11.65875093,20.59564236
17065,15.32931451,18.41297517,12.39597976,18.17861652,15.14418297,20.53893107
28242,15.66309998,15.92958038,7.286439733,17.99599586,20.02990757,23.09497647
28687,15.66309998,15.92958038,7.286439733,17.99599586,20.02990757,23.09497647
12878,17.39332541,19.55458142,7.848464689,18.63457771,18.04349502,18.52555575
7094,13.69877872,13.80757617,9.901631253,17.15814078,20.96514368,24.4687294
19981,20.41717217,18.84473306,13.55646005,15.98068032,17.66410247,13.53685194
25495,15.07519377,19.52663852,9.113351195,17.16759006,18.55801596,20.5592105
17443,12.68490328,18.25787658,6.628333378,22.42053861,16.28937303,23.71897511
12478,15.94294372,17.32420268,8.517786,19.65930537,19.6927477,18.86301452
34764,14.54335429,20.96504051,13.03321751,17.6722779,16.91326705,16.87284274
30737,9.02353776,15.77815193,13.11662713,25.58610416,13.67833144,22.81724758
14593,12.48102508,19.03656964,9.739995357,19.13028355,15.65455411,23.95757226
41088,15.47911007,21.99354617,8.535878017,19.58884088,14.36578845,20.03683641
24788,15.38401954,18.22794643,9.775582827,17.05881402,19.90616793,19.64746926
40305,20.14603758,17.8448881,9.205867322,18.49872999,16.92614508,17.37833192
20435,11.24648934,17.55936397,9.071907572,24.62874519,15.03489702,22.45859692
41110,18.98642121,15.90434702,19.28258425,16.29937892,14.84705206,14.68021654
5725,14.27012212,18.05251203,14.33243425,20.40924053,15.64636439,17.28932667
34904,18.96166087,15.69553194,12.65272566,20.40749848,14.87594061,17.40664243
36743,14.03170711,15.24060452,11.44529401,22.65137235,15.7722259,20.85879611
29224,7.968500068,20.61664411,11.31489268,19.97716474,15.16324958,24.95954882
10139,18.04488473,17.73915712,4.406390046,21.7892927,16.1888291,21.8314463
23457,9.072356345,18.57238894,12.8745434,24.42971262,13.78644937,21.26454933
30558,14.77628662,16.64033291,17.38006728,20.25784068,13.28677264,17.65869987
456,20.66423502,15.45493275,16.11482779,17.4663841,15.77053206,14.52908828
22972,16.78489812,20.14537168,16.44058634,15.58862061,16.86767499,14.17284826
19905,16.22345908,13.16664898,2.544922192,24.89139171,14.22058967,28.95298837
27431,12.60659596,18.6972544,6.741702099,20.29804707,20.73835977,20.91804071
34689,15.28794551,18.17228205,14.58434996,19.09730113,16.46252236,16.39559898
39685,13.32775353,19.93234836,9.657318705,18.81697137,18.28737776,19.97823027
36250,10.09831245,19.99334446,12.7146325,22.59827782,13.51145197,21.0839808
8063,20.19588148,16.32452034,11.17165615,19.39935823,16.73635517,16.17222864
37876,21.44243018,14.25788815,11.81418905,20.13794809,15.3787225,16.96882204
991,15.55772074,17.21384706,6.911884448,20.60045418,14.75559431,24.96049926
29712,13.622323,21.01681952,13.77246171,16.19557874,18.11670151,17.27611552
13141,13.29497017,12.38520112,20.58886509,21.69005276,13.22195601,18.81895486
39589,21.53577978,12.38876635,4.837615769,24.17904588,14.25353647,22.80525576
20082,17.12404929,17.43389831,9.890694113,22.20510029,14.38559145,18.96066655
9355,17.75550952,14.41732555,10.17361775,22.02865383,15.72290393,19.90198943
2755,16.94231259,17.75646303,12.87748474,20.10098745,15.62180158,16.7009506
11802,17.60598492,18.14422193,16.61617547,17.74030127,13.64760815,16.24570825
11819,15.4400602,19.54251597,9.871119637,18.17977451,17.02102194,19.94550775
12190,15.4400602,19.54251597,9.871119637,18.17977451,17.02102194,19.94550775
11699,15.19306936,20.23150519,8.192564953,18.53772057,17.8612731,19.98386684
34270,10.78526348,19.04576859,8.978339315,19.80719001,17.03291993,24.35051867
10901,20.08507428,15.50810274,17.02645521,18.09853364,14.14154811,15.14028602
11329,20.08507428,15.50810274,17.02645521,18.09853364,14.14154811,15.14028602
36818,16.65101017,15.20975878,10.60016877,21.97986238,15.06332539,20.49587452
15667,15.68945234,19.46634905,10.02001428,17.46016853,18.32433429,19.03968151
22290,17.3588662,16.21070473,10.84244935,17.28114565,17.61382059,20.69301348
41313,19.09723301,17.89053003,8.974030443,19.96238569,16.74274892,17.33307191
8127,18.91237828,11.30648417,24.36216735,16.60560611,14.13154908,14.68181501
29345,9.361452495,20.32101554,14.64873612,21.49510238,14.02837008,20.14532339
15636,18.81094858,15.92041931,5.732380792,21.62366201,14.36923439,23.54335492
17341,14.36332916,20.74488346,8.967727785,16.62007973,19.05184074,20.25213912
1111,12.46652028,19.04390287,20.03835829,18.81292641,13.95825666,15.6800355
6856,9.022946163,18.47044082,8.349125947,18.9102303,22.43456566,22.8126911
26229,14.79610099,15.18595073,20.15667007,20.31941623,12.53988558,17.0019764
26654,14.79610099,15.18595073,20.15667007,20.31941623,12.53988558,17.0019764
22407,18.06217298,17.59378206,6.481076852,20.96982183,16.2712251,20.62192118
38751,21.54163388,14.27127548,12.28662647,19.79552832,15.02034748,17.08458838
12875,18.65542812,13.6785575,7.729022217,21.78518532,16.16350617,21.98830067
36089,11.95002703,14.28320021,13.6833451,25.1169256,13.43290313,21.53359892
39276,16.97802847,17.78435938,13.20992593,20.01800108,15.34224998,16.66743517
28750,17.45983293,17.86188862,6.862777151,18.46483645,15.12784362,24.22282123
17203,13.35963632,21.00124738,6.511902804,17.90912468,18.09718676,23.12090205
22963,13.87041546,19.44573027,8.095641043,22.81298775,15.95852601,19.81669947
36223,15.04025004,17.54711011,15.52016407,21.28599619,12.67350122,17.93297838
12608,22.23234027,15.05266568,3.035501978,22.59591723,15.61131554,21.47225931
13225,17.21846143,15.41037642,9.442079601,22.27849953,15.47087516,20.17970786
22573,18.32952554,18.26686253,9.782819893,15.69348657,19.67632817,18.25097729
34975,18.56392721,21.13511927,12.22035327,14.15582043,18.1918848,15.73289502
35510,15.73901957,17.23741768,13.01408385,20.275153,16.54146738,17.19285853
30753,15.96514954,17.02590718,9.730669194,21.93808884,14.59635467,20.74383057
20854,10.70545232,17.44754763,11.29818614,22.97459203,14.9470699,22.62715199
26052,11.33849939,18.6145281,12.01775536,20.84648011,17.87720088,19.30553615
26502,11.33849939,18.6145281,12.01775536,20.84648011,17.87720088,19.30553615
27720,12.50248222,18.63748444,23.68630617,16.89661707,13.63858453,14.63852556
14315,19.66538512,13.99687407,16.56711043,20.16039647,12.55789519,17.05233872
16157,13.88464016,19.98237443,6.35787768,16.98919378,21.66954198,21.11637197
33674,7.528793034,12.74228874,20.21845354,25.505288,11.44916284,22.55601384
13889,11.92120238,16.24017424,20.55656296,20.93574814,12.19778822,18.14852407
29028,14.75988671,22.10192266,13.21115648,16.84628761,15.62535012,17.45539642
22826,8.567644688,13.76672552,26.26415774,19.37350694,14.4405649,17.5874002
23311,8.567644688,13.76672552,26.26415774,19.37350694,14.4405649,17.5874002
27106,16.63696851,20.70441541,9.539263611,17.19872154,17.18679399,18.73383695
24329,20.54640631,12.07604878,18.53088592,18.17269486,14.35685806,16.31710606
10969,11.05123407,16.60600258,14.39058596,21.91074625,17.29713259,18.74429856
11381,11.05123407,16.60600258,14.39058596,21.91074625,17.29713259,18.74429856
12631,16.10926623,20.37157207,8.737536336,18.00491435,17.533937,19.24277401
41214,21.6679819,18.1188953,13.42876592,16.34397994,16.70776388,13.73261306
41427,14.6936151,17.75131463,10.66418478,22.28419041,15.39579454,19.21090055
30372,14.0370121,21.01035833,8.69714445,18.14887678,17.16493949,20.94166885
22360,21.00896442,11.26428937,14.27700048,21.23714275,13.27859001,18.93401296
40514,16.69219631,19.84749421,6.725058914,18.24842688,19.91477023,18.57205345
21748,18.1262772,17.77602117,17.35886573,17.65730008,14.41350553,14.66803029
37753,15.94321438,16.59400423,14.12317708,20.84455569,14.97664305,17.51840556
28956,14.3719559,18.85150459,8.884214777,20.08386531,19.17181718,18.63664224
38846,14.90661978,18.44947563,18.33013021,16.88645504,16.31039281,15.11692653
13549,14.83320094,21.28263284,9.413412912,18.45112099,16.20790809,19.81172423
13388,17.81847271,19.53035955,13.41529297,14.79676148,17.18050081,17.25861248
2714,17.75271061,12.96131022,16.20748945,21.16316137,13.52448359,18.39084476
1043,18.94308833,14.50409841,6.838614746,22.58913779,14.84692511,22.27813561
1103,14.29580469,22.21390972,2.976546153,17.52170877,19.21434464,23.77768602
24109,18.17774763,12.72061956,12.08960238,22.28734719,14.62202586,20.10265739
29124,10.20162943,16.84138595,19.9474079,20.68829482,14.831212,17.49006989
34647,14.91812894,16.17625107,17.9477637,21.12120358,12.34039286,17.49625986
24435,8.458832554,12.5213486,22.90288849,23.54316674,12.7136046,19.86015901
26018,10.95339584,10.51711732,20.32009549,25.08917426,10.75921834,22.36099877
1960,15.87664212,20.51459897,9.038774066,16.5649669,20.20815601,17.79686193
18519,16.9460952,18.39674795,10.11286142,18.7094998,18.59008358,17.24471204
20629,19.20158907,16.38594455,17.26621794,17.55970317,14.76662684,14.81991842
28235,13.97645122,12.2698741,19.69837346,22.3045577,13.39814707,18.35259645
28673,13.97645122,12.2698741,19.69837346,22.3045577,13.39814707,18.35259645
31636,15.59767154,19.94168407,7.934156486,21.44439402,15.66749598,19.4145979
41514,13.78527561,19.90316934,16.53797524,18.24586281,14.12342293,17.40429407
24263,18.10706081,15.85903072,11.53514494,21.22745196,14.87123446,18.40007711
27866,14.65614356,17.51314869,7.369106977,19.8620846,17.18996719,23.40954899
11752,18.46040343,16.09101202,18.8572766,17.57731348,14.40993477,14.60405971
4861,16.14388267,18.08637531,17.16259259,18.31890389,14.40718305,15.88106249
11839,13.91956138,12.83201266,11.36007548,26.16104062,12.02431761,23.70299225
20917,15.10225247,17.5112397,9.683789449,21.94030485,14.61035091,21.15206263
8352,14.91693189,11.87250974,23.90468303,18.7924966,14.14177532,16.37160343
10764,9.612628644,13.30839351,25.4940599,22.12034477,11.18931905,18.27525413
11231,9.612628644,13.30839351,25.4940599,22.12034477,11.18931905,18.27525413
23161,17.72519277,13.0257449,12.54513956,22.2328421,14.77625167,19.69482901
27518,18.58723663,15.87723783,18.6478741,18.88480514,12.26090928,15.74193703
18670,13.2210346,19.5187847,10.72298851,20.71795387,15.05319398,20.76604433
1091,11.19835382,21.04818018,6.493424761,22.13354052,16.30490271,22.82159801
2693,18.43799583,19.08068753,18.1697521,14.09032285,17.79966588,12.42157581
41494,17.35430963,22.54658022,11.70410575,14.94611024,15.97614996,17.47274419
18436,12.73018352,16.0389876,7.904683536,23.88114301,12.00034196,27.44466036
3348,15.58081908,20.09928246,17.82723259,14.88889243,15.49231257,16.11146088
13251,12.86330712,23.70704511,13.18349008,15.78557389,16.53133099,17.92925281
27405,13.1943072,18.00286346,10.47327617,21.98392981,15.98905153,20.35657182
37934,17.80991446,10.32597363,24.77633817,17.76697448,13.4678847,15.85291457
12757,14.37684199,12.99598084,11.92421437,25.38206453,11.70254377,23.6183545
18607,16.4101598,18.88973086,13.90230732,19.2696699,15.68807192,15.84006019
6447,11.03841938,17.28724095,7.87866902,20.24215407,21.51593732,22.03757926
21070,16.085738,20.03645719,9.457407689,19.63333739,16.78234398,18.00471576
21467,16.085738,20.03645719,9.457407689,19.63333739,16.78234398,18.00471576
35041,21.25073999,10.75684338,20.65419818,16.48215062,15.29900813,15.5570597
3238,11.21793167,17.37175195,15.71502291,20.76158084,16.35422491,18.57948772
18499,17.331124,19.18190176,7.999304095,17.09559167,15.27992806,23.11215042
32303,15.36432271,20.43429116,14.76623363,17.50872926,17.05748775,14.86893549
32770,15.36432271,20.43429116,14.76623363,17.50872926,17.05748775,14.86893549
41609,12.19288316,24.9355917,11.08692126,14.5346026,21.55906756,15.69093372
18059,18.43713468,13.80483102,17.12386743,19.57092565,13.8295481,17.23369312
19433,14.88849309,14.53742913,16.47417483,21.46331125,14.31429487,18.32229683
8942,16.7666964,16.04958414,14.24508904,20.45391088,15.47667379,17.00804575
10141,17.23404178,15.75683645,12.27869256,22.26737791,13.93091497,18.53213631
25340,12.64313271,17.48155884,15.8834504,21.38804633,14.84091552,17.76289619
6185,15.51442115,22.23529561,9.116763322,16.81960748,19.90398771,16.40992473
6632,15.51442115,22.23529561,9.116763322,16.81960748,19.90398771,16.40992473
6853,22.41956885,12.54591381,14.33317169,20.47351376,12.39498683,17.83284507
980,17.49602997,18.65917581,10.39106252,16.56807106,19.92422702,16.96143362
27955,17.2756209,18.80889434,15.9631246,14.82519226,18.93262712,14.19454078
28368,17.2756209,18.80889434,15.9631246,14.82519226,18.93262712,14.19454078
25162,12.16111378,22.08094255,13.5692128,18.6441586,15.13135681,18.41321546
4530,12.76828624,17.59969479,15.87615251,20.81808519,15.536682,17.40109928
1862,17.21058346,19.59832259,10.98599938,15.92157733,19.54548196,16.73803529
18492,19.39085504,15.37599099,16.70653613,17.85143665,15.3383386,15.33684258
20102,17.84613985,16.98040584,22.74079662,15.56397663,13.87377826,12.99490281
20562,17.84613985,16.98040584,22.74079662,15.56397663,13.87377826,12.99490281
29101,21.60428028,11.32732076,17.12713375,17.23003214,16.82472321,15.88650986
15496,13.41710467,18.43717718,14.9432208,21.37386819,13.47191811,18.35671103
41412,22.17114584,18.67221078,12.7251285,15.85824565,16.97134757,13.60192165
7219,15.79448557,15.33719623,18.60232188,19.10553147,15.35116785,15.809297
28797,13.3704701,23.37010785,7.695540565,16.46770693,21.97455969,17.12161487
13126,15.5446051,17.24748725,18.26934837,18.46776565,14.77890198,15.69189165
17330,16.915821,17.23031821,15.48717235,19.03662171,15.2188693,16.11119743
36441,18.81872107,15.04740997,17.15286173,18.22062463,14.47638637,16.28399622
22432,15.05764546,21.16648641,10.18106048,19.32197989,16.34152951,17.93129824
19784,16.51940708,18.58380072,16.84676949,16.41268329,16.34279476,15.29454466
37979,19.97771571,11.27863837,20.06627331,18.62529821,13.63671745,16.41535695
20792,11.70618568,16.71550083,13.78717228,19.52313236,17.56557989,20.70242896
10555,16.47210564,10.02406183,20.5975605,21.9191508,12.57160134,18.41551989
16565,12.90720014,12.79006609,24.66430702,20.38883002,10.63593782,18.6136589
11675,18.33939083,9.094073347,22.07548942,19.03505855,14.60319534,16.85279251
26987,15.89319042,16.86209565,17.15837423,19.37797625,14.3869279,16.32143554
8131,14.62222953,17.06838416,21.80110721,18.45104053,12.3294182,15.72782036
29246,18.48130329,21.54798398,7.294238526,15.06740481,21.2425758,16.3664936
29883,13.08463351,24.47438231,14.26086413,14.47485105,16.65970914,17.04555987
24227,19.82627861,16.47090816,17.58473663,16.23723493,15.94239177,13.9384499
7540,19.19381436,15.27283872,15.99367478,19.02082045,14.39797127,16.12088042
9359,16.20914007,16.97236977,15.20229665,19.46069562,16.04631166,16.10918623
31999,15.79845886,19.91927652,14.98374589,17.44450912,15.62775529,16.22625432
32492,15.79845886,19.91927652,14.98374589,17.44450912,15.62775529,16.22625432
37162,21.0215413,11.26215515,18.40679525,17.57859057,16.10316103,15.6277567
27403,14.88091689,21.18646426,14.44754307,17.19979707,16.18192224,16.10335647
41265,20.56741587,15.34201053,19.70505612,15.61431217,14.7663238,14.00488151
19587,19.75381672,10.90733677,21.64079585,17.41406777,14.24540893,16.03857397
14942,12.81123463,19.97964893,13.2471866,20.84325868,14.28569055,18.83298062
18082,8.522967397,25.19384472,12.47555542,16.84766321,15.83838605,21.1215832
15961,16.05979105,15.27212757,15.69820215,21.12971851,13.93880403,17.90135669
27140,9.616890743,10.31907607,23.25419521,23.54828115,11.84571286,21.41584398
22212,9.502968011,20.85255745,21.03486888,16.6838583,17.67171616,14.2540312
20398,14.90572444,16.24459896,20.15867332,18.45304827,14.2704704,15.96748462
5071,15.42227975,12.54686991,22.31802542,20.08019874,12.54412559,17.0885006
28049,12.20005607,16.45196125,17.8380128,20.90264338,15.28562732,17.32169918
28456,12.20005607,16.45196125,17.8380128,20.90264338,15.28562732,17.32169918
35836,21.82238774,17.66508994,10.85536411,17.16807537,17.77819628,14.71088657
41063,19.26670991,21.2415621,10.52374903,15.63425553,18.23078622,15.1029372
39171,16.24115206,27.47671993,9.366516873,9.626644413,23.67447811,13.61448862
3942,16.60886448,15.96594231,17.10340102,17.4634575,17.50736689,15.3509678
3647,15.96293876,13.8725235,22.34277469,19.16942121,12.09074396,16.56159787
20850,7.666125431,11.63453145,26.16561488,22.65615092,11.50349974,20.37407758
12688,17.77297456,16.38248699,20.30411049,16.54462013,14.88796096,14.10784687
32108,17.11912648,13.43688363,20.68631862,18.55805777,13.57819444,16.62141906
32585,17.11912648,13.43688363,20.68631862,18.55805777,13.57819444,16.62141906
40797,17.03368303,13.68969383,21.58817032,18.16687823,13.50710804,16.01446655
22984,11.95572455,17.96514947,20.10317737,17.67911081,17.05525743,15.24158038
3529,20.43962172,17.29770628,16.49705499,15.26332687,17.02009595,13.48219418
7640,11.16533657,14.83477065,21.11730869,21.75313445,12.89200332,18.23744631
22377,16.52078275,11.56171143,20.78018298,19.37664217,13.83102796,17.9296527
21096,13.29919127,16.94027801,19.05537192,18.14868808,17.14582434,15.41064638
3293,15.80011431,21.17521361,12.39698365,17.65309738,17.75470049,15.21989054
14978,16.94908814,12.45211224,18.17851662,20.52879502,13.03612522,18.85536275
33433,17.94814164,22.14442537,9.778739872,17.5144384,17.44164971,15.172605
11820,13.35515454,15.41395566,22.23615627,19.2954168,13.47096477,16.22835196
12179,13.35515454,15.41395566,22.23615627,19.2954168,13.47096477,16.22835196
4883,20.80519212,16.36379848,16.2114496,14.71177189,17.94101656,13.96677135
20090,22.63578187,12.17285786,18.51609922,17.18167882,13.56266413,15.9309181
24742,14.27446269,21.74327008,8.804068535,16.76553103,20.42176848,17.99089919
25143,14.27446269,21.74327008,8.804068535,16.76553103,20.42176848,17.99089919
5000,13.54265976,13.86777152,22.76230992,20.06259132,12.88810251,16.87656498
23884,20.00067826,15.81461241,16.27575339,16.02770767,17.29034766,14.59090062
25040,16.84620632,18.53785265,14.43619468,17.22813939,15.67553565,17.27607131
9924,12.8793795,14.0340607,19.51015089,21.26601846,14.33816386,17.9722266
11947,10.19708099,25.28024505,16.78566043,12.61612689,17.31985712,17.80102952
11824,21.77367307,20.72759914,10.82716412,15.19942167,17.3942845,14.0778575
33689,13.28278521,16.24272211,22.12955617,17.43950504,15.47916127,15.4262702
36580,18.56704294,12.83216996,15.5055365,19.85314657,15.41585632,17.82624772
7362,14.318807,16.52479606,15.51097495,20.02358429,16.52936193,17.09247577
30545,18.73134981,12.29059885,17.65157318,19.72218566,14.21171056,17.39258193
15479,16.57356559,11.33676614,16.3482392,22.22993878,14.29541193,19.21607836
34793,19.14682357,18.72035684,19.54199056,14.46968717,15.77139976,12.34974211
4014,12.7927211,16.91101666,18.53670805,19.92447281,14.32408638,17.51099499
8574,14.78680994,16.80706543,21.94600313,18.29485138,12.3422892,15.82298092
4216,19.41417306,17.59917349,19.64542297,15.58817803,14.7694281,12.98362434
5817,28.64874994,17.13683425,14.65687969,12.1278638,14.80030364,12.62936869
15438,14.97423078,12.73168788,22.42209514,20.60300002,12.05260004,17.21638615
7021,9.915100266,12.98710634,24.63700132,20.97430557,12.54653987,18.93994664
2396,18.02695343,17.57847532,14.69591482,17.91738994,16.5841902,15.19707629
4342,16.06741255,13.82506024,23.3435639,17.66003519,13.84724076,15.25668736
23806,16.4960263,16.11722454,13.95137057,19.09323026,17.55146867,16.79067966
344,14.64085606,16.4567592,21.41522738,16.84056956,15.68780377,14.95878403
4834,16.97776023,12.76447179,23.09448828,18.46978306,12.47644408,16.21705257
27699,15.74120844,23.88150935,12.29189272,14.80911861,18.33233303,14.94393785
4067,11.48200865,22.5554599,14.60382288,17.07857496,16.71593902,17.56419459
11641,20.55306373,17.02384832,20.71925192,14.45298829,14.64710674,12.60374101
31501,8.470097591,19.03536972,17.5347117,18.93461584,17.68598951,18.33921563
31954,8.470097591,19.03536972,17.5347117,18.93461584,17.68598951,18.33921563
22108,18.83327996,18.24088678,16.63588821,15.66316983,16.58011736,14.04665786
27753,8.852666729,23.45856954,18.96317092,15.83189387,13.71864049,19.17505845
16177,23.49557583,25.43857379,8.368255524,9.500594638,18.99168972,14.20531049
20028,20.09198083,15.60991679,20.09655826,15.09413689,15.54086016,13.56654705
18221,14.7984548,15.09904913,14.64734885,19.47011903,13.46276197,22.52226622
4541,14.42561076,15.03900037,19.435807,18.28527568,16.40994726,16.40435892
29143,11.05985383,9.910330274,21.02812111,22.03605631,12.72576645,23.23987203
29552,15.67568878,16.82360164,11.47276478,19.58460902,19.77126599,16.67206979
21834,17.64641838,15.82326602,18.35082471,18.095731,14.65631431,15.42744558
18242,20.60666779,17.36815986,15.81248581,16.99931752,14.70615202,14.507217
24602,14.15751301,18.82295561,15.54478184,19.28916789,15.62624106,16.55934058
29992,16.5778483,14.85358191,18.01200346,17.91657117,15.26395059,17.37604457
22146,14.80674469,10.87904882,20.46391057,20.8858737,13.98660276,18.97781946
17495,18.7837412,26.86584555,10.65981491,11.66684413,16.37106948,15.65268473
30009,25.49181736,13.28050317,11.76312622,15.97480139,17.38906849,16.10068337
4529,14.0835137,13.63968686,18.86425389,20.12599665,14.93410265,18.35244625
1700,15.42727318,13.62537672,22.90729438,17.42853286,15.98307993,14.62844294
6351,15.71285276,17.07795592,18.73040402,17.97812507,15.71663601,14.78402622
20059,20.25921523,12.62484634,23.70194674,16.7720995,12.19284345,14.44904874
20926,13.38187466,13.15602597,24.36974605,18.34366552,14.5989574,16.1497304
18017,10.89448145,17.31944226,15.46980264,21.22538846,15.86491863,19.22596655
22797,15.96945285,15.85909955,23.81255057,16.36905607,13.40212865,14.58771231
21554,16.81647227,16.56885348,19.81007987,17.18856554,15.09970314,14.51632571
38736,17.24245607,21.16034147,14.58449254,13.79327989,19.8527997,13.36663034
15439,19.04350224,16.32681476,12.80496136,20.67008835,13.80322231,17.35141098
36256,8.65764516,22.97549394,19.63413044,11.02050063,20.94236767,16.76986216
4064,16.78642558,13.74230484,22.92542456,19.0444362,11.46587447,16.03553434
5079,15.57823311,13.08597217,22.89428531,19.41398819,12.65758844,16.36993278
29549,15.97106066,14.32514678,16.07288454,19.26866718,17.00190479,17.36033604
29522,16.07894274,14.63260115,17.16554017,20.64622458,13.72880278,17.74788859
24400,18.21490414,23.96038452,7.951872955,15.62798084,17.85138554,16.39347201
21556,14.23602951,17.83205038,18.23618752,17.66421396,16.37907872,15.6524399
19968,16.31498807,15.10208357,16.27657331,17.89677364,17.33542581,17.07415561
33492,15.22155013,18.45756845,14.07325445,19.19879908,16.30744166,16.74138623
27298,18.0319162,21.23635138,10.63223238,18.29642683,15.50310018,16.29997303
14762,15.98733154,15.54599191,14.82290397,22.18754312,12.9675533,18.48867616
25413,23.15460019,14.70749556,15.91565853,15.43796055,17.16832094,13.61596422
11684,14.30474378,17.89703757,18.56939916,16.83170127,16.80343085,15.59368738
21156,16.41655745,16.71139401,19.84051841,17.44064595,14.86215647,14.72872771
2091,10.29408541,13.70000216,23.68020781,20.5897097,13.39241994,18.34357498
20168,23.17788736,19.29105193,12.93467519,15.03781244,16.4096871,13.14888598
30904,12.72576738,18.8441719,15.02408291,19.95283502,16.03556881,17.41757398
18222,17.6416128,11.99922953,19.85503323,18.82681219,14.47575663,17.20155562
38319,23.343959,14.53109778,14.15950071,16.59561376,15.97550313,15.39432562
39669,10.1221337,9.845807915,23.77402014,20.80966691,14.61825747,20.83011385
6469,10.70660494,12.5864716,27.91357813,19.31708184,12.31694324,17.15932025
22316,19.10539194,17.94569612,17.16715496,17.51371157,13.49322503,14.77482039
6893,16.86539687,22.13425077,16.92219732,13.40917412,17.89597716,12.77300377
4852,21.28094235,13.80414971,20.11700195,14.68031119,16.95644953,13.16114529
10755,20.31679625,14.6231175,14.72250617,16.89117971,17.66856366,15.77783672
11221,20.31679625,14.6231175,14.72250617,16.89117971,17.66856366,15.77783672
23335,14.43877829,19.3022284,14.04375051,16.94912955,18.18852822,17.07758504
6268,17.450525,16.35817075,18.0448602,17.12564004,16.60759076,14.41321324
18301,16.21692849,13.40918419,24.23708497,18.89497926,10.94793751,16.29388559
12944,18.82812622,15.32063719,21.93366337,15.33334025,14.95930771,13.62492525
12716,21.87192398,18.78508299,13.46447934,15.17380286,17.1621494,13.54256143
4255,11.53806304,19.4175935,19.42063846,18.59353421,15.58159246,15.44857832
6320,15.9342883,20.15310942,15.35109243,15.56076385,16.5687732,16.4319728
32480,19.29075361,12.94973157,19.60775129,17.82996201,14.76494515,15.55685637
21935,16.82545848,15.05952347,20.7369277,17.61420723,13.74376093,16.02012219
21005,13.99056606,11.24344198,19.38032202,22.92340092,12.09497784,20.36729117
28933,14.66514967,13.44557222,21.74139344,19.26525419,13.04272926,17.83990123
18988,12.33056702,13.50752149,26.72544004,18.30630679,12.75502527,16.37513937
12280,14.7541077,13.54212332,19.89981456,20.01698296,13.67928423,18.10768724
19923,13.26587196,12.59063445,25.07886687,18.82252297,13.65115503,16.59094873
31989,19.2420328,13.00026471,19.58844608,17.78009014,14.87262705,15.51653923
21916,13.92844485,10.89714886,19.83826617,22.78146569,12.13201597,20.42265845
7388,12.55940579,21.31665802,11.61292839,21.70170682,13.93918316,18.87011782
21472,14.7463897,12.82746346,23.5600676,18.60481175,14.35313586,15.90813164
21403,11.8232483,20.58478578,15.34785282,19.00163102,15.32485592,17.91762617
28836,13.95209377,15.32508066,20.08346585,19.18586548,14.46455388,16.98894036
29376,10.76364948,16.33590924,19.08247613,22.54303143,12.18870442,19.0862293
6445,22.00368275,14.70894075,15.64269169,16.48917055,16.58530864,14.57020562
17862,17.03021138,22.31487834,12.53791374,14.39830857,18.575816,15.14287197
7745,21.23913445,21.24692021,9.415544632,16.12669944,18.21835649,13.75334478
15660,14.17889208,16.85621829,19.76773128,18.69383824,14.25642988,16.24689024
19263,12.66205842,13.21578402,13.42376078,24.97101092,11.72448121,24.00290467
18790,17.76013209,18.93063288,15.92354025,15.7337407,18.59385616,13.05809792
7198,17.33838049,20.6255296,15.54917677,14.44767511,16.36259363,15.6766444
6783,18.35851297,19.59665352,11.2466313,18.49398009,16.4921695,15.81205262
10690,20.19734697,16.92066039,20.25397135,13.5564707,16.35044118,12.72110941
20122,16.41671926,8.740989435,21.94642073,18.78744642,15.86622747,18.24219668
20585,16.41671926,8.740989435,21.94642073,18.78744642,15.86622747,18.24219668
19161,17.66979421,19.28577459,15.80202256,15.68908504,18.49364787,13.05967574
12810,21.23167032,16.90597397,16.35056547,16.72145979,13.83914311,14.95118734
8836,10.65693563,20.0089337,16.43633326,18.48839009,15.50688249,18.90252482
8978,13.72110349,16.4690297,19.94136342,19.08538897,14.88709615,15.89601827
29020,7.652396045,17.26965883,23.21126526,21.82104974,11.38253581,18.66309432
35704,12.2835763,23.72504011,9.437848761,19.32808361,14.83737226,20.38807895
7185,12.86629884,13.50588088,19.19386191,22.76041696,12.68633679,18.98720463
9816,13.36269004,16.39989965,20.32427936,19.01973542,14.98177807,15.91161745
26359,13.08350588,15.40679593,22.74690865,18.58852404,14.13561376,16.03865173
26783,13.08350588,15.40679593,22.74690865,18.58852404,14.13561376,16.03865173
30573,15.50213464,24.32079922,13.79669134,14.25205412,18.01915571,14.10916496
29748,19.49377062,15.82622465,18.42599954,15.79082822,16.17604358,14.28713339
21822,15.22172352,14.81465491,17.51196546,20.39862312,15.07682021,16.97621278
29772,19.1095092,17.42749735,13.50418499,16.54545862,18.12787128,15.28547856
32142,16.50703101,13.86493411,17.28803177,19.49526526,15.95227373,16.89246413
32626,16.50703101,13.86493411,17.28803177,19.49526526,15.95227373,16.89246413
24425,13.792011,17.7097263,18.55305695,17.6433715,15.35839116,16.94344309
32421,24.47450385,11.35233379,19.73185155,15.66671405,14.67343195,14.1011648
32874,24.47450385,11.35233379,19.73185155,15.66671405,14.67343195,14.1011648
34516,17.84193398,13.71254777,22.54982247,17.17606452,13.93437501,14.78525625
20239,14.80583505,22.18524695,15.02663579,14.49761342,19.88889375,13.59577505
20687,14.80583505,22.18524695,15.02663579,14.49761342,19.88889375,13.59577505
28265,11.92787429,16.18725298,23.29401266,17.90605848,15.1390421,15.5457595
28709,11.92787429,16.18725298,23.29401266,17.90605848,15.1390421,15.5457595
13015,10.64838129,17.65507854,20.21201561,18.50626077,16.56241496,16.41584883
30321,25.33953281,15.48682217,15.21223524,15.17333075,14.698961,14.08911802
7320,25.20707766,14.33018232,14.35508328,15.14666932,16.85842516,14.10256226
30687,26.43279695,11.62807641,14.31226616,16.51328383,15.27476164,15.83881501
8125,17.94747146,10.59115145,18.993473,20.2923435,13.3777526,18.79780799
17421,15.91598947,21.12360214,20.45919025,12.87428002,18.02214954,11.60478859
20522,15.72480861,20.01561895,13.93235026,14.8183884,18.61715926,16.89167453
22749,16.03302458,14.79001249,20.46125533,18.66360764,13.21535875,16.83674121
36990,27.79825232,11.32382984,16.45813316,14.00002328,15.86393025,14.55583115
39197,23.33793796,21.37054519,11.00863182,11.89458265,20.31710868,12.0711937
32400,23.21813091,12.8695159,17.72038,16.21987966,15.22661876,14.74547477
5211,14.46298802,15.30039269,18.94162504,18.82721628,15.97585301,16.49192496
17697,11.04327839,18.62993628,22.17261092,15.84133841,18.55740589,13.75543011
17704,10.79248,24.89817354,15.92895499,16.20886155,17.7723451,14.39918482
28533,8.110212931,17.33556045,20.76550737,20.69075152,14.29009233,18.80787539
28743,21.55801215,12.32127476,19.96976707,16.90961834,13.46806268,15.77326501
12445,12.71407572,11.22291569,26.57397788,18.22328621,13.42894609,17.83679842
28605,14.46441831,18.30132169,13.78583065,20.67187891,14.42871904,18.3478314
26402,14.43799038,19.85157736,16.28561759,17.13664604,16.41691724,15.8712514
26821,14.43799038,19.85157736,16.28561759,17.13664604,16.41691724,15.8712514
32859,23.22835409,13.01231219,17.61636462,16.17471181,15.22015024,14.74810705
4508,8.704965688,14.27222025,23.60429186,21.56446504,13.14537699,18.70868017
11127,16.53428411,14.38728516,18.33392742,15.31814994,18.38886857,17.0374848
21079,16.14019193,11.52092127,24.74206766,17.16828203,14.77248049,15.65605662
32026,15.34103107,13.74428288,17.85354165,19.26819664,15.81337154,17.97957622
8566,16.71100625,11.72608545,19.61636665,20.67606709,12.88243119,18.38804338
22492,9.642709126,18.90163991,21.10500467,19.13160001,14.15911786,17.05992842
40910,14.7843474,10.92041009,25.11143831,16.88511174,15.5347294,16.76396306
20187,13.3901492,10.82920492,21.06047539,19.49016041,14.99838052,20.23162956
20641,13.3901492,10.82920492,21.06047539,19.49016041,14.99838052,20.23162956
23865,15.59382944,14.95192714,19.87166726,18.74966439,12.98125706,17.85165472
6016,16.15557658,20.52303371,14.10820804,15.57395297,17.70340719,15.93582152
21593,16.82797738,19.66448728,20.28129826,15.82872849,13.01348909,14.3840195
12662,16.83286594,16.80327161,23.11606895,14.46861245,14.70041748,14.07876358
3982,17.67526233,17.15928306,15.89545814,18.69148258,14.37760855,16.20090534
4980,24.60571802,11.90049654,17.97560233,16.02373734,14.83914579,14.65529999
3569,13.0120934,14.26496392,23.30697759,17.80355315,15.2476139,16.36479804
38678,28.15783158,11.60839296,10.99199111,16.0326526,16.93312303,16.27600871
6702,16.79323971,17.82896553,19.43119884,15.36016576,17.05971851,13.52671165
24707,16.50297989,21.57104553,16.94235235,14.44886825,16.08408617,14.45066782
11165,23.32370251,17.08001313,15.68655707,12.28737395,18.82361887,12.79873447
3897,13.58461103,12.62896211,22.38297188,18.14887154,15.68789388,17.56668956
2532,13.50772242,22.18726364,16.41624115,16.50963764,15.23339612,16.14573903
5059,20.01526049,15.63293311,20.66004255,14.84084286,15.61313617,13.23778483
12853,19.62090506,24.59306689,7.361892037,15.61251645,14.62999554,18.18162403
39632,22.06270998,13.2165015,20.9960396,15.90531122,12.79786652,15.02157118
9833,19.55139199,18.05505501,12.24020984,17.40705392,17.66694913,15.07934011
5029,16.19064178,24.44504955,11.8045312,13.1162046,19.37132602,15.07224686
3703,15.24350538,15.14964192,21.02943484,16.60132411,15.88590318,16.09019056
21524,12.87468949,29.80164083,10.49863784,11.70871208,18.44779948,16.66852028
40903,13.93355399,10.67981288,23.25824199,18.43541111,14.54385054,19.14912951
29675,21.80488664,15.04795198,20.6552059,14.1789673,15.07867076,13.23431742
10725,18.79291267,12.86951459,13.27624399,20.10179313,14.98142718,19.97810844
23281,13.58185362,20.65227392,12.76093782,17.84635594,18.28008218,16.87849652
12894,22.40648485,19.62705503,15.79073298,13.62290981,16.03454156,12.51827577
27244,17.35711171,14.61054598,16.61302406,21.84057724,10.25121955,19.32752146
22025,12.21297462,22.28805893,15.61075656,15.17224951,19.45019826,15.26576212
4886,19.22890305,14.80101803,22.63595618,14.02241145,15.99707901,13.31463228
25114,14.91429221,23.3101388,15.0101669,16.81405999,15.04388786,14.90745424
5597,19.46878224,15.45886136,18.14927142,15.32948664,17.0312979,14.56230045
3925,19.33408169,13.84026994,19.23185896,17.0059247,14.0403941,16.54747061
21376,11.86628872,15.56199038,28.05952382,17.35673431,11.56099126,15.59447151
1207,13.39301308,12.65388358,23.51247114,17.98987844,15.38506551,17.06568825
1618,13.39301308,12.65388358,23.51247114,17.98987844,15.38506551,17.06568825
4784,14.73446781,11.57655031,23.45645539,17.54381317,15.17343731,17.51527601
26609,8.210694125,15.70540196,30.16904329,18.17158116,11.74258232,16.00069715
11892,9.089658646,19.40390711,24.51841427,18.45175635,11.84508235,16.69118128
4324,17.35020556,13.43787427,17.45978618,19.34200191,14.23925197,18.17088012
31421,14.8464576,17.58884702,17.1329525,14.91892744,19.36964209,16.14317335
31891,14.8464576,17.58884702,17.1329525,14.91892744,19.36964209,16.14317335
9643,15.02866883,20.57726871,19.55358023,14.28856837,16.11763962,14.43427425
34622,23.01393804,12.74581804,19.59881801,15.06852847,15.51197331,14.06092412
3434,15.42766307,11.31598768,18.62403081,21.51204671,12.74865087,20.37162086
29039,16.74904435,18.29002958,18.06558572,17.37339876,13.85503018,15.66691141
22613,17.3905815,17.09590225,22.53431953,13.67547919,16.96958459,12.33413294
21142,13.72663144,14.29120983,20.84065591,19.07370581,13.83882273,18.22897429
21540,13.72663144,14.29120983,20.84065591,19.07370581,13.83882273,18.22897429
17119,16.85601057,28.76783008,9.708962836,11.46440473,16.34814905,16.85464273
12829,8.937510296,18.77491726,24.75915043,18.71428201,11.86156951,16.95257049
32181,20.69821653,14.47079792,20.9035208,14.86937461,14.95138519,14.10670495
32660,20.69821653,14.47079792,20.9035208,14.86937461,14.95138519,14.10670495
9399,11.96728656,22.41014761,15.94794633,17.66836471,15.99268016,16.01357463
38737,12.61305601,19.7082709,17.76180188,17.34643389,16.60510554,15.96533178
36104,19.93199953,15.379861,20.66742028,14.04440269,15.48331392,14.49300259
25437,15.69481393,21.00758276,17.27344833,14.73478949,16.13287315,15.15649234
20809,20.19739303,19.71569316,15.09829528,14.64756216,16.816665,13.52439136
22009,12.30488947,13.45968675,22.41510253,17.13022022,16.66904938,18.02105165
25224,16.7125845,14.60441513,22.33005885,15.92051176,15.63465469,14.79777507
27347,19.62266134,18.87848344,14.07309169,17.59559534,14.10756609,15.7226021
4595,13.58096095,15.07014445,22.19651308,17.23689852,15.00841472,16.90706828
20627,20.92004481,10.87055797,17.58784306,15.69765652,17.32763874,17.5962589
14924,13.01822082,11.96282654,27.79294284,17.73317278,13.13298654,16.35985048
41131,22.55098732,13.33513902,10.24688041,16.69857122,20.04938932,17.11903272
12732,19.76613292,21.43745582,16.76665806,13.42225373,16.14357575,12.46392371
4690,19.95572901,19.16032995,14.43295329,16.03146931,15.91288897,14.50662946
29589,23.21440553,14.62971674,13.90393651,15.70951095,17.04055072,15.50187956
7852,15.10896446,20.24271193,23.42199236,13.83724051,14.80338286,12.58570787
12734,20.95590969,16.65147704,15.70084459,15.98187981,15.89646587,14.81342299
26323,16.0884604,11.27316059,20.61459809,17.16943727,16.78855213,18.06579152
26751,16.0884604,11.27316059,20.61459809,17.16943727,16.78855213,18.06579152
35901,20.58585431,12.02135565,13.05268569,19.05126967,15.71451605,19.57431864
25091,24.39246129,24.9572637,6.37865559,10.82921408,20.10981868,13.33258666
32164,25.98410867,12.78252236,14.57352607,15.09536722,16.64199359,14.92248209
15555,12.35957281,18.22778637,20.96073081,15.0369531,18.43841687,14.97654004
30591,14.56434965,11.67904544,13.71598631,21.86876577,16.30135662,21.87049621
28996,11.86562357,12.70856677,25.60007739,19.54059895,12.97501369,17.31011963
5066,18.03119581,11.60006461,19.22324971,18.08785397,15.24702065,17.81061525
4721,11.85146623,18.05367794,20.08212292,18.53182051,13.86457316,17.61633924
27611,23.3225745,19.22003412,14.66062198,10.98859889,16.33428851,15.47388199
34384,13.25966161,18.74485326,22.59612754,15.64980747,15.31430443,14.4352457
5246,15.71562452,8.67106518,21.84013869,18.88361512,15.03061782,19.85893868
7889,18.46701166,18.91842269,12.88430474,18.74766982,12.47886707,18.50372402
21614,5.170300323,13.84326175,29.15301778,19.16800796,14.51339039,18.1520218
18793,12.55506396,14.3213856,19.46678669,17.91839093,17.19317304,18.54519978
812,20.70910254,18.2079541,9.544974676,16.7213421,18.81954328,15.9970833
1873,21.88877301,17.36710694,15.49213259,15.2797015,15.81709753,14.15518843
21370,10.74462918,19.30676298,8.734126781,22.60477982,15.67549988,22.93420135
29273,20.76789824,16.43605425,16.08028748,15.32292808,16.33064638,15.06218558
3778,19.8639067,20.51361792,13.22658914,15.52362859,17.07113379,13.80112385
27722,12.44777038,14.58213034,16.41398201,22.26394557,12.90330254,21.38886916
15740,21.2225771,12.35775233,21.59122917,14.72784779,14.84881253,15.25178108
5070,22.29385219,18.83252029,15.16740047,13.6426176,17.72497432,12.33863514
22621,24.55862995,17.46076852,15.96783873,13.04537912,16.35532868,12.612055
19063,10.09646055,10.79167313,22.13294359,20.34235884,15.66647062,20.97009328
29004,18.21294306,15.5219648,14.60413746,15.37063059,19.7716198,16.51870429
30401,18.08606198,14.25896527,20.35293173,16.08239787,15.12780784,16.09183532
11795,18.30418869,24.569624,15.14539015,12.81202851,17.14085358,12.02791508
39611,23.50904443,15.31915821,12.61849884,14.90564429,17.13841819,16.50923604
20788,9.38535829,24.62355879,14.18519727,16.63596002,18.71705452,16.45287111
7708,15.06575389,12.103009,24.93473155,17.38746616,13.49785277,17.01118663
34760,19.44557049,23.26781217,10.91272647,14.05696828,19.01741686,13.29950573
3803,12.09519657,18.46393245,18.89708877,18.64233255,13.87045818,18.03099149
34022,19.34645026,16.03048616,20.61526266,15.20820319,14.4195127,14.38008503
756,18.14514119,16.16256097,17.11332222,14.48607738,17.86026091,16.23263733
30518,17.49947803,12.94125312,21.45514197,16.129727,15.80124144,16.17315844
5025,18.132898,11.16501406,19.40610446,17.68232883,16.16973091,17.44392374
34487,19.62490848,12.67390551,23.03970554,15.83816411,13.74762478,15.07569158
11257,7.163347893,11.83019205,21.66384522,21.39521791,16.05786716,21.88952977
21946,24.26124688,15.68146673,15.4830183,14.60758712,15.69840174,14.26827923
1176,21.43891174,17.49483925,15.34990874,15.78909305,14.9906237,14.93662352
24106,21.32576528,14.80373538,15.91223528,14.24583259,18.27252861,15.43990286
6932,16.12232752,12.60184944,15.69233899,15.94866052,21.79216081,17.84266271
2521,13.51710854,13.65624184,24.81478976,17.7509998,12.94235176,17.31850831
20846,17.49221445,18.24446818,16.79727154,14.39282971,14.95507211,18.11814401
40988,13.77831401,16.31534858,17.29683352,18.96252516,15.02509091,18.62188783
27251,11.98855275,22.13140994,12.24584169,18.38898673,17.21329809,18.03191081
27205,22.34223028,10.31821128,20.79977825,14.98737533,16.33955574,15.21284912
21341,16.47091609,16.98795306,15.87702511,16.86293368,17.29914866,16.5020234
21813,16.47091609,16.98795306,15.87702511,16.86293368,17.29914866,16.5020234
41639,20.77291085,16.23487306,13.50828727,13.25357513,20.64589055,15.58446313
22147,20.51022751,17.55079439,15.10333698,17.03125052,14.2821135,15.5222771
18772,16.7291743,21.64191246,15.53690679,13.61387217,19.1294544,13.34867988
34620,21.67140136,23.0940529,8.120238413,14.3721998,18.20529503,14.5368125
14773,14.46706363,22.09018607,19.12334957,14.78145473,15.94363033,13.59431567
15084,14.46706363,22.09018607,19.12334957,14.78145473,15.94363033,13.59431567
3562,17.53604071,19.31950384,11.06141451,16.59693703,18.29306251,17.19304141
21805,13.98043381,25.35812146,7.998840267,16.46675079,20.62554514,15.57030854
2108,19.36470212,15.71414272,15.5910261,15.39424522,18.27960452,15.65627932
4442,17.03513593,17.08314034,14.13956287,16.88775728,17.08522765,17.76917593
30535,9.524868893,19.73226805,5.336817436,24.84232318,13.27811931,27.28560312
14859,11.90592711,14.46840857,23.82297757,16.80249881,14.6731889,18.32699904
33738,15.6530957,14.95190463,15.90903156,17.50233886,17.42466589,18.55896336
17489,18.42831285,17.26822175,17.54871258,14.75882143,17.94463105,14.05130035
22317,24.72164016,12.04697398,14.30828291,16.68841981,14.22754252,18.00714061
17107,18.40998639,17.15108057,17.34325747,14.80722543,18.05840161,14.23004852
15502,18.92737555,15.39854072,13.06711524,18.52096142,16.5700832,17.51592386
28184,17.73265985,16.25089979,12.53294846,16.83479902,18.47071143,18.17798144
28579,17.73265985,16.25089979,12.53294846,16.83479902,18.47071143,18.17798144
38190,17.98058724,20.4308961,11.33016029,17.63461893,15.12772506,17.49601238
25863,15.66026957,15.74212964,19.55354734,16.32088751,16.12569148,16.59747446
19150,12.50593737,22.73734743,15.35662602,15.42310064,18.81422527,15.16276327
7335,17.66300693,22.67516058,7.826342554,17.09057239,18.27016845,16.4747491
3690,29.21106717,13.76556442,10.33900341,12.93271501,19.44920026,14.30244974
26504,9.860506544,25.91077223,9.926094677,18.29410106,16.1388341,19.86969139
41626,23.26316358,17.42822977,6.826542379,11.86391384,27.21723921,13.40091122
4562,30.26684648,14.10648695,9.035329713,12.62477864,19.9049247,14.06163352
4765,19.96814875,11.83586851,15.06012244,16.81639154,18.24434691,18.07512186
4027,16.87309788,15.05073056,16.86621824,16.56183977,17.74752512,16.90058842
33653,25.63497839,12.54463604,11.7999431,13.49289403,20.51549419,16.01205424
3389,16.76207753,17.16699113,14.97785429,13.27443873,21.07254847,16.74608985
9350,20.69944038,15.00064062,12.79891007,16.54734632,17.22316975,17.73049287
40553,34.64378095,11.44648726,7.269667401,14.13720573,16.46578569,16.03707296
19108,20.3555966,20.97249069,3.540758496,15.63852532,23.00573426,16.48689463
4864,28.61810505,14.13113401,6.933839313,14.06956881,20.28454715,15.96280567
4112,18.54593105,15.96082759,15.91421642,13.8965365,19.2504,16.43208843
4228,10.22096155,13.14230299,17.80138344,22.30691785,13.4364591,23.09197506
26342,18.03741574,16.85963918,16.99617442,15.33631204,16.2093739,16.56108472
26774,18.03741574,16.85963918,16.99617442,15.33631204,16.2093739,16.56108472
39214,20.34828884,12.67410457,14.55389882,15.73800326,17.12516277,19.56054174
21673,34.06829785,11.87432066,8.802432548,11.80123767,18.25471578,15.19899549
7027,11.98429976,20.90165541,20.76950607,15.18530443,12.8482735,18.31096083
39147,35.3319504,15.61687927,3.013034725,12.58023081,17.55261438,15.90529041
6674,10.56652654,18.4903506,12.84799834,20.13933816,17.69262064,20.26316572
24575,31.28058487,15.29541037,9.538128807,12.2753078,18.0218552,13.58871295
21485,9.40497653,22.47928385,15.29006786,13.51613093,22.870337,16.43920382
17671,14.81927165,22.96271015,18.14785357,15.8773723,11.92415289,16.26863944
7010,8.746839606,16.599946,9.128171991,24.43929804,14.08632279,26.99942157
40591,11.31798465,13.06537634,18.05217319,15.13859624,20.07829979,22.3475698
28648,9.223746131,23.96378638,4.387174091,21.75262128,16.36308457,24.30958755
5376,14.83729848,17.12803954,1.020680788,15.41211776,26.32162318,25.28024025
5594,14.83729848,17.12803954,1.020680788,15.41211776,26.32162318,25.28024025
5621,14.83729848,17.12803954,1.020680788,15.41211776,26.32162318,25.28024025
5654,14.83729848,17.12803954,1.020680788,15.41211776,26.32162318,25.28024025
5686,14.83729848,17.12803954,1.020680788,15.41211776,26.32162318,25.28024025
6082,14.83729848,17.12803954,1.020680788,15.41211776,26.32162318,25.28024025
6090,14.83729848,17.12803954,1.020680788,15.41211776,26.32162318,25.28024025
6136,14.83729848,17.12803954,1.020680788,15.41211776,26.32162318,25.28024025
6950,14.83729848,17.12803954,1.020680788,15.41211776,26.32162318,25.28024025
7533,14.83729848,17.12803954,1.020680788,15.41211776,26.32162318,25.28024025
11071,14.83729848,17.12803954,1.020680788,15.41211776,26.32162318,25.28024025
11379,14.83729848,17.12803954,1.020680788,15.41211776,26.32162318,25.28024025
11418,14.83729848,17.12803954,1.020680788,15.41211776,26.32162318,25.28024025
11461,14.83729848,17.12803954,1.020680788,15.41211776,26.32162318,25.28024025
11488,14.83729848,17.12803954,1.020680788,15.41211776,26.32162318,25.28024025
12217,14.83729848,17.12803954,1.020680788,15.41211776,26.32162318,25.28024025
12458,14.83729848,17.12803954,1.020680788,15.41211776,26.32162318,25.28024025
13780,14.83729848,17.12803954,1.020680788,15.41211776,26.32162318,25.28024025
13874,14.83729848,17.12803954,1.020680788,15.41211776,26.32162318,25.28024025
14202,14.83729848,17.12803954,1.020680788,15.41211776,26.32162318,25.28024025
17147,14.83729848,17.12803954,1.020680788,15.41211776,26.32162318,25.28024025
17176,14.83729848,17.12803954,1.020680788,15.41211776,26.32162318,25.28024025
17271,14.83729848,17.12803954,1.020680788,15.41211776,26.32162318,25.28024025
17609,14.83729848,17.12803954,1.020680788,15.41211776,26.32162318,25.28024025
17686,14.83729848,17.12803954,1.020680788,15.41211776,26.32162318,25.28024025
17754,14.83729848,17.12803954,1.020680788,15.41211776,26.32162318,25.28024025
18055,14.83729848,17.12803954,1.020680788,15.41211776,26.32162318,25.28024025
18418,14.83729848,17.12803954,1.020680788,15.41211776,26.32162318,25.28024025
18429,14.83729848,17.12803954,1.020680788,15.41211776,26.32162318,25.28024025
18434,14.83729848,17.12803954,1.020680788,15.41211776,26.32162318,25.28024025
18526,14.83729848,17.12803954,1.020680788,15.41211776,26.32162318,25.28024025
18652,14.83729848,17.12803954,1.020680788,15.41211776,26.32162318,25.28024025
18717,14.83729848,17.12803954,1.020680788,15.41211776,26.32162318,25.28024025
18729,14.83729848,17.12803954,1.020680788,15.41211776,26.32162318,25.28024025
18944,14.83729848,17.12803954,1.020680788,15.41211776,26.32162318,25.28024025
18945,14.83729848,17.12803954,1.020680788,15.41211776,26.32162318,25.28024025
18970,14.83729848,17.12803954,1.020680788,15.41211776,26.32162318,25.28024025
18972,14.83729848,17.12803954,1.020680788,15.41211776,26.32162318,25.28024025
18985,14.83729848,17.12803954,1.020680788,15.41211776,26.32162318,25.28024025
19101,14.83729848,17.12803954,1.020680788,15.41211776,26.32162318,25.28024025
19262,14.83729848,17.12803954,1.020680788,15.41211776,26.32162318,25.28024025
19280,14.83729848,17.12803954,1.020680788,15.41211776,26.32162318,25.28024025
19579,14.83729848,17.12803954,1.020680788,15.41211776,26.32162318,25.28024025
20439,14.83729848,17.12803954,1.020680788,15.41211776,26.32162318,25.28024025
20512,14.83729848,17.12803954,1.020680788,15.41211776,26.32162318,25.28024025
20762,14.83729848,17.12803954,1.020680788,15.41211776,26.32162318,25.28024025
20763,14.83729848,17.12803954,1.020680788,15.41211776,26.32162318,25.28024025
20817,14.83729848,17.12803954,1.020680788,15.41211776,26.32162318,25.28024025
20826,14.83729848,17.12803954,1.020680788,15.41211776,26.32162318,25.28024025
21576,14.83729848,17.12803954,1.020680788,15.41211776,26.32162318,25.28024025
21672,14.83729848,17.12803954,1.020680788,15.41211776,26.32162318,25.28024025
21719,14.83729848,17.12803954,1.020680788,15.41211776,26.32162318,25.28024025
21809,14.83729848,17.12803954,1.020680788,15.41211776,26.32162318,25.28024025
24952,14.83729848,17.12803954,1.020680788,15.41211776,26.32162318,25.28024025
24963,14.83729848,17.12803954,1.020680788,15.41211776,26.32162318,25.28024025
25281,14.83729848,17.12803954,1.020680788,15.41211776,26.32162318,25.28024025
25403,14.83729848,17.12803954,1.020680788,15.41211776,26.32162318,25.28024025
25644,14.83729848,17.12803954,1.020680788,15.41211776,26.32162318,25.28024025
26006,14.83729848,17.12803954,1.020680788,15.41211776,26.32162318,25.28024025
26016,14.83729848,17.12803954,1.020680788,15.41211776,26.32162318,25.28024025
26172,14.83729848,17.12803954,1.020680788,15.41211776,26.32162318,25.28024025
26288,14.83729848,17.12803954,1.020680788,15.41211776,26.32162318,25.28024025
26414,14.83729848,17.12803954,1.020680788,15.41211776,26.32162318,25.28024025
26419,14.83729848,17.12803954,1.020680788,15.41211776,26.32162318,25.28024025
26421,14.83729848,17.12803954,1.020680788,15.41211776,26.32162318,25.28024025
26827,14.83729848,17.12803954,1.020680788,15.41211776,26.32162318,25.28024025
26828,14.83729848,17.12803954,1.020680788,15.41211776,26.32162318,25.28024025
26843,14.83729848,17.12803954,1.020680788,15.41211776,26.32162318,25.28024025
27310,14.83729848,17.12803954,1.020680788,15.41211776,26.32162318,25.28024025
27320,14.83729848,17.12803954,1.020680788,15.41211776,26.32162318,25.28024025
27324,14.83729848,17.12803954,1.020680788,15.41211776,26.32162318,25.28024025
27338,14.83729848,17.12803954,1.020680788,15.41211776,26.32162318,25.28024025
27373,14.83729848,17.12803954,1.020680788,15.41211776,26.32162318,25.28024025
27402,14.83729848,17.12803954,1.020680788,15.41211776,26.32162318,25.28024025
27813,14.83729848,17.12803954,1.020680788,15.41211776,26.32162318,25.28024025
27818,14.83729848,17.12803954,1.020680788,15.41211776,26.32162318,25.28024025
27917,14.83729848,17.12803954,1.020680788,15.41211776,26.32162318,25.28024025
27996,14.83729848,17.12803954,1.020680788,15.41211776,26.32162318,25.28024025
28113,14.83729848,17.12803954,1.020680788,15.41211776,26.32162318,25.28024025
28148,14.83729848,17.12803954,1.020680788,15.41211776,26.32162318,25.28024025
28172,14.83729848,17.12803954,1.020680788,15.41211776,26.32162318,25.28024025
28185,14.83729848,17.12803954,1.020680788,15.41211776,26.32162318,25.28024025
28206,14.83729848,17.12803954,1.020680788,15.41211776,26.32162318,25.28024025
28237,14.83729848,17.12803954,1.020680788,15.41211776,26.32162318,25.28024025
28448,14.83729848,17.12803954,1.020680788,15.41211776,26.32162318,25.28024025
28603,14.83729848,17.12803954,1.020680788,15.41211776,26.32162318,25.28024025
28614,14.83729848,17.12803954,1.020680788,15.41211776,26.32162318,25.28024025
28620,14.83729848,17.12803954,1.020680788,15.41211776,26.32162318,25.28024025
28624,14.83729848,17.12803954,1.020680788,15.41211776,26.32162318,25.28024025
28645,14.83729848,17.12803954,1.020680788,15.41211776,26.32162318,25.28024025
28828,14.83729848,17.12803954,1.020680788,15.41211776,26.32162318,25.28024025
28880,14.83729848,17.12803954,1.020680788,15.41211776,26.32162318,25.28024025
29075,14.83729848,17.12803954,1.020680788,15.41211776,26.32162318,25.28024025
29079,14.83729848,17.12803954,1.020680788,15.41211776,26.32162318,25.28024025
29083,14.83729848,17.12803954,1.020680788,15.41211776,26.32162318,25.28024025
29144,14.83729848,17.12803954,1.020680788,15.41211776,26.32162318,25.28024025
29275,14.83729848,17.12803954,1.020680788,15.41211776,26.32162318,25.28024025
29509,14.83729848,17.12803954,1.020680788,15.41211776,26.32162318,25.28024025
29510,14.83729848,17.12803954,1.020680788,15.41211776,26.32162318,25.28024025
29512,14.83729848,17.12803954,1.020680788,15.41211776,26.32162318,25.28024025
29546,14.83729848,17.12803954,1.020680788,15.41211776,26.32162318,25.28024025
29775,14.83729848,17.12803954,1.020680788,15.41211776,26.32162318,25.28024025
29792,14.83729848,17.12803954,1.020680788,15.41211776,26.32162318,25.28024025
29834,14.83729848,17.12803954,1.020680788,15.41211776,26.32162318,25.28024025
29835,14.83729848,17.12803954,1.020680788,15.41211776,26.32162318,25.28024025
29845,14.83729848,17.12803954,1.020680788,15.41211776,26.32162318,25.28024025
29888,14.83729848,17.12803954,1.020680788,15.41211776,26.32162318,25.28024025
29952,14.83729848,17.12803954,1.020680788,15.41211776,26.32162318,25.28024025
29999,14.83729848,17.12803954,1.020680788,15.41211776,26.32162318,25.28024025
30333,14.83729848,17.12803954,1.020680788,15.41211776,26.32162318,25.28024025
30530,14.83729848,17.12803954,1.020680788,15.41211776,26.32162318,25.28024025
36184,14.83729848,17.12803954,1.020680788,15.41211776,26.32162318,25.28024025
37092,14.83729848,17.12803954,1.020680788,15.41211776,26.32162318,25.28024025
37153,14.83729848,17.12803954,1.020680788,15.41211776,26.32162318,25.28024025
37646,14.83729848,17.12803954,1.020680788,15.41211776,26.32162318,25.28024025
37668,14.83729848,17.12803954,1.020680788,15.41211776,26.32162318,25.28024025
37733,14.83729848,17.12803954,1.020680788,15.41211776,26.32162318,25.28024025
37739,14.83729848,17.12803954,1.020680788,15.41211776,26.32162318,25.28024025
40670,14.83729848,17.12803954,1.020680788,15.41211776,26.32162318,25.28024025
41362,14.83729848,17.12803954,1.020680788,15.41211776,26.32162318,25.28024025
41567,14.83729848,17.12803954,1.020680788,15.41211776,26.32162318,25.28024025
41674,14.83729848,17.12803954,1.020680788,15.41211776,26.32162318,25.28024025
