UniqueID,Full_Back,Complete_Wing_Back,Wing_Back,Inverted_Full_Back,Inverted_Wing_Back,No_Nonsense_Full_Back
25847,0.679650848,13.52318709,22.30633628,31.56594271,31.82617852,0.098704547
34884,16.02075749,14.47305823,18.83273155,28.52838588,15.34436647,6.80070037
11311,4.507163985,23.99131171,15.00006819,29.20227923,21.38257359,5.916603287
36155,11.27192356,23.06251889,20.58613771,24.05556507,15.90067209,5.123182691
37109,5.893895519,20.35204158,21.05554265,20.24891901,26.46811883,5.981482404
30950,10.80519948,22.79201609,22.09985743,23.00833004,18.4781979,2.816399061
16345,12.64782288,23.37137394,21.12713195,18.90372872,11.51072546,12.43921705
16736,12.64782288,23.37137394,21.12713195,18.90372872,11.51072546,12.43921705
19911,14.84571575,19.90726979,16.35489219,13.27845332,15.15188829,20.46178066
40809,14.11257111,20.00689037,21.22687362,21.04331359,11.6117926,11.99855871
37807,13.26902639,23.31538273,22.93314033,14.87659247,11.92363029,13.6822278
34244,24.44768755,15.33450479,16.9757984,10.1353348,16.01742936,17.08924511
10805,15.12782682,17.88959891,19.7903133,20.30889971,10.41994906,16.46341221
8205,16.60913702,15.09139545,19.30737397,21.99923899,12.29740801,14.69544656
10489,15.11977241,23.11866558,17.83104534,14.11709152,16.02856953,13.78485563
38172,15.53300103,19.75539529,21.95304213,15.42686104,15.55264618,11.77905433
650,18.33202792,9.880942896,14.57115551,28.28523351,12.38607604,16.54456413
27981,18.01058151,21.6899029,18.74566842,17.00174547,12.19878645,12.35331524
28378,18.01058151,21.6899029,18.74566842,17.00174547,12.19878645,12.35331524
6928,15.15138095,28.12207006,18.54106645,10.21968601,16.02954346,11.93625307
6570,17.65977313,19.58237083,21.89998182,21.149091,12.99372335,6.715059866
6975,17.65977313,19.58237083,21.89998182,21.149091,12.99372335,6.715059866
18893,13.40978482,18.28602319,20.20152238,17.48284059,15.41920003,15.20062899
36295,14.1345582,23.59866548,15.27434507,16.90375721,16.00650591,14.08216813
14521,21.96015799,23.12180337,17.52639828,10.01554548,12.93463066,14.44146422
38619,19.18711581,19.30354983,19.59701272,14.47754263,10.83022328,16.60455573
15246,16.09402441,20.48381096,15.600382,14.95763094,16.43404648,16.4301052
7446,18.31142961,12.47821459,16.27702284,17.67699998,14.45603264,20.80030034
36284,22.10873947,15.90438132,19.23330213,16.46286119,10.11440305,16.17631284
41661,11.34300067,27.52520071,19.16157941,15.90388633,20.99491531,5.071417564
24927,18.24875677,16.05957741,14.26091602,8.542162469,14.27076921,28.61781812
21971,18.20490966,22.45610759,22.5489561,9.035231501,14.24136808,13.51342707
37629,17.53075413,19.31464611,18.65420967,15.67145445,12.98546316,15.84347248
9889,19.43133545,22.80996457,19.64210242,10.00602256,13.11695807,14.99361693
18348,21.04455487,12.31789315,13.74122031,17.818078,12.21522751,22.86302615
581,13.75928876,11.44639136,18.54467142,28.19049809,14.51644116,13.54270921
16239,17.44737076,18.10421199,17.82365905,14.62079172,13.26565068,18.73831579
40790,17.99272188,20.0692359,21.03586183,19.2684236,10.33924453,11.29451227
36690,18.70813052,22.58798895,21.70986801,8.81001111,12.81104917,15.37295223
19891,14.28937055,22.27637928,20.68573258,15.09213924,13.57113077,14.08524758
12980,15.96361177,18.11339336,20.78277495,18.97177793,12.90982812,13.25861387
7992,11.35856879,26.77234829,26.26569512,16.35282425,14.13381793,5.11674562
40705,22.75771311,15.61155863,11.60423454,16.80292667,17.77396291,15.44960413
9591,12.86233367,27.54838362,21.99070857,11.78452682,13.00077167,12.81327566
19756,15.75936931,20.34943293,21.33595019,15.88713324,14.12130581,12.54680851
115,14.16249745,12.60388456,15.80002119,28.00642543,14.00507451,15.42209687
38434,18.85216642,17.18978268,21.25093889,16.97476126,13.40765786,12.3246929
20015,17.914288,22.77472871,23.8636689,16.68627538,13.32524727,5.435791733
16646,12.19874994,24.22221076,24.91981571,20.2367044,15.16915434,3.253364844
16444,16.8785045,25.98268036,20.4077976,4.842486529,15.85042935,16.03810166
16856,16.8785045,25.98268036,20.4077976,4.842486529,15.85042935,16.03810166
33185,15.58670846,23.53744673,22.3042049,10.25705071,16.98653704,11.32805215
19468,11.86405732,34.57030347,25.11401835,7.892117035,19.09685381,1.462650009
25777,20.0310744,19.24243528,16.38640884,13.91433893,12.22303614,18.2027064
16439,21.93586308,18.60319338,16.70670028,7.935156683,13.77093622,21.04815036
36105,21.5117608,18.64821719,19.93744142,14.48309326,11.92801057,13.49147676
5988,15.68981013,20.21250488,21.74688995,16.08212175,13.56648434,12.70218895
33495,20.33401774,14.97948621,19.21505803,18.00632448,12.86605891,14.59905463
14404,18.1651339,22.43699267,17.93419364,15.54256451,13.10749922,12.81361606
7842,21.17585841,21.12624153,20.1127272,9.313423381,13.7272926,14.54445688
19126,22.73325794,15.19196004,15.95991677,14.84008747,10.57285796,20.70191983
27345,12.45092261,22.55100747,15.69888285,14.78572918,24.67330978,9.840148113
38600,22.00855514,20.87363215,19.71698662,15.36025909,12.91514965,9.125417342
9077,23.97633141,17.11483361,18.0283382,11.27138272,13.68785416,15.92125991
16460,19.5778082,15.71780191,16.61379504,14.54527507,10.33031256,23.21500722
38374,21.52442736,17.06882253,17.88571406,16.23911191,11.59195028,15.68997387
15306,20.91852312,21.98268759,17.76149682,12.12393829,12.7925825,14.42077168
18166,1.813643075,44.03844182,26.9787568,2.733085183,22.97116665,1.464906477
19225,13.27965487,18.8937138,19.54619633,18.60709543,15.13440551,14.53893406
38630,23.87653961,19.32306478,12.79376017,3.956687717,12.23776701,27.8121807
9242,15.52778612,27.14074289,21.5977737,7.180332223,13.7170128,14.83635226
9627,15.52778612,27.14074289,21.5977737,7.180332223,13.7170128,14.83635226
38603,14.44594235,18.95829231,14.2048649,22.95621875,16.44797014,12.98671155
8801,22.26174144,16.7186157,11.46045786,17.96184752,13.17206589,18.42527159
7736,19.76525252,16.34870088,17.60593467,10.62087259,14.62744995,21.03178938
16141,16.66914532,22.32553218,19.67450387,11.52338154,12.27787357,17.52956352
25871,11.58362611,28.9460085,22.20358271,14.96400763,16.89398589,5.408789161
10070,14.05644364,21.71440017,17.41679712,13.45353689,17.0621388,16.29668338
10945,12.40409741,22.95691394,17.33266909,18.89455636,18.30823905,10.10352416
11369,12.40409741,22.95691394,17.33266909,18.89455636,18.30823905,10.10352416
5691,16.22164365,20.77521203,21.71509973,12.96718576,16.52016017,11.80069867
2374,18.00256906,23.46605625,19.2334256,11.84148644,12.27281177,15.18365089
34900,14.99541579,11.00456959,14.88805171,27.98339797,13.99528893,17.13327601
11467,9.281968715,21.03701384,24.07581354,15.42751191,18.02859556,12.14909642
27055,15.43371013,23.8491219,21.29748637,11.4054678,12.12254967,15.89166412
37473,15.09868303,19.66108005,21.9504491,21.89502744,12.66280402,8.731956349
36590,8.204591284,20.67659211,24.84546517,24.25378591,19.74297721,2.276588325
6421,18.14682802,24.52985675,25.34720929,13.09811764,15.95342043,2.924567885
9216,17.04462544,23.1834607,23.59364071,16.58010718,15.67813328,3.920032692
27888,17.72950058,24.2233787,20.60203384,15.29164547,12.64118968,9.512251727
28304,17.72950058,24.2233787,20.60203384,15.29164547,12.64118968,9.512251727
29336,16.79084973,21.50794221,18.67902355,14.08617155,12.30471269,16.63130026
33208,12.57405325,21.73963429,20.3458069,16.21789707,18.05814548,11.06446302
7419,22.20387462,14.34800534,16.38832995,10.40364612,13.6676175,22.98852647
16099,14.95409685,16.1596529,19.76963415,20.05913341,13.74228651,15.31519617
34745,20.15635988,23.3010582,21.68451712,9.507514201,15.13207988,10.21847072
5973,20.58349957,16.13360523,17.17334974,20.07896876,16.21641909,9.814157616
29727,21.79763907,14.08976357,15.7750617,11.486055,13.40595648,23.44552419
36666,7.435787527,34.40392282,24.52114979,15.27627002,18.125704,0.237165841
9144,21.37039558,18.56733581,16.28823436,13.54110421,13.81788475,16.41504528
35274,9.772883349,19.55573959,24.10239532,27.58807204,15.59157771,3.389331994
18263,17.62595091,20.26088677,22.10331532,17.74783341,13.94964251,8.312371082
18871,15.78449735,19.67844943,19.59438682,16.00206017,12.98923803,15.9513682
19214,15.78449735,19.67844943,19.59438682,16.00206017,12.98923803,15.9513682
34219,23.35651564,17.85229502,16.46949918,9.466499373,14.43097423,18.42421654
15348,20.34360198,18.13453029,18.25460756,12.40691451,13.25782536,17.60252029
33798,18.98599642,18.05233207,20.90364878,12.93973977,13.12018628,15.99809668
19787,13.17995745,27.45060809,23.35547839,4.175293471,14.84599106,16.99267154
15815,20.28238729,18.73519418,18.76931046,9.97408086,12.51795532,19.72107189
24677,15.06970606,20.84606881,18.5806033,14.52504461,13.73903529,17.23954193
129,18.56410353,9.104165341,14.03760761,26.44119826,13.84642862,18.00649664
9902,9.521607327,26.14997562,20.45707513,11.15389035,15.15953506,17.55791651
32195,12.62354785,26.82348384,23.32766304,12.28486883,14.29423611,10.64620033
32670,12.62354785,26.82348384,23.32766304,12.28486883,14.29423611,10.64620033
37799,18.70343039,21.970474,20.81215015,17.18568938,11.87252795,9.455728131
15759,16.4340635,20.86325336,20.96636851,14.87177674,12.63053993,14.23399796
15995,15.17389537,20.59303517,21.35130984,14.49245967,15.38438219,13.00491776
9882,13.61056419,28.80592759,25.73499292,12.07281633,14.18939297,5.586306009
39681,15.26106185,20.4067699,16.69681186,19.56420273,15.14485463,12.92629903
36677,11.08971143,27.29277255,21.71974496,16.78607077,12.48161964,10.63008065
5772,14.69807965,32.34950862,23.54626474,10.99073785,11.20478816,7.210620978
2294,18.25567473,23.31703243,20.00815128,13.01002461,15.81863352,9.590483425
17174,19.75339798,18.32675115,19.32415615,19.21756913,10.86485453,12.51327106
10892,17.00199981,21.41761673,20.70628546,12.89651631,12.60461633,15.37296535
36059,17.00199981,21.41761673,20.70628546,12.89651631,12.60461633,15.37296535
544,18.56410353,9.104165341,14.03760761,26.44119826,13.84642862,18.00649664
15793,13.10334864,29.05950216,23.50085288,11.91994079,15.2788426,7.137512926
5589,14.3768219,18.36626303,21.74328038,19.77946662,16.06463056,9.669537499
6013,14.3768219,18.36626303,21.74328038,19.77946662,16.06463056,9.669537499
25668,21.08796869,20.25318257,19.70839145,9.728684469,12.99304914,16.22872368
5438,15.95321583,16.77760583,19.19265747,18.10593911,14.18585693,15.78472482
28759,21.52636459,16.68212868,16.91730096,15.73035607,10.85671785,18.28713184
38507,15.19695244,17.77082116,22.20673093,20.65479181,14.90398857,9.266715092
34357,22.42922201,17.3371506,18.84707447,14.13058853,14.89541976,12.36054463
8445,11.48215879,26.06738104,27.16900089,15.00193282,16.10505083,4.174475634
10047,16.45066066,23.16448754,19.26853891,12.74066581,14.22490556,14.15074152
21850,24.58785337,16.06424946,17.16561312,11.11366041,11.9125474,19.15607624
36699,16.78516843,20.56675136,22.34679313,16.65788563,12.96151786,10.68188359
29491,17.92529978,17.06636409,19.21167943,16.56083738,12.55595908,16.67986024
30720,10.9978923,25.32232099,21.32300552,22.73407846,17.55349425,2.069208483
631,17.20685795,14.87514836,14.70174055,26.39368641,14.47528598,12.34728075
28900,13.28507003,26.67389683,21.01339698,13.99717378,14.92777911,10.10268327
9070,19.92501158,16.45063849,17.98062605,15.4134512,11.76643488,18.4638378
9481,19.92501158,16.45063849,17.98062605,15.4134512,11.76643488,18.4638378
34099,17.51671511,20.73507122,20.60907929,10.86437151,16.85941631,13.41534655
800,16.40639042,11.45725709,17.08255872,26.38973485,13.11204848,15.55201043
38594,20.5583358,19.41448817,19.16184032,9.399774931,11.68017848,19.7853823
29654,11.069908,20.38927166,22.32930357,22.28120612,13.93211559,9.998195048
20933,24.62206715,16.15644305,16.7051324,10.57163567,12.27967167,19.66505006
33015,20.07443777,19.82867983,18.04806281,11.58806089,11.80466308,18.65609562
38135,18.79110496,23.49744465,19.99670431,12.89604767,11.78948224,13.02921618
8363,17.7050198,24.84757808,20.72021149,12.72531624,13.66754358,10.33433081
30455,19.11883299,21.11443465,20.33448137,7.255720613,12.57147417,19.60505621
5899,13.7952658,23.83281609,27.0744972,17.01103722,15.0644017,3.221981989
16652,14.76526134,19.62008576,19.69027073,15.18284445,13.90220119,16.83933653
24971,14.19009337,25.36878263,18.80623724,11.74612165,15.35258389,14.53618122
15701,21.50556267,13.71646763,16.4390882,19.44804066,10.84447254,18.0463683
38953,19.29299242,20.42301662,19.46227814,10.44094144,12.11284255,18.26792883
10404,11.10794123,20.97461679,19.05042476,14.07864725,17.16807852,17.62029145
85,16.6761483,13.02273373,15.27557349,26.29745313,13.23573317,15.49235817
2554,18.10469549,14.48915307,18.50602162,18.59045766,13.8946769,16.41499526
22903,14.89344361,21.08492789,20.65484502,15.15090038,14.18759806,14.02828504
38577,24.92090931,12.23312774,14.74275658,12.74126581,13.25451146,22.1074291
496,11.49768198,8.106495724,17.29717782,26.08803393,20.46678071,16.54382983
5547,20.13248951,15.6723884,14.55272378,16.2012599,14.6165032,18.8246352
20184,21.64509704,11.96148975,15.96231033,21.34731388,13.05846272,16.02532629
32971,15.36990622,26.65905177,22.38763918,10.79843088,15.66301332,9.121958641
19479,17.17015805,20.21231267,20.72889535,14.7855629,13.3732866,13.72978442
40610,12.33800341,22.63914297,25.70908027,24.9251646,14.3252085,0.063400251
40284,19.30069657,19.43085096,20.04101299,14.27213125,11.8952726,15.06003564
19860,17.48794244,16.46633873,19.32635977,19.32073668,16.39117445,11.00744794
40966,18.07310516,20.59782281,13.88786475,21.60898738,15.86103602,9.971183877
3335,26.73196977,18.29137276,16.99685685,5.41861954,12.65780809,19.90337299
13854,20.74265325,12.72563715,16.99317536,21.16649555,14.28272932,14.08930937
23719,20.25164064,16.03012455,18.48377894,18.65522702,13.1275063,13.45172254
7676,21.18395899,14.67779607,18.24008078,13.6970241,15.50403832,16.69710174
15854,13.71280333,17.0337991,21.05902274,18.03397366,16.08967817,14.070723
19131,16.73245608,19.03695147,18.79363908,11.09706858,16.08501658,18.2548682
1484,21.62882382,17.08569347,16.87137388,8.218007054,13.38153864,22.81456314
4559,15.0468761,21.13084091,14.68869886,20.78171348,13.49968757,14.85218309
27602,17.2784722,21.15922518,22.19405444,17.9204917,11.49994284,9.94781365
22523,13.24882385,22.15235973,19.39142319,12.53805797,16.30835598,16.36097928
19298,15.36551192,21.00137707,20.72921104,15.32643494,14.07836714,13.4990979
20179,17.67475965,20.74702078,19.7966725,13.25782647,12.19493891,16.32878169
20270,20.30077489,14.28924723,18.48610049,17.84328929,12.83053557,16.25005253
23089,19.70663429,15.81579481,19.46707832,11.67404892,15.28355803,18.05288563
13308,14.21180456,24.72652396,22.16428953,10.10401964,17.01867756,11.77468475
499,13.73084047,12.99942357,13.68020165,25.38086454,12.79687093,21.41179883
37878,7.962559346,26.65316893,26.86573869,19.77521715,14.31078901,4.43252687
16396,21.67044612,12.80325768,13.03216689,14.06270989,13.24818498,25.18323444
16831,21.67044612,12.80325768,13.03216689,14.06270989,13.24818498,25.18323444
37254,13.36932147,17.85619776,19.93673987,27.74147225,12.55604783,8.540220818
8303,21.48645489,18.69361152,19.07010515,6.991104127,12.80241054,20.95631378
7181,23.32777073,14.90764231,17.54588996,12.84786859,14.85283857,16.51798984
39509,16.52780246,20.68979569,13.37675246,20.75216791,15.8425356,12.81094588
40744,13.85697379,22.26291608,19.35159142,17.66398153,16.8524996,10.01203759
11402,16.44449261,22.28211174,24.71975488,12.36802035,15.36205524,8.823565167
29322,12.60731786,22.59390197,18.80280605,18.98988849,13.26071592,13.74536972
186,19.47324715,10.51329714,13.32190551,25.2990164,11.1407947,20.2517391
20682,19.55066535,14.09459762,16.69943885,21.20261334,13.99226643,14.46041841
16763,11.0066134,21.49700605,21.74448493,12.65816107,24.07994675,9.013787801
3296,21.7540524,13.7332165,14.91061773,12.17147567,14.46769302,22.96294468
38049,13.07641019,21.64984463,23.81401401,19.14688133,13.1209396,9.191910253
39626,17.16598787,16.53816124,19.14578267,22.50095086,10.89769479,13.75142258
41089,21.16953552,18.04709525,17.1983146,13.51215567,11.62179156,18.45110739
12996,19.14730381,15.56086942,20.81334997,22.0070849,13.69883422,8.772557668
19073,8.321889827,24.53093245,22.65386317,17.99180308,18.72384217,7.777669301
7326,20.78211137,18.91322242,18.26982216,11.18681374,12.57235251,18.27567781
24024,19.91513779,16.39711782,19.36685607,12.13379076,15.84796305,16.33913451
597,19.47324715,10.51329714,13.32190551,25.2990164,11.1407947,20.2517391
12069,14.1899078,24.31482413,21.18057619,13.47978194,14.46595244,12.3689575
33745,15.47312981,23.60355188,21.16139518,13.36480173,14.84040622,11.55671517
21445,14.06029153,22.76255782,21.50378019,13.26590329,14.63277332,13.77469384
16228,14.81082048,24.58241025,25.32329228,18.82612975,14.18317249,2.274174746
18214,14.01752098,15.53394528,20.78066139,19.16830207,16.55713297,13.94243732
36222,16.61488902,20.42776177,21.85649472,18.17528694,12.61011674,10.31545081
2834,19.87201405,19.87360036,18.5894386,11.17213512,11.99610783,18.49670404
1155,15.72392258,17.23461083,20.1298415,18.9019825,14.21162881,13.79801378
8378,19.63440754,13.09627196,16.76226707,20.17772466,12.30771797,18.02161079
21287,11.800823,21.16804851,21.22362054,16.81046107,15.18464856,13.81239832
21721,11.800823,21.16804851,21.22362054,16.81046107,15.18464856,13.81239832
11482,15.43713032,19.36099941,19.9838239,21.21428868,13.49267136,10.51108633
33349,13.0640834,23.30991067,18.27777996,12.05822517,13.98145346,19.30854735
36810,15.7093875,16.43998429,22.83213448,19.76635992,13.98168599,11.27044782
40646,19.87619837,13.14988874,14.88624909,17.39296688,15.75494927,18.93974766
41248,19.46027987,19.47609854,20.92395287,16.03962199,12.24647102,11.85357571
9267,18.4298169,26.88013912,22.75168656,4.424751238,15.11299835,12.40060783
9665,18.4298169,26.88013912,22.75168656,4.424751238,15.11299835,12.40060783
16233,19.91123624,21.59362066,19.8267713,8.926456167,14.96866174,14.7732539
754,13.30884738,15.17520062,19.31170991,25.04058113,18.4030532,8.760607753
9682,22.46960033,20.31937753,15.90504962,9.244628682,13.46313127,18.59821257
27728,15.7826657,24.60719235,15.54192281,14.4462154,15.79185151,13.83015222
16553,11.89513995,20.03184177,22.9981095,15.58780335,15.88815143,13.598954
20231,17.25340111,14.23934161,15.95323103,16.02227698,15.09975424,21.43199504
5649,22.3627855,13.91441624,15.14997942,16.83671784,11.55315144,20.18294956
36885,23.04116707,14.14640758,16.18511916,15.1400819,11.71249594,19.77472834
38168,19.37729145,16.46496813,17.44004395,10.11648565,14.26077147,22.34043936
35626,14.14935632,19.67569308,22.47230918,24.75674358,14.59827254,4.347625307
33205,26.06437893,17.1489059,17.38878142,13.86895099,13.26286782,12.26611494
39065,14.40558887,20.93941243,14.24539294,20.37215064,15.90159142,14.1358637
33777,18.81301852,19.41677677,18.12024522,12.18219367,11.31657956,20.15118626
22358,15.1831155,19.55943263,21.94623631,18.00382224,13.64867298,11.65872034
30584,12.52592962,27.67731223,26.66415831,11.89352442,15.58587301,5.653202408
34651,18.30098619,24.67024277,22.09689722,7.850032198,16.82231067,10.25953095
6843,15.57753692,20.85754167,25.3880662,14.50592608,17.57025283,6.100676291
35863,20.13058138,16.48359581,18.24540795,17.91057479,11.03971423,16.19012584
7266,16.52692633,21.01540651,19.77404994,15.23017504,11.69320544,15.76023674
27631,19.8510887,18.1207967,18.84813512,14.68610653,14.89805126,13.5958217
13570,18.24807159,16.1108498,18.45213161,16.44337738,13.26612481,17.47944481
39411,16.56159336,19.41255261,20.84150433,18.56888798,11.83130125,12.78416048
9200,17.50536632,21.77816983,17.46325045,9.444476501,13.13939801,20.66933889
9601,17.50536632,21.77816983,17.46325045,9.444476501,13.13939801,20.66933889
11160,21.12067048,18.57686895,19.39186729,15.28587747,11.91194341,13.71277241
17798,14.54168226,19.22586972,21.38028825,17.16346346,15.47353535,12.21516095
38681,20.812363,16.26514053,19.8557754,19.11785957,11.7277365,12.22112501
23535,18.20665142,19.2450927,20.19637544,15.09793498,16.66005542,10.59389004
35363,15.76442305,13.41365516,17.0605424,24.27527859,16.09129567,13.39480513
1806,20.75255735,21.43313559,18.46730771,6.84125975,11.96690839,20.53883121
8643,2.448582209,36.17645827,26.42450802,18.5513469,14.86490173,1.53420287
12102,11.32155451,20.68477675,21.15626986,17.71897405,13.94588327,15.17254157
24997,22.06846765,19.10756009,19.02019669,10.14726582,12.58592939,17.07058035
29624,15.46708071,17.18722675,20.31478066,17.37693963,14.3128823,15.34108995
36204,20.59750114,19.02607981,17.72737678,14.23430629,20.3985421,8.01619388
20236,21.013575,14.66335051,16.88203035,18.20449123,13.01109898,16.22545393
6460,15.87629661,23.88009582,22.03324048,9.982892994,14.02191018,14.20556391
6869,15.87629661,23.88009582,22.03324048,9.982892994,14.02191018,14.20556391
24473,16.01888087,23.41315557,20.09990386,5.248790316,12.83600151,22.38326787
2986,19.59953582,19.61475617,17.89390315,10.97282069,13.57147852,18.34750565
13554,23.80238794,14.83090436,18.48926426,16.59225675,13.02577016,13.25941652
13999,23.80238794,14.83090436,18.48926426,16.59225675,13.02577016,13.25941652
41184,23.47823882,14.01627468,16.86571099,17.38295047,11.81794646,16.43887859
40878,18.95271877,16.73369994,21.54345495,19.18457824,13.34125641,10.24429168
15547,19.8675483,18.46178187,20.08523764,17.36641821,11.93854638,12.2804676
5561,16.80651027,18.54548722,19.85356977,14.91286623,12.91772131,16.9638452
728,19.51024957,11.35085715,16.05715052,24.23339293,14.62777724,14.22057259
35729,10.71291856,14.06306448,11.74930665,23.96987275,20.92003625,18.58480131
16539,18.00652321,22.27321454,18.71739414,13.18570098,11.03078709,16.78638004
23833,21.14324892,19.08213755,19.88026932,12.61989168,12.11391559,15.16053694
23060,22.81014894,17.75088676,19.39129265,14.3704184,13.46713361,12.21011964
8118,25.68407207,15.53899723,16.80455177,10.36328698,13.2804516,18.32864036
12098,16.13797825,21.33743175,19.05827196,18.0770089,15.50732177,9.881987381
13739,20.57295383,17.24807848,16.38993141,8.492157132,12.49405172,24.80282744
14154,20.57295383,17.24807848,16.38993141,8.492157132,12.49405172,24.80282744
21214,20.23660231,15.97182036,19.60984052,15.35950936,16.53614065,12.2860868
6940,15.10034363,23.94534543,22.90214575,18.26852848,14.27147516,5.512161546
31430,11.92572891,22.46389104,22.48557936,16.921694,14.45400527,11.74910143
31899,11.92572891,22.46389104,22.48557936,16.921694,14.45400527,11.74910143
19138,17.48519153,23.65068357,21.45973118,7.541021254,15.90884612,13.95452635
19960,16.1249756,19.2453238,21.86873952,16.46769425,14.51075457,11.78251228
21246,15.42282148,22.64076464,20.54969801,15.2337588,12.7260701,13.42688696
26301,21.19195905,17.874364,21.69488381,16.40504469,14.84453405,7.989214391
26723,21.19195905,17.874364,21.69488381,16.40504469,14.84453405,7.989214391
32103,13.84141775,22.88941315,16.47233812,17.35861646,14.51515771,14.92305682
32588,13.84141775,22.88941315,16.47233812,17.35861646,14.51515771,14.92305682
41479,20.40408697,14.2082067,18.38329483,17.46183245,12.95306889,16.58951016
33531,17.31452267,23.18908407,17.11842527,8.28291619,14.46756382,19.62748798
8785,18.86860895,23.83653811,20.08455661,12.72088856,13.70864739,10.78076038
1686,21.06705933,17.77042061,19.91342368,15.55558923,13.56619793,12.12730922
18769,17.09329781,22.54161276,16.25425386,4.498306702,15.58885027,24.0236786
25755,14.29070969,26.65911181,21.59477903,9.464531034,16.66892551,11.32194292
27448,15.45065617,17.45100746,20.45906103,19.88493755,11.80894127,14.94539652
36279,17.84856403,12.89804787,14.60099748,19.94519929,12.58077312,22.12641822
7127,19.06180241,17.74882808,20.62880987,14.33539945,13.31267082,14.91248937
21659,14.66446908,22.45940952,18.98015431,10.4156498,14.73808366,18.74223363
27178,7.531942214,22.58840138,21.48741369,22.50940782,20.84532742,5.037507482
30337,16.73335509,21.1929031,13.60659492,20.97880973,17.04093818,10.44739898
35374,20.16845845,11.5350364,16.50682558,23.66625753,12.66326278,15.46015926
37935,26.20142799,14.57093488,16.5200562,11.9661006,13.49231654,17.24916379
24170,19.48317108,15.72188975,18.21177607,18.63411914,11.89851321,16.05053075
27254,15.26262151,23.52214303,20.41774807,11.87804997,13.95586586,14.96357156
27513,18.10973238,22.00216319,19.82449888,10.36161934,12.23731224,17.46467397
33454,13.31185346,23.55445186,24.4296562,15.85220389,16.65130182,6.200532779
18674,20.00857393,14.69143042,19.70813674,17.95195536,15.31521897,12.32468459
25187,15.15371828,21.18002974,19.77888397,14.65837018,16.24729959,12.98169824
232,14.5964714,17.1021794,16.95546896,23.30604432,12.71602414,15.32381177
8069,7.94000144,30.05602624,27.90918588,18.11938168,14.12795626,1.847448499
27499,18.29762246,21.86216757,19.02172456,13.43948777,12.25381757,15.12518007
9374,16.82843903,21.6727652,21.85089404,11.59027422,13.49733764,14.56028988
40993,24.39973849,17.02731389,16.22955993,10.92986719,15.6244775,15.789043
14813,12.26229595,22.98466067,22.94722816,18.65825336,15.00057068,8.146991171
2764,21.44329082,11.91167172,15.74679872,21.08209255,14.19634754,15.61979866
21301,16.6669201,21.40823364,17.06092439,15.10877952,15.1791262,14.57601615
21712,16.6669201,21.40823364,17.06092439,15.10877952,15.1791262,14.57601615
21687,15.06751261,23.07000558,25.00850906,14.85116795,15.03262466,6.970180133
11591,13.09447975,25.38371671,16.77750582,17.96127984,19.75288547,7.030132406
20956,14.56214036,20.86138177,21.00539099,15.71922319,16.39011364,11.46175006
25734,9.130959543,29.70508381,15.82112915,9.654431445,25.1991876,10.48920845
34864,18.27596982,16.44841327,18.62049548,23.21364818,12.90743601,10.53403725
19024,13.99848478,19.03644051,20.13817198,18.60902075,16.91135559,11.30652639
1085,18.70671672,17.71111703,17.90545186,15.58968818,11.95939769,18.12762853
29613,13.85811488,20.29167363,24.07112259,18.4909193,13.81421221,9.473957387
23917,22.27594783,11.59808148,14.10028165,22.09156407,16.8378508,13.09627416
3230,16.26228277,15.64581483,20.45710269,24.15768433,14.64441217,8.832703207
38477,20.43290456,19.954024,19.77846382,9.969778063,14.63716996,15.2276596
38219,14.99537002,20.44863485,20.17570279,13.9474438,14.55918675,15.87366179
23251,16.9919491,19.23005293,19.88672908,15.84440125,14.28093856,13.76592908
36604,14.19301377,21.53977441,17.37093586,20.99826114,13.3786954,12.51931941
41593,12.96850873,24.49031535,19.62826949,11.31721153,13.2315179,18.364177
40818,18.33789286,21.65656629,14.38987254,16.95353095,15.27973206,13.38240531
11831,21.35627357,12.84236897,16.31873789,21.63585562,12.01548618,15.83127777
29703,16.5226964,24.58692341,24.01708053,14.97397413,13.51009143,6.389234099
17403,6.072332537,34.35438943,27.26290679,12.51587106,17.48130203,2.313198147
38612,21.04338517,12.95860201,14.30327431,15.03507959,12.05128775,24.60837116
19048,18.43521813,17.24905898,21.26699814,22.89758038,12.81383029,7.337314072
38586,22.83628954,19.48009895,19.20999884,9.133912509,12.20195391,17.13774625
33121,22.40277174,17.276377,18.63375061,8.806212284,12.16195402,20.71893435
33589,22.32115196,17.4442317,18.81479334,8.891772127,12.28011775,20.24793312
3229,14.91734997,19.97013233,20.60128574,20.09590139,12.19633728,12.2189933
15639,14.21360045,17.88654248,20.81500918,18.31491449,14.97438715,13.79554625
19464,15.4070555,25.15174495,18.99736566,4.991256693,16.81742289,18.63515431
32203,10.69538163,25.71190022,25.52192394,17.90987342,13.35823631,6.802684491
32687,10.69538163,25.71190022,25.52192394,17.90987342,13.35823631,6.802684491
34575,26.27919145,14.70637676,16.69154748,10.41133538,14.40272746,17.50882147
33932,14.75781266,21.9450753,21.32664149,18.01465855,12.4870411,11.46877089
33139,18.39188712,24.2487025,18.57809725,7.025342358,14.39491756,17.36105321
36675,13.02708892,24.05737827,21.69452397,18.92985113,15.24752041,7.043637297
8647,10.70038546,24.66229608,15.36993114,24.36690403,13.34520601,11.55527727
27727,19.28740618,15.92201835,19.631169,20.14319945,13.95954267,11.05666435
36839,15.35898014,11.82722026,17.23557184,21.39402793,16.2917382,17.89246163
8333,21.85166379,18.21048726,19.75365001,16.2530716,12.3609992,11.57012814
9335,9.672136467,31.22143822,29.01293087,10.3453676,16.53506711,3.21305973
15986,13.00222493,21.75749563,23.97341686,21.94421155,15.95654525,3.366105785
12203,20.74733563,14.88300288,16.85794459,22.8383741,13.59556174,11.07778106
13341,18.07561182,18.28836606,19.05225593,18.52938921,17.15090256,8.903474418
20357,19.74374351,18.78404559,17.74128758,12.65870735,12.21791139,18.85430458
20772,19.74374351,18.78404559,17.74128758,12.65870735,12.21791139,18.85430458
11874,16.71347973,19.46082775,20.26125793,12.17117016,13.92988249,17.46338194
7991,15.33899939,16.51452646,20.36269716,21.25455896,13.90290046,12.62631757
30688,17.39579055,16.75135371,20.20434211,19.92907711,11.77379924,13.94563727
5771,8.568910423,21.86460904,18.1657043,19.72975082,20.01541011,11.6556153
24032,18.86605607,14.6375203,17.85696492,19.92309109,12.49292314,16.22344448
37537,19.69070497,17.08456381,18.30102262,15.283587,12.2910045,17.34911711
13064,20.80790654,18.94534543,19.88798935,16.91735827,12.21755877,11.22384164
41141,16.51205568,22.7530617,21.17074023,11.45281142,14.24430321,13.86702776
12977,16.29629821,21.22252231,23.10226762,17.64099444,13.09259383,8.64532359
33578,15.28857539,22.11924003,15.72701743,16.01665184,14.86909736,15.97941794
26127,11.9779214,21.58397772,19.99400237,19.95374613,16.08676809,10.4035843
26571,11.9779214,21.58397772,19.99400237,19.95374613,16.08676809,10.4035843
41418,19.19942845,20.02544825,19.48175042,13.81741423,11.95483226,15.52112639
18187,20.33591381,16.82017414,19.42694756,16.13959876,12.18930411,15.08806162
8305,19.07018521,11.90156215,17.04992288,19.54081131,13.94300156,18.49451689
30550,19.56176291,19.79544261,19.73661255,9.322866373,15.54596808,16.03734747
37084,25.38464391,11.97789255,15.87368136,14.73339947,12.87948604,19.15089668
17876,12.15903183,19.4506508,19.50318425,18.19379252,14.47431474,16.21902587
10369,15.12010011,19.60038327,18.61452375,13.48266559,15.88746695,17.29486033
7579,13.68375496,20.76352708,19.01937015,17.22807394,14.73356789,14.57170599
6541,15.56522665,23.3687373,22.99791231,17.8347619,14.15230026,6.08106158
6972,13.33702865,13.6636737,9.966738587,24.10960832,18.74796492,20.17498582
23213,15.88381558,19.40013378,21.63832636,15.80611355,14.95311472,12.31849601
22348,19.61033077,23.04924764,18.77672567,10.98909886,12.7850779,14.78951915
27070,19.63306761,18.93662366,20.16929289,12.77305868,12.61338704,15.87457012
8261,17.45847056,21.02396103,19.14383523,9.531439226,13.12444086,19.71785309
22667,19.50601806,24.57871537,18.36820532,7.152898574,13.20238107,17.19178161
25002,8.571225767,27.69859727,16.82713647,13.78336778,23.49502018,9.624652523
35597,19.96232482,9.961985598,15.29116632,22.74929281,13.82317283,18.21205762
1970,18.92281692,17.23658057,19.03118837,18.32748785,12.68869997,13.79322632
2491,15.14430367,26.18127945,21.38414729,8.473239765,11.35932971,17.45770011
14757,11.58696584,16.64723658,20.56290351,27.79993379,15.37611554,8.02684474
15091,11.58696584,16.64723658,20.56290351,27.79993379,15.37611554,8.02684474
8963,13.97844992,24.73003445,23.87916308,13.08193428,13.43768979,10.89272848
37263,22.55114611,12.2364049,15.17864627,13.56336217,15.80306433,20.66737622
7883,12.87344264,21.0191165,20.57734033,14.32174336,17.32826908,13.88008808
38025,16.39626772,17.44471259,20.86179743,19.39595627,12.76180026,13.13946573
7843,13.76497441,26.10020972,22.91603019,11.54124468,18.25490411,7.422636887
36860,19.67339738,12.01572172,14.04663,17.23502023,11.75465996,25.27457071
37430,22.30877841,16.33182601,19.41323016,16.67959858,11.4479214,13.81864544
21030,13.3081652,24.51196571,21.82191698,14.80276566,13.68788351,11.86730293
21423,13.3081652,24.51196571,21.82191698,14.80276566,13.68788351,11.86730293
36630,17.51125541,17.17657774,13.58847682,11.48744815,19.08645332,21.14978856
15449,12.48828659,20.40516446,23.16800406,24.75649324,15.81021692,3.371834721
22818,13.99599627,16.09378071,21.3114154,20.06903347,14.69515465,13.8346195
38109,21.062076,27.48128679,19.02259536,5.507649432,14.06349993,12.86289249
10575,14.54310253,22.02907431,22.50327427,9.70125119,19.6190958,11.60420191
20117,22.46505686,17.35217437,16.65279015,8.600933922,11.71045983,23.21858487
40566,4.611157325,29.50171391,22.36049605,19.65669325,21.1432216,2.72671786
11645,15.09027872,25.16669729,20.92461158,14.5013265,15.10464746,9.212438449
11815,17.93787754,18.35967314,20.15105848,17.31606091,13.26417021,12.97115973
12186,17.93787754,18.35967314,20.15105848,17.31606091,13.26417021,12.97115973
12500,11.62480897,26.47680618,19.11430327,17.71767134,19.35588333,5.710526914
34600,20.93363329,15.10347606,17.39334317,11.86364298,15.65818753,19.04771697
38845,12.96025093,23.23080771,22.63497007,19.51830119,13.07933032,8.576339775
2817,20.95498447,11.29063398,14.69236501,16.36123837,16.57341457,20.1273636
27388,18.53146739,14.6253116,17.08249253,20.32246252,11.40569725,18.03256871
38941,20.95498447,11.29063398,14.69236501,16.36123837,16.57341457,20.1273636
8812,13.10482423,19.24273199,20.57551542,20.03140266,15.02868717,12.01683852
23493,17.7096242,13.89687916,18.34507864,23.07591439,12.11804792,14.85445569
25513,14.20030744,19.02161221,18.95941251,14.62254677,21.30193897,11.89418209
30132,19.01844471,15.98636404,17.28657817,14.65537516,12.16696241,20.88627551
32162,15.95803097,19.76366442,19.02416177,15.78399356,14.9183674,14.55178188
32635,15.95803097,19.76366442,19.02416177,15.78399356,14.9183674,14.55178188
40434,21.39159603,16.59512786,17.87553587,15.16872888,13.19054233,15.77846903
38602,17.56339629,20.68177633,22.26844605,18.92762134,13.86536289,6.693397104
38625,20.51989106,13.68866141,15.48039032,17.61213997,16.79953126,15.89938598
34840,19.63635243,14.093367,17.23549934,22.65616749,12.57042892,13.80818482
16124,17.02823745,12.44152097,14.85608323,17.83436627,24.05834278,13.78144929
1003,17.65650572,21.2497519,18.28221244,12.65825776,11.31006533,18.84320685
8493,17.14956599,17.67844139,21.28987364,22.33116927,13.46202501,8.088924712
25616,20.19957091,21.10527717,19.9738508,10.37648146,16.96243824,11.38238143
35722,19.10025748,14.52673132,18.34035201,22.65364305,10.62404186,14.75497428
11032,15.34128479,21.63104409,22.75078452,18.5910665,12.62970709,9.056113016
12531,14.67753598,17.81713786,22.24300861,23.06025521,12.90624103,9.295821309
30297,12.83184885,24.67000583,25.54370807,12.13018746,14.75141732,10.07283248
5842,17.72845127,14.98729598,20.60360174,25.90105155,14.06030283,6.719296631
22052,13.6417593,24.72980517,23.50772486,12.66837615,15.49626932,9.9560652
243,17.94286056,19.00452821,22.46970273,22.61172627,12.54637736,5.424804859
17030,13.16719855,21.44496054,20.36012887,15.02157272,15.93644783,14.06969149
17429,13.16719855,21.44496054,20.36012887,15.02157272,15.93644783,14.06969149
11158,10.69463408,20.49263871,26.13556827,20.49080821,15.4937241,6.692626632
13100,12.75174577,20.37445429,22.43580252,20.11260967,14.47662022,9.848767522
38453,19.78006927,17.63790791,18.51346737,15.11337962,13.7829803,15.17219553
5290,18.44860598,9.907813341,15.75556266,22.15954182,13.58256961,20.1459066
5756,18.44860598,9.907813341,15.75556266,22.15954182,13.58256961,20.1459066
41684,17.09113764,24.67861817,20.61632261,5.657246408,12.84770067,19.1089745
2341,15.21998647,25.40757835,19.36476646,12.23657562,15.73517329,12.03591981
8976,14.41312681,23.502474,21.51895984,14.87891608,15.53809384,10.14842944
9395,14.41312681,23.502474,21.51895984,14.87891608,15.53809384,10.14842944
41405,22.51557366,11.77272106,15.43138472,20.93178203,12.93179466,16.41674387
41414,26.26137187,13.65839335,15.56899222,13.22863839,12.82967282,18.45293135
23306,12.43374314,16.95378909,22.14578557,19.64521639,15.98665489,12.83481092
27208,14.00612562,22.6252143,20.09087936,17.40460647,14.41125595,11.4619183
33960,18.50312077,27.1027473,21.43282985,8.477688027,14.18251847,10.30109558
39404,14.88427981,19.69092412,22.01430509,19.02760049,14.55771798,9.825172521
39364,21.99593207,14.1526187,16.35774762,16.61767389,11.15253276,19.72349496
39598,14.78143404,20.76041767,19.90142148,15.97547852,14.94736625,13.63388204
39864,10.69268543,22.44977867,16.93263089,20.90130766,20.23642777,8.787169597
25431,13.02952238,20.03661299,22.44157835,18.70837807,15.37673883,10.40716938
33294,10.81217074,30.44869795,16.23136257,19.2423468,18.55749005,4.70793189
33728,10.81217074,30.44869795,16.23136257,19.2423468,18.55749005,4.70793189
6097,17.21056135,21.93228351,21.10249756,12.2363041,16.76942618,10.7489273
10849,20.25906282,16.14813827,19.40956298,18.59233254,12.59132128,12.99958211
36657,24.19798297,10.82381382,11.67223445,15.39763896,12.37592955,25.53240025
22722,16.382846,19.76828798,21.44610355,16.78184127,12.23326936,13.38765183
35664,22.74253408,10.71488477,14.08184512,22.58140811,11.62867778,18.25065014
36586,22.68642706,19.06704805,18.83167157,11.50694427,10.43628046,17.4716286
21902,17.0090168,20.35878753,19.63574075,17.80497744,11.47963156,13.71184592
31172,16.16525514,21.71656252,18.6192852,18.43398992,12.85564218,12.20926504
31648,16.16525514,21.71656252,18.6192852,18.43398992,12.85564218,12.20926504
33511,20.18701298,16.76329666,19.4927909,14.21732625,15.78237709,13.55719611
29858,19.71597285,20.0933169,20.34640392,10.2985085,16.10832707,13.43747075
33986,15.27781461,18.03349317,20.07641429,20.60937702,12.38783921,13.61506169
489,15.45259366,12.74646093,20.00384069,22.41338276,18.24341209,11.14030987
35175,20.03987966,11.69706357,11.56180788,22.35916579,11.52753406,22.81454903
21868,14.22897041,19.97581716,20.14900361,15.52149867,15.16869096,14.95601919
22631,15.04187442,23.78847103,17.46927413,17.87952524,15.01954965,10.80130553
8754,19.36511607,20.90646305,20.61314416,13.66437076,13.21976653,12.23113943
3670,15.77737175,21.94674879,20.6863653,12.8229494,14.02270096,14.7438638
37138,16.21027676,19.19993541,19.00942123,12.85884678,18.3212945,14.40022532
13731,24.62420831,14.36108002,14.46037523,17.02355556,15.23815123,14.29262965
20477,11.99059265,19.9396027,21.01153367,18.30496454,16.3194277,12.43387875
26119,17.51606202,13.57839795,18.09792967,21.93401641,13.90247736,14.97111659
26565,17.51606202,13.57839795,18.09792967,21.93401641,13.90247736,14.97111659
24087,14.92213478,18.08374982,21.61021687,16.96917464,14.10352226,14.31120163
41460,22.19184841,14.2392821,17.06323227,17.10007797,12.54677672,16.85878253
23084,19.90656079,17.14493888,20.10928458,11.60718331,15.82389142,15.40814101
28187,20.68051623,15.70560669,17.94988558,18.37147978,11.23008771,16.06242401
28585,20.68051623,15.70560669,17.94988558,18.37147978,11.23008771,16.06242401
2840,23.22045061,13.1431937,16.40234263,17.16927357,11.81882157,18.24591791
9302,13.67214234,25.97688323,25.66885958,8.042242734,16.12617677,10.51369534
26463,15.92918892,19.9134308,21.71053944,18.39599285,13.51894958,10.53189841
26943,15.92918892,19.9134308,21.71053944,18.39599285,13.51894958,10.53189841
27649,18.12919361,16.40289984,18.92262283,17.71226764,12.38331182,16.44970426
39187,17.52330536,22.07564553,21.19858895,7.240177244,14.68057116,17.28171175
34597,19.01207123,13.98940465,18.5874974,15.17079136,16.71330226,16.52693309
37131,17.70644528,23.59418742,24.07112366,14.41423081,16.84618549,3.367827331
40719,16.77069772,20.24353635,11.95098199,22.58844494,16.44319525,12.00314375
31109,17.42974859,15.29897068,19.42461068,17.94345944,11.99618889,17.90702174
31587,17.42974859,15.29897068,19.42461068,17.94345944,11.99618889,17.90702174
3007,18.86452901,12.1609918,15.34733469,22.16366081,13.5314388,17.93204488
6297,22.68993833,14.68005767,17.67321036,13.09555003,15.31693737,16.54430624
18843,19.15901475,19.8345993,19.60923356,13.24579436,13.78650393,14.3648541
38714,21.53414179,13.20416394,17.24974353,20.26842777,11.3131616,16.43036138
35046,15.25944642,22.00507431,23.10574783,22.06953268,13.20764354,4.352555224
38144,22.03786392,14.99798188,16.71272658,13.67041624,11.57856127,21.00245011
19631,16.83325553,24.6976757,20.96886828,15.93700249,14.80527414,6.757923856
22986,16.24662711,23.83682946,22.69833253,10.19326885,14.72636492,12.29857714
23442,16.24662711,23.83682946,22.69833253,10.19326885,14.72636492,12.29857714
38012,14.62325219,21.29945247,22.37479983,21.56813932,12.87045886,7.263897325
14702,18.47774176,23.08819614,21.52157527,8.748579452,14.78458487,13.37932251
14997,18.47774176,23.08819614,21.52157527,8.748579452,14.78458487,13.37932251
18412,16.28346542,17.81832447,21.78252398,19.85827721,17.01078618,7.246622744
11618,9.552660922,19.92387172,21.13158725,21.29734713,14.16351255,13.93102044
2963,26.70249607,14.69869506,14.43844626,6.964318304,12.85804702,24.33799728
29448,15.33951392,21.56011146,17.59120819,18.17015682,13.50744637,13.83156324
12442,16.98383841,13.43999883,18.04615612,18.67502347,16.37495127,16.48003191
36732,12.23368997,24.24475305,26.4896581,21.47422065,13.57855327,1.979124959
26161,13.73970378,17.3268818,21.72939522,17.70505082,15.00971362,14.48925476
26601,13.73970378,17.3268818,21.72939522,17.70505082,15.00971362,14.48925476
40315,14.84523541,21.21794104,16.11591049,18.50223215,15.73243395,13.58624695
34739,14.35096757,25.64822917,24.58373896,14.61151348,16.23374757,4.571803254
72,16.24706198,18.40205592,18.89293159,22.03371934,13.77403826,10.65019291
18039,16.43922135,21.79886223,19.5349802,14.42847933,14.18665247,13.61180443
11475,20.84976352,14.30100609,15.66660633,16.57939972,11.28867983,21.31454451
40884,17.87990943,25.11955079,18.56571492,15.3535821,12.92392676,10.15731601
12541,14.60565671,26.11619577,20.93249169,15.48751095,14.52668436,8.331460517
27821,18.78229182,21.55099643,17.82633739,13.36401038,14.58926679,13.88709719
10101,13.18247343,23.41344733,19.1920549,13.41712062,15.8497892,14.94511453
12545,19.0734395,15.78487927,19.50305575,18.6464022,12.65898205,14.33324123
29925,9.164398966,24.95951172,17.94755633,17.9240181,19.32021336,10.68430153
5152,13.76244911,14.66731139,18.64069233,20.53239104,19.07365438,13.32350175
19769,25.61663164,17.80353218,18.80251726,12.8398763,13.80327526,11.13416737
516,16.59117066,15.2976887,17.54558753,21.62561319,12.25432785,16.68561208
38079,20.62098489,17.99796303,18.78954076,13.62032324,12.32855845,16.64262964
1498,19.22622337,16.19707044,16.82701518,14.2162927,12.51537837,21.01801993
8231,15.98786178,18.92130544,21.40711184,17.53993456,12.86875685,13.27502954
15131,18.05966086,15.32534476,19.82857428,20.80886093,15.49181545,10.48574372
32197,22.72389911,13.49573598,17.28127893,17.57814439,14.47222059,14.44872101
32677,22.72389911,13.49573598,17.28127893,17.57814439,14.47222059,14.44872101
35106,23.60705357,9.635662864,12.39668519,21.53630756,11.20006634,21.62422448
40,20.24536465,13.1723622,15.58565419,21.4012294,11.97679669,17.61859287
26245,18.02231998,16.31191323,18.97265251,18.57030561,13.15885993,14.96394874
26688,18.02231998,16.31191323,18.97265251,18.57030561,13.15885993,14.96394874
21260,16.28326885,22.01707764,20.75640221,14.15942052,15.20686892,11.57696186
37362,21.47770367,16.07225504,17.42216347,18.70055677,10.95628606,15.37103498
20633,15.20040539,25.50158622,23.68663359,14.26605893,15.67161625,5.673699622
13949,5.695493182,28.78829427,24.16744448,23.05005525,15.08152991,3.217182907
29966,17.06792416,20.84940576,20.1131919,10.97796849,11.75376347,19.23774622
36643,16.30902222,15.99337809,20.76821676,18.9004178,13.84524449,14.18372063
40079,21.68307454,16.80563391,18.52320357,13.90828346,11.99141797,17.08838654
11533,12.22272198,21.81456055,20.62630766,21.57416256,13.58526107,10.17698617
39689,20.43494232,19.57595902,19.32833784,7.229285616,14.64449807,18.78697714
38238,19.32397468,10.89570057,15.08713834,26.39948522,12.10638647,16.18731473
34878,12.49669203,19.00987101,17.46414109,21.38630769,16.20803952,13.43494866
2509,16.80703734,18.24910859,20.53789787,18.65437886,12.80162931,12.94994803
5625,21.26879505,11.44022754,14.65004647,19.69950282,13.86932543,19.07210268
4517,15.61680393,24.09522103,17.21416963,15.28892651,15.14203935,12.64283955
5788,12.26120368,21.40351986,23.09092226,16.79874834,12.52480957,13.92079629
12765,16.49268735,16.01402438,20.42518307,21.61633998,15.40026678,10.05149844
27089,18.46333976,17.96935632,18.60231437,11.10644338,14.64054695,19.21799922
35437,15.38810491,14.83870211,17.5527831,21.36413312,12.98969165,17.86658511
5803,9.456453184,21.80202916,23.07148733,23.5387452,17.2387627,4.892522421
25550,9.491152456,34.39157077,26.20964892,4.261462361,16.30919422,9.33697128
39551,16.56518727,19.67934425,22.35699212,19.14753599,13.6329671,8.617973274
40689,17.60764426,13.43965361,17.43234767,21.95890504,15.50410868,14.05734075
25254,13.64404043,21.77153646,19.85533745,13.14971206,16.85315299,14.72622061
30397,11.01343602,23.83917469,21.402706,17.60973215,14.24725592,11.88769521
30469,18.70870412,21.51447109,21.24295363,13.75162797,12.31172234,12.47052084
40389,20.08514329,15.92960935,18.29322348,18.14751588,11.90581482,15.63869319
27008,17.28271969,18.6616113,21.34372215,19.51019946,11.89583436,11.30591304
16973,21.11078502,19.29388009,20.94881158,12.72386384,12.71108395,13.21157552
2544,18.5671228,22.7535984,18.89897307,13.11568489,12.4178467,14.24677414
37216,22.51755856,16.77351364,14.73213462,5.150041598,12.62255809,28.20419349
18638,6.00316816,25.03272821,24.47711745,22.01365939,19.5223335,2.950993301
19050,6.00316816,25.03272821,24.47711745,22.01365939,19.5223335,2.950993301
16304,19.96491121,16.34438463,18.8987615,16.54640789,12.69396411,15.55157066
33807,13.62634771,24.33669577,21.07834231,11.75881002,15.09192684,14.10787734
32292,19.24474981,12.77187924,16.49408327,24.37413517,12.2226667,14.89248581
32777,19.24474981,12.77187924,16.49408327,24.37413517,12.2226667,14.89248581
38853,20.44995494,15.38323408,17.56075006,18.40243611,10.40152334,17.80210147
20277,19.14260031,19.53673195,20.15728274,16.60788813,13.90501702,10.65047985
34054,19.69630148,22.93764769,18.50403561,8.031059534,14.10250711,16.72844858
10719,19.72308794,15.8317099,19.71105325,20.69950255,11.98633476,12.0483116
16076,14.98868105,16.62846472,20.07272261,20.72396343,12.69953809,14.8866301
15195,18.70356988,19.26004393,18.75023238,15.72554696,11.21023774,16.35036911
14465,15.12686428,23.46502324,20.26759417,13.90938902,13.58061445,13.65051482
35330,18.97020679,15.16453529,18.47306828,21.07784832,13.0919011,13.22244022
21929,21.01602859,19.56001603,18.82049293,12.45462242,13.08237153,15.06646852
36317,13.71156269,20.33623586,21.53103516,18.63647138,13.48875809,12.29593683
33795,12.9648486,21.83205322,16.09243843,12.49863371,13.44188028,23.17014576
39102,27.46789871,12.25201311,13.37540337,9.639866176,14.31085864,22.95395999
2789,19.78556769,14.92142381,19.69278998,21.90674494,12.56025178,11.1332218
38493,15.98351103,21.95464134,24.50636941,18.4533522,13.80015201,5.301974016
19499,21.21895863,16.97759424,18.6255204,13.87058097,16.16872013,13.13862564
41677,20.9800769,11.82551068,17.05081057,24.20534387,12.35484708,13.5834109
34735,17.39447921,26.60072883,20.88059576,12.39973328,14.57190069,8.152562231
12122,11.05550283,21.02228691,22.085136,17.53675484,16.62930104,11.67101837
17841,18.03585121,14.09900621,17.00398537,22.51983911,11.53540837,16.80590974
20416,20.40770676,17.22213315,17.64613036,14.25458537,12.60012181,17.86932255
35623,18.02800704,17.45028972,20.18115698,21.03671276,12.01508704,11.28874645
37751,10.63490492,16.83324215,20.59617943,19.92633079,22.60017049,9.409172222
22420,21.04308428,20.84127472,20.30705705,12.58926024,12.17827642,13.04104729
29066,6.637767753,11.0896983,17.58328274,29.05250641,21.18678127,14.44996352
31551,12.80721108,19.0778958,22.97329607,20.91202727,13.85604877,10.373521
2220,23.00814097,12.61034402,15.33906446,18.6673845,13.83161432,16.54345172
23898,15.84143399,19.59079274,20.53663134,19.81166558,11.30264749,12.91682886
40089,11.77435611,19.46071344,20.1287375,8.967202613,23.46454316,16.20444718
710,16.30385761,17.77672527,22.44462416,20.78155082,13.32423839,9.369003746
27481,18.31108193,14.69798717,17.8910586,21.31579487,11.27178192,16.5122955
13475,26.095361,13.31774893,13.94751526,16.65607343,11.51559252,18.46770887
8144,21.42569528,16.04057031,16.06408126,15.58765018,10.51708946,20.3649135
918,18.2259007,22.41601868,18.55765126,7.975549908,11.91332519,20.91155426
709,13.25926605,20.069368,21.97180842,20.73094803,14.34589618,9.622713332
2245,20.84129267,22.57736371,18.25703659,5.872123434,11.66154512,20.79063848
29190,18.71452484,22.94925513,19.46699561,13.15261256,11.694842,14.02176986
37120,22.3139875,12.64488202,15.24759355,19.10863948,12.3206772,18.36422024
23432,13.47409912,25.26506987,14.34152727,17.65385196,19.38236986,9.883081933
7285,15.54285766,19.49074936,20.36523162,13.75180745,13.89640951,16.9529444
6043,20.81831098,11.4307227,15.10492963,18.45581584,13.67681716,20.5134037
4988,16.45073465,21.6757658,19.44942953,12.8011115,14.33250623,15.29045229
14150,12.91621828,23.81494645,23.8025188,16.93463563,17.59984967,4.931831154
17064,13.45602005,17.92321024,21.8220828,21.96740824,16.32048541,8.510793274
17941,13.45602005,17.92321024,21.8220828,21.96740824,16.32048541,8.510793274
29773,22.51091027,14.2667442,17.39148009,18.79236738,11.17572785,15.86277021
7766,22.08800321,15.50823957,15.22612039,9.747142794,13.3811113,24.04938274
23086,21.63938631,18.23336419,19.11990038,9.497496512,13.51524911,17.9946035
15373,16.93028835,17.20862126,20.81412166,18.9379062,14.93961493,11.16944759
38918,20.71113184,14.64854523,18.93149694,21.17583609,12.9104409,11.62254901
1774,20.13658224,13.156592,18.79119484,22.83057722,13.3977658,11.6872879
20151,9.201232164,22.17972967,24.57085203,20.13333968,15.8417473,8.073099161
20836,17.82600578,18.72149273,18.86767236,20.32558771,13.69969965,10.55954177
36667,11.2675046,27.6539823,27.11094727,13.20241749,15.28518645,5.479961885
35070,15.89597604,17.57031488,21.50887267,20.72329111,15.77876097,8.522784324
19021,16.68402369,13.82579589,18.36794151,23.64148122,13.42832755,14.05243014
22301,21.15395924,18.01933661,21.63750958,12.69876623,14.80734179,11.68308655
18447,3.128778019,27.00098392,25.26130306,20.57022032,23.7999784,0.238736283
15533,14.55744418,15.34461812,16.08154896,22.54232271,12.67583986,18.79822617
18688,15.35613261,15.81313726,21.02912266,17.91875188,15.10759712,14.77525847
30484,19.99078542,13.46159675,17.26741164,20.45169302,12.3478606,16.48065258
40896,23.21694866,14.06015275,16.45108203,13.75491191,13.43168104,19.08522362
8913,22.10084883,16.67274856,14.94533527,10.00639147,11.82000882,24.45466705
16311,13.05982419,21.16329462,23.61921747,18.4423704,13.34913635,10.36615696
20531,23.34632599,16.77786117,16.70264368,15.64965393,13.83182563,13.6916896
27199,21.48747375,17.31920984,19.15297795,17.34845549,10.28082857,14.4110544
18668,11.21103861,22.88869723,21.64314334,14.2643525,18.52847426,11.46429406
41519,15.89033562,21.94619835,23.85485154,19.22383237,15.44555925,3.639222873
33299,7.938038309,33.30636701,26.91763321,10.12965843,16.35654172,5.351761324
20308,12.01951788,21.51602641,23.45259236,20.10776158,15.47049779,7.433603982
2999,19.12830941,17.85373166,18.16169104,13.2500927,13.35066005,18.25551513
3366,19.12830941,17.85373166,18.16169104,13.2500927,13.35066005,18.25551513
13288,20.506397,21.80192912,19.74958566,14.28186244,11.77225042,11.88797536
22276,18.20568468,20.62828267,18.68025419,15.21783047,12.93727144,14.33067655
28452,15.91841209,10.90161366,16.63294146,24.58522669,13.41814017,18.54366593
6669,17.24033287,21.40462285,20.35814529,10.89818033,12.6311108,17.46760787
25899,19.61020505,19.54403907,20.0994244,10.5842126,14.40767064,15.75444825
22854,21.21468149,11.5527482,16.8481945,20.57814114,12.39596419,17.41027048
30609,7.770535113,23.48912709,21.0449233,18.10356082,18.96904108,10.6228126
6520,8.176471713,30.29381598,26.11650455,9.761101126,16.09204046,9.560066174
17823,15.86080713,19.81625541,21.21640877,13.39714095,18.79931279,10.91007495
23080,15.88013137,22.80815329,22.24776282,13.61756976,13.32228955,12.12409321
6688,11.85177688,22.85816248,20.70615508,15.74618853,13.16647599,15.67124104
23773,15.33129817,15.81579974,20.88399694,20.37332967,13.8935144,13.70206108
26309,17.2633589,20.33075307,15.68324325,22.89173491,13.79363648,10.0372734
26724,17.2633589,20.33075307,15.68324325,22.89173491,13.79363648,10.0372734
38061,17.27170667,17.83801947,21.60214322,18.34485691,12.76862359,12.17465013
30011,12.87411581,21.95616665,16.4028964,20.42192049,14.03510534,14.30979532
2268,20.71839037,20.29431206,20.20415546,11.96503868,13.10366925,13.71443417
36032,14.59235703,22.76082434,13.86544016,22.23473503,14.79201649,11.75462696
3304,20.34267426,14.50727545,17.21680681,19.02426628,11.05834614,17.85063107
10992,15.87353231,24.65520473,26.12777682,11.08581708,15.15061251,7.107056556
17007,12.67322545,19.80630905,20.45424559,20.85715175,15.72042302,10.48864514
6396,19.06273505,18.85790749,18.73529119,16.20457854,12.65183974,14.48764799
35562,8.741742931,24.36882307,19.42017311,20.66680002,13.95532039,12.84714049
33902,14.02559644,25.94358368,24.4944565,11.81347537,16.13438356,7.588504447
38641,24.15781223,16.45593407,18.02353763,9.195381844,14.99298716,17.17434706
40193,21.13414178,16.41516942,17.15956269,14.2731466,11.25220558,19.76577393
15709,20.13048088,13.24290395,15.98785237,18.5727945,11.7364831,20.3294852
35161,17.76080586,13.73266437,17.17171502,20.66589132,13.68447755,16.98444588
38553,21.91209065,19.66413916,20.1566424,7.046490795,17.00345365,14.21718335
39925,24.64856119,14.53823513,16.58771744,13.70323877,12.95516432,17.56708315
19776,15.96321651,27.30807035,20.00133008,15.66617187,14.82004338,6.241167817
26690,8.85040783,24.48412177,19.72926941,16.86279236,21.25626137,8.817147261
2551,20.60883994,18.67525343,19.64455031,14.19612403,13.32185552,13.55337677
35474,22.24298881,11.70029537,13.07066036,20.50617412,11.70374455,20.77613679
3716,16.10846987,20.41318469,19.85975271,19.50147755,13.42276633,10.69434885
24904,17.14614242,22.38107655,19.5510142,13.02562993,16.04364735,11.85248955
24341,20.6337947,13.41160597,15.75408172,16.0881694,11.99482803,22.11752019
20207,16.08214569,20.63927642,22.51890504,13.67975906,15.98810445,11.09180933
20655,16.08214569,20.63927642,22.51890504,13.67975906,15.98810445,11.09180933
24103,12.11848563,21.64947615,23.44531945,19.5601514,19.35989363,3.866673738
16421,21.32907599,12.43920743,15.92912241,13.19666073,20.78326154,16.3226719
4773,11.6730347,24.75015958,16.83159828,15.68613851,15.93345731,15.12561162
39140,12.27725929,22.73634205,20.14802673,18.12188661,15.49430294,11.22218238
22269,21.12285868,15.52877798,17.74173882,16.31378507,15.10886933,14.18397011
24537,11.21003198,21.53046077,18.40948065,19.43530218,12.90982701,16.5048974
39543,14.2262891,22.96080946,20.47266502,12.9797818,15.92942928,13.43102534
6911,19.25777016,14.51093214,18.67686525,16.90688173,18.43074919,12.21680153
37372,20.24402007,15.7202998,17.77944767,17.50924191,11.52322195,17.22376859
16589,23.14335789,19.66768929,20.66722283,11.46374394,11.56246298,13.49552306
18112,22.05448873,16.86004082,18.92977479,18.33029308,9.952473072,13.87292951
18083,13.37136446,21.78747666,21.04933175,21.62278579,10.77584092,11.39320042
778,14.83462366,16.3627556,19.56236303,20.45203049,13.854238,14.93398922
37705,16.51540385,20.09761395,19.29917667,16.47210942,12.89024668,14.72544944
2377,17.048627,18.64901964,18.69488878,16.44043767,14.0901768,15.07685011
27193,18.2373701,19.39100872,21.18543476,14.68432277,16.25469881,10.24716485
19005,19.06350003,14.24971745,18.18769421,17.03363948,16.19451616,15.27093268
19286,19.06350003,14.24971745,18.18769421,17.03363948,16.19451616,15.27093268
17241,15.39383309,28.3303746,20.38781902,10.12651686,14.398775,11.36268144
17593,15.39383309,28.3303746,20.38781902,10.12651686,14.398775,11.36268144
29287,18.30207078,21.47345275,17.72627608,11.49042344,12.15554319,18.85223376
3339,12.0386069,25.50093401,21.17195672,14.18206761,11.80134088,15.30509387
7421,14.14791843,28.4331421,22.5870303,9.197295626,16.08560594,9.549007607
676,15.00835663,13.46029717,19.08980046,20.37324078,14.95942565,17.10887931
4287,14.66539379,21.42894872,17.31642903,14.7378673,14.99932135,16.85203982
16978,16.54885746,13.46136388,16.0606579,21.30977227,11.37300803,21.24634045
33101,20.57625674,13.92203222,17.12340046,14.60363497,15.25407348,18.52060213
33573,20.57625674,13.92203222,17.12340046,14.60363497,15.25407348,18.52060213
9572,22.79641532,18.6420137,17.21908841,12.0856281,13.24615357,16.01070089
24625,11.02020571,21.87764295,17.45211764,20.05493976,16.66564187,12.92945207
25365,11.02020571,21.87764295,17.45211764,20.05493976,16.66564187,12.92945207
29138,17.75658902,17.1094418,19.61597832,17.26493002,16.58178963,11.6712712
18598,16.44840523,13.55137853,18.14701509,23.20797414,13.69148744,14.95373957
8300,20.14030925,13.47137476,17.21315021,17.73476453,15.49530091,15.94510035
6643,14.67920421,21.52057644,21.37066502,19.783779,13.39262947,9.253145858
16808,18.62626442,17.46499553,16.83304104,15.43690257,11.8328129,19.80598354
36167,16.96011727,17.90140189,19.29858482,19.37371067,11.78561119,14.68057415
3093,12.31692719,21.29782404,23.76536127,23.33521481,12.685159,6.599513695
10372,17.78268816,19.6887989,20.82692526,13.2393072,15.2600503,13.20223018
40121,19.20271452,17.79907587,17.60939476,10.96460932,14.21862151,20.20558403
11673,10.97701806,18.65692882,23.84009085,23.88663493,16.29861571,6.34071164
39872,24.18983015,11.94812691,15.77246669,22.81274684,12.28972898,12.98710043
16522,9.948255856,21.67861563,22.40916361,19.58632143,18.47997886,7.897664613
29590,12.87411581,21.95616665,16.4028964,20.42192049,14.03510534,14.30979532
40642,22.84021378,16.51102826,19.3075201,15.12203281,12.80270875,13.41649629
34984,24.83822738,11.91143975,13.41878286,20.36024279,13.02101664,16.45029058
4127,18.10875302,19.55526589,20.41883102,17.45662893,13.723499,10.73702214
10704,24.67217904,8.556338026,11.93929432,20.09676069,14.54051339,20.19491453
13856,23.16757565,14.33592299,15.69893309,12.59274084,12.53439718,21.67043026
15839,19.8031892,18.84503944,22.42098091,14.93611957,15.16685726,8.827813611
4778,14.90574369,26.31572248,15.58287666,15.61579985,13.2444509,14.33540643
8910,21.58735537,16.83733208,18.38240161,11.82328901,13.2118634,18.15775853
9331,21.58735537,16.83733208,18.38240161,11.82328901,13.2118634,18.15775853
34043,11.8857055,34.51999237,26.25905521,10.37992531,13.93453743,3.02078418
40260,18.29354335,13.93313235,18.22877557,19.1943455,14.10650814,16.24369509
11190,19.49859746,15.72293997,19.70031926,21.03315289,11.92188818,12.12310224
12991,19.9813569,16.23486031,19.94108064,20.01249241,12.94121776,10.88899198
1601,16.50423245,12.62985242,17.29893157,20.61400773,16.0545233,16.89845253
11502,18.83998499,11.01964979,17.05188137,21.23341263,15.00088618,16.85418504
21342,17.42771758,22.69339948,21.49271848,12.19134293,16.79726538,9.397556159
21815,17.42771758,22.69339948,21.49271848,12.19134293,16.79726538,9.397556159
264,14.51830466,17.02591631,21.88420571,20.26680248,15.76170195,10.54306889
281,12.54480672,20.67955333,22.31508444,20.17292535,12.30530538,11.98232477
31195,17.7359463,16.4832855,20.73528647,23.5346957,12.03816891,9.472617116
31669,17.7359463,16.4832855,20.73528647,23.5346957,12.03816891,9.472617116
24850,16.51190651,22.63322969,22.71578214,14.01034926,15.05523659,9.073495799
25221,16.51190651,22.63322969,22.71578214,14.01034926,15.05523659,9.073495799
39000,18.71456991,18.42129792,21.76549965,18.03681975,13.59070514,9.471107647
23032,12.33201783,27.37394914,24.70020998,14.07176372,17.96272123,3.559338101
39046,18.63292753,20.14239022,21.30534092,10.76968406,16.55132901,12.59832826
3213,16.09619574,22.21297735,18.83291193,11.32587911,16.92702025,14.60501562
32220,21.05519733,15.98005425,17.83887123,17.99840849,12.57294104,14.55452766
32727,21.05519733,15.98005425,17.83887123,17.99840849,12.57294104,14.55452766
31443,11.39706154,13.19991628,19.60017094,21.40329033,17.3476992,17.0518617
31911,11.39706154,13.19991628,19.60017094,21.40329033,17.3476992,17.0518617
688,12.54480672,20.67955333,22.31508444,20.17292535,12.30530538,11.98232477
30399,23.59126753,18.466681,14.49529041,7.075092744,18.04294537,18.32872295
36764,18.38715496,11.09058015,13.95970368,19.58835131,10.74288149,26.23132841
40362,11.37483084,22.32421888,21.27481226,19.68357089,16.34023372,9.002333413
7600,19.89888756,18.20106825,20.19797617,15.6807724,13.7913372,12.22995842
25013,15.63667399,22.18772476,20.60290452,7.45977713,14.40539155,19.70752804
25302,15.63667399,22.18772476,20.60290452,7.45977713,14.40539155,19.70752804
25767,18.26645091,21.38032208,18.64549873,11.80795546,15.02700269,14.87277013
26163,16.57456774,14.24426044,19.05199722,17.57137223,17.10483869,15.45296368
26594,16.57456774,14.24426044,19.05199722,17.57137223,17.10483869,15.45296368
39688,15.69688812,26.5430554,18.19719492,5.974002838,13.64326671,19.94559201
9559,20.91521336,15.81340575,16.86634659,12.79800751,15.16693446,18.44009233
19359,13.00317967,26.58940302,16.09475237,16.48050481,14.49156953,13.34059061
35372,18.90279628,13.98898224,19.38064451,20.10832226,12.59632431,15.02293039
41579,17.16574995,22.38919548,19.03841862,12.34674316,13.02437018,16.0355226
8162,14.29432761,19.52804648,22.96518614,17.19084554,12.34769933,13.6738949
19636,20.73955036,17.44016228,20.32088546,15.79731196,13.71897551,11.98311444
23522,21.47579249,13.7989527,17.88102689,13.46812205,13.90723306,19.46887282
24030,20.30966659,15.98827814,19.73310472,14.19943889,14.19110365,15.57840801
30710,16.34463471,21.34338127,21.01252124,15.77869522,12.73808566,12.78268189
1969,19.32759226,18.55217549,18.76527061,15.62524953,11.54857502,16.18113709
7132,15.65757764,20.43598586,20.86350043,16.91520198,12.09451839,14.0332157
7809,18.96808186,18.42737929,19.67220363,11.65465172,16.25032201,15.02736149
24013,16.6297879,21.85709302,21.65971164,13.29069578,12.82342967,13.73928199
25409,16.42672719,18.69114775,18.53901585,13.66451458,15.90191395,16.77668068
16267,14.99500099,11.68703376,16.77581608,30.53214013,22.16549259,3.84451646
16676,14.99500099,11.68703376,16.77581608,30.53214013,22.16549259,3.84451646
14934,16.9351148,19.64572763,22.41044855,13.15786249,16.08870741,11.76213912
15678,15.46152225,18.30810488,21.27084454,22.52827547,16.05125811,6.379994752
15005,13.97529993,15.28932076,16.22585805,17.46960429,17.17376017,19.86615681
16920,15.14749753,18.05834851,21.40329732,17.76951559,14.99329701,12.62804404
39443,19.30474361,15.26361892,18.9882956,23.168188,14.32512684,8.950027023
40641,21.42890839,11.86998828,15.38849955,19.67128526,18.02330013,13.6180184
41476,17.97144461,21.67228414,19.29942072,16.55354031,13.71433713,10.78897308
8302,21.02761125,16.30955424,17.95321611,10.86717063,13.14285456,20.69959321
8722,21.47925622,16.16619366,17.3924027,10.23290631,12.8923131,21.83692801
30126,5.253485062,36.50944907,16.51629593,0.765344778,40.62583823,0.329586936
14831,15.92347399,15.78066761,19.54931219,17.80136188,14.6707353,16.27444903
15290,16.88011671,18.13679905,21.19875431,19.97317062,13.94715114,9.864008167
36147,22.12246897,11.89466271,14.11724975,14.61224105,14.63946871,22.6139088
8155,12.42063432,25.16106817,22.90626833,13.1513376,15.88405779,10.47663378
31307,18.80097772,12.72964738,16.77211831,19.3863939,13.40292407,18.90793862
2836,17.24200219,13.88537116,17.01308865,22.31545094,13.18416462,16.35992244
3798,16.22723888,21.55543853,20.38966592,13.08902405,14.51946205,14.21917058
39520,20.13726779,13.08493295,14.58164165,20.68115794,11.17876464,20.33623503
18346,17.32373774,18.36220942,22.11125908,19.72321444,15.14229901,7.337280307
37902,17.48946708,17.91602094,19.5884137,21.50201893,11.83776515,11.66631419
41225,16.3794073,14.64404529,18.83138867,20.96150592,11.97711948,17.20653333
39877,11.88066949,20.11437231,22.75141559,18.38345779,15.69869236,11.17139247
40570,18.98286206,13.59446955,17.06089919,19.48818888,13.56230862,17.31127169
6256,11.6159059,22.33571158,22.35030129,16.71852544,12.75179528,14.22776051
39467,12.55393814,26.61122854,22.22994774,7.540217859,15.16815062,15.89651711
37066,14.56159761,18.09661234,20.28346247,19.11293792,16.47344617,11.4719435
24423,12.86797671,21.4609462,20.45601202,22.28683449,11.23144855,11.69678202
31761,14.61020214,18.66178992,19.34555632,16.57091347,14.37582347,16.43571467
6454,21.36918393,15.43015089,15.41859119,12.1746877,12.57545185,23.03193444
27553,7.261007364,34.00131738,19.60721624,18.62207711,17.04159213,3.466789777
38360,15.31405168,15.58272342,21.14684777,19.15887892,18.8286127,9.968885496
10564,11.43128353,21.09837824,21.94339239,12.69088145,17.56524695,15.27081744
23165,15.65969596,15.69479781,18.24884892,20.59536453,13.26896372,16.53232905
23626,15.65969596,15.69479781,18.24884892,20.59536453,13.26896372,16.53232905
27424,14.70105941,24.44715684,20.59512442,17.02843141,11.74044194,11.48778598
39200,22.96264641,11.52535545,12.3581467,10.87425209,15.90863764,26.37096171
453,15.80377754,15.20600794,15.1546488,20.06952539,16.70053728,17.06550305
13875,6.844403764,24.1611397,21.40087415,15.53485744,26.21254122,5.84618373
37856,10.90419202,21.48746942,19.86733276,17.86391156,15.58892667,14.28816758
19845,11.4041533,13.23791851,20.90203738,25.60128954,23.73506989,5.119531382
3266,24.23885156,9.868151761,13.15578207,22.93188107,12.01349873,17.7918348
3284,16.23222729,12.88665764,16.9904255,19.85013648,15.10565084,18.93490226
19459,7.875783307,23.11901104,20.25909009,17.63020813,23.8124994,7.303408039
10492,18.19772917,18.5006711,20.06516597,23.76820087,14.50163392,4.966598976
28746,12.63572301,23.77875006,20.20461523,12.68294614,16.13682639,14.56113917
30322,14.56251232,18.6765661,20.93351132,21.77227468,13.23202259,10.823113
38547,11.81693984,20.952433,20.04407161,15.68956768,14.09059262,17.40639525
6936,16.00501894,20.39377519,19.07916123,20.53232096,10.23176655,13.75795713
19712,20.07805684,12.29450885,14.52774899,16.28023207,13.95621557,22.86323768
29060,14.88751635,20.35005384,20.46888777,15.76373528,12.46576757,16.06403918
691,21.46149216,15.44896675,16.00555592,13.46542951,13.40249823,20.21605744
9531,11.74122336,24.89297956,21.25324214,11.93962026,15.98092745,14.19200724
27211,11.62562316,28.9372341,17.29418534,16.84456453,17.22319164,8.075201232
19087,16.66171688,13.61342084,19.66592734,17.38525793,16.4935494,16.18012762
291,22.20195412,11.00285985,12.44291339,19.84385011,14.55778483,19.95063771
5846,19.52823741,12.81232305,17.28109907,21.64835755,13.01448386,15.71549906
36482,17.05021307,20.52642188,18.73314917,20.56129819,12.94326847,10.18564921
16513,13.0569067,12.79016363,18.85392527,22.34004007,15.48033012,17.47863421
30976,11.63679231,21.61038467,12.08409766,17.18991484,21.58581725,15.89299326
37244,19.81844125,12.74067726,16.6211381,16.67201933,13.27063257,20.87709149
23802,20.62465527,11.99642703,16.39357582,16.32428443,12.60141697,22.05964048
7614,13.62231168,21.00399381,22.27109582,21.00794334,15.3411616,6.753493738
38519,19.25358292,12.26225927,16.72984958,19.84579846,12.24648219,19.66202758
3001,12.94549714,19.96246746,20.97808423,17.70180655,14.71591646,13.69622815
3184,15.94931181,24.87872604,18.7583929,11.49206606,14.27748992,14.64401328
7797,20.86624417,17.43430382,21.46920939,14.11348548,15.55130817,10.56544897
28107,18.1941314,17.72013679,21.35107877,20.07284913,15.19137378,7.470430141
28514,18.1941314,17.72013679,21.35107877,20.07284913,15.19137378,7.470430141
1624,16.8445183,25.38020602,22.22147416,7.40706538,15.98342824,12.1633079
27500,20.08411981,19.00858257,21.80303972,17.2222768,12.22329062,9.658690478
41256,14.35170584,20.1281838,20.02861829,18.43124984,13.75860354,13.30163868
28189,15.74501163,22.03940173,16.96688852,17.37478852,15.21354776,12.66036184
28593,15.74501163,22.03940173,16.96688852,17.37478852,15.21354776,12.66036184
11834,21.25855364,20.38188607,19.69205288,14.81660683,12.16731897,11.68358161
12206,21.25855364,20.38188607,19.69205288,14.81660683,12.16731897,11.68358161
19543,17.44795695,14.96404547,18.505585,20.32281099,14.03946904,14.72013255
38975,20.45922159,15.77538198,18.53207656,17.70834204,12.47711456,15.04786327
8502,15.43049034,16.00907925,21.3694156,17.42461026,15.98273609,13.78366845
38989,18.09695423,18.06431731,18.36065436,17.73368708,11.36731256,16.37707446
24643,13.0347766,21.79181992,22.82947349,9.118011916,18.64048783,14.58543025
39973,21.15780945,15.44293097,18.55644737,13.42176359,12.53495093,18.8860977
26169,12.25409653,16.30638573,14.3852594,22.35502188,15.1988248,19.50041166
26598,12.25409653,16.30638573,14.3852594,22.35502188,15.1988248,19.50041166
37041,18.69783658,17.28796958,18.40108595,15.01889557,12.74813225,17.84608008
23107,20.75045966,12.622681,15.647627,18.85887189,14.08384144,18.036519
17688,14.58066209,14.68660844,20.03273422,22.56441476,14.26306716,13.87251332
18358,14.52444931,21.1079897,14.07746715,13.73381752,19.46890069,17.08737562
24424,20.67371552,11.2706666,15.70467251,21.33629597,14.92632634,16.08832307
23993,22.10530114,17.24005881,19.4629507,15.41025876,13.53103487,12.25039571
30377,17.49999407,17.14833568,20.89744067,21.19857942,12.25724296,10.9984072
16673,11.57993586,22.62216912,21.0516583,20.62789881,17.9239795,6.194358409
2923,18.4794339,18.95867626,20.80824169,11.71769722,17.79386488,12.24208606
40220,9.855363863,19.36977737,18.45550342,18.84843184,23.46290301,10.0080205
40614,16.2162667,24.17744326,18.70114822,15.9945291,14.04456767,10.86604504
35898,16.2797902,15.34420682,18.98241599,20.82766366,12.029773,16.53615033
20256,15.74308089,21.89144637,21.2310513,16.87168618,13.88552929,10.37720599
21303,15.70481152,21.30174245,21.10383249,11.84443697,14.683874,15.36130258
36926,17.45291245,23.34773382,21.27677715,11.38201026,16.332003,10.20856333
40877,15.94672002,15.26242483,16.97004551,17.81682163,16.23277526,17.77121274
20856,21.3014184,16.67958687,16.05021717,10.57624741,11.78264058,23.60988957
40464,20.35731112,15.79548273,17.53361526,18.05023001,10.75182903,17.51153186
24384,13.93359609,20.39383706,24.69811602,18.88738611,16.96603543,5.121029289
6046,15.31883181,22.0188819,19.29417502,12.19524811,16.6479047,14.52495846
15309,22.27858883,16.4825748,18.57504827,11.35464722,14.37057161,16.93856927
3745,15.29156661,20.05894961,18.08737944,16.55829415,14.57536966,15.42844054
26162,19.90754024,26.19654116,24.16156037,7.134214448,13.50972284,9.090420946
26599,19.90754024,26.19654116,24.16156037,7.134214448,13.50972284,9.090420946
39144,22.57569411,17.01361734,16.48661397,8.770399242,13.55484856,21.59882678
40845,22.94631385,16.22789156,15.78773762,15.15340872,11.62650353,18.25814472
40968,15.60433339,17.66622649,22.1698074,22.79949364,19.27493953,2.485199545
27673,21.03136001,23.27229751,17.17722695,14.94389477,15.57634759,7.998873172
6058,21.50635358,12.52870495,13.78641974,17.36849323,11.35461282,23.45541568
13164,17.07696022,14.00880456,18.78332903,25.75368016,16.828033,7.549193032
33969,15.15697575,20.25748737,19.10413068,11.75804983,16.44437856,17.27897782
697,22.20195412,11.00285985,12.44291339,19.84385011,14.55778483,19.95063771
30095,14.45010619,24.91407317,24.5721751,15.83412005,14.63797321,5.591552281
40754,14.33888308,21.80450175,18.7883097,19.97581377,14.35419859,10.73829312
5179,21.40757397,18.89192167,20.00044772,15.67853231,12.14973389,11.87179044
30707,14.7699577,22.64101802,15.70926351,17.92577526,13.55184242,15.40214309
20005,17.17347278,19.04254163,21.7845779,18.30974079,12.99153971,10.6981272
32154,17.13478232,16.29970103,21.00757921,19.73430834,12.49185615,13.33177295
5146,17.37350392,23.45413318,21.06312975,14.25676931,12.19908291,11.65338093
25379,14.42573802,21.32233187,21.86098105,9.090538454,18.18656463,15.11384597
30569,11.23854158,21.22916753,16.31067307,18.2202463,16.27194256,16.72942895
37174,9.727931688,25.44963976,24.43035048,22.73455498,14.82753852,2.82998458
27133,15.64964686,17.93725869,19.43607157,19.51146188,10.89469105,16.57086996
19083,19.74240244,15.35188169,17.17992508,20.7060808,11.82995143,15.18975856
22331,14.9669461,21.60072669,21.83731132,14.23809759,17.44382768,9.913090615
35870,13.41737844,20.39000985,19.97779775,19.61165085,13.41668664,13.18647647
252,22.37203037,13.21964857,13.02886517,14.98515065,12.21651585,24.17778939
14576,16.52169714,18.24561226,21.77658373,16.7279947,15.28041998,11.44769219
19867,22.09425547,21.74542837,19.6027756,5.344927663,15.32190816,15.89070473
29638,17.00860794,19.8328033,22.60362068,19.37990875,12.10103251,9.074026819
110,20.19745238,14.80763885,16.11486856,19.79420804,11.28391734,17.80191483
7698,20.22751973,14.64517422,17.07673564,17.98257728,14.35712829,15.71086484
13179,21.35253515,17.5002483,21.17557665,18.75253496,13.24463226,7.974472675
17732,8.793986284,21.11331152,26.60056266,25.43507094,17.79552167,0.261546931
25968,7.506100892,32.75243678,27.84183238,14.36349364,13.1664754,4.369660898
29370,12.39501301,20.85558549,22.80029885,12.89735117,20.0240809,11.02767057
14509,20.80101524,15.79583886,19.0023719,18.96472859,12.6558943,12.78015111
7032,23.25448057,15.47920345,14.03795782,13.13789121,14.59912591,19.49134104
25516,20.36708606,16.21976998,17.85345097,12.04526144,17.54691118,15.96752036
20112,16.77688307,22.36706898,22.13073729,12.37700594,14.23830332,12.1100014
41353,19.46178986,19.80452368,19.83603599,11.77323426,13.47369404,15.65072217
20017,13.77849347,19.90304963,19.29849308,18.47344516,14.33881205,14.2077066
23971,14.31693823,23.55168004,23.07281679,16.62692434,17.15609708,5.275543519
31290,14.58598814,18.69577508,20.04387008,16.8947989,14.12391767,15.65565012
10736,20.32569723,13.67807988,16.345154,18.63167467,10.75516699,20.26422721
35359,11.98906552,21.53810776,21.95076128,19.63020221,13.39182502,11.50003821
6009,13.06853008,21.75328492,22.42259108,19.4690372,16.72637784,6.560178886
16700,19.4566437,17.28568495,16.45212253,15.00177406,11.43129178,20.37248298
37310,16.85960906,14.28994322,17.8066458,19.14301098,14.59581992,17.30497102
39264,19.31501298,13.93705763,17.15276175,18.79857971,13.60984281,17.18674512
40221,10.53668931,18.57131056,22.8064752,25.88124321,15.78488764,6.419394081
5288,20.81334779,11.74357435,15.5635205,21.87579763,12.14417039,17.85958934
30815,17.73432572,19.00318337,20.52549675,16.3272601,11.91931656,14.49041751
6139,13.30011751,20.89933523,22.80009051,20.77011387,13.68124103,8.549101846
3520,12.04894537,20.87972208,17.22676697,20.56107769,13.09506814,16.18841976
28592,13.98525284,20.33881193,22.26900906,13.69323699,20.52824509,9.185444084
13133,25.17854681,14.69984979,15.65319537,15.28693771,12.87574866,16.30572167
18493,15.55868482,18.65426774,23.72610721,22.56873878,14.92352997,4.568671478
36255,6.852163359,31.52229401,19.81436691,15.28726804,21.14988464,5.374023028
8831,3.571248828,26.29339672,23.54507538,27.92019138,18.04068687,0.629400823
19031,3.618925588,13.77102394,22.81031454,36.39287071,23.32548422,0.081381004
27832,20.29523178,17.91827685,17.83644413,13.72460089,11.93645353,18.28899282
30800,18.87170377,13.97597756,18.78072326,17.95501421,14.77385661,15.64272459
38195,10.82061014,20.55090765,17.8345816,21.32306107,16.26278455,13.20805499
15435,11.18971323,24.08831904,23.281713,17.79100573,15.79404167,7.855207335
25325,14.69435301,20.17591564,20.73687432,20.56474683,15.18178258,8.646327612
4622,16.95653561,18.95119996,18.54642746,15.53397536,12.57499604,17.43686557
4302,12.90051362,22.04409917,19.99245591,16.94073201,13.31993152,14.80226777
40982,15.78350887,19.97352471,22.94105747,14.40818712,15.19198108,11.70174076
2653,12.28466402,23.14526987,23.65104091,19.23443305,12.36164099,9.322951158
3159,16.52696129,17.83972707,19.55206246,25.07083796,13.74004551,7.270365723
8251,20.04674934,15.41281875,17.11543021,14.61149397,11.57055554,21.2429522
24767,23.24032149,15.86239815,14.11394319,7.809642947,13.24963133,25.72406289
25157,23.24032149,15.86239815,14.11394319,7.809642947,13.24963133,25.72406289
8637,15.61387916,18.3478592,22.67738353,23.99578809,12.48578505,6.879304969
10283,15.65850669,21.47295889,18.66721328,17.24620139,13.76793749,13.18718225
20473,11.73786177,22.60960446,17.50729751,20.64889406,15.97284893,11.52349326
27286,19.82564523,20.25567663,18.83369648,13.41315515,12.95258856,14.71923794
14244,20.00796643,14.79070448,15.23307206,15.48927606,27.66727769,6.811703293
33586,14.69017311,18.58375064,21.69121269,16.53686048,18.89899857,9.599004521
15774,22.05155058,21.32481907,20.0055774,13.13118718,13.92968054,9.557185228
39566,18.00415084,18.00871841,19.91136986,15.92371162,14.13379094,14.01825833
27093,21.38535593,8.927692393,14.85667023,21.54224908,14.31879843,18.96923393
8584,17.56752226,17.93513929,18.38035254,18.51298599,12.53264649,15.07135344
10493,16.14004572,18.39326699,21.28744692,13.66385428,14.59836605,15.91702004
2944,21.26876898,12.69180595,14.07493919,13.46747791,15.04669516,23.4503128
3327,21.26876898,12.69180595,14.07493919,13.46747791,15.04669516,23.4503128
40147,18.97925137,10.15109609,13.53293728,25.82737054,21.17217856,10.33716616
27954,12.86744584,22.59588237,22.38645441,13.72142439,16.93483563,11.49395736
28371,12.86744584,22.59588237,22.38645441,13.72142439,16.93483563,11.49395736
25655,8.716804256,21.18159805,27.11411574,24.83583075,18.06306283,0.08858836
34313,21.37387361,17.72909737,20.26443048,15.05646379,12.45709675,13.11903799
8675,20.89271928,16.90203295,17.60694619,11.13057886,12.1167488,21.35097392
36108,24.9573224,17.06365823,16.08511597,12.24730744,12.50135987,17.14523609
40709,10.72843184,19.70788872,14.97432939,25.79205302,21.68558578,7.11171125
6263,13.21069825,19.94315278,21.50439892,18.94699267,13.93234667,12.4624107
6695,13.21069825,19.94315278,21.50439892,18.94699267,13.93234667,12.4624107
34604,19.12919196,22.72157432,18.74279819,6.939900872,13.83706618,18.62946848
18362,10.1931589,23.63791273,16.4407481,21.02484217,20.532188,8.171150098
39075,19.72278835,21.41439074,17.89604256,11.07580238,12.81882426,17.07215171
6183,17.56968991,18.61770407,19.65411722,17.03715844,11.8733672,15.24796315
6628,17.56968991,18.61770407,19.65411722,17.03715844,11.8733672,15.24796315
21901,13.35849555,21.69606169,19.34500899,16.26762979,14.19108203,15.14172195
484,15.26335027,20.06388721,17.69970908,19.60166357,15.51072148,11.8606684
38608,16.40517419,16.76353449,19.53333002,15.14097239,16.43701103,15.71997788
20621,21.12671429,13.97355035,17.25451325,17.78139974,12.14033629,17.72348609
11008,17.98538824,17.78305432,18.26194562,19.78893507,11.43637313,14.74430361
40381,19.63329422,14.80568233,17.1759072,8.157175173,20.83177111,19.39616997
7304,20.29635265,21.36122383,18.84564048,7.224547055,13.47884242,18.79339356
2967,21.22040719,12.23332897,13.15268415,14.72852172,14.00214824,24.66290973
7464,18.79084417,16.6529721,19.15978962,11.72044176,15.97179605,17.7041563
28951,12.69231233,25.3403884,18.20462576,18.16649838,14.77419723,10.8219779
38357,15.37546069,23.72094518,16.7929076,16.49861904,12.0275566,15.58451089
31384,17.90972235,20.89907552,23.02702741,16.3142446,13.75750894,8.092421186
31854,17.90972235,20.89907552,23.02702741,16.3142446,13.75750894,8.092421186
27137,4.824564683,22.05268921,25.0862654,23.17156151,16.68175017,8.183169023
10209,15.06200484,20.4619064,21.66380055,17.21677526,12.60406565,12.99144732
22732,18.86221867,17.27268668,21.28281872,19.22038653,13.40667219,9.955217213
15393,18.75409885,21.66969847,12.75317974,10.62276556,16.09307213,20.10718525
31601,20.22745609,10.84277729,12.75559991,16.59454355,16.70798708,22.87163608
2906,19.71103109,11.17964286,14.9533254,21.18422432,13.10052146,19.87125487
33631,17.36186659,25.79316493,21.14843288,10.39591096,13.48062945,11.81999519
3490,17.44433735,19.50998604,18.88849056,15.30227524,12.37229168,16.48261914
29741,20.15681232,18.87340839,20.1698883,14.8992502,12.373651,13.5269898
31068,16.67920217,16.6906153,21.50650548,21.29304577,12.43336225,11.39726903
36116,15.94637838,21.58068728,17.62671682,16.6960248,13.08887535,15.06131737
17734,15.83029076,16.87552538,20.25118249,24.37158391,14.83876084,7.832656618
36260,17.38737697,18.30590528,21.95279757,22.3599566,12.28263631,7.711327267
24748,17.1497592,24.19030031,22.63880017,10.07129035,15.04096747,10.9088825
25149,17.1497592,24.19030031,22.63880017,10.07129035,15.04096747,10.9088825
33906,18.10941618,16.6318787,15.76407679,9.040577832,13.98328461,26.47076588
12794,17.76390755,18.67778034,19.9741144,12.15983177,13.69272832,17.73163762
7331,19.00261151,16.18816556,19.33672173,14.53854652,17.38917172,13.54478297
37001,16.16275884,24.30158282,23.2237431,6.613991154,20.4062995,9.291624593
37655,13.51877578,19.64864463,20.46259019,17.6280916,16.07032756,12.67157025
6706,17.8395644,22.58650181,19.53016479,14.19640906,10.58128533,15.26607461
33593,19.10679353,22.86781571,20.08254606,7.966091841,11.94134914,18.03540372
2931,12.69222504,26.16380441,18.82043708,19.80157674,15.94894759,6.573009146
13002,20.73726726,14.89311752,19.03893377,17.73993396,11.57425243,16.01649506
33166,22.69081776,19.8676948,19.73470233,13.36640992,11.79610067,12.54427452
13698,11.23836889,20.14051846,18.46877251,19.59154066,15.78763033,14.77316915
14121,11.23836889,20.14051846,18.46877251,19.59154066,15.78763033,14.77316915
19682,14.06270576,21.54839164,17.44684623,13.84325442,17.24359546,15.8552065
24116,16.99317512,20.31119488,22.39742705,17.74855004,13.56325021,8.986402703
35054,21.26371671,15.17091542,18.65198924,19.38922053,13.54687403,11.97728407
38131,25.71574351,17.52735021,16.91571594,5.014349231,14.79814228,20.02869882
39283,17.28096047,15.51182997,18.87249691,20.93795042,12.46266372,14.93409851
34631,22.95492689,13.2489418,15.55739189,15.45085111,13.20266279,19.58522553
21175,19.36379573,19.3898059,19.95404316,13.06888569,14.00758436,14.21588516
36805,15.92757518,13.02220914,18.63456458,22.8776423,15.15912848,14.37888033
141,22.20335666,14.40703289,16.55495376,19.37057329,12.32652405,15.13755934
13799,18.62914014,10.14263373,13.3184039,25.6222184,20.08268125,12.20492259
31138,16.80653768,21.15910862,22.27079952,11.31427995,14.83144211,13.61783211
31616,16.80653768,21.15910862,22.27079952,11.31427995,14.83144211,13.61783211
13986,15.28067454,22.50325384,15.9791736,16.85027842,13.76687237,15.61974724
39587,16.04880762,22.37791877,18.59996268,13.02856001,13.68973218,16.25501874
2776,15.59396862,22.74922511,19.8155667,11.23522772,13.4242472,17.18176465
5299,21.55053128,14.16368184,16.81836207,19.88816828,13.6159506,13.96330594
8521,11.49803751,17.80319581,18.89600842,21.01253893,16.66008304,14.13013629
40375,11.53214367,19.78182267,22.9749754,27.26497512,15.07764642,3.36843673
35223,16.79527632,14.49856391,17.35736736,19.36620785,12.63258281,19.35000176
40396,23.09031093,12.21601837,15.22490337,20.1089857,16.45496442,12.90481721
4808,20.03786423,16.78967942,18.72756234,17.55607021,13.28854599,13.60027781
2035,26.01328443,16.49152652,12.75110282,5.020064456,14.53875142,25.18527035
35143,17.7801419,18.35871938,18.17916759,19.21654648,12.01818894,14.44723571
16059,20.28494387,16.03407633,18.5973339,17.34448136,11.34667057,16.39249398
20995,13.82113055,21.64601006,19.32037479,15.04995164,14.63517567,15.52735729
23014,23.29180256,11.94967323,15.00876017,16.59595703,14.18403759,18.96976943
33630,20.84750602,20.00567159,19.09382573,14.21523458,10.92499128,14.91277079
41049,15.85045789,26.37280571,17.65340354,8.360000225,14.47193138,17.29140126
11403,13.0665576,24.85018979,26.22654787,12.48094963,15.79271274,7.583042371
19323,20.02363862,15.97621486,16.84469733,17.75660092,14.99515628,14.40369199
30789,17.67068633,23.66872484,20.08114355,11.7047618,13.12952366,13.74515983
40070,24.11796908,9.620491416,11.42020886,18.6853154,13.14818123,23.00783403
5254,11.98376619,23.21478962,18.09048551,16.09330664,15.52408431,15.09356774
12777,16.87818991,21.18125183,19.99459218,11.30703145,13.47580055,17.16313408
11718,12.87394659,22.56081572,15.83484775,17.83469026,19.35722494,11.53847474
28922,18.23564514,19.84487794,20.89054556,17.0676841,11.96052153,12.00072573
6569,16.92918872,23.26908005,20.56910199,12.295012,16.51923862,10.41837862
6966,16.92918872,23.26908005,20.56910199,12.295012,16.51923862,10.41837862
17905,21.79285484,12.38635552,15.6218167,18.62385487,11.98430094,19.59081712
23518,20.43391855,22.47387302,19.15140409,6.760511835,19.20113552,11.97915698
34027,9.518252937,21.38250332,21.69119423,19.56504167,17.47399182,10.36901603
40303,17.87650643,21.65866443,21.16541408,15.02149261,12.04791286,12.23000959
16521,13.0986619,18.47306149,21.01219569,17.99636165,16.08630164,13.33341763
24458,12.00338196,22.12951853,21.50529485,13.1368143,16.07565163,15.14933873
28903,16.71053365,19.75170985,11.81876046,18.56063236,16.223262,16.93510168
14636,17.19323652,21.31672277,20.55587122,14.42860825,11.21527147,15.29028977
9094,15.83560217,23.11045328,21.78889961,12.61529766,12.90956606,13.74018123
39724,20.18547978,19.02688527,19.80717675,15.8253288,12.58369734,12.57143205
10645,18.73764287,18.39134819,20.93233009,22.35795326,13.30243273,6.278292862
12990,8.840968449,20.94553878,24.47356922,22.06093559,17.40953533,6.269452619
35737,18.35261628,13.77941592,14.922912,19.18614494,13.85878241,19.90012846
19808,9.477146087,18.37297269,22.91822035,21.64036159,17.95411634,9.63718295
21038,20.9319097,20.11864554,19.11600687,10.99933722,13.20213946,15.63196121
25625,18.44457201,18.81714994,19.02105603,13.57940367,15.21998211,14.91783624
26147,24.17933612,19.67499299,19.55305628,11.88143157,11.44900323,13.26217982
26591,24.17933612,19.67499299,19.55305628,11.88143157,11.44900323,13.26217982
39849,16.37988255,21.5415406,15.93659855,20.61310228,13.04240868,12.48646732
30203,14.6244317,20.21384378,23.60023369,16.75409631,18.66314097,6.144253556
40811,16.63090301,19.22166356,20.76983778,15.84424054,12.98071049,14.55264462
14406,14.78965077,20.02539981,19.65186345,18.40243938,12.86821845,14.26242813
106,15.22444561,18.30646921,21.87250185,19.16120646,12.2883499,13.14702698
39087,13.38485062,19.33125782,19.85191884,15.8314957,14.7830518,16.81742522
5656,13.30911339,18.35183083,19.93193592,18.04442053,15.43223184,14.9304675
13546,18.22813784,15.86308626,17.5859316,18.11213128,12.39917185,17.81154117
24029,21.90835264,19.93545054,19.23965859,10.39556439,11.23465127,17.28632256
31202,13.22271623,21.82103389,17.77304126,16.61110726,13.99892787,16.5731735
31667,13.22271623,21.82103389,17.77304126,16.61110726,13.99892787,16.5731735
3506,8.909932519,21.21914446,21.68273755,20.4703076,16.35627617,11.36160171
3953,8.909932519,21.21914446,21.68273755,20.4703076,16.35627617,11.36160171
10014,18.8037065,17.59279879,19.39535182,15.16541065,12.64238278,16.40034945
313,15.83251773,18.79828971,20.43325819,19.02911126,14.06061532,11.84620779
41040,14.0080506,20.3642016,19.40854584,19.67831586,12.75459403,13.78629207
36565,12.26670997,24.42856184,19.25449809,18.76870611,13.24711593,12.03440806
39642,17.59142555,23.44024774,21.86944591,11.20711581,11.93759139,13.9541736
5504,15.88439984,23.04497524,17.88726195,12.43926173,13.92102163,16.82307961
6104,6.370044483,26.99848332,16.60364702,20.48181014,26.5823255,2.963689537
25070,7.197245975,30.87228124,23.20342603,5.438094032,25.90306793,7.385884799
10558,20.90384987,18.85177748,19.51347113,11.18643236,14.88400689,14.66046228
9246,12.513729,21.52033649,20.64644435,15.23913461,15.5319954,14.54836014
24042,21.19449655,14.16883436,15.75032985,14.96162039,12.22914836,21.69557049
31252,13.11723063,24.2015925,19.57970022,15.78874107,15.47007096,11.84266462
31725,13.11723063,24.2015925,19.57970022,15.78874107,15.47007096,11.84266462
4401,14.66025928,20.65304435,17.7255653,20.12778444,12.87238126,13.96096537
12718,16.39200678,21.22497287,20.54433671,16.5956017,14.46155713,10.78152482
13746,19.30801116,19.03493552,19.96386324,14.17827079,12.69109208,14.82382721
16294,18.86928257,17.36731847,16.80527303,14.90632391,11.49574938,20.55605263
35248,15.49812571,17.09365029,18.49646434,18.904037,13.22600328,16.78171937
34906,15.63017806,20.76613283,21.78646769,18.87512588,12.39489326,10.54720227
5782,21.79308057,13.16929414,15.41002734,18.18221067,12.85374494,18.59164234
13096,18.34245103,15.8685249,19.73133199,18.438571,14.08466205,13.53445902
13321,14.32240959,19.87382197,15.31207235,18.49716459,16.32274202,15.67178948
33118,20.90735683,21.59333253,19.80139689,8.374702399,11.08667904,18.23653232
2230,22.44637257,20.53942369,19.07065237,9.794677924,12.94761638,15.20125706
36014,21.73343007,11.68896423,15.17939521,22.65924563,16.83564861,11.90331625
13535,14.6424047,23.22399318,19.58304889,17.21696625,14.05909331,11.27449366
28959,14.32803229,23.76185716,22.23747672,13.39718158,11.83122211,14.44423014
37598,18.61089853,19.42350817,18.80986609,15.48062741,11.76783075,15.90726906
39667,22.1867139,16.08854503,15.73151888,9.479324434,12.39846596,24.1154318
12661,13.1885623,25.25517861,20.78574337,16.44982953,17.45774263,6.862943566
40956,19.04524886,16.31386742,18.04492467,24.70067336,11.80694442,10.08834128
4953,18.16713852,16.4121483,19.32566486,15.2938521,19.33901547,11.46218076
32604,17.1939004,16.32916344,21.01293286,19.72527347,12.47097733,13.2677525
35090,22.17363308,15.30732446,16.98864592,18.83225922,10.62418865,16.07394867
38367,16.90916875,14.64988588,20.58607771,20.04532199,15.07904128,12.7305044
35558,22.24660769,14.64271379,16.56109719,18.74507022,10.99085841,16.81365269
41693,24.76643186,16.70246612,15.1807597,8.824239017,10.42332043,24.10278287
39355,20.32391477,16.34408726,19.13367529,19.61143763,12.51177773,12.07510731
35033,16.90256439,14.92865187,15.97279905,18.49461132,9.937308927,23.76406445
3570,17.23152548,19.73560998,21.28765551,16.90329834,12.4548222,12.38708848
22362,16.3272802,17.54781527,20.41607967,13.78923331,14.13131285,17.78827869
31372,17.9739999,15.53125851,19.14645469,13.28513453,17.05971626,17.0034361
31846,17.9739999,15.53125851,19.14645469,13.28513453,17.05971626,17.0034361
30039,12.46133855,25.54309064,20.32937454,18.65089271,14.46453983,8.550763726
37404,18.84230148,11.34500263,15.07217367,21.04443019,12.19706315,21.49902888
3338,22.17601441,14.19249286,13.51682916,9.882349404,14.57774282,25.65457134
1770,18.12726813,19.27662716,19.60109259,17.97163196,10.78661885,14.2367613
32208,11.92180266,29.58989826,26.50053797,16.51834022,13.15353519,2.315885695
32686,11.92180266,29.58989826,26.50053797,16.51834022,13.15353519,2.315885695
40855,19.33069256,19.64999589,20.19018603,15.04253985,11.73757449,14.04901118
22324,19.93969679,21.29679913,20.06093624,12.80244734,12.23482274,13.66529776
26132,16.80629652,11.42298295,15.42006407,22.61456004,18.20973322,15.52636319
26584,16.80629652,11.42298295,15.42006407,22.61456004,18.20973322,15.52636319
27452,16.64431573,15.54935546,19.55210998,20.83065832,12.70632166,14.71723884
16063,14.30675966,21.68440641,21.85652352,13.33893324,20.70861936,8.104757821
16739,14.37581292,22.30643701,24.40576631,18.36090629,13.50208974,7.048987725
16115,14.55270826,22.39051526,24.15928256,16.0243446,13.45081263,9.42233669
16231,18.09672385,22.51521079,22.10867797,14.57723636,13.28561807,9.416532961
26278,18.49783748,18.89316978,19.37487838,12.82638813,12.3808348,18.02689143
26717,18.49783748,18.89316978,19.37487838,12.82638813,12.3808348,18.02689143
37045,16.96370887,17.75598355,21.32330611,19.41377333,12.93593217,11.60729597
38768,19.95987563,14.19000525,17.54096561,15.91054425,16.43202988,15.96657938
39813,21.47859471,13.85344693,16.42150068,21.39434444,11.47877351,15.37333973
27682,14.53090938,20.68170836,22.31931688,16.45114662,14.94805596,11.06886279
37195,22.11982683,19.49134969,19.29108742,10.28722385,17.15193767,11.65857454
8226,15.1157744,19.82503592,21.72424774,18.75459576,12.75563752,11.82470865
21945,19.8782127,19.11593932,20.2686752,14.97879069,16.59457472,9.163807378
36514,24.10884613,10.31215936,13.45928558,20.80880326,11.69161293,19.61929274
22165,18.17125031,21.06072556,21.3980032,14.28682922,15.37007313,9.71311858
303,20.66471014,11.98626494,13.19901402,18.45502627,11.26831007,24.42667456
5571,14.98745724,17.93524882,21.03376924,20.02326567,15.27422796,10.74603106
30177,14.95160539,20.18234122,21.51557388,18.8716602,14.13636035,10.34245896
37589,14.98745724,17.93524882,21.03376924,20.02326567,15.27422796,10.74603106
21453,12.4345472,21.68347292,18.70831978,17.96758163,14.04987729,15.15620117
888,21.01879,13.5634074,18.90568779,21.47266468,13.90255611,11.13689401
14087,11.09223902,24.73223083,21.10088263,15.39403616,13.99461074,13.68600061
16637,17.71532668,22.84443797,22.01244494,15.49988752,13.07047352,8.857429368
4866,13.46109588,25.15207816,19.69574804,14.53635596,11.56344606,15.59127591
16512,11.70809896,20.23461144,23.20340631,19.99644296,14.07399881,10.78344152
34030,21.43675395,21.64043509,19.81618041,9.285154295,11.16811917,16.65335708
34078,22.20441754,19.22984367,19.34611671,13.88038188,12.1565706,13.18266961
3196,15.85006935,18.70482862,21.60483379,15.39965043,14.3812118,14.05940601
7806,17.10639656,16.85052359,20.31826323,12.18724749,20.90107251,12.63649663
12134,9.079252754,21.84360641,16.17315597,19.11976848,19.4759206,14.30829579
29036,15.74669509,20.51429045,21.52074039,13.1961713,15.23614966,13.78595311
13314,14.68628711,20.46943533,15.35538964,15.25390678,18.13371049,16.10127065
30071,15.45663712,16.01256019,18.94674595,21.83219161,15.24077262,12.51109252
35030,23.13463925,13.29072135,16.51609081,18.43802704,11.19529897,17.42522257
14092,19.11241909,15.10344383,16.49327239,20.89534588,13.32085117,15.07466765
21244,16.76540813,18.80795244,21.4035458,14.80425758,16.71003715,11.5087989
37540,9.287254288,18.16600629,22.2103081,22.18244973,16.90970439,11.2442772
12293,14.05127246,14.51332617,19.59480174,9.348992137,24.10814964,18.38345785
14400,15.36121539,15.86563607,20.42261178,17.95404989,14.40461553,15.99187134
36837,19.9831767,15.39959537,21.32061793,18.02433794,13.87942128,11.39285079
38676,13.80262182,17.38624591,22.83320227,19.28660418,16.34084494,10.35048089
12082,11.05692041,21.18864775,20.84885779,20.11875087,14.13789546,12.64892772
18752,20.19765962,17.11613663,18.80248262,10.16948873,16.52686075,17.18737165
20437,23.53755812,16.26427375,15.21542119,9.786873878,10.66023324,24.53563982
18954,26.13823081,15.68760237,15.98379149,13.91432789,12.35805185,15.91799559
22511,19.74304894,18.71864713,20.08772408,15.19938267,14.59236289,11.65883428
5631,16.01221926,22.46585481,17.26882162,10.88247484,15.72447482,17.64615465
17246,19.5046987,26.61986641,21.7512646,7.082221015,13.68351824,11.35843104
17598,19.5046987,26.61986641,21.7512646,7.082221015,13.68351824,11.35843104
41606,17.22689046,27.52237422,19.22140871,7.391571367,15.75427615,12.8834791
9045,12.85180837,18.64117334,20.06763683,17.67261874,15.44845711,15.3183056
36465,13.07543213,18.53992654,20.8093818,21.02719917,13.65051496,12.8975454
37517,17.99779165,23.08349474,18.34257026,11.49479433,13.64021641,15.44113261
27371,11.95650181,26.47204136,23.75948003,19.86241458,11.44123857,6.508323654
24330,21.28817584,11.78993361,15.30878691,17.4022568,17.31414993,16.89669691
37339,15.73175592,18.34804733,19.29887541,19.94670804,11.19650325,15.47811006
4601,19.93273711,17.41317311,18.77201416,20.01833183,13.07613684,10.78760696
36144,18.67646286,18.50397989,19.95682078,18.28820516,11.44614398,13.12838733
35527,17.16108652,21.22883626,20.78630033,18.4008946,14.27814178,8.144740503
11908,21.67023374,18.23032086,19.59228882,16.1323811,15.03735343,9.337422045
31133,20.71715767,10.7603951,12.5631063,16.46394511,16.62807574,22.86732009
33821,15.79228758,19.6234352,20.8934092,18.32057155,14.87914635,10.49115012
34440,15.66703159,22.58379441,14.55495156,10.13178486,16.59006819,20.47236939
37215,15.97944364,19.41010543,21.75278606,12.45659778,17.18428266,13.21678444
36789,21.53507517,17.10151273,19.38446604,10.7739296,19.33588559,11.86913086
3301,19.4520338,17.6698514,19.34100504,10.19771505,17.10267026,16.23672445
20864,11.82114981,17.41522456,23.68802663,23.54214614,16.82417391,6.70927896
16675,13.10860283,17.01178648,20.22137702,19.03763839,20.43461108,10.18598421
37061,11.01849443,24.44955622,20.32380724,17.61603366,14.19397057,12.39813787
12647,13.17422176,22.63244241,16.22444731,17.67985517,18.83849496,11.45053839
29577,14.77558857,20.4482476,19.52370014,18.72511657,12.05242699,14.47492013
30580,21.79349382,18.07820577,18.42501294,6.349661496,13.47612352,21.87750245
10603,13.20592394,25.39266593,21.98173127,10.89892716,16.8011603,11.7195914
15939,20.66268664,13.5527535,17.30076727,19.30505151,13.19037041,15.98837068
4000,15.86430346,15.06737812,19.04738301,14.0815754,16.54403463,19.39532537
10795,20.27820116,11.12815836,13.38440113,23.50891111,12.48455065,19.2157776
35629,17.34193929,13.99478092,17.74584331,18.3549695,15.36710201,17.19536498
11308,13.74056175,18.42245946,20.64897047,19.09635297,13.37864946,14.71300589
39600,18.26261612,15.47031798,19.75808345,19.3608327,12.81185229,14.33629746
18295,18.13560219,18.81904465,20.89608374,17.90161222,13.78169841,10.46595879
29279,15.31753102,21.66144944,18.62553616,10.3835375,12.67236442,21.33958145
38145,17.09819851,19.04286296,20.89175789,16.88701261,14.50904989,11.57111813
20433,17.06656705,19.48112594,19.69187719,12.56386299,17.44188515,13.75468168
20860,17.06656705,19.48112594,19.69187719,12.56386299,17.44188515,13.75468168
13656,10.8371012,25.40606403,22.25351997,14.32022522,15.31700743,11.86608215
36428,21.60818598,12.26772855,14.33168392,19.73397938,10.72582465,21.33259752
19420,18.03534236,16.88135497,19.10233725,14.97735764,15.11803733,15.88557044
522,21.32353662,13.16074341,14.60414301,18.25564711,11.23420005,21.42172979
10321,16.92624733,17.30685827,20.18769922,17.92056957,14.19780836,13.46081725
35500,23.65621939,13.20921755,15.23689502,18.22684599,10.63421348,19.03660856
38800,13.90880329,25.87903838,20.94704585,17.1957987,12.84022499,9.229088785
12287,21.41722106,20.26542546,20.59482872,12.57594837,15.3943372,9.752239198
25069,13.12552388,20.84497694,21.58367305,17.31883203,16.64913011,10.47786398
26464,15.76196278,20.85535572,14.39323783,19.62473392,16.0765113,13.28819846
26944,15.76196278,20.85535572,14.39323783,19.62473392,16.0765113,13.28819846
2819,16.23194204,20.77764216,18.87668375,9.886475583,14.84683475,19.38042172
16997,17.56330076,20.40307432,11.93347776,15.93297631,16.59633273,17.57083811
730,16.70322927,18.2430007,20.94900851,18.1886601,14.89135235,11.02474907
35485,21.37848501,17.43263806,18.64879806,18.12459975,10.14359637,14.27188275
40047,19.40709561,18.13508538,19.08249426,10.1105514,14.44467366,18.82009969
24679,16.9915559,19.07680721,21.27414988,19.85938362,14.99120999,7.806893401
25184,12.40943574,36.16175119,26.23346987,2.445331405,18.45068094,4.299330854
11002,21.28779743,16.55324224,18.78791233,13.51358921,12.82319868,17.03426011
11412,21.28779743,16.55324224,18.78791233,13.51358921,12.82319868,17.03426011
40066,20.23501266,17.31062625,18.66492935,15.27910619,12.25157406,16.25875149
8758,14.13359225,18.65552876,21.81043295,12.65396742,19.35721226,13.38926637
17855,17.72880835,20.68807978,12.03222952,16.30641261,16.3140359,16.93043384
23523,22.28813043,15.86211444,18.70741162,9.257148183,15.27205175,18.61314358
36728,20.47767187,18.1026256,19.99812132,14.12178023,13.88326741,13.41653358
37980,17.34763163,18.05500544,22.61057658,21.31567238,12.41609756,8.255016413
39112,20.88196987,23.00230496,20.88957388,8.970443582,12.62117017,13.63453755
12092,3.371958494,33.58256921,15.222131,20.30912224,25.69826,1.815959053
11845,17.61941406,15.49456521,18.20193855,20.09595067,11.72367801,16.8644535
12214,17.61941406,15.49456521,18.20193855,20.09595067,11.72367801,16.8644535
37576,18.6447501,14.6084217,20.7379394,20.67071322,13.53595014,11.80222543
39519,13.97397971,23.03307313,20.11581328,13.02566786,14.83679714,15.01466889
11351,16.85350424,19.08697373,19.83325425,23.38098533,14.65664974,6.18863272
6249,18.30732317,18.96874544,20.85434336,14.30294211,13.10960704,14.45703888
34962,17.39742883,15.21771232,14.91243722,18.07838009,12.92673955,21.46730199
37971,18.73569481,19.56232938,20.03915003,11.30925222,14.65209021,15.70148334
39106,20.44926992,9.185934668,13.47923314,21.57920427,12.19504027,23.11131773
30153,20.39868524,15.05406826,17.97821312,19.13405625,11.59966822,15.83530891
181,18.46087735,13.63949912,14.52137179,18.02974629,11.42705433,23.92145112
36541,16.14383348,18.84062748,20.69776139,17.35327455,12.24856594,14.71593716
37847,11.52618876,31.40760181,20.94042738,19.56309142,15.10239752,1.460293117
18874,17.83267894,15.89343125,17.92110053,19.14438974,14.0631656,15.14523395
19541,18.66744102,16.76519937,19.48867933,13.80702506,17.80361634,13.46803888
12202,15.25459989,20.34475022,19.22250233,22.36181264,14.48211664,8.334218271
30526,16.78941354,17.74997141,21.02918907,12.26970454,14.89024149,17.27147996
31192,12.88586711,19.46334286,20.22207874,21.06340606,14.60013524,11.76516999
31673,12.88586711,19.46334286,20.22207874,21.06340606,14.60013524,11.76516999
38683,9.949418822,27.16545277,20.85448907,21.56649453,19.04212335,1.422021452
22096,20.24952344,17.74865605,20.75001606,15.20955238,15.38315714,10.65909492
33167,17.68912404,26.0622857,22.09613178,9.712118301,13.82311125,10.61722894
11091,15.15925934,19.46267513,19.58307937,19.33542358,11.59995366,14.85960893
41462,21.4193322,14.64031689,16.44051823,14.81716192,14.2037199,18.47895086
6004,14.40816482,16.09353946,20.76434664,22.16595654,16.86773876,9.700253776
28551,17.5086132,20.12146399,22.49656716,14.39640208,13.66426599,11.81268758
30433,15.17248402,14.34769081,20.30350222,21.22844913,16.50866201,12.43921181
3566,14.11363298,20.7981,21.01671676,12.46889858,13.37031116,18.23234052
4005,14.11363298,20.7981,21.01671676,12.46889858,13.37031116,18.23234052
9336,13.67810523,22.66110608,22.20268128,17.15897657,14.4856935,9.813437331
3682,18.71930736,21.65724987,19.69035535,10.27351893,12.45334926,17.20621924
11098,12.95120676,24.27011869,22.20905059,11.52602914,17.63446178,11.40913304
24684,20.92943938,18.69353213,20.60698954,14.35372073,12.92533064,12.49098759
41239,16.59216793,18.20364902,20.96959974,20.08974979,12.60121356,11.54361996
27454,16.15039098,28.22388948,20.55717338,7.363849646,16.99040028,10.71429624
1150,25.72453659,16.16206557,12.45041161,5.73388735,14.98987841,24.93922048
23008,17.11660465,20.4897751,19.8184118,10.85351815,15.45170949,16.26998081
741,20.27947962,14.16104581,15.68505247,18.02559127,12.7097983,19.13903253
3643,12.83337889,28.65034357,24.75504049,11.74393595,13.62208417,8.395216923
3899,12.668708,21.6661505,20.78834317,12.00937925,16.03678301,16.83063607
4320,12.668708,21.6661505,20.78834317,12.00937925,16.03678301,16.83063607
6172,20.29967294,17.15744762,19.57606077,21.35368075,14.53413171,7.07900621
8045,11.15054706,31.530923,20.80698037,19.6152042,15.50359471,1.392750661
24808,19.0642444,17.7971312,17.82569516,13.79763964,18.32761215,13.18767746
37212,11.43459767,20.18158251,19.26715244,15.33016367,22.29436269,11.49214102
12837,15.53870846,23.21061832,16.39524485,14.85257635,15.52924564,14.47360638
22367,17.67033792,20.08631835,20.03631835,13.2699225,15.29679406,13.64030883
31168,17.23378292,18.356789,20.43682361,20.94084227,12.57387612,10.45788608
31650,17.23378292,18.356789,20.43682361,20.94084227,12.57387612,10.45788608
37986,13.96589364,23.82594859,22.58412188,14.34635095,14.41137453,10.86631042
30881,15.80565024,18.84628683,20.17041742,17.68105288,15.79716887,11.69942376
15719,18.97922093,14.52720337,19.67752165,18.92215945,13.72854966,14.16534493
23334,22.9019192,10.45195924,15.74628315,22.38177965,11.95411438,16.56394438
11651,12.10694672,19.60887005,21.1088518,20.60694296,13.95846529,12.60992318
16101,9.89247396,31.36436124,20.3716259,14.67830806,13.53033343,10.16289741
38790,15.02353084,17.40286989,21.24153564,22.35366744,13.55682151,10.42157467
3145,19.90644028,13.98960599,18.79762514,22.30255825,12.63886427,12.36490607
37426,19.71706381,16.27068541,19.11406604,15.60219084,14.80478663,14.49120728
35703,19.14045652,15.54137643,17.67211989,17.93709702,11.71872253,17.99022761
5348,16.72545166,15.46790309,20.73349978,22.24247627,16.27634241,8.554326798
4561,15.08240676,22.32726698,20.46256527,18.87202452,12.55892168,10.69681479
34773,24.354462,18.156327,17.16638571,12.47832554,11.68514658,16.15935317
11959,17.2036661,25.2703941,14.89251257,11.29538829,16.81291198,14.52512695
12387,17.2036661,25.2703941,14.89251257,11.29538829,16.81291198,14.52512695
18601,18.98771039,15.27189251,19.75331286,18.12625204,15.35617071,12.50466149
31713,18.61903975,20.17707887,18.73198348,14.33233617,12.33984626,15.79971546
14186,21.27010086,9.27485822,15.53166492,24.58372409,14.7492009,14.59045102
2895,16.15628647,22.04273729,21.48220146,18.86410614,12.83323139,8.621437257
34667,20.57334256,15.63776213,20.05957343,14.21383694,17.13143379,12.38405116
6672,16.26047087,25.67933703,21.67244551,8.781892804,13.56290053,14.04295326
7687,17.18811934,18.02718403,20.25983294,18.77822835,12.90688931,12.83974604
35791,16.61211152,22.53315873,22.30906087,8.889947312,15.27329454,14.38242704
36891,16.99514939,24.29212446,20.82941522,12.22917961,12.89702381,12.75710752
14040,10.78900928,27.85498156,21.47940003,4.938978003,21.91702069,13.02061044
25304,14.03018347,20.9235979,16.57977022,18.70237157,20.39247755,9.371599283
277,21.68874235,15.15003018,17.01711428,17.69585259,11.09971445,17.34854614
20255,15.20852489,26.28472613,23.56455923,6.998698238,14.05552864,13.88796288
38088,17.05698079,25.59796521,18.97040368,11.74184318,14.06167563,12.57113151
15516,16.67306569,22.69491657,21.26280182,12.36002455,13.54272093,13.46647044
17402,19.83794177,20.19469218,17.22537086,12.53829799,12.57314744,17.63054975
555,18.53273204,10.55380165,11.53200499,17.68355462,11.37127444,30.32663226
16003,21.73328329,21.0249618,19.52440697,7.577078458,10.63120375,19.50906573
24944,18.36240784,19.25510527,19.42439088,10.65923707,15.09374182,17.20511712
39455,14.95510378,21.13067841,20.47337726,19.3066412,11.96829797,12.16590138
16302,24.58014452,15.78861417,15.84444495,13.80704277,12.23312411,17.74662949
38428,16.85594443,27.63225638,22.36804145,8.369063691,13.53482742,11.23986663
33051,17.16176051,21.02316432,18.21383118,10.92747968,15.45380865,17.21995566
8896,15.85980239,18.6592629,19.808604,16.93318725,13.02898334,15.71016013
16393,21.17754648,12.92726968,13.51334502,14.19075256,13.01481194,25.17627432
30927,15.03487744,19.9228125,19.84045453,16.75224807,14.85964638,13.58996108
37622,23.34928577,13.45064985,17.00384144,16.81009199,12.88699827,16.49913268
40974,17.69012439,23.4637582,19.55009119,11.14732331,13.34530515,14.80339775
32165,17.35168702,17.6798961,20.36671984,14.71481899,13.19438036,16.69249769
32656,17.35168702,17.6798961,20.36671984,14.71481899,13.19438036,16.69249769
25289,18.97778166,17.23018876,17.27373386,16.39918007,16.27808058,13.84103507
39996,10.08706524,28.274567,23.5421239,12.11830181,17.20291446,8.775027597
33523,16.86207094,17.11152696,18.95144347,15.52696667,13.66252699,17.88546497
38156,22.52473289,16.89704536,13.4231258,7.643650931,14.85327201,24.65817301
11586,12.14123989,20.79077345,22.424014,20.70255258,15.52854215,8.412877929
12493,12.14123989,20.79077345,22.424014,20.70255258,15.52854215,8.412877929
15887,14.18824989,26.36430735,15.60910783,14.37374097,15.21933134,14.24526262
38901,18.13454608,21.06884252,20.25360227,11.00069058,12.30071449,17.24160406
39683,18.99448471,19.20586753,20.42283536,18.14157351,13.65444174,9.580797155
18579,22.53118276,13.82663038,14.63426184,8.761765213,13.94590817,26.30025164
30434,12.72195752,28.46682219,23.40921624,13.28077431,13.86697302,8.254256732
6925,17.09137289,18.16764092,15.30284722,13.94849438,12.89021792,22.59942667
25541,15.79938533,18.98132729,20.52730628,12.61842196,16.79681101,15.27674813
11786,20.08717109,12.98075395,17.25255327,20.7529671,13.02887161,15.89768298
33345,21.69486529,10.73448275,12.8476265,17.00750723,15.32492216,22.39059606
34627,16.91649832,18.44501608,19.66286132,20.29501093,13.27874883,11.40186452
4888,14.75707604,19.09127676,21.49108025,17.06049583,13.67224151,13.92782961
20115,12.59190545,20.97158785,20.49998996,12.40677237,17.81197879,15.71776559
20572,12.59190545,20.97158785,20.49998996,12.40677237,17.81197879,15.71776559
22268,22.28847761,16.47524391,18.60372731,16.77192799,13.08570807,12.77491511
24836,15.31198632,19.38931112,20.63218014,12.90393499,16.55914869,15.20343874
35108,15.24407581,20.53396693,19.72111737,17.65195895,16.1173147,10.73156624
3889,17.58568067,21.83868829,16.78692832,15.60658616,13.65809575,14.5240208
23452,13.9338722,22.21893092,20.49041126,10.86381671,17.53891681,14.9540521
4383,18.20784306,22.32497509,17.66014745,15.54426881,13.40306222,12.85970337
1987,15.88524134,19.4901404,19.91225483,19.028825,12.64804438,13.03549405
19554,14.2708845,19.36866344,22.70867409,15.15540273,19.51805728,8.978317949
36033,15.11897361,17.33381392,20.85744379,18.56790032,14.5124445,13.60942386
1325,18.42742432,16.93772923,17.64453798,15.06665647,14.40296851,17.52068348
31431,15.56909805,24.96507114,20.12017341,10.43926748,14.78031849,14.12607143
36693,17.15901802,23.03239175,20.17623195,10.96679126,13.4303766,15.23519041
10877,13.54656497,17.11521492,20.48135236,18.05714785,14.28885726,16.51086264
14162,20.88269612,14.00560798,15.58946503,13.55058768,15.48980277,20.48184043
19184,16.90622025,22.88476774,24.35938354,12.48093449,18.29736715,5.071326831
31900,15.50494047,25.06470461,20.20047131,10.48092971,14.83930548,13.90964842
7869,17.7311032,18.32243201,20.93423842,14.27053356,14.16430427,14.57738855
24487,14.40199393,18.24756922,18.83258236,19.13885746,15.22643037,14.15256667
10912,17.41629151,17.81936445,19.54539962,15.51953361,13.13989414,16.55951667
34542,19.48734741,13.55053717,15.50417932,11.62133259,16.16393893,23.67266458
23308,12.66998315,25.00828097,24.91075353,20.42803205,12.50959294,4.473357369
25099,19.72002225,19.41985961,21.5053112,12.96883487,14.66190668,11.72406538
35998,22.46030601,14.71069283,16.0469736,17.02146403,11.62224293,18.1383206
1210,21.83946414,19.44672126,19.30458144,8.769367515,14.33945971,16.30040594
4434,14.09397615,20.19945855,20.73820283,19.16113892,13.66556119,12.14166236
13187,20.48494727,14.75224334,18.59900144,17.74787143,12.75055553,15.66538098
23111,18.59530231,17.19428885,21.95494196,16.20244463,17.63361597,8.419406291
23547,18.59530231,17.19428885,21.95494196,16.20244463,17.63361597,8.419406291
31170,12.42070581,19.36483197,21.09727138,20.1126806,13.68216498,13.32234526
31652,12.42070581,19.36483197,21.09727138,20.1126806,13.68216498,13.32234526
41070,15.47580111,22.53806212,18.48800608,14.06893442,18.52087079,10.90832548
5244,15.19327207,23.3580516,20.5092051,13.52935185,14.92528691,12.48483247
8870,18.47018463,20.74368336,21.36769402,6.628970476,13.99686355,18.79260396
16079,17.23241002,17.07801363,20.4369673,18.26433,14.48553615,12.5027429
19486,17.30310185,17.12283612,17.89609862,17.80391332,12.69965304,17.17439705
13600,10.72859459,27.42650078,21.70399471,5.357922086,21.6500718,13.13291604
18224,14.47131258,23.15515049,16.97407907,20.48784505,16.51884445,8.392768371
28932,17.07303228,19.06398235,22.30025002,19.70283398,11.85560679,10.00429458
34198,18.23421908,20.99210415,18.20946379,10.1525228,13.25766294,19.15402724
6654,20.67210809,14.5417007,15.9685553,20.23525988,15.50519023,13.0771858
17062,13.98148771,25.8071555,16.64217388,11.93141172,19.74200215,11.89576904
36095,16.64077327,17.98902302,19.16852594,15.64545739,13.25117953,17.30504084
40589,14.47830647,19.99555647,21.56712944,15.67465485,15.31201258,12.97234019
31417,17.74882877,14.75748606,18.54521477,24.42778417,13.0585532,11.46213303
31878,17.74882877,14.75748606,18.54521477,24.42778417,13.0585532,11.46213303
16114,16.81868751,18.02273645,22.1075193,16.0290383,14.47560846,12.54640998
36069,13.66715535,20.21376113,21.40617529,16.90462845,14.8201782,12.98810158
38889,16.27319323,18.51549508,21.53213074,17.3718618,14.91956384,11.38775531
25421,18.48626847,17.35235283,20.77791279,18.09037245,12.96534548,12.32774798
1505,12.17294142,19.87658944,17.22335332,20.11282822,15.91907795,14.69520965
15650,11.57259076,35.52515286,16.60050955,17.0655596,15.42732726,3.808859959
19665,18.79252866,20.50819503,21.68034305,16.25480337,14.6990618,8.065068092
37204,23.00268624,17.71772206,18.84959621,13.05950275,14.79082737,12.57966537
5627,22.09210256,14.42066808,17.53124398,15.82850201,14.11958956,16.0078938
13648,16.80536456,17.21142773,20.45717333,21.1603641,14.73449351,9.631176771
890,16.99575296,18.75351801,19.60183723,18.99196875,11.4501216,14.20680146
10324,17.87202672,23.1276105,19.94761854,8.399137982,12.82503789,17.82856836
24538,14.01887555,22.71653503,17.77968969,16.80662124,15.71556108,12.96271742
27410,8.750337482,29.88162129,22.34170036,16.68816096,17.50602516,4.832154752
33267,21.20270687,17.32101438,18.94484695,16.26200651,14.51510449,11.7543208
7087,11.31264205,18.26853128,22.38083216,20.91797053,16.43882429,10.68119969
3568,19.01880925,14.75658861,18.92244239,16.39602008,14.68953018,16.2166095
36378,16.07360068,22.68361182,19.98009932,16.53298546,11.45196047,13.27774224
40270,14.71921206,19.12981668,22.22394195,20.98682792,13.15518721,9.785014181
15454,16.97055374,19.02318723,21.71187691,14.9339847,12.53950194,14.8208955
18234,19.48600977,14.01493923,20.65264908,22.10245594,13.20663212,10.53731387
25574,19.74794903,17.29564518,18.19015261,5.024903521,14.74946613,24.99188353
5472,16.93302504,18.102975,19.43536526,23.38199029,13.16209997,8.984544436
16535,13.43891171,19.24017838,20.88188124,21.17792833,16.01971273,9.241387604
594,20.15206058,14.67314902,15.99030927,17.59595299,10.80405885,20.78446929
15211,17.92200508,16.67899916,20.48134505,19.92605605,13.34495532,11.64663933
36495,22.72344622,14.47057703,15.23681361,15.3480609,11.52450161,20.69660062
24482,18.27658422,17.85952489,20.79455065,18.79483973,14.01778631,10.2567142
33493,23.7753715,19.38353716,15.05639522,10.40372473,14.40511164,16.97585975
39432,17.35675972,21.09434178,19.13570849,8.691827526,13.69166386,20.02969862
3369,15.80431887,16.16007533,20.29510203,16.79585332,15.34714899,15.59750146
20353,15.87523614,23.18059538,19.49246447,10.8645434,13.92910371,16.6580569
12049,9.411887874,22.07770331,18.24216274,21.97794202,21.81438548,6.475918566
24283,10.98949184,31.66348962,25.79988303,13.37664061,16.07854742,2.091947481
107,21.27591277,13.40464725,14.66681676,17.52459516,11.52522504,21.60280303
34940,22.00436928,14.92667751,16.6857681,17.49905155,11.96964287,16.91449069
31308,19.56109305,18.77114054,19.25984155,13.16918574,12.70046355,16.53827558
33331,11.52453191,22.6848319,21.1179322,9.828370152,17.78496285,17.05937099
8478,13.37009972,23.03561267,19.88597502,19.65838836,13.06268651,10.98723772
14439,17.17011205,15.88321989,20.26237113,18.20028585,14.23751559,14.24649549
34217,8.469974739,33.37227325,28.34604959,9.888415102,16.60791585,3.315371472
2662,14.43580645,17.67539847,21.24218745,21.86294171,13.24815914,11.53550678
33021,17.26133257,18.46576674,20.87041248,18.61524362,12.08475569,12.70248891
2712,19.55541771,16.5334957,17.01489018,15.20211418,10.63911869,21.05496356
37610,23.21360539,18.14618537,15.72231947,10.09052323,14.53839104,18.2889755
15221,18.60075685,14.63281548,17.19008246,22.60671539,15.55152736,11.41810246
23945,19.65731591,18.96481547,19.79922803,12.20802199,15.45491148,13.91570714
19162,21.48657791,13.82213976,17.8195622,18.8196338,13.88772712,14.16435921
21202,22.48199101,17.74927709,20.74201203,10.69897374,17.25181831,11.07592782
30784,13.85408916,18.89571052,20.20168802,17.34991927,15.53447769,14.16411533
9487,20.23188011,19.16982826,19.59464706,10.04817695,14.17568957,16.77977806
31246,18.61993479,20.02033378,18.98627926,14.30840951,12.36655223,15.69849043
25590,17.36649706,22.04611824,20.43300511,11.15932477,15.04642466,13.94863015
25666,17.43983287,18.76321024,21.30792085,17.57899575,14.10463378,10.80540652
29774,18.98623598,17.13120054,16.35928061,11.36022617,15.78849966,20.37455705
30115,14.01798554,24.41220862,20.93358365,14.45094898,13.02615658,13.15911663
30643,13.273603,19.22286818,20.45952232,15.55065785,19.62034139,11.87300726
27892,14.84313582,15.1852059,19.78101471,19.00624482,13.04315238,18.14124636
28319,14.84313582,15.1852059,19.78101471,19.00624482,13.04315238,18.14124636
30724,18.3634219,20.43512954,21.04043254,15.68714291,10.89589948,13.57797362
36969,14.99552992,22.04123166,17.77169888,16.94719562,12.41774132,15.82660261
38648,18.74147776,14.378395,19.20240219,17.81259736,13.1213784,16.74374929
11917,12.93756122,21.58453811,17.77460922,17.48429132,17.44581239,12.77318774
22939,17.53783993,18.66106894,21.03716774,14.26454035,14.75728321,13.74209984
23100,20.8369897,16.47491587,17.53998622,13.19774627,12.31477033,19.63559161
38974,17.41437639,19.16855711,18.74798103,12.37218403,12.3543547,19.94254674
8267,16.8355184,26.97908067,19.77460668,12.21691766,15.65254775,8.541328836
10936,20.20580698,19.9152024,18.04611101,16.65275824,10.70164659,14.47847479
16962,16.39732218,18.04660863,19.94480102,15.22898377,14.77903309,15.60325132
24543,13.83489825,20.54769866,22.40892656,18.22690538,14.81592046,10.16565069
18721,16.00453658,16.79351537,19.16880944,17.14616545,14.49861218,16.38836099
33769,16.20600244,18.28846526,22.05298351,8.349056477,21.33536554,13.76812677
30048,12.0651092,21.83340582,23.0191279,19.25872517,13.67015736,10.15347456
34377,22.67193779,17.9415103,16.73002211,12.01838206,12.75387456,17.88427319
41206,20.08636246,16.75686634,18.97607426,20.45799076,12.76750087,10.9552053
7435,19.26411565,15.58740382,19.55104052,17.68469924,16.94065577,10.972085
34281,21.57637659,10.63052721,12.78509549,16.82007851,15.23523229,22.95268991
40329,19.8640951,16.40655527,18.72438797,18.78292621,11.28070858,14.94132686
35774,20.17245225,13.59595911,16.67875832,17.3869854,14.8873622,17.27848272
36500,20.68051464,19.18524767,20.24378165,17.59710722,13.43401275,8.859336081
14017,18.74501837,14.9522014,17.36403526,16.69543966,13.99141713,18.2518882
39582,13.20044051,25.32078118,19.78565767,12.49873808,14.23174986,14.9626327
30105,16.42622818,14.70617144,19.50151469,21.34368031,13.35044806,14.67195731
14396,18.28202128,15.86039685,20.02894878,19.34180095,12.49633934,13.9904928
20536,11.04748187,20.83875004,23.01855493,25.64271983,14.24962715,5.202866184
35418,20.06727014,17.26347679,19.94269659,17.35686588,13.29595105,12.07373955
20196,16.70577829,20.92763531,19.4255644,15.24089906,14.2790761,13.42104684
29185,16.35087556,18.437246,19.4999714,18.37517553,13.62912382,13.70760769
37712,20.67671197,14.98616246,17.7006937,10.16351911,15.50904743,20.96386532
9760,17.62982478,20.10800248,19.96647922,13.9677431,11.86208953,16.46586089
18435,12.98014315,20.02315367,21.68473574,19.02146579,13.22901255,13.0614891
38015,20.56717546,10.70855767,14.9288973,21.84414715,11.99596281,19.95525961
6868,20.0001334,13.62002961,13.73879441,13.50651343,13.12508875,26.00944041
19650,23.88416022,14.62737562,16.97629308,11.07871401,14.83566488,18.59779219
21705,13.29682333,27.84355253,22.66968742,5.870891806,13.46425465,16.85479027
36388,22.97760183,12.29509536,13.48634586,21.74027622,11.69756945,17.80311128
662,22.37203037,13.21964857,13.02886517,14.98515065,12.21651585,24.17778939
9155,21.3868758,17.93248944,19.61518443,15.72770665,12.49071779,12.84702588
11335,18.02939742,17.07421999,19.68850045,16.03909125,12.71855029,16.4502406
11456,10.97112813,25.49516332,21.68451897,20.03126272,13.71461949,8.103307371
13816,17.70038363,14.64531787,16.99879245,18.62461639,10.70581282,21.32507684
15670,16.63494922,21.8917394,21.48396063,16.88646201,13.52611799,9.57677076
19075,17.84569948,16.421249,20.91541272,18.77607811,17.91572193,8.125838759
39464,21.69337291,15.97338042,18.522904,18.41379607,13.26892337,12.12762323
35694,17.35775067,14.54827119,20.29813752,17.23577048,17.52603383,13.0340363
35351,15.83325497,20.43193573,19.75479339,17.19606843,13.04082112,13.74312636
11680,15.78986065,22.59388451,21.10585651,13.75334381,12.27543125,14.48162328
1800,18.80955629,16.61569955,19.83496512,16.77038821,14.14521856,13.82417228
35608,22.02891482,14.60230912,16.60344987,17.10010398,14.89169915,14.77352306
41510,17.48245664,17.25836951,19.8561938,15.72489227,14.80930396,14.86878381
23375,13.73443731,24.03195042,18.59176602,14.03564717,15.58425979,14.02193929
436,16.34052015,16.09204944,20.07171001,16.84232624,18.47369857,12.17969559
36385,17.25408378,14.51425772,16.86729602,20.16754203,10.16652604,21.03029441
3295,12.1307852,24.57858623,26.44606404,16.18052962,15.97118534,4.692849574
10467,8.0690314,38.51695024,15.32564457,15.26634719,21.3016717,1.520354906
10937,18.11791723,16.77397776,18.80718463,19.20731906,12.89627448,14.19732683
14353,7.591357827,21.58063085,23.65807297,20.95661114,18.1490461,8.064281108
18238,17.93404723,20.12825495,12.543984,17.15820608,14.71585346,17.51965428
35589,15.21909402,20.81589832,18.26204024,16.73346951,17.66961432,11.29988359
40880,17.82080293,19.89973329,20.78227583,15.15270373,14.61003746,11.73444676
17196,18.90803288,19.9324717,22.60780271,16.8752585,13.76616733,7.910266893
17547,18.90803288,19.9324717,22.60780271,16.8752585,13.76616733,7.910266893
19515,20.07112623,17.96469724,17.73551794,11.11735438,12.49826594,20.61303826
19969,22.84212615,14.84968875,16.3536151,14.34525157,12.45622368,19.15309475
30826,17.56658101,21.64760737,20.69937287,15.20221092,13.78424635,11.09998148
31779,19.84100685,18.39775813,19.16178146,13.16632595,12.43693082,16.99619679
38916,21.07156731,14.66949106,18.50218191,17.28336726,14.32533303,14.14805944
10135,11.75030689,26.5717339,19.9808915,14.50280511,14.56643842,12.62782418
29777,12.0184166,20.02749387,20.24706614,18.84833517,14.96721994,13.89146828
37280,10.23599039,30.95053845,27.43812058,13.87551345,14.31594608,3.183891049
3842,18.23038698,19.21007935,21.79024535,16.48199359,13.44770989,10.83958484
4259,18.23038698,19.21007935,21.79024535,16.48199359,13.44770989,10.83958484
8492,5.429400768,31.22853516,25.14877542,17.61365868,16.00206229,4.577567673
8683,14.01063987,24.06459261,22.58846535,11.81396655,14.34757145,13.17476416
22271,12.06665284,21.33793793,18.72215165,18.76842245,10.76507046,18.33976467
23408,18.13576279,17.88862921,19.59962375,13.43632869,14.55492948,16.38472609
24701,14.52317119,21.02079022,21.85780222,16.51859431,13.89996255,12.17967951
32091,16.18306349,21.3303292,21.14163553,19.58026209,13.28871719,8.475992505
32594,16.18306349,21.3303292,21.14163553,19.58026209,13.28871719,8.475992505
3080,18.11893262,17.32797459,19.84854715,22.46297798,11.37657197,10.86499568
10823,17.22250937,19.9882146,20.45942333,13.37074634,14.25644703,14.70265932
11275,17.22250937,19.9882146,20.45942333,13.37074634,14.25644703,14.70265932
22638,20.68970946,21.0136314,20.70271626,13.02433257,12.90516056,11.66444975
8747,18.44948468,17.22987188,15.96511076,10.34475517,16.13923896,21.87153855
12026,13.55009702,21.23771884,21.52599752,14.12394414,19.13804641,10.42419606
10336,16.33451734,23.35049616,12.20187985,10.45557763,18.70774347,18.94978555
27712,22.7900145,21.610512,20.71268661,11.14035511,13.74626214,10.00016965
31671,18.0964043,13.66929034,18.23652233,22.62279294,13.89603688,13.4789532
35750,20.85606608,12.01819988,14.29257111,16.59949549,13.14768644,23.08598099
37382,11.72432687,30.67780561,21.82330331,18.8209316,15.57546574,1.378166864
39900,19.0557842,15.90605561,17.70933594,18.24380326,12.22330331,16.86171768
18791,20.95785093,14.43906806,18.58699416,18.4812309,13.90822028,13.62663568
12845,12.77359137,21.4792721,17.31001206,19.2912074,15.79815046,13.34776661
36025,19.55072279,15.38066355,19.2961003,18.48340834,12.379376,14.90972903
40955,19.12885993,18.41160931,19.94429852,12.68853332,13.95415945,15.87253947
4910,19.77053303,18.38695341,19.72092629,15.10135498,14.31727803,12.70295427
21112,13.22537817,22.68166304,22.04560759,15.3513838,13.52436375,13.17160365
31401,22.01522827,16.81531751,18.24160754,15.29956324,12.93538217,14.69290126
31872,22.01522827,16.81531751,18.24160754,15.29956324,12.93538217,14.69290126
3277,20.0896551,19.41947239,19.4067176,19.02681377,11.79624298,10.26109815
5610,21.29505222,12.00848194,12.68240939,12.05486032,14.94410741,27.01508872
6024,21.29505222,12.00848194,12.68240939,12.05486032,14.94410741,27.01508872
20811,5.084277383,34.01632067,23.76994792,5.932202145,30.44700482,0.750247069
39450,19.95381845,20.68580924,18.2790587,13.2662093,12.14837753,15.66672678
22870,18.06592544,19.54950994,22.01599537,16.48387163,17.46905228,6.415645338
36461,17.88135117,16.70397265,18.35732742,20.20599295,11.63675398,15.21460183
31190,18.15434911,13.50948023,18.10242207,22.63221319,13.87207571,13.72945968
37951,17.86707622,18.77625817,18.99771994,15.3651913,11.86579628,17.12795808
8656,10.43055081,28.88539571,16.83651531,12.3029408,15.41718613,16.12741124
27628,14.63897635,19.62174109,22.8920745,21.194978,17.09817359,4.554056467
19777,20.6085822,19.35070718,19.4359321,13.0681339,12.98687283,14.5497718
31493,13.43910698,20.81006586,20.47540862,16.87744451,11.22060103,17.17737299
31969,13.43910698,20.81006586,20.47540862,16.87744451,11.22060103,17.17737299
20,12.04165895,19.95455219,17.75228006,16.49073469,18.98745232,14.7733218
34824,10.94149057,21.95698929,18.02506556,16.35174398,19.11827176,13.60643884
10868,17.88326153,15.61179461,17.8167191,21.93778665,12.30057291,14.44986519
14857,21.03185989,17.13739331,19.58097878,17.70329845,12.24046139,12.30600818
18052,14.730353,22.37019009,17.40139362,17.91483778,13.44467508,14.13855042
35200,19.64233996,17.7326475,20.06205313,16.25010072,12.66954895,13.64330974
13726,18.77682388,17.17947087,17.0746366,10.66122651,12.76010666,23.54773548
14470,19.02823788,18.23953372,19.85540671,17.3638157,13.38029659,12.13270941
17294,17.45913688,19.57607213,21.9395852,16.53684052,15.82297523,8.665390034
17662,17.45913688,19.57607213,21.9395852,16.53684052,15.82297523,8.665390034
36462,16.5396575,16.19398809,21.51229992,23.17756207,13.83871124,8.73778118
23854,16.5480021,19.71086766,19.2731351,14.94769111,12.80946473,16.71083931
8022,13.24954309,23.03366128,20.20352645,20.25004371,13.07919033,10.18403512
13482,19.7868903,14.99834879,18.27593903,21.97833534,12.35161244,12.60887411
12170,21.92573018,13.58573775,17.22101759,18.66246278,12.67024767,15.93480402
15372,23.36264309,20.92630777,19.00071677,10.24535876,11.3100098,15.1549638
34526,21.08498371,19.41454026,18.259288,11.83746412,11.29273128,18.11099262
36932,16.17240684,17.52974899,21.0879541,17.09196978,13.42606642,14.69185386
41315,10.80906504,25.33270826,20.29274813,18.50432956,14.7877275,10.27342152
2965,12.7005813,27.33728129,19.95992148,12.02398844,10.56120539,17.4170221
16846,19.9789893,17.45469758,17.79858216,13.88624024,11.37949174,19.50199897
2848,20.67741863,15.36163524,18.35719297,18.65211748,10.43740029,16.51423539
14336,8.191258061,22.11305579,22.62228439,20.56860606,17.80521111,8.699584591
15976,17.33348777,18.20540036,20.10770586,19.79430307,11.68807717,12.87102578
32209,14.29972643,20.73062969,21.55741229,18.1180344,12.31899977,12.97519742
32691,14.29972643,20.73062969,21.55741229,18.1180344,12.31899977,12.97519742
40738,11.83896962,25.38050533,19.63367022,19.88020037,13.82213857,9.444515896
40999,19.40254971,16.42046998,18.47171441,18.94119409,16.34920705,10.41486477
22600,17.96021933,18.36892456,20.09532883,14.52304865,13.15650952,15.89596912
8051,18.9457029,13.54440045,18.80650654,16.21683493,16.32244134,16.16411385
17143,13.75046531,24.9565206,20.90460857,15.8260862,16.34759604,8.214723279
27825,15.7287777,20.96253568,20.49825179,17.02815124,12.64968958,13.132594
39926,16.20923387,18.94285694,21.98375903,17.55860864,14.93200372,10.37353781
40866,15.96534141,22.63381122,19.79989677,13.28955461,13.10078962,15.21060637
5678,23.44210938,10.12428659,10.76345077,16.40530081,16.34202605,22.9228264
12014,16.07758698,18.03660907,18.72680852,19.07583269,12.38392106,15.69924168
12459,16.07758698,18.03660907,18.72680852,19.07583269,12.38392106,15.69924168
19997,13.26723401,22.60472137,19.67983199,20.85578431,13.24836374,10.34406458
36754,17.81978342,15.93144832,21.4359938,18.20750093,11.23178325,15.37349029
39028,16.94249161,23.75251366,21.31097115,13.97268884,14.10701578,9.914318962
37107,19.8000604,16.41930742,18.9443422,18.51728651,15.67697386,10.6420296
35549,17.24053779,17.41760401,18.89658692,16.23206145,17.33542678,12.87778306
25612,19.51810282,26.30518965,12.37793544,9.505493809,11.91447632,20.37880196
29604,17.15210964,24.37745714,17.6306018,15.18023497,13.89573913,11.76385733
33316,20.79064625,18.51190155,19.17378221,12.08113249,16.49059475,12.95194275
15210,15.56749699,17.23527493,20.87319558,16.77888802,14.19993431,15.34521017
20853,18.72588365,20.51174562,19.83700517,8.106644314,11.97945736,20.8392639
31477,8.261774943,31.22682593,26.78340583,14.4582367,15.64232255,3.627434046
31946,8.261774943,31.22682593,26.78340583,14.4582367,15.64232255,3.627434046
27525,18.54042967,15.17132795,13.51837155,18.46415797,14.50285084,19.80286202
38074,17.82132861,21.25342143,18.43885782,9.791219448,13.41882427,19.27634842
19772,15.13827972,20.32654041,20.73129425,12.59188284,15.64134065,15.57066214
25200,10.05965661,21.50834311,23.49459361,14.8466928,18.19734629,11.89336758
7240,16.63694474,16.20772751,20.30525118,18.85657024,14.10216152,13.8913448
8097,20.89620683,15.04448717,14.50461,9.661368343,12.6514802,27.24184746
12825,22.74624258,15.43312051,18.04747964,17.86931189,13.40362368,12.5002217
37923,20.89620683,15.04448717,14.50461,9.661368343,12.6514802,27.24184746
10313,18.0461171,16.90219968,19.72284877,12.36678566,18.38003082,14.58201798
18189,20.49014839,17.5203108,18.86954502,11.39173077,13.54982588,18.17843914
21491,18.11154286,17.03580165,19.54069274,18.50922541,13.88235434,12.920383
8326,22.31183506,16.21738737,14.05701854,8.950334843,14.98378099,23.47964319
40927,16.20999867,21.71595883,16.2707316,14.04117995,15.52283043,16.23930052
2793,20.66906887,15.19683607,18.14941775,14.24188894,13.41281083,18.32997754
5266,8.002077104,32.7960579,27.29657805,13.84083476,14.78853544,3.275916738
11961,20.65890546,18.18353284,18.76089248,12.88651685,11.89091695,17.61923542
635,19.11210736,18.32107565,16.64961883,22.92122357,12.596796,10.39917859
2932,17.56674672,16.63824868,19.13598279,22.36595036,11.04294037,13.25013107
28841,17.84774691,22.76705562,15.96910234,13.35103706,13.82977887,16.23527919
5603,17.10743769,18.08848863,17.66229605,14.59847516,11.9683284,20.57497408
20172,23.71270271,14.76622091,15.83393666,14.99555791,11.9806568,18.71092501
23042,20.51571798,18.24575848,19.25821756,10.87735631,14.77062783,16.33232184
24044,20.29770557,10.54832026,13.9409427,19.03594373,13.33768454,22.8394032
17177,13.22633783,25.06759107,24.70281033,10.60450577,16.16198608,10.23676891
18101,13.22633783,25.06759107,24.70281033,10.60450577,16.16198608,10.23676891
24773,17.2152007,24.41686461,20.86826662,9.726288764,15.93688412,11.83649518
25169,17.2152007,24.41686461,20.86826662,9.726288764,15.93688412,11.83649518
30343,14.77261964,20.61414885,22.96729025,18.45394648,12.78929362,10.40270115
39857,13.07962494,24.62588795,17.58664005,10.42545554,12.8224471,21.45994442
40541,16.81057162,14.07045949,11.8855921,10.3777327,17.66618112,29.18946297
588,15.93107039,21.37239479,22.56237486,15.79130294,21.78681855,2.556038464
2373,19.30669084,17.84524407,19.53459561,15.79491923,13.06527953,14.45327072
10900,19.66431406,15.40229453,17.91159926,24.12716738,13.41800217,9.476622603
11199,20.60141656,14.4909263,16.83523653,18.57893521,11.34094877,18.15253663
11328,19.66431406,15.40229453,17.91159926,24.12716738,13.41800217,9.476622603
19609,25.90130416,14.8580212,16.64335796,15.97058641,13.41876665,13.20796362
40415,13.97557153,19.87689651,21.19105932,18.48622338,15.42772285,11.04252641
9362,9.254486315,33.957854,18.87623919,19.07010926,16.45388828,2.387422954
20919,20.53976288,24.69566664,22.5475006,9.496002495,13.3072049,9.413862492
23699,19.32553831,15.32731731,19.15227535,20.92631927,13.48839585,11.78015391
32234,17.95350949,19.07870916,20.6344487,12.43407956,13.54264311,16.35660997
32707,17.95350949,19.07870916,20.6344487,12.43407956,13.54264311,16.35660997
162,17.51875611,16.87718147,17.40011537,15.79036477,12.33309862,20.08048366
37072,20.75801536,13.02136274,19.55172027,20.06766006,13.84216224,12.75907932
1113,21.3459305,21.72045778,19.45991918,13.46561138,13.1264495,10.88163166
2917,17.02925328,20.73681673,23.45575569,17.39719997,15.12846861,6.252505718
12591,17.38657014,19.71666839,18.55351275,17.70106689,13.68542159,12.95676024
22623,19.19959456,24.81070246,23.58167681,8.937436633,16.13145781,7.339131731
7376,17.96313191,18.98258796,19.50436385,10.56620809,15.53696379,17.44674441
8039,11.32491424,20.58297842,22.80948957,19.60270782,15.04397723,10.63593273
30501,16.85902721,16.29688521,21.0505068,20.64562607,14.1937996,10.9541551
38652,23.84018922,16.82793404,18.23463318,16.93104484,12.98850079,11.17769794
38951,16.75120559,12.70649232,13.08579126,19.58347358,12.47672001,25.39631724
2869,20.12733299,15.80824685,18.82282451,14.24111503,13.39967349,17.60080713
31486,13.51367157,19.91406182,22.10392509,26.63928578,14.81137934,3.017676411
31956,13.51367157,19.91406182,22.10392509,26.63928578,14.81137934,3.017676411
38514,14.57342806,21.45747663,18.78100893,15.87266898,11.91030486,17.40511254
10551,9.854730761,20.05596115,20.70255155,21.10404675,15.37079978,12.91191001
5633,15.39271369,18.46848355,19.11096675,18.48377262,12.70146242,15.84260098
18666,18.94657427,20.33891154,19.01518952,11.07400275,12.73294607,17.89237584
29068,12.85094279,20.57679515,21.10354514,17.7682776,15.37560616,12.32483315
11761,16.21715884,24.13693759,18.2823272,11.78611531,13.13030603,16.44715503
12136,18.75615396,21.27560158,18.16301348,9.245665322,12.61662228,19.94294337
38347,12.81871044,18.61729671,22.49388317,19.89309075,15.20908437,10.96793455
7890,19.33996205,18.87514545,21.13084955,15.41180017,13.83434064,11.40790214
8266,17.92011141,15.27929602,17.75441902,23.64024563,12.49010326,12.91582467
8690,17.92011141,15.27929602,17.75441902,23.64024563,12.49010326,12.91582467
16359,11.47179502,30.83622527,25.3184975,9.810426498,15.29917307,7.263882631
18398,13.9127136,27.96766072,21.21406773,15.84310495,13.41723098,7.645222019
11984,17.18510016,12.91921512,17.34979465,23.41238572,11.84401067,17.28949369
31065,9.511197121,25.33890703,22.60971684,22.58926657,17.89483811,2.056074328
31542,9.511197121,25.33890703,22.60971684,22.58926657,17.89483811,2.056074328
35594,22.14975517,13.48788282,15.66389614,15.64782265,13.62425592,19.4263873
8937,13.51503919,31.4082824,19.10157331,17.59653798,14.81403716,3.56452997
9508,19.85881606,16.98154389,18.87048197,19.69837637,16.76618643,7.824595274
16919,14.01419924,23.00280284,22.77462267,17.86949152,15.16231912,7.176564611
17797,14.01419924,23.00280284,22.77462267,17.86949152,15.16231912,7.176564611
25275,15.66504117,21.96622,21.96749548,8.65843051,16.67706828,15.06574456
39696,19.1191749,18.62060037,18.16666379,12.6715563,12.74363548,18.67836916
13717,14.56291145,18.67658042,17.92606054,19.04958083,12.83365223,16.95121453
14135,14.56291145,18.67658042,17.92606054,19.04958083,12.83365223,16.95121453
36649,19.62531242,15.83896644,19.52513648,19.76272567,10.58738508,14.66047392
18747,21.85574299,19.26014692,17.71539386,8.309216731,12.56002314,20.29947636
33006,17.03094419,24.4666821,19.85066341,7.485412658,13.71632673,17.44997092
5190,22.92439755,18.15334459,18.4035663,12.25637204,13.10754728,15.15477225
22077,14.78441464,20.51066078,23.88772234,17.44498031,15.59822658,7.773995354
19535,18.70712815,18.90411546,21.24471305,17.44221518,12.73156169,10.97026646
25704,14.25731738,21.86145753,17.46972963,17.06852373,17.62760844,11.71536329
33852,15.00257927,16.4190672,20.17197897,18.75587202,15.31474086,14.33576168
40980,17.01207573,21.66538294,21.36874001,14.38615042,14.0147427,11.5529082
6192,10.27421406,18.24582286,22.34772159,21.12746005,16.91994548,11.08483596
6497,16.11657299,19.90241464,20.65413809,11.44471028,15.38419533,16.49796868
7394,12.32124869,25.81666489,22.88008683,8.217735751,13.35107516,17.41318868
30657,26.19109502,13.47042882,12.64811413,14.22176626,13.5840493,19.88454648
34521,17.55585207,24.08348723,14.27771712,17.40215443,14.9980607,11.68272844
17325,12.62211171,23.1779981,24.9887135,25.97236374,12.19481053,1.044002426
705,20.56271064,13.46725951,13.55633249,15.61575503,11.42758404,25.37035829
2327,19.19447539,20.08844046,20.9938642,13.05458125,12.88410677,13.78453193
5044,19.34728886,20.02624493,20.11707664,13.85480757,13.19877186,13.45581013
8594,7.257785959,31.82929914,23.89148858,12.22336127,15.07486064,9.723204409
26480,20.31249028,17.26588044,16.222163,17.59934095,9.837338156,18.76278718
26953,20.31249028,17.26588044,16.222163,17.59934095,9.837338156,18.76278718
27624,18.26521527,19.19453629,21.93919396,20.54153855,11.65445515,8.405060775
30152,18.98623598,17.13120054,16.35928061,11.36022617,15.78849966,20.37455705
39885,17.17847895,17.45664337,20.52452806,19.62330015,12.79724069,12.41980878
36005,18.4890963,14.38221066,19.45269978,22.81801172,13.34141586,11.51656567
38451,20.69241562,17.79625891,20.62460083,19.45798152,12.17844159,9.250301522
9332,20.37712975,21.4511467,18.64108255,8.450122563,12.18862886,18.89188958
12731,20.53166344,13.78816868,17.67433706,21.68690418,12.1732242,14.14570245
17914,13.4827295,25.62413212,17.5742415,12.72211408,19.90912013,10.68766267
8508,12.99287404,19.71204631,21.17977283,22.71214031,13.68576998,9.717396529
23116,20.97750646,17.71272757,17.98727985,9.942527164,13.62069885,19.75926011
41532,11.97936116,24.94980056,25.25742758,15.97513994,15.94781425,5.89045651
2842,17.34409904,18.91537115,18.21354653,10.87997537,12.30240725,22.34460067
5353,17.66932437,15.41329509,16.59545263,20.2889093,11.09660613,18.93641247
23857,20.94316843,17.03192157,19.38635751,14.16337426,12.45909851,16.01607974
28088,16.48933349,20.66254121,20.6830479,17.9359277,12.75349148,11.47565821
28481,16.48933349,20.66254121,20.6830479,17.9359277,12.75349148,11.47565821
2668,14.1294457,23.86986143,23.29936281,19.05100639,12.71735744,6.932966222
37353,19.70811891,13.85447353,18.0535645,20.5143039,13.93397977,13.9355594
40333,15.20773696,16.42632014,19.74317327,23.5936919,13.36532733,11.6637504
4369,18.77672299,18.21773517,18.99646236,15.86140391,12.41849699,15.72917858
30697,20.05656421,12.84749839,17.25744395,22.2720585,12.03356984,15.53286511
32117,16.49415499,13.77687945,16.49083762,19.28341327,11.86623748,22.08847719
32613,16.49415499,13.77687945,16.49083762,19.28341327,11.86623748,22.08847719
18339,9.79804538,21.33661849,22.78051783,18.83180837,14.89653204,12.35647789
24505,21.73196273,13.36008309,14.55564247,18.48537958,11.92080012,19.94613202
6234,19.13737039,20.26806157,19.78166599,11.27000516,13.28467289,16.258224
30129,11.98943324,23.03670829,18.94638497,17.8166709,15.19143515,13.01936745
6128,19.73618802,12.23202761,16.01366172,25.61286381,16.39482987,10.01042897
24416,19.7622272,19.90761094,16.96058877,15.5546504,9.785533815,18.02938887
38963,15.42306923,25.43929128,23.90136827,9.356990713,15.70756131,10.17171919
19386,20.16775943,14.53323272,17.85263724,19.02976885,13.07015582,15.34644594
24234,22.98850237,13.29682592,17.26547968,20.02155556,11.52899695,14.89863953
37625,14.6951209,23.7918347,19.08787244,11.29575329,14.98944358,16.13997508
11857,17.47212554,23.15989577,20.18582181,11.80364474,15.78558224,11.5929299
12230,17.47212554,23.15989577,20.18582181,11.80364474,15.78558224,11.5929299
30947,20.17395564,13.95672427,17.04862424,13.51048314,12.80992816,22.50028455
39961,17.10686097,19.59233682,21.13584467,13.91459085,14.07194448,14.17842221
15937,16.66684146,14.56122741,18.70683209,22.83268956,13.51214958,13.72025989
1884,14.68040733,23.41479434,18.95837052,13.09724591,12.26486447,17.58431743
3174,11.64337452,19.84340213,21.72852439,20.04716797,16.98122578,9.756305212
25434,13.35126262,29.81892996,15.56535152,14.55197378,18.18870324,8.523778873
3248,15.77733509,13.10894525,17.49775107,22.39484005,13.96528028,17.25584826
9843,11.69458209,27.05474456,18.61864865,18.59348389,18.09053414,5.948006674
11135,21.98876378,14.53731613,17.6827168,20.49464474,12.70260006,12.59395849
34749,12.25237861,28.00285752,15.97686688,15.11022565,18.09189911,10.56577222
40195,24.17484969,12.75564689,12.23723508,13.25348573,12.67145308,24.90732954
15837,16.35506634,18.391674,20.45806259,19.13275695,12.50089082,13.1615493
17317,17.68419776,18.86663114,19.43021843,16.75416037,12.42352767,14.84126463
336,22.30211137,17.64954853,17.82302148,15.5823624,12.91370073,13.72925549
378,22.46820695,8.78146243,9.496763295,15.5253577,13.38102196,30.34718766
6451,20.29364154,15.77405282,14.92031318,16.99356698,11.73998091,20.27844457
8247,19.14275207,20.15750404,21.08516123,9.89982083,13.12587291,16.58888892
38092,19.14275207,20.15750404,21.08516123,9.89982083,13.12587291,16.58888892
38682,16.65845433,23.06000548,18.21682078,9.955322652,17.58323217,14.52616459
5822,11.77426339,25.66182608,26.9768158,15.28679578,16.86813291,3.432166034
7643,16.34890268,16.98639102,20.30531803,17.95001815,15.30694527,13.10242485
8806,18.63696068,14.79483993,17.91684022,15.92474475,14.60155112,18.1250633
29750,11.98943324,23.03670829,18.94638497,17.8166709,15.19143515,13.01936745
5553,12.25170986,19.04211022,21.73682336,18.64297532,13.14789438,15.17848685
23954,19.5803669,15.77312448,19.75745891,17.19061453,13.99525415,13.70318102
30853,15.44609975,18.34505266,20.57720038,17.10911293,14.92398541,13.59854887
30871,14.9284363,13.35048963,19.6247208,19.84272744,14.85960328,17.39402255
39043,20.66144791,17.09694538,19.91207982,17.65245271,14.13341403,10.54366015
38615,17.19922406,24.20415247,19.60196458,8.60830936,14.1353744,16.25097514
777,22.46820695,8.78146243,9.496763295,15.5253577,13.38102196,30.34718766
24220,16.61558024,19.58241103,19.35803459,11.15557378,15.9324821,17.35591827
22769,16.70997526,17.8213676,19.54082152,21.0081,12.98478132,11.9349543
39192,17.97309118,13.70725717,17.93226231,19.73273289,14.91796634,15.73669012
5595,20.6112205,13.40379662,19.1969288,21.57083385,12.82201186,12.39520837
14620,13.1104221,17.54617513,19.80197637,19.93737696,13.0247898,16.57925964
16170,21.99195975,18.62192474,21.65885552,14.4374107,12.98866099,10.3011883
24040,20.07688587,18.73180616,19.85671807,13.94597474,13.68444021,13.70417495
3425,19.73326133,14.70537983,18.35417437,21.27454954,11.70847754,14.22415738
27769,22.94716755,20.1808877,19.85549428,15.14397294,14.07857728,7.793900246
37147,13.79895,24.34971074,20.7373718,12.33756166,16.41997274,12.35643306
4618,18.72595121,17.61768586,18.50685518,17.56057181,12.02346348,15.56547247
13111,11.97384972,21.55803793,21.41595617,15.8664359,16.91868017,12.2670401
23145,20.18807956,16.69829267,18.96230266,16.61847262,16.24066996,11.29218252
23616,20.18807956,16.69829267,18.96230266,16.61847262,16.24066996,11.29218252
38522,19.56668814,15.9381589,19.1065785,17.12400401,12.32040508,15.94416537
40084,18.33306533,20.04128103,18.66690133,10.84170398,11.60718652,20.50986181
34893,19.11297188,15.3216124,16.69179024,15.51435588,11.92291048,21.43635912
34939,19.005266,14.07870631,12.14192568,15.42864678,12.63241011,26.71304512
12554,15.30894306,16.56983351,20.6245207,21.68415019,13.64427935,12.16827318
40723,17.03125682,17.50361558,20.89748354,19.47882123,13.17139536,11.91742747
22089,22.91124659,17.20998461,20.35155474,10.48468684,16.27860706,12.76392017
36226,19.65468367,17.79339073,19.9305457,14.87374839,11.72515061,16.02248092
39998,18.06608862,16.45116982,19.98524246,20.08944497,13.58913926,11.81891487
35037,22.72735293,12.99575928,14.18638471,15.17092938,14.6067134,20.31286029
8781,12.68698724,26.89873019,23.76371779,15.30807274,14.52716752,6.815324518
13624,22.29053344,14.89134979,18.06602462,14.85237041,11.78017969,18.11954206
7820,16.95543955,23.30772397,13.83442523,10.46456639,17.75831042,17.67953445
10985,21.93076949,15.0252666,16.96663725,14.00871511,14.02235778,18.04625376
11398,21.93076949,15.0252666,16.96663725,14.00871511,14.02235778,18.04625376
30452,13.78433344,24.43061654,19.5211305,12.50534725,12.46547684,17.29309542
21187,14.7533417,19.74898904,22.36053366,16.94535899,15.90582914,10.28594748
25042,10.4360995,20.55030551,18.42306346,18.19108976,16.71837237,15.68106941
41437,17.08690361,21.69413468,17.7043608,16.49969107,14.61574499,12.39916484
40432,18.40997169,18.13921102,21.04414902,14.51077704,15.3364964,12.55939482
6571,14.37721299,19.92009148,23.31688802,16.27354429,16.53000896,9.582254266
23817,18.12276251,21.06515279,20.40890526,16.63046808,15.72637536,8.046335996
683,20.14837094,12.73045329,14.72807105,15.16787233,12.28749496,24.93773743
20430,14.21880804,26.43302355,22.54283569,5.73781056,12.9356829,18.13183926
23972,15.20224559,22.83251164,21.95729463,12.27528014,13.94631546,13.78635254
13610,18.6043194,18.98242371,21.11096781,11.97731683,13.58175386,15.74321839
39695,20.3324265,17.84839178,20.81427148,11.56834127,14.40721839,15.02935057
20871,13.62731861,22.45248354,20.57801621,17.88753075,13.77422825,11.68042263
24467,15.95683674,20.30638836,21.01355297,15.18528317,13.24467706,14.2932617
22325,9.212204802,22.47929787,25.84141403,19.99046072,20.08478817,2.391834411
3726,17.18409038,19.10077449,19.75649371,16.3485918,12.99209931,14.61795031
2864,19.00398731,16.08755692,16.34429064,14.13298079,14.14044198,20.29074236
3256,19.00398731,16.08755692,16.34429064,14.13298079,14.14044198,20.29074236
15791,21.09962297,15.16147234,18.32641778,19.50696683,16.28314859,9.622371496
12606,14.5864303,21.62189635,18.837054,19.04549686,12.51646226,13.39266023
224,21.34332908,12.86789071,14.89684235,17.3521729,11.31009391,22.22967106
22514,16.06060926,21.00647092,20.79588159,11.07342958,12.89446827,18.16914038
31778,18.23257316,12.15191831,16.27528272,18.65420855,13.61939989,21.06661737
36766,17.53058726,19.16903285,19.73916556,19.74533263,11.20076625,12.61511545
10682,20.62566887,18.51015698,19.07117002,16.52992868,11.27898159,13.98409386
22608,15.16112211,27.46342749,22.64526002,8.485581439,13.93401902,12.31058993
22734,20.5565207,17.30590293,18.50398119,20.56216039,11.91120414,11.16023065
23690,20.5565207,17.30590293,18.50398119,20.56216039,11.91120414,11.16023065
36531,22.24718551,12.39733472,15.68134033,22.83174209,11.18567022,15.65672713
40796,12.51181071,27.01868902,24.40436215,13.80706989,14.92293737,7.335130861
16274,16.44642428,16.76684156,17.46589191,19.75534936,13.04040508,16.5250878
16679,16.44642428,16.76684156,17.46589191,19.75534936,13.04040508,16.5250878
3767,14.10482071,21.09408761,20.85081261,17.0589476,13.04061277,13.85071869
12907,21.54249848,18.29354027,17.59333603,12.26262289,11.99250975,18.31549257
6864,17.61986391,22.05702828,19.3407025,17.26524045,14.76039025,8.956774612
36357,12.75233879,24.10322253,21.8347852,18.86905211,13.95826931,8.482332056
4135,18.50228323,19.61983253,19.78206508,15.71225998,15.55301404,10.83054514
6659,13.56935872,21.17414559,17.6994344,21.84532368,14.67609842,11.03563918
13976,12.15382145,19.01181547,19.85180894,18.59186948,14.72202777,15.66865689
29459,14.2105049,21.46105079,21.51619083,18.74354342,16.24977166,7.818938392
32606,12.50927352,21.63123895,26.47662888,17.6755684,13.32024744,8.387042801
35906,17.26143563,20.3736639,18.62611737,16.93274211,11.72262207,15.08341893
40076,15.75649475,26.08830039,18.83092969,13.57621993,16.34483075,9.40322449
248,22.88960821,11.21938954,15.24736426,20.08677548,13.02427288,17.53258963
36819,20.73455599,15.10348039,18.75551404,6.456921846,18.71390881,20.23561892
8608,7.409133832,33.97048181,26.3699604,8.858523624,16.29795073,7.0939496
14517,21.62774169,17.73486824,19.33967199,11.31468202,14.69479363,15.28824244
20447,16.51309612,20.9079694,20.58685714,11.06548697,13.51372891,17.41286146
20892,16.51309612,20.9079694,20.58685714,11.06548697,13.51372891,17.41286146
32211,15.83774327,16.48930748,20.31832992,19.32964629,12.66029279,15.36468025
32693,15.83774327,16.48930748,20.31832992,19.32964629,12.66029279,15.36468025
577,17.36910653,19.98393203,21.45165975,14.88293734,13.07714439,13.23521996
6608,8.589081017,16.63248797,23.71944408,26.19691646,18.00075334,6.861317124
19429,22.74122374,20.01906261,16.21795802,8.503954257,12.68697219,19.83082918
4932,13.8178059,23.30150343,20.59305669,18.91775122,12.90976597,10.46011679
17384,10.87906435,22.17058044,23.95273385,21.85776507,15.23739837,5.902457916
31277,22.7881096,13.15824393,15.15285862,14.82867119,12.2329608,21.83915586
31739,22.7881096,13.15824393,15.15285862,14.82867119,12.2329608,21.83915586
36871,23.90140945,9.939404359,12.31321157,16.36059243,12.20076333,25.28461886
8075,18.35605632,15.80512676,18.76381105,22.85915445,12.53044804,11.68540338
20487,12.18404247,27.82128507,24.66356556,13.78382002,12.36359421,9.183692669
27507,11.70696559,19.60551739,20.50657323,17.66351855,14.71773804,15.79968721
38721,20.23207126,12.30693021,15.71836604,19.97842961,13.34370637,18.42049652
18819,17.52612794,20.16242831,22.76522552,13.20823534,18.3515075,7.986475387
19705,18.98257659,18.31977594,21.08022782,16.85708872,15.02236302,9.737967913
25781,13.69109395,24.60130527,19.57503048,15.61691096,14.26296887,12.25269048
20490,12.77436793,22.72217785,21.53850511,16.36673876,14.49353248,12.10467787
30774,22.12249177,15.3717842,16.69130796,15.13471169,12.72046552,17.95923885
16993,19.19798283,24.51603554,14.82191967,11.0369803,13.08190267,17.34517898
21066,18.11407437,22.03632485,22.27737396,8.178793529,14.04589651,15.34753679
41680,12.40293554,25.55185944,19.79789618,13.14242902,14.47822815,14.62665167
5925,20.91153431,13.59889212,16.54946871,23.1244717,12.67938621,13.13624695
15866,14.79761552,15.13543819,20.00257056,17.55931867,17.49425868,15.01079838
32132,18.29179082,13.21255607,18.87851523,20.34989561,13.64501225,15.62223003
32617,18.29179082,13.21255607,18.87851523,20.34989561,13.64501225,15.62223003
36621,19.37151069,14.85790241,18.65274247,16.38288237,13.69895273,17.03600933
5793,14.65942072,20.96993083,20.53402917,13.78806244,15.794884,14.25367284
10116,12.94778645,22.68502889,18.71007567,15.07224637,18.99617105,11.58869157
37866,16.45968433,12.74650981,17.11752618,16.26154515,16.7794181,20.63531643
40487,18.91145419,17.07071834,19.81130568,19.64080634,12.54090554,12.02480991
8208,22.16123674,14.96596409,17.27343434,17.46034915,12.97135355,15.16766214
8639,22.16123674,14.96596409,17.27343434,17.46034915,12.97135355,15.16766214
13008,14.79941519,19.33324611,22.13478033,17.76235703,14.0184195,11.95178183
19589,19.10395991,16.06279766,19.50139283,16.13612678,13.10274624,16.09297658
37222,18.25232119,21.6051832,18.41038084,14.60381869,12.35238449,14.7759116
3193,18.90057135,12.87940147,16.8938502,23.49265849,12.03739167,15.79612683
8016,17.46470248,15.03786316,19.47064755,21.42959574,10.60073154,15.99645953
8469,17.46470248,15.03786316,19.47064755,21.42959574,10.60073154,15.99645953
10590,13.14413874,22.82684871,20.71656693,15.10596825,14.92911946,13.2773579
22915,17.55773043,19.58822673,19.29130269,14.91926052,12.38343245,16.26004718
35317,12.2789556,23.18199666,17.16879074,14.80599268,19.80512257,12.75914176
37082,18.76434616,14.41512102,17.01974959,18.14503397,14.99540279,16.66034646
37336,18.47203428,15.55712426,19.64314381,19.80292638,12.10158923,14.42318205
5985,13.76337451,18.60468641,24.9437626,16.9801822,15.84745748,9.860536795
37652,13.73974657,23.47379734,22.01680011,13.29978162,15.18671382,12.28316054
4189,19.04663238,18.48591352,20.12291062,16.0341269,14.63239012,11.67802646
10375,16.36209432,19.51059169,20.2128136,13.64795825,16.11875371,14.14778843
16424,20.07880392,12.57037912,17.78094044,20.95136566,11.43383834,17.18467252
16842,20.07880392,12.57037912,17.78094044,20.95136566,11.43383834,17.18467252
23226,13.29636806,17.344108,23.55822,20.24055519,15.27312645,10.28762231
29033,12.91986727,21.77792868,19.79198787,21.85910342,15.90921485,7.741897903
3689,13.13886883,21.82017553,15.8774153,23.98698033,14.73507974,10.44148028
8214,9.210738022,28.85866955,21.41041196,21.13896029,14.77961159,4.60160859
16688,16.77794994,23.0175939,22.75212218,15.50241504,13.10411253,8.845806402
37080,22.8385939,13.19336862,17.13787856,17.00460112,15.73134595,14.09421186
20232,18.84844875,20.33277892,20.15086778,9.6038806,11.89159153,19.17243242
37097,24.08621576,12.87009079,12.59503245,9.808315175,13.13730669,27.50303914
39056,11.24642465,19.63516014,20.23385309,21.79918386,12.39902726,14.68635101
41464,18.84844875,20.33277892,20.15086778,9.6038806,11.89159153,19.17243242
22974,23.3133587,10.98385388,13.66259608,21.96266265,16.93697569,13.14055299
36081,19.7226853,17.89017967,17.18585563,19.20669341,10.62843038,15.36615562
37633,16.86166479,17.38421415,19.30461077,18.82409993,13.44685754,14.17855283
22496,9.695302332,22.84067451,23.80391297,21.3313391,17.36966737,4.959103707
37882,14.81498735,20.4071328,20.43474392,13.08042018,11.52891161,19.73380414
38207,14.99317926,18.82914611,18.98835825,21.0248899,12.89744738,13.2669791
31479,14.24398699,26.36032795,24.29979317,13.06361977,13.70398023,8.328291887
31948,14.24398699,26.36032795,24.29979317,13.06361977,13.70398023,8.328291887
40787,16.93410529,17.56850926,20.24256558,14.00792167,14.32983162,16.91706658
5385,16.84990878,15.05183174,18.90863629,16.61712678,14.68643639,17.88606003
5838,16.84990878,15.05183174,18.90863629,16.61712678,14.68643639,17.88606003
34242,22.34290771,22.50425113,16.58945744,4.147373416,14.82519247,19.59081782
799,13.35765722,19.36123214,21.27911904,14.78630873,19.43869319,11.77698968
12672,17.47572146,24.35375458,19.50390307,10.73213453,12.04037881,15.89410755
22194,18.57545909,17.34748079,20.07946943,14.91674726,16.14704393,12.93379949
5723,19.08460209,11.42450024,17.59365277,25.92382414,16.13955089,9.833869889
6108,24.48801596,16.37119779,18.01458909,7.844360923,14.90026116,18.38157508
10062,16.70449239,22.30602347,23.76238554,15.93689486,14.93312111,6.357082627
13501,11.23234301,27.17035737,19.60634282,22.10930751,15.1582471,4.723402189
19726,18.96848961,17.23125086,20.24248526,17.7465333,14.38812745,11.42311352
13527,13.33485487,19.64397964,20.64053532,18.89915606,12.8265263,14.6549478
20283,17.41989231,17.30802556,18.56272685,15.72877705,13.66879457,17.31178365
24172,20.52657953,16.395386,17.38301267,11.595924,14.24492728,19.85417054
36400,17.29588024,20.1458802,19.6778987,17.22487,11.6456247,14.00984615
36244,15.38490721,14.96386847,19.30026372,24.28113852,20.41523272,5.654589366
21589,12.70942825,23.21246877,19.6128388,13.60333005,15.70049007,15.16144406
35688,19.06175486,19.56715666,19.16975339,14.49573912,14.43671295,13.26888303
35599,25.41202165,11.85318339,12.37804941,14.4738803,12.33158371,23.55128154
24362,19.10425541,15.94009678,16.03059391,14.24203069,14.02860632,20.65441689
32129,12.72744131,21.45697624,26.45379311,17.90488349,13.33131274,8.12559312
36634,14.82977998,22.03544719,20.71611433,15.66124076,12.81428154,13.9431362
39152,18.93219195,13.71581656,17.2546414,22.06376109,14.16299612,13.87059287
15158,12.11308243,19.58905534,22.89160574,19.42232177,16.7678631,9.216071616
18096,8.533347724,31.99385205,24.20790427,10.21271947,14.63258729,10.41958919
14213,21.11978768,12.93316034,17.60079165,17.56063201,11.68571487,19.09991345
17844,13.26821401,27.32841843,17.59583191,10.24258338,14.02574561,17.53920667
6970,15.3265073,24.26537618,18.92138416,8.833635726,18.43910084,14.2139958
30940,11.21989592,20.91060514,21.4252477,19.47242942,14.96941456,12.00240726
34720,21.54512769,19.41023016,17.79370243,7.569722027,13.9107124,19.7705053
9493,19.27237994,18.97493556,17.85273135,11.80279136,12.4419192,19.6552426
34462,14.15872557,22.98998841,23.86238048,13.71070764,16.53107493,8.747122971
5138,19.5993675,16.43136377,19.34923514,17.69707722,12.61759633,14.30536005
16500,15.10321774,20.27114608,16.44288224,20.51737984,14.07808558,13.58728852
29344,19.40749251,18.82693503,20.51739725,16.68148443,11.688225,12.87846579
33387,15.27145932,20.69019891,21.20567487,18.5817206,14.34991649,9.901029809
29753,4.838691414,26.47902324,24.77330632,22.2174674,18.73983603,2.951675599
5324,21.59588932,14.76949307,18.0722043,18.55353711,11.77450325,15.23437296
13344,12.9025045,16.18835244,22.06137308,22.94496384,17.59889055,8.303915587
13519,21.75047449,11.25562573,15.09634073,20.24514811,12.71634036,18.93607058
41296,17.29721044,15.71227549,21.15565303,22.98804188,12.34788122,10.49893793
19819,13.37458112,24.84343542,16.7175651,13.39102673,15.83630322,15.8370884
25092,16.12635179,22.38102621,16.44779435,16.50683454,13.1597512,15.37824192
31010,14.84060393,18.88340321,21.0338485,18.20750764,14.7714282,12.26320852
38307,13.58628919,24.37165929,20.45208481,12.19709074,12.56149867,16.8313773
20364,19.74535728,15.1532516,18.36714719,16.39873543,13.84861203,16.48689646
20776,19.74535728,15.1532516,18.36714719,16.39873543,13.84861203,16.48689646
36216,16.72310254,20.26780276,20.68755127,13.80157905,13.03424077,15.48572361
40924,18.38483731,21.52591607,20.95658552,13.14741459,12.62748126,13.35776525
34055,11.11737568,25.62870559,17.0343809,18.91789474,16.52731863,10.77432446
35255,22.11600866,9.751161285,11.2526429,14.39272847,14.44674328,28.04071539
39565,22.46795144,17.33192255,17.63209539,11.31343146,12.22089333,19.03370584
11690,15.01237061,21.46809588,17.68601186,18.56106976,15.37547483,11.89697706
14670,14.67218825,17.32943825,21.49943111,22.02755465,14.79850201,9.672885727
14985,14.67218825,17.32943825,21.49943111,22.02755465,14.79850201,9.672885727
16523,18.86990175,17.76625154,21.11916939,20.51939664,13.62571144,8.099569247
41286,15.01332712,24.63206213,22.98967886,12.47069646,14.61237384,10.28186159
41320,18.31971383,18.37107503,19.83044317,15.70461249,13.97581919,13.79833629
25769,20.9881739,20.3066525,20.58756682,12.68555835,12.65302211,12.77902633
33556,15.35852355,34.24203819,24.17641969,3.128345049,15.90540866,7.189264865
2978,13.18863553,25.36050512,23.35165867,13.10101759,15.57691175,9.421271344
3353,13.18863553,25.36050512,23.35165867,13.10101759,15.57691175,9.421271344
22222,16.03550136,21.68590572,20.15066207,15.76931988,12.37203727,13.9865737
26086,20.90614524,12.7070496,17.79597631,21.63740498,13.80752991,13.14589396
26533,20.90614524,12.7070496,17.79597631,21.63740498,13.80752991,13.14589396
1809,10.02998359,35.23805848,21.1366084,12.65715085,19.58965599,1.348542684
2520,16.2591138,23.01208848,16.40964868,9.753254828,14.37948356,20.18641066
33283,23.24695478,15.5362221,15.81326638,11.93055785,12.55859817,20.91440073
35714,17.38968596,18.30091143,19.92483587,14.27126678,11.35399718,18.75930278
15700,17.36028871,20.27481079,19.45219094,16.39758215,12.99515099,13.51997641
24554,14.94702285,24.27248163,20.16078327,17.1847081,15.05387686,8.381127283
41178,19.89243707,20.73159276,19.04230929,10.84679441,13.0905982,16.39626827
13016,15.68239316,26.19722353,20.63849678,17.47275647,13.5530546,6.456075448
35111,21.96923969,16.61085016,17.59395744,14.25588534,12.71060524,16.85946213
37704,10.71060337,25.50012816,22.55836241,13.93367951,18.55449124,8.742735316
12473,13.85103166,21.64143369,20.05197452,18.78624564,15.62205211,10.04726237
5739,3.917893362,36.42132833,27.82501729,14.23358788,14.92369448,2.678478668
15672,13.28763768,21.2621879,24.49569482,15.79294813,17.358376,7.803155472
25072,16.45038191,29.3269544,20.19689084,10.91808202,16.79587964,6.311811186
39749,13.48404711,21.35281846,21.03795806,17.99273261,14.81227138,11.32017239
1035,18.99136413,17.97837574,19.9613062,17.5490771,11.29385972,14.22601712
20702,17.5794354,20.11930541,17.70021952,13.4221786,12.04104995,19.13781111
27171,14.97595674,20.99412595,18.90332056,18.46519585,13.92362921,12.73777169
33623,18.54781069,11.91903381,13.52823675,21.42180033,13.11820712,21.4649113
35759,18.36830338,19.97568585,20.87986388,14.07705023,14.68530875,12.0137879
36681,18.95632237,19.52888185,21.73323097,19.48487791,12.97447723,7.32220967
37048,13.47306114,23.07114799,21.03704155,13.77940865,15.02610976,13.61323091
406,21.31967321,18.97527266,19.96728091,14.07273045,15.31069211,10.35435065
12956,14.09914837,26.1723579,22.4442847,15.30199805,12.89377754,9.088433432
15623,10.94861379,21.62038451,19.76825978,19.90906841,17.24651377,10.50715973
25679,13.13388774,25.32204272,12.3788965,14.50986592,20.72226676,13.93304035
29303,14.25692125,18.49216011,21.78651455,16.26904347,15.63207093,13.56328969
30899,15.46131042,15.09723719,17.44254375,25.86086973,16.05191568,10.08612324
31896,24.03634153,15.06360312,18.16086901,16.06362024,14.11506198,12.56050413
35050,19.04663327,19.69988516,21.63455071,14.0583048,14.20211086,11.35851519
41100,24.22527722,17.48316353,18.57754439,15.77865204,14.41035798,9.525004841
41509,18.39546047,18.94660374,22.42417225,16.27328015,16.18202049,7.778462905
301,20.71333922,16.87736823,16.81881781,13.850527,12.48224571,19.25770203
4137,14.72935448,16.96470383,21.70766989,13.20126914,16.78134441,16.61565824
17629,11.92611191,18.13806976,22.77110175,20.05401594,22.16040394,4.950296693
20068,18.77442507,18.43216954,19.73109036,16.04948246,12.83564654,14.17718602
20071,8.557684539,28.40496691,22.4024947,21.11649898,15.72531598,3.793038891
40551,15.80178825,20.03859865,21.09246534,12.95027857,14.11172017,16.00514902
9756,10.69821447,30.31827566,20.07122224,17.14374106,14.06142131,7.70712526
10894,14.18315993,28.87590155,21.12202735,8.780573432,11.43402959,15.60430815
36071,14.18315993,28.87590155,21.12202735,8.780573432,11.43402959,15.60430815
40055,16.30063231,14.4801844,13.87882734,17.42495111,21.01266113,16.90274371
6429,16.13320752,17.88974213,18.08105811,15.69489614,16.42489181,15.77620429
7118,18.4472507,19.6398982,20.10761472,12.82607358,13.29656246,15.68260035
23385,16.5413529,21.11838839,20.73535072,16.42968793,12.22534655,12.94987351
29487,12.32578345,22.6067715,20.207216,20.08579686,15.78870846,8.985723728
31295,20.59943687,15.10370098,18.63493653,16.45148772,12.00057266,17.20986524
31766,20.59943687,15.10370098,18.63493653,16.45148772,12.00057266,17.20986524
35414,20.54688868,14.20958546,13.06983063,13.80339686,10.9067431,27.46355527
28299,22.15710306,24.66333575,16.71794998,5.946524655,14.70131189,15.81377466
38173,15.44645048,24.75865447,22.95198225,11.01116972,15.94653772,9.885205361
330,10.11847705,31.22693913,27.16372519,13.6857438,14.70530507,3.099809761
19545,16.72853341,28.02133195,19.45573198,11.82289927,13.58644974,10.38505365
41475,16.64454762,25.48249277,21.5254582,8.370755655,13.573435,14.40331075
9219,10.64780299,24.5717517,18.42013564,17.19869362,19.2712964,9.890319655
13663,20.56353254,13.70908328,14.57343802,18.41218621,15.46825493,17.27350503
25344,12.57718381,22.44339787,18.18229613,17.7145455,17.83186663,11.25071006
13162,16.97969897,19.10911084,20.30374986,19.52027048,12.92662693,11.16054292
36959,19.80744811,17.47599499,20.14312928,14.62581885,13.08519579,14.86241298
38419,25.55167825,16.42114186,17.69373026,11.49365819,12.01990568,16.81988575
12949,14.19967582,26.0701788,20.96518585,10.74428614,13.61282491,14.40784849
25573,19.10538904,16.61256721,19.17313137,11.95228469,17.45331491,15.70331277
37570,18.66217576,13.22808316,19.32630257,21.69962717,13.82418842,13.25962292
40530,14.55395476,21.74468079,21.36899083,12.46751824,15.51161948,14.3532359
15847,14.94955927,16.60345174,20.8579638,19.1373601,17.02053794,11.43112715
20425,15.67647165,20.27476397,20.55728509,18.87081215,13.095634,11.52503314
13051,17.12745667,23.0082997,17.8648867,16.39843646,13.02701462,12.57390585
3098,14.44671668,16.68151605,21.19179102,23.60923354,13.34390296,10.72683976
11205,7.345889701,22.8782293,24.40311301,22.30369918,16.65617203,6.41289678
24312,23.9286877,14.43880506,17.13671869,12.53538131,11.70750796,20.25289929
35145,19.99915696,18.54930401,19.16040738,13.67274688,12.93233574,15.68604904
4828,16.87711412,22.81117068,20.17366714,14.59225497,13.15187476,12.39391834
15199,21.35510675,20.43441454,20.32227615,14.99216987,12.24577576,10.65025692
8134,16.3252103,29.56037216,21.58372912,2.605174566,14.441505,15.48400886
11360,21.01552213,19.88303234,17.39382015,14.32730257,10.78753853,16.59278428
18377,11.45127349,23.82324943,22.18053395,20.46742787,17.53849545,4.539019807
32973,19.24846036,14.45254359,15.13284846,13.8104931,14.4329965,22.92265799
35469,23.3814734,14.68347959,15.61042303,13.6468862,11.41493431,21.26280347
666,22.67448738,10.39725882,13.29217632,19.9878241,12.26781371,21.38043966
10251,17.94051613,18.83058613,20.30948008,17.15804797,12.87887385,12.88249585
13732,13.34063262,27.25835034,20.17142336,15.38100793,18.23949492,5.609090824
35083,11.52080135,26.89285017,25.08734719,12.77281799,13.30181439,10.42436891
3373,18.21430369,13.31294575,15.66241198,22.32501245,13.56861317,16.91671295
16494,13.92829542,21.30070901,19.74967581,15.89229008,12.22673785,16.90229183
27464,14.98481577,19.43313189,20.64289346,19.38562295,13.35481145,12.19872448
35680,22.37034491,21.67135718,16.73807685,12.77212621,11.05236216,15.3957327
5891,11.50693322,21.17006606,21.87881546,20.49949965,14.3133464,10.63133921
10731,15.89977206,18.99724151,20.81143839,19.61090768,12.6843557,11.99628466
38126,20.74571077,16.51936957,19.57172921,15.10853305,14.89347907,13.16117834
2873,23.70477724,13.39209548,16.45074055,19.23176344,12.52851675,14.69210654
22060,17.83812513,22.3844028,18.44372196,16.4579629,14.46029081,10.41549639
767,19.51710544,16.19971384,14.97033619,12.69948461,11.3996651,25.21369483
13411,13.61406222,22.09021592,20.81336285,18.25660036,14.56262571,10.66313293
30491,15.53295997,17.16402432,20.02655773,18.02691558,13.64077783,15.60876457
38839,22.58982725,13.71615556,16.8512193,19.66155864,11.44975063,15.73148861
4385,13.10180881,22.56891813,16.28878772,19.52529537,15.39536311,13.11982685
7213,19.0779451,16.49111754,18.80831495,14.63116417,14.30846699,16.68299124
9896,14.91257722,26.42360373,19.13348281,13.72322522,16.78240343,9.024707582
22135,18.18382931,21.07910432,20.57254638,11.80214114,13.65856883,14.70381002
23640,19.75305511,15.7607544,19.61993872,21.22308408,12.0577951,11.58537258
36237,17.16803752,15.42390762,17.04184909,24.33013685,17.13649413,8.899574788
18681,20.42400409,14.23677568,16.91927763,19.67643365,12.21421599,16.52929296
19195,14.46493792,23.54873072,16.21729849,12.67770003,16.18607157,16.90526126
19941,17.8614457,20.49894476,20.29339844,13.30782257,12.73708119,15.30130734
27021,13.22048967,20.76625907,20.38474455,20.99609018,14.37454903,10.2578675
30946,12.31917287,21.92709643,23.10555804,18.76832842,13.94819153,9.931652709
20636,20.07966592,14.40239215,18.77842208,20.65665947,14.80762319,11.27523719
29621,12.46133855,25.54309064,20.32937454,18.65089271,14.46453983,8.550763726
30065,11.50696959,22.46208396,21.66762361,22.50499941,14.22085531,7.637468126
16798,16.78533772,21.62008142,21.04586812,12.96939212,12.42399537,15.15532525
24406,24.25461985,15.05164948,15.19978457,10.66601754,11.30676987,23.5211587
39602,25.29912639,16.91997308,17.08874737,10.64617738,12.2886537,17.75732208
6362,17.7970599,14.5652651,19.02579151,20.28530956,13.40708024,14.9194937
11736,14.63150625,20.71740736,21.8861357,17.52694976,15.19889189,10.03910904
30818,23.77503306,17.14044794,17.66412958,7.574631063,11.83546529,22.01029307
38375,17.83230311,22.70034433,19.84563381,7.561589431,11.58667313,20.47345619
39375,16.01314592,15.05285954,19.48071055,20.60320175,14.30756188,14.54252035
39692,13.39712818,26.91047714,23.47520046,14.79720638,13.2384035,8.181584343
41321,15.07969093,21.33874778,19.88881578,17.87510988,13.69119696,12.12643867
35773,24.64092055,12.15548178,13.83482483,12.67027053,13.15244402,23.54605828
11732,18.76701369,15.35028706,19.17006592,16.94561007,13.16955961,16.59746365
19882,10.80130422,19.33791757,23.09948036,19.04443145,18.76174819,8.955118204
20049,13.08359192,22.97541995,24.48674246,14.88249249,14.82045217,9.751300999
25635,5.834695504,20.16614538,15.53399094,17.1278262,28.66496714,12.67237484
38551,17.05281097,24.97807356,22.37428939,12.23401734,14.25054092,9.110267822
41197,21.90580344,20.74002258,19.72607693,11.73005346,12.43003433,13.46800926
2959,20.40859351,16.87485489,19.2173718,17.19489792,16.54237637,9.761905516
24252,22.2312095,12.40883289,15.17069252,16.0212487,10.72232406,23.44569233
35272,22.92311318,19.23114407,19.01778756,12.54407056,14.63730735,11.64657727
36477,21.22330071,12.00633944,13.79992841,18.1700438,12.72388043,22.0765072
11692,13.34931638,20.87917256,19.92228791,18.38587225,12.81156112,14.65178979
35975,14.22597991,19.26051519,19.93027598,20.25423947,10.92327813,15.40571132
15608,11.73528404,21.59098434,22.24463422,19.75317242,15.91375729,8.762167699
5755,8.688529672,22.04348935,22.60596753,17.20077069,24.84821008,4.613032688
34387,22.32875208,14.11821798,13.96980895,10.07723223,15.53447928,23.97150948
23680,16.49105853,20.3959986,21.43982916,17.08834179,11.42865425,13.15611767
31387,11.81758155,25.50406931,22.49975534,15.28138356,17.10884518,7.788365049
31859,11.81758155,25.50406931,22.49975534,15.28138356,17.10884518,7.788365049
35498,16.52037924,24.80806893,23.36290969,12.46980571,16.80791773,6.030918697
5037,19.92756365,15.10123247,18.02336262,21.56714486,14.99665661,10.38403979
12371,18.58161538,20.39239009,21.51599741,14.65689696,13.57008825,11.28301191
23538,20.34341866,17.23733338,19.25136158,17.53105603,15.11411375,10.5227166
31305,14.71651016,17.4002826,20.76795257,13.84751011,16.74024056,16.52750399
31775,14.71651016,17.4002826,20.76795257,13.84751011,16.74024056,16.52750399
5293,17.51624626,14.8358258,16.8490007,19.11132694,12.56489815,19.12270215
36987,17.85291634,19.9523809,20.39250735,14.21416564,13.23979419,14.34823558
2762,14.19220087,18.80924985,21.85316591,18.34843894,15.12077868,11.67616575
10967,17.00809039,19.58529681,20.91835605,16.47549571,13.85696471,12.15579633
11581,16.58628096,19.30034135,19.71788174,16.77469714,12.74775765,14.87304114
39082,18.59559417,20.00428689,19.21295237,11.27900727,11.71520871,19.19295059
1562,17.18626702,17.22176426,19.38405139,15.31822967,15.24821937,15.64146828
26117,14.51455231,18.25869708,20.25351863,17.49502219,14.8168872,14.6613226
26552,14.51455231,18.25869708,20.25351863,17.49502219,14.8168872,14.6613226
34474,24.32039309,12.82136548,12.90535938,10.98663084,11.83399608,27.13225513
23870,20.68152964,17.8701474,19.70857,13.46393177,12.83079298,15.4450282
35709,24.85979522,20.43811446,15.4653649,12.46188644,11.97156699,14.80327199
36150,16.38371255,18.15534003,20.14106987,15.12947988,12.62144575,17.56895192
332,18.51124578,19.50796438,19.18064372,12.22976186,12.48760684,18.08277742
4857,9.020247254,24.60600777,17.01476875,19.41022304,17.48079264,12.46796055
16447,18.30402039,20.49160434,21.11077968,13.55969962,11.88092833,14.65296764
24113,17.66887779,16.23755976,20.15553991,22.32819615,12.27543896,11.33438743
14853,14.20766181,26.45316146,19.86303635,15.48726388,14.20900593,9.779870575
28849,17.44085667,19.77201875,18.38957636,15.90974058,12.58609499,15.90171265
33686,20.66269231,14.90801023,11.63016473,11.33180134,13.20836348,28.2589679
38333,18.7884015,17.27364288,19.93405559,19.65179329,11.35305141,12.99905533
5591,18.67289802,18.61886193,19.84226222,14.35315472,13.97315381,14.53966932
8312,17.48002064,18.49150437,19.42938947,16.27981009,14.39397564,13.92529979
20714,13.66300736,21.9262621,21.83100816,18.74679671,13.53655727,10.29636839
29730,13.9633967,23.80624348,20.73923406,13.79256749,12.68720066,15.0113576
6319,17.43080502,29.01805685,19.46017156,8.77322984,14.30960518,11.00813154
17381,14.28405955,21.20350918,20.36697795,21.15652885,15.26806253,7.720861934
40841,12.43286333,22.27202089,25.76908314,12.77527191,17.73038811,9.020372621
41228,13.1946554,22.05361812,22.58737465,21.02868363,12.81678997,8.318878235
4489,13.48988659,19.44399721,20.12686187,17.43828493,12.0712038,17.42976561
16748,14.06408592,28.35770483,25.41199545,8.588616533,15.20467871,8.372918566
16886,15.63944899,18.38074261,15.50735784,19.56971539,14.37223151,16.53050366
32018,12.48768281,27.37807542,24.80252912,18.50261716,15.87455435,0.954541145
32510,12.48768281,27.37807542,24.80252912,18.50261716,15.87455435,0.954541145
36695,20.45825176,15.32848056,19.56956165,15.35660936,14.43107124,14.85602544
41391,12.44392617,20.74413202,24.0670568,15.63836258,14.68400429,12.42251815
10990,22.91948888,13.42370357,15.79372035,15.29659333,15.11225217,17.4542417
11830,15.08787816,19.63075803,19.0757545,17.60864819,14.19806054,14.39890058
26908,18.04597019,18.59847477,19.14335842,9.763863866,13.03140367,21.41692907
37582,22.23174088,17.73914174,18.79136309,12.58873844,12.7808636,15.86815225
16408,15.46553876,12.76068542,15.22403432,18.36994895,16.04469778,22.13509477
29343,16.63764888,20.04404069,21.48334599,16.68576598,13.60494059,11.54425787
24154,16.87203606,17.27554379,20.60068819,18.33601891,12.47035753,14.44535553
39063,15.50244165,18.25221409,20.88448106,24.52655502,11.51481893,9.319489258
9464,18.29313878,25.58062622,18.61277923,6.39328252,15.70217588,15.41799738
2639,20.15040624,15.65053105,18.32199353,21.12714499,13.08343087,11.66649332
38369,19.42008949,18.32909443,19.98889467,19.01319884,13.40077374,9.847948826
12675,15.87115464,16.13023694,22.98250778,23.30770251,14.461089,7.247309131
11045,16.15647181,16.67452145,18.29353298,15.82120242,13.85942398,19.19484737
12632,20.03328437,13.18468886,16.84323828,18.47344702,12.89744905,18.56789241
31454,19.56464242,16.96226782,19.3966676,14.23594371,12.43827084,17.40220761
31920,19.56464242,16.96226782,19.3966676,14.23594371,12.43827084,17.40220761
35115,24.4205078,14.69108357,15.05107529,12.12959378,16.45324974,17.25448981
10491,14.08571062,21.33184299,17.90026406,16.53543496,15.73763661,14.40911076
22675,20.40803205,15.60455569,18.55895205,20.57808606,11.74651914,13.10385502
27344,18.41078237,20.13599692,21.1246076,15.39707595,18.48702342,6.444513741
5251,13.31045153,27.08823534,19.23770644,12.21151224,17.64947406,10.50262039
7206,17.65439159,28.70390264,19.33729205,9.558009667,13.99677304,10.74963101
8379,20.0089301,19.41278235,21.18603716,11.60716005,14.59152458,13.19356575
8807,20.0089301,19.41278235,21.18603716,11.60716005,14.59152458,13.19356575
12032,13.96046779,24.1319572,16.44833292,15.65300888,15.91266537,13.89356784
4691,14.41534944,21.25041397,18.31115847,16.4421458,14.50910218,15.07183014
8070,18.33838434,17.46176114,19.39869412,15.29629547,11.40959825,18.09526668
8171,11.24724909,28.62701234,24.92378955,10.9805755,15.7017024,8.519671121
37208,16.10052457,22.65873038,20.32070044,13.56783661,15.45971097,11.89249703
37320,16.78155803,26.55900319,23.03582507,13.2755449,13.359411,6.988657808
37457,15.52949551,20.61573332,22.12310743,17.92333515,13.56121699,10.2471116
17761,14.64381388,21.51891588,16.14583729,19.14642114,14.33813644,14.20687537
21876,14.25183895,28.70239243,19.44671429,11.51973939,13.75001938,12.32929556
34350,9.607362244,32.98081462,20.97408912,10.55445868,14.82330173,11.05997361
8992,10.34842222,27.09646958,21.44289643,17.18679072,17.38056775,6.544853302
29358,19.35960242,13.39507165,17.89136407,20.56573346,13.65617021,15.13205819
14051,17.67952665,18.18208009,22.92093826,14.30430196,15.59464519,11.31850785
19444,13.82477134,21.42586622,20.92040869,16.74325327,14.52690775,12.55879273
20316,12.96127432,21.9288356,24.96770032,18.06779842,16.5813998,5.492991544
24604,12.94104415,21.19592279,19.2056748,17.81777772,16.87911393,11.96046661
27034,13.4087175,23.98221736,20.87931253,20.17161633,14.79517521,6.762961067
7757,11.20914813,22.48999081,24.33967114,14.10547119,19.119062,8.736656733
10724,21.27687805,11.72275091,15.04073227,25.57198679,12.81357542,13.57407656
21152,17.43107283,15.60418927,19.4362962,17.78813463,13.2907395,16.44956758
25236,12.4614838,30.35783863,22.86698302,11.20214358,16.701296,6.410254973
6157,13.13204448,18.85588312,20.5734742,17.72025189,15.93702654,13.78131976
6614,13.13204448,18.85588312,20.5734742,17.72025189,15.93702654,13.78131976
37202,23.97820164,16.31758415,14.55645847,11.45353705,13.92695717,19.76726151
10354,17.49345475,17.52514618,19.7179733,17.1564663,12.96416537,15.1427941
15900,18.84304271,16.66905245,20.36189985,20.63075516,13.12668989,10.36855994
15906,18.84304271,16.66905245,20.36189985,20.63075516,13.12668989,10.36855994
15330,18.41021646,28.99299791,19.31105505,10.32711845,15.47408949,7.48452264
15776,19.61265737,16.21819465,16.21489516,19.88599164,16.65637489,11.41188628
13280,17.8262734,19.28795913,22.2341072,14.54357745,19.44550681,6.662576015
17811,10.82624516,20.73668253,21.76545392,19.24078857,14.4572257,12.97360413
30748,15.3023369,22.15780325,19.97985355,16.66859041,12.3381746,13.55324129
37547,12.06784721,24.76252729,22.58438623,16.47276729,16.07219531,8.040276669
10816,18.29621228,13.92787722,17.01514637,21.61419788,12.65838225,16.48818399
11264,18.29621228,13.92787722,17.01514637,21.61419788,12.65838225,16.48818399
17434,19.40921882,14.14309817,19.18103825,20.1935752,14.41981378,12.65325578
37872,21.26882431,11.06782901,15.56247162,22.64053669,11.76506605,17.69527232
3240,16.68746465,14.36915186,17.66851503,24.37418988,11.31096672,15.58971185
14542,13.48044307,23.42970829,18.58856465,13.52641357,15.44153528,15.53333514
14911,13.48044307,23.42970829,18.58856465,13.52641357,15.44153528,15.53333514
23550,23.8696238,14.46649909,16.11554711,10.38915802,14.05724295,21.10192902
24471,23.09214792,18.01542563,19.59807848,10.45081182,13.27422955,15.5693066
25417,21.37773311,16.78186923,19.58673228,17.70894436,13.3713947,11.17332632
28794,19.24219019,19.17596795,17.41725674,14.83624796,10.88538998,18.44294718
5310,16.06203614,28.26059185,23.25303797,13.20527466,12.99478236,6.224277016
10702,17.58734372,9.672194867,14.70075688,32.1107402,13.72476362,12.20420071
27817,18.33359895,20.62841439,19.06881116,15.12151584,12.95952234,13.88813732
36786,18.22653276,21.72439605,22.18281948,14.29282697,12.76173638,10.81168835
37967,19.7094932,24.90566684,19.55043686,2.746582074,13.74462067,19.34320036
39414,22.88342228,11.15509443,14.4528229,22.2791829,13.98922074,15.24025674
5330,14.4556321,19.95564618,22.69628672,20.03100819,11.86262628,10.99880052
11661,18.856629,21.01133457,18.76083329,14.75107939,12.32983166,14.29029209
13239,15.4594158,18.28290117,20.58539952,15.91644296,14.35236156,15.40347898
21924,19.69986221,18.7548054,20.33350444,10.57905331,14.79334483,15.83942981
26025,11.29110487,22.56899059,22.01123739,10.82643134,19.82288954,13.47934626
28839,11.3527224,24.44719097,18.95887317,20.28295556,14.08728131,10.87097659
31386,10.68685255,21.442853,23.00292359,20.70230851,16.68046059,7.484601768
31857,10.68685255,21.442853,23.00292359,20.70230851,16.68046059,7.484601768
4473,22.01448326,14.1026656,18.93653266,18.33527131,15.14519282,11.46585435
11265,17.13200762,18.33317493,18.16355857,19.02256458,10.75205205,16.59664225
15110,14.29993807,21.7979684,19.0844282,18.29020258,12.34931215,14.17815061
23688,18.53848665,14.48178732,18.95345282,19.88002193,14.21410876,13.93214251
4661,17.55501961,19.69672747,18.74630942,13.38797403,13.60610192,17.00786756
5015,15.86855213,22.48125828,17.50321809,13.98478562,14.23935861,15.92282726
22347,14.4741529,23.87233007,17.9762154,14.4476594,15.04924313,14.18039911
26304,14.64870475,16.28467768,19.20353114,17.27256019,16.26523185,16.32529439
26740,14.64870475,16.28467768,19.20353114,17.27256019,16.26523185,16.32529439
39536,17.47375082,15.97406985,18.37855152,20.3322331,12.24006871,15.601326
12128,17.02505737,14.80586609,18.88056208,17.12165004,13.45369571,18.71316871
11637,16.30454437,17.91902546,21.22840811,17.37257825,14.28910378,12.88634003
17435,19.62604086,18.48597652,20.1883915,12.15902749,15.67006607,13.87049757
31429,24.63844733,15.21040722,18.09387841,14.91781153,13.7683083,13.3711472
8055,20.14061466,11.16931576,15.89437569,22.46543124,12.18796299,18.14229966
12573,19.21977866,21.62432993,19.88785718,14.71637016,12.40649933,12.14516473
14145,16.72921266,21.6533838,21.66337005,8.800613084,15.36231329,15.79110712
29793,18.68007171,15.21249912,19.46126225,19.3138784,13.83962582,13.49266271
34495,7.906298068,24.05508521,19.88958237,19.90861904,20.44723051,7.793184808
5392,18.9718295,12.63220379,16.08972829,19.79922105,12.04058828,20.46642908
9540,12.37804093,29.73433511,22.962155,11.29666406,13.69947277,9.929332127
15341,17.66545576,16.64471519,18.912369,17.94938959,14.28875115,14.5393193
16965,14.79345537,20.59819386,20.12908621,20.54022268,14.7629356,9.176106279
307,24.67982503,14.52875049,14.87249948,12.1236423,16.31418062,17.48110208
12968,17.10505394,23.00424726,19.22731615,11.44223745,13.0334122,16.18773299
15133,11.10095986,19.67520644,23.45576012,19.47069998,15.77895916,10.51841444
29052,17.85550315,19.64923797,14.51259878,16.26512687,13.42775732,18.2897759
38178,16.31894662,17.69004056,18.11701253,19.88854748,13.18859553,14.79685729
2724,19.92938849,14.46264383,17.49856176,21.14189717,11.12028244,15.84722631
3237,18.38559719,14.14343933,17.10333199,17.82363802,13.58087696,18.96311652
9032,15.29783659,25.43927616,19.66258402,12.27871366,16.67471975,10.64686982
20855,12.4673855,21.56383297,21.46671814,24.45629184,12.34042359,7.705347961
23144,19.35817223,20.63504783,18.842099,9.969157919,13.21103901,17.984484
23595,19.35817223,20.63504783,18.842099,9.969157919,13.21103901,17.984484
24809,20.94081291,19.81517715,17.27424729,5.574706159,12.4811898,23.91386669
25680,19.71747649,20.61242861,18.78540764,5.658958337,14.46121358,20.76451533
35149,14.71503596,30.88954096,24.96914869,11.97669811,14.3308841,3.118692178
24500,12.76461901,23.31148074,23.31656588,17.76791974,15.050583,7.78883163
27393,17.54091144,22.86059354,18.87153349,13.92985103,12.70664855,14.09046195
31104,12.3581069,23.61283952,24.58248844,17.97753478,14.38243597,7.086594393
31582,12.3581069,23.61283952,24.58248844,17.97753478,14.38243597,7.086594393
40168,20.94101798,14.46290518,18.27395502,19.72289102,14.91845307,11.68077772
15358,15.10968977,20.54051593,21.74376342,17.77859523,14.54477227,10.28266338
19397,14.21404333,18.44842274,22.28048034,16.48917147,15.54911736,13.01876476
26367,13.79193239,26.88076141,23.288633,13.36430854,14.20783115,8.466533497
26798,13.79193239,26.88076141,23.288633,13.36430854,14.20783115,8.466533497
13118,20.40627624,15.87329366,18.00775017,15.27280219,14.7794997,15.66037806
18299,20.64909893,15.85405494,16.42404716,15.91634225,11.3427127,19.81374402
25932,15.70889043,28.23075429,21.00368584,10.04119164,18.29462454,6.720853264
39876,16.1188195,19.34439698,20.42120805,15.90324798,11.77732033,16.43500716
9418,11.58513193,24.65952962,19.50858581,15.13218863,17.08978159,12.02478242
11750,21.46949324,14.47948735,18.19060402,14.08859769,16.49213933,15.27967838
12145,21.46949324,14.47948735,18.19060402,14.08859769,16.49213933,15.27967838
19291,17.65515651,7.82476465,14.78673127,26.42901599,17.20655269,16.09777889
314,18.83834793,21.498711,21.08938005,11.95015811,13.34368873,13.27971419
38149,19.78276068,12.55622912,16.67913522,19.90930047,13.77793361,17.29464089
41052,19.91255222,21.71005799,20.01767954,7.524853978,12.05305493,18.78180134
20072,13.08439829,20.60517623,20.88546495,18.90368041,14.67162541,11.84965472
30908,18.08812167,18.97053991,19.48983318,15.35577315,11.06170996,17.03402213
4096,22.09105509,24.57420782,15.39692663,12.74905832,13.79381821,11.39493393
16276,16.33422218,20.61292256,22.56287908,15.9349303,15.41151877,9.143527101
16681,16.33422218,20.61292256,22.56287908,15.9349303,15.41151877,9.143527101
30761,17.56175939,23.53416515,20.06149495,11.09737964,12.87428432,14.87091656
36862,10.20588627,32.78399446,27.36226061,12.07871369,15.36107802,2.208066954
37057,16.19130979,19.17143811,19.79915404,14.57738215,14.0092127,16.25150321
37838,8.137786164,22.1234323,24.75639275,22.43459107,15.10607408,7.441723639
8149,17.11722135,21.70242542,22.76453211,17.33884179,12.87512629,8.201853048
18198,13.84061122,20.84551653,21.41592626,20.64149189,16.08202815,7.174425952
30471,7.973733302,24.38391389,24.25142588,21.75965539,16.10039569,5.530875841
34079,14.96167767,27.8610665,21.18599972,9.955980206,13.13396806,12.90130784
5453,14.76150205,21.57310716,24.21141347,18.16050672,14.14430716,7.149163446
6558,20.2974288,12.19417567,16.34210443,14.08230925,13.85331138,23.23067047
6955,20.2974288,12.19417567,16.34210443,14.08230925,13.85331138,23.23067047
9197,15.34831732,24.76964289,17.89859466,14.39439601,15.44666207,12.14238705
22787,16.44681133,17.99488245,20.29254877,21.35354582,11.64003697,12.27217467
22820,22.15721137,16.55904765,17.98982951,15.29497142,11.49385238,16.50508767
23733,16.44681133,17.99488245,20.29254877,21.35354582,11.64003697,12.27217467
37278,15.24451881,21.60217939,20.70265535,13.69292785,17.98317751,10.77454109
10684,16.85607051,19.31360584,20.81943479,18.20187595,11.97835722,12.83065569
12489,17.29348971,18.31714888,19.16976746,18.2492051,11.93427124,15.03611761
24266,15.47440025,19.84241695,21.98751691,20.37282443,13.03356421,9.289277258
28654,11.83891799,9.023137784,16.51728781,35.57675951,24.80740428,2.236492615
35707,20.4610409,19.00750884,19.35703303,11.89754967,13.84463795,15.4322296
14064,19.11674857,14.01160018,15.77451779,22.56296278,11.93192804,16.60224264
14937,14.42876736,18.16599242,20.62942597,17.0138543,14.69217897,15.06978098
23140,14.13459255,18.96215071,21.26413823,17.46228066,14.4390806,13.73775726
29533,17.28841881,22.58361505,18.6372852,13.99033906,13.76427335,13.73606852
39684,24.13741823,18.35266704,14.9037759,9.970502029,15.04923184,17.58640496
35628,16.74806195,20.40853971,19.61694893,11.85213743,14.13213729,17.2421747
35512,17.31693708,20.32972015,21.69615023,11.72416816,12.0478292,16.88519518
13024,15.89021023,18.66742253,20.35594877,19.43227082,13.89236356,11.76178408
19375,21.60186795,17.81667144,16.45137903,11.69072944,11.86327886,20.57607328
33723,20.81280822,17.41468813,17.04865549,11.3336853,15.13275238,18.25741049
35951,20.04929429,15.48759356,17.32238184,19.06330273,12.39695877,15.6804688
39067,18.03353718,22.48141803,20.9581191,10.72839903,13.02788991,14.77063675
7353,21.29506281,15.89156343,12.79804602,4.927183122,13.25633273,31.83181189
20282,16.09527143,18.95416527,21.97367274,18.14105674,16.49104429,8.344789526
39363,18.48681302,18.50263581,19.76386446,16.56645359,12.23373536,14.44649777
4625,17.13335625,21.46847045,17.12788378,16.46882474,12.27548965,15.52597513
10200,13.31686025,18.8124477,21.45727683,16.81677781,15.83406217,13.76257524
19884,19.4669226,17.99020111,19.65309404,15.22654566,16.07451066,11.58872593
20955,15.03917387,28.73604519,20.18838564,10.80375299,13.44278574,11.78985657
13136,21.45636382,18.48035907,18.39260353,10.79260103,13.09890052,17.77917202
29282,17.63720505,20.9715433,17.50912666,17.39558424,12.98209944,13.50444131
5980,14.39712679,21.16030448,20.81827738,12.09994989,14.4865135,17.03782796
18550,19.79407336,14.96431029,18.04301064,18.04252776,14.93164554,14.2244324
33323,23.28275965,21.03823463,15.27259997,4.14655653,14.72131825,21.53853097
13461,13.69447062,21.72557716,21.39250574,13.15790297,20.85479861,9.174744886
13924,13.69447062,21.72557716,21.39250574,13.15790297,20.85479861,9.174744886
17307,22.1220549,18.35933901,19.64628105,12.14192782,13.00940846,14.72098876
17695,22.1220549,18.35933901,19.64628105,12.14192782,13.00940846,14.72098876
26997,15.75343218,16.99819737,22.03288503,21.86906175,14.88829557,8.458128101
13422,10.81704165,19.14599975,22.037794,19.29458311,14.01093338,14.69364811
19139,10.47219412,21.33342196,19.00096703,16.68482302,16.47531364,16.03328023
24480,21.85003332,10.77548265,14.29784413,20.29912284,13.37037495,19.40714211
2913,20.48806367,19.80685506,19.03971678,12.39152861,12.07766377,16.19617211
35824,13.18440977,21.83229266,24.13753128,23.85025077,14.13063563,2.864879881
38995,23.79538001,18.56526,18.9037172,8.631116151,12.76753119,17.33699545
5420,19.06003182,16.02974002,18.8481134,15.50168113,14.44237842,16.11805521
24264,14.39081144,24.05076429,23.127031,16.65254584,12.6194785,9.159368932
35895,19.45553398,8.723532019,14.40799054,30.03847162,12.99479925,14.37967259
31270,16.37428523,22.0983733,21.46898237,13.81959091,12.52410929,13.7146589
31744,16.37428523,22.0983733,21.46898237,13.81959091,12.52410929,13.7146589
36564,19.74760942,16.96467178,19.31592762,15.33354819,10.82189308,17.8163499
34150,15.60027224,17.51311628,21.47006239,15.99235101,20.36505716,9.059140918
36617,24.02795844,19.78182687,18.20038843,7.270181991,11.9501874,18.76945686
36759,27.15692183,13.96739047,16.29053907,14.18223565,13.5008684,14.90204459
8585,14.59227944,23.80508333,23.29667476,18.57492163,14.62216542,5.108875425
20180,22.68132989,16.6259484,18.90197505,14.71156421,13.19794608,13.88123637
21054,21.75753891,17.89292718,19.57841427,14.68090163,15.92104981,10.1691682
39101,18.56486361,18.3023251,19.37515795,15.36986527,15.7372075,12.65058057
27595,21.98550166,18.06461727,15.85188202,5.248378549,12.55635528,26.29326522
33173,19.94900574,11.36722928,12.71495369,20.60651129,13.03207587,22.33022413
33246,21.07271736,14.59174128,11.19764371,11.0017271,13.27221413,28.86395642
14018,19.19528625,21.5378435,18.05758106,7.195933455,15.76832313,18.2450326
19526,15.74644814,19.95646759,14.05134102,14.60824283,15.93595928,19.70154114
3494,10.6569522,23.98526955,17.77212949,18.21226731,14.70792875,14.6654527
21519,16.33297226,21.47217773,21.14417146,14.0128624,12.56200693,14.47580922
24578,21.40830839,9.379628941,14.92899651,22.08895794,12.82223915,19.37186907
13034,14.84874581,17.30989189,19.32212265,24.1872308,13.12349189,11.20851697
22405,16.39789521,19.90005028,20.53362153,14.7334517,19.31388987,9.1210914
22520,14.14750482,19.15745957,24.28896035,16.67797888,19.6853527,6.042743684
34543,21.50073343,19.24135777,19.57986966,14.43927583,13.96743444,11.27132886
37795,13.67918955,16.35184793,20.30720095,21.9782211,13.05872245,14.62481801
38298,15.7038279,21.47218447,24.47799691,19.42489269,14.0028964,4.91820164
15751,14.89624329,19.62297598,20.0754183,18.28126806,14.06909282,13.05500156
17886,16.42684725,13.74657795,16.62916045,22.33416104,20.82011473,10.04313859
20637,19.91693023,20.24893502,22.22060034,12.39883902,12.69719084,12.51750454
37957,17.26223956,20.94664794,22.52648877,17.33769934,11.8758076,10.05111679
38189,15.72635267,15.40310868,19.98631163,17.91869371,17.27332708,13.69220623
11945,15.0826793,23.75184277,20.54410696,13.9159567,11.66447178,15.0409425
12899,15.0826793,23.75184277,20.54410696,13.9159567,11.66447178,15.0409425
34704,11.78551181,31.20772435,23.28879223,12.68662179,16.5315771,4.499772717
35027,17.46337602,23.46982494,20.82910779,11.67947097,15.4418406,11.11637969
35259,21.92896223,13.46232097,14.68834535,11.6152797,13.62442047,24.68067128
14304,17.64724589,12.85009703,17.59111382,21.39088361,16.08357554,14.43708412
16703,18.75526515,17.19352846,21.95953229,16.92130215,13.17530698,11.99506497
17253,12.18072939,24.9878733,19.46415314,16.79735903,14.1687987,12.40108645
17680,12.18072939,24.9878733,19.46415314,16.79735903,14.1687987,12.40108645
27898,14.5309408,23.44862299,20.22947225,15.33676128,11.81355892,14.64064375
28316,14.5309408,23.44862299,20.22947225,15.33676128,11.81355892,14.64064375
8336,16.20573163,21.80706465,22.28682756,12.21616585,16.86573484,10.61847547
11922,10.52624614,24.82453551,21.28214433,13.24767399,17.44903049,12.67036955
15721,18.35113711,21.73620931,18.56058536,13.26034323,13.77492622,14.31679877
24582,18.04783617,12.55335465,14.99253855,22.33593963,13.85728388,18.21304713
30659,18.48861899,20.41903173,18.80544341,11.36790083,12.18139181,18.73761323
818,20.51261472,15.98500058,13.36941673,11.36739608,20.1386476,18.62692429
40391,21.34430334,16.11272221,18.25160171,17.297112,11.9155339,15.07872685
18341,11.8108862,23.76446399,20.3784433,15.79731092,19.42256592,8.826329667
20431,11.18647578,24.46800633,27.32869214,21.08255629,15.29616157,0.638107896
20858,11.18647578,24.46800633,27.32869214,21.08255629,15.29616157,0.638107896
16560,12.79452469,25.52875774,23.80626425,15.95578821,13.76773379,8.146931319
16717,15.1779517,11.82060892,16.16936144,24.79830122,12.80765825,19.22611846
8361,21.16497392,21.54643362,19.48550985,11.32435446,12.45505652,14.02367162
19603,20.52210476,17.15507781,15.12840443,11.73570057,17.15160774,18.30710469
19742,14.03475576,25.47540425,21.91356312,11.08833605,14.61765547,12.87028535
37101,24.38856043,18.81313989,17.59667983,9.388266279,12.62454642,17.18880716
5442,14.01369083,22.34486508,20.52615979,11.3643583,12.82702331,18.9239027
5892,14.01369083,22.34486508,20.52615979,11.3643583,12.82702331,18.9239027
19744,16.25119181,13.66649822,19.20298163,16.75359335,19.67099959,14.4547354
29891,13.61621103,19.85252204,21.18328371,17.64258194,15.34620296,12.35919831
39156,19.00923541,18.19889739,21.80490437,16.234465,12.9171117,11.83538612
16077,21.27972472,16.75548043,20.05395602,19.04529773,12.18318694,10.68235416
40276,20.29824126,11.72864484,16.12351882,23.26703876,11.95450791,16.62804842
2745,20.51526637,13.3347731,15.95322809,25.46348184,12.07280836,12.66044224
8725,16.75864159,21.43231243,20.29094069,9.871667305,12.85629811,18.79013988
16040,18.442171,19.32139882,19.90047714,14.73337359,12.14704749,15.45553195
24061,16.28044862,26.9940577,21.22405996,8.702479339,14.20658481,12.59236957
40401,19.35804987,17.2169487,18.609623,19.10593336,10.98531378,14.72413128
41360,26.5089795,16.47177776,16.63148781,9.26837772,10.94855077,20.17082643
38656,13.63967556,18.65647129,22.98047678,23.42311655,13.87245597,7.427803858
39336,17.92594362,11.56214996,15.98953302,23.34742744,13.43176947,17.74317651
19861,18.37344923,18.60998345,21.73897572,15.05663729,15.71818873,10.50276558
26101,13.24438519,28.43982022,23.45801181,10.15642244,12.59499662,12.10636373
26549,13.24438519,28.43982022,23.45801181,10.15642244,12.59499662,12.10636373
21393,12.4391424,22.17763692,18.14480742,15.2061926,15.99092152,16.04129914
22040,18.21267131,15.56688675,19.70043619,18.13566846,13.5788346,14.8055027
34128,14.82942469,22.98203487,19.1533912,16.43652766,16.10966765,10.48895393
5559,15.15058452,21.07420744,22.31171258,16.28740701,14.42962487,10.74646358
11085,20.29527141,13.91009746,18.19177578,20.78677869,12.30529887,14.51077778
16800,15.79544664,19.85924312,21.7132814,8.856360941,19.59899433,14.17667357
39202,19.88436082,17.55392184,20.64931252,12.72963481,16.19851037,12.98425965
5699,20.46757432,16.31101896,19.54124179,10.8482667,16.76924988,16.06264836
18753,14.85639076,20.1117232,19.72202465,16.3058364,14.94983107,14.05419391
34247,13.60324574,22.77243576,18.51158618,12.01235096,17.92282086,15.17756051
36507,15.82535195,16.82605418,18.69710693,17.93119261,11.97801631,18.74227802
36536,20.30645878,15.07035688,17.68497187,17.69186677,13.15574261,16.09060308
1095,19.66608777,17.35791993,18.28266605,16.19016999,11.82035233,16.68280393
39680,22.35391098,11.02784943,13.55063003,18.68417194,12.77243585,21.61100177
30348,17.01379373,18.35789379,19.69409667,19.7202347,11.9454164,13.26856471
37304,18.56470817,12.86746649,16.46689638,19.82176763,13.21227984,19.06688149
10042,15.4659116,22.62960054,16.65312194,15.31623802,14.40907349,15.52605442
30365,17.6757736,18.69895764,20.57869403,16.44637307,10.57340165,16.02680001
38896,21.19246769,13.37569915,16.57574409,20.24483255,13.20101212,15.41024441
39766,12.38629964,19.18077985,22.09049038,19.63109244,14.15535567,12.55598202
10846,22.31552324,13.26950637,17.47644063,20.76729498,12.56285879,13.608376
11378,15.71100685,17.44595538,20.80602854,20.95850227,14.12671916,10.95178779
20659,13.77969816,21.14776004,22.05832564,15.59924464,14.50792467,12.90704685
38427,19.40550761,19.92879182,21.2753516,17.43994866,10.64875972,11.30164059
12533,11.11570979,21.48997927,20.72365751,19.85269864,13.23115431,13.58680047
31364,14.81893562,22.40847599,24.50009762,15.23320852,15.75758022,7.281702023
31835,14.81893562,22.40847599,24.50009762,15.23320852,15.75758022,7.281702023
41701,20.23137253,16.57710446,17.51302969,14.04047662,12.53763808,19.10037862
21974,19.18126482,19.17771079,19.43806659,15.73236391,12.79655103,13.67404287
18571,21.05577675,14.53413461,17.28549838,21.35976416,14.55759383,11.20723226
8531,13.06330622,12.93258258,17.67751259,14.99092533,23.75281999,17.58285328
3589,20.57427044,14.66283553,20.38719401,18.53878836,15.63654882,10.20036283
17706,18.075901,18.33468164,18.70273021,15.27478828,13.84332224,15.76857664
4462,20.74444831,14.85418198,18.83951201,18.21354198,13.61606096,13.73225476
13273,16.6287576,15.68173707,19.74654726,18.22949639,15.0821529,14.63130879
27501,15.62620516,18.2068793,19.95916614,17.18809796,13.41167381,15.60797764
23759,20.74389644,17.63550596,19.90150461,15.71637508,11.78512251,14.2175954
19383,21.63420709,13.21651884,16.37130014,17.13600223,13.88443323,17.75753847
5091,14.91590703,22.62188886,21.54249559,12.31498775,13.68928,14.91544078
13575,19.67531828,16.05193923,17.92189262,17.53201262,14.38348845,14.43534879
24096,16.87674692,21.82315718,18.61108063,9.326566968,13.46036449,19.90208382
1092,15.68763419,17.2740858,18.93883056,19.89853549,14.61210828,13.58880567
29661,13.34958258,22.52263131,21.95414805,20.08677243,14.32832795,7.758537674
1895,17.30904081,17.84944823,20.07479999,17.9645642,11.84690886,14.95523792
24031,14.97977562,20.27363257,20.23900557,17.18285344,12.98224132,14.34249148
23961,22.88670344,15.61327948,18.06023743,17.74274684,13.01553574,12.68149707
13771,22.09900958,8.696817472,14.0360795,24.76905647,13.80834486,16.59069211
23990,22.77638429,12.70476846,15.59794203,15.53331151,13.6025676,19.78502611
7863,12.83295946,19.93366333,20.6095762,17.03008811,16.05145748,13.54225542
22461,18.13558106,20.78584227,20.0434484,13.83094452,11.37982492,15.82435882
4603,19.68379682,16.60967816,19.50845331,18.05669596,11.94567553,14.19570023
11722,17.78274315,21.66350432,20.05403243,9.900996369,13.30633112,17.29239261
15264,17.9660207,13.33248365,18.75681133,19.86708588,13.9804148,16.09718364
27291,19.39464524,19.06706788,17.31791021,12.70306641,11.26005632,20.25725394
2040,17.68737708,16.66608613,21.04957348,19.62003533,12.47868123,12.49824675
12314,16.94616675,16.66018175,17.57026396,21.01024414,10.80806843,17.00507496
24547,19.82367107,11.89859109,15.11909081,18.0085335,13.23170689,21.91840664
22622,11.56978282,25.65936495,22.47247509,20.06239234,13.35537322,6.880611571
29375,18.74252048,20.15372433,20.18078794,15.17025652,11.5513286,14.20138214
27873,18.83348799,14.07703674,17.52551043,20.28223308,13.26421512,16.01751664
28301,18.83348799,14.07703674,17.52551043,20.28223308,13.26421512,16.01751664
33012,13.67157406,25.84666594,22.00301531,14.8321542,14.92689454,8.719695952
16904,21.87927145,18.36960585,20.8854302,14.33080206,14.2613025,10.27358795
17346,21.87927145,18.36960585,20.8854302,14.33080206,14.2613025,10.27358795
19382,10.23397378,21.22044472,23.05607185,11.47494739,19.66128936,14.3532729
1262,20.43736091,13.44336651,17.96959534,20.66040469,12.63512666,14.8541459
21580,5.235712108,22.11968851,22.44330914,22.15225494,19.48982969,8.559205608
25469,18.40593488,16.47963484,15.30338941,14.09377115,17.91040771,17.80686201
10820,18.61493689,12.01062032,14.4985605,22.97776694,10.48675644,21.41135891
15238,18.37465629,15.76207342,20.39787586,17.81475062,13.56925396,14.08138985
21496,13.18387915,23.03824635,21.98848191,15.78066183,13.34880315,12.65992761
3261,16.45545863,22.6140145,22.21977345,12.02842078,16.59751359,10.08481906
22059,17.88297752,19.76906559,19.4490604,9.651551257,13.77834314,19.46900209
15878,17.52857111,20.07704185,19.38183224,13.43915131,12.84990394,16.72349955
9037,18.50022617,18.13041429,16.98599436,15.52642871,14.30014074,16.55679572
9454,18.50022617,18.13041429,16.98599436,15.52642871,14.30014074,16.55679572
17373,15.04214149,15.71783501,20.4432144,18.0908829,14.65820622,16.04771998
9743,15.15925286,19.7897285,19.93908332,17.41172323,12.20705056,15.49316154
25317,8.027282866,27.2485486,24.11358188,12.63202826,22.04927607,5.929282321
40511,21.05519349,13.21872477,15.56873577,15.51914843,13.64491143,20.99328611
5130,23.56739693,16.7837712,17.63296736,16.82960745,13.55681822,11.62943884
21826,20.74907094,18.07381025,19.86241795,15.65719631,11.84611818,13.81138638
3945,17.65942543,15.80274218,20.61653778,16.74562108,13.95848088,15.21719266
9811,21.32328368,16.06543766,20.04602319,16.29746974,12.47558751,13.79219821
17391,17.42504627,16.49687308,19.43373887,18.42750915,12.39427002,15.8225626
13938,23.01450784,19.60732516,15.80219881,7.172709018,12.99921,21.40404918
14456,19.22429721,13.38407361,18.39067185,19.5869943,14.58292953,14.8310335
5585,14.24249679,16.51254131,18.8490448,20.33589541,13.23111347,16.82890823
32444,24.27195524,16.52181339,19.34011703,13.60438553,13.45254189,12.80918692
32864,24.27195524,16.52181339,19.34011703,13.60438553,13.45254189,12.80918692
28918,19.12502411,16.38072209,20.07817716,18.89362064,10.89533665,14.62711935
16253,23.14127331,15.22657,16.38387785,14.46199768,12.78077292,18.00550823
5481,16.16495894,15.82684293,18.99996694,24.93486843,13.37804062,10.69532213
14578,14.57700573,18.45764409,21.11128507,18.21874792,14.18317632,13.45214086
13708,21.14232431,16.43122346,18.12169158,12.40032466,14.50788954,17.39654645
15917,16.45004732,17.92505692,17.52610337,21.07584115,14.35541795,12.66753329
24878,18.42535748,17.22573934,19.36489478,12.28628478,17.55995,15.13777361
22588,15.26388161,26.6534386,20.26762755,10.79470527,14.91188443,12.10846253
916,19.72835155,13.90918036,17.14035297,18.22981324,14.39647283,16.59582905
33935,15.42342587,26.98185467,21.39672873,13.98094667,14.4695343,7.747509765
25020,17.97161039,18.70650903,19.12160127,17.35561512,13.20370271,13.64096148
22587,21.04168679,19.91441873,21.04932965,11.23587383,13.20513974,13.55355127
19910,21.58932501,10.76178011,14.19320888,19.12128972,16.30452706,18.02986923
15644,19.72731828,13.66886111,17.26886232,21.12551169,12.21274798,15.99669862
33709,21.5224449,17.96063285,18.28337174,14.18626047,15.2075847,12.83970534
29042,16.99885096,18.8105259,20.37464852,17.84705349,12.51380204,13.45511909
15086,14.48597444,16.5014871,20.05458092,17.73354429,15.11085569,16.11355756
40199,17.71344279,15.36194819,17.91247785,19.14911387,10.88443758,18.97857972
29706,15.30005011,13.4163564,18.09727633,20.59070207,15.40657403,17.18904106
6202,17.90404946,17.06938002,20.38929787,19.38415728,12.98912692,12.26398845
6731,17.00250696,20.90677771,22.07462081,17.98928108,14.6876652,7.339148239
22201,16.52233212,20.97877574,18.81185627,15.77420835,10.87684217,17.03598535
20976,15.14043383,21.1316176,20.9715178,18.08698556,11.90120403,12.76824118
19990,18.19742151,13.16887337,16.12291411,21.6533636,11.95519888,18.90222853
10148,15.17225604,20.89564274,19.35398509,9.880996333,13.02844638,21.66867342
36037,17.99785792,15.7002391,16.05467048,20.78115754,11.40228708,18.06378787
3947,15.53079326,15.17730754,18.8644578,18.9623339,13.67040619,17.79470131
1427,15.87441218,21.21341516,19.34609773,14.08016323,11.53119134,17.95472036
20891,18.54336533,14.46911502,15.28732158,11.8007712,14.89186878,25.0075581
24755,18.63037238,16.27943765,15.05267318,14.01423376,18.05508986,17.96819317
17179,18.9976485,22.78132068,20.32984871,8.288631974,12.80184577,16.80070436
18104,18.9976485,22.78132068,20.32984871,8.288631974,12.80184577,16.80070436
12646,21.16336457,18.03452573,19.51424664,10.89101146,13.7457167,16.65113491
1320,13.86329989,20.70241828,20.69949818,19.40095997,12.62360426,12.71021943
15106,16.49669056,12.1132352,17.28173998,22.13731578,17.11002766,14.86099083
36330,19.65651409,10.43805031,14.9359892,25.90156042,11.39788297,17.67000302
3718,18.3111036,17.06486776,19.43635979,16.72487337,11.81386908,16.64892639
3727,17.52208787,15.79698761,19.85948648,15.42788723,14.76687742,16.62667338
26124,18.52653613,18.01548881,19.03240654,17.65954151,10.66091158,16.10511544
26561,18.52653613,18.01548881,19.03240654,17.65954151,10.66091158,16.10511544
39927,23.65457384,15.72258963,15.9301896,9.607512327,13.05969854,22.02543606
22504,15.82113587,20.68492691,20.55544849,14.53087221,12.91736494,15.49025158
36359,12.45998649,20.27493384,22.22607709,22.69666509,12.77226095,9.570076551
40458,23.48598288,13.26413657,14.7108935,15.41555387,11.09994522,22.02348797
15256,19.95703067,17.8985127,19.28617877,13.74177544,12.83800114,16.27850129
27197,23.51748734,10.61578382,14.21334762,20.64697809,12.0155147,18.99088843
31251,12.34755262,21.50626346,22.16520926,19.87317911,12.72351035,11.3842852
31726,12.34755262,21.50626346,22.16520926,19.87317911,12.72351035,11.3842852
33557,20.15899015,14.51767518,18.44562782,11.97555122,19.55467379,15.34748184
15442,19.05627603,15.28286441,17.75935168,16.90477488,15.03757654,15.95915646
29592,17.82370307,16.87061564,20.21923679,19.23736579,12.64951894,13.19955978
7078,23.26232722,14.51974324,16.90110021,19.87715205,12.74982911,12.68984818
10257,19.17595374,14.91874961,18.22997308,18.21680819,12.30372981,17.15478557
5053,18.11942778,21.76063035,20.88301799,14.63224266,12.76508297,11.83959825
24007,17.89917323,23.70526036,22.98176796,12.95955529,12.14948775,10.30475541
23449,19.17165891,15.83929322,13.65393006,15.06624339,11.34232462,24.92654979
32321,10.92331877,27.79954016,22.64952197,16.76733776,13.60824561,8.252035729
32790,10.92331877,27.79954016,22.64952197,16.76733776,13.60824561,8.252035729
21129,16.66944587,21.09800295,21.27521265,13.53916199,12.41708724,15.00108931
28896,19.90401411,15.04146697,18.35227871,20.27860967,12.31714382,14.10648672
11441,23.6050686,11.86342526,10.52312461,11.29560091,17.64566328,25.06711733
13749,22.49768201,16.87433921,15.9974237,8.604322961,12.42292606,23.60330606
29119,16.22741153,15.872221,16.14850192,18.28577241,13.83908644,19.6270067
5226,18.26237751,20.68793983,19.86207272,11.00036322,14.20911745,15.97812928
19321,22.06753299,12.91644881,16.76960418,18.04561025,14.89853317,15.3022706
4090,16.5049499,22.31647194,20.61755458,13.44111747,13.86074516,13.25916095
13042,19.88291576,11.18845984,15.98709301,21.71445532,12.0579943,19.16908177
17904,15.65727725,19.41526543,21.55966377,17.51433662,14.31862056,11.53483637
23098,24.22178957,11.33649101,11.97104476,12.82672282,12.6083724,27.03557944
14675,13.68183,15.40476735,15.98393329,17.33657641,17.24615439,20.34673855
34534,24.15535822,15.64832631,18.13125243,16.44616386,15.59942839,10.01947079
35974,18.52646637,13.73334975,15.23288346,21.95256556,10.55057451,20.00416035
21707,16.25410841,18.87625388,19.51276208,18.33858505,20.91472863,6.103561954
19112,20.28064502,13.71501008,16.60372002,18.08179132,13.03763345,18.28120012
735,22.37861411,15.12789592,14.95282397,11.32976761,15.96621148,20.24468691
1890,22.43871904,17.70635282,18.95245591,12.70792106,13.64711126,14.54743992
21058,16.77444096,19.75160584,20.79702247,12.69659826,14.71399193,15.26634055
13079,22.08132719,9.60147197,15.00456849,21.83228941,14.8982736,16.58206935
39198,13.23365723,12.98538001,16.99040653,24.55118355,14.0228404,18.21653229
14101,19.93735705,12.99733139,15.884322,17.61319211,11.28163206,22.28616538
3723,15.80648263,17.9421259,20.37086854,18.77019932,13.91024256,13.20008105
1681,16.2817594,15.01511471,18.65902944,20.25140061,12.45212347,17.34057237
21072,20.50070312,17.10961424,18.64680701,15.55691893,12.48611363,15.69984307
35910,18.36186153,13.66166436,16.31426403,20.55007845,10.99148884,20.12064279
38865,21.67511602,8.637042951,13.45582966,25.19431168,11.72705125,19.31064845
22659,18.6924392,16.17686719,20.30808703,16.38799568,14.99774271,13.43686819
34050,23.32478196,14.65754028,18.15094583,11.98426793,18.57444976,13.30801424
40086,23.06141478,16.92833896,16.5270979,9.248683357,12.28715644,21.94730856
16316,26.17052973,10.72638375,11.76574219,15.46179175,13.32735954,22.54819303
23026,22.45942624,14.95633509,17.6954234,17.85462158,13.18452374,13.84966994
28053,16.04088393,18.26464682,18.67927345,15.23010031,11.49081489,20.29428061
28451,16.04088393,18.26464682,18.67927345,15.23010031,11.49081489,20.29428061
3686,19.11685803,19.05992294,20.7534548,11.80119302,14.30766961,14.96090161
7310,17.82621826,14.99486218,18.16232624,17.69995686,15.34451863,15.97211782
14124,21.47088105,15.05045305,16.98372097,13.72046143,13.54285557,19.23162793
4177,22.52377153,17.05681559,18.61620469,13.44385933,14.04611289,14.31323597
15225,17.94755954,17.61203622,19.5533817,14.20876308,13.48781038,17.19044907
13843,15.16199756,16.14813886,20.46861762,25.51647849,13.61982301,9.084944455
14283,15.16199756,16.14813886,20.46861762,25.51647849,13.61982301,9.084944455
19448,24.28373778,13.8715571,14.07845858,11.92260277,17.32090691,18.52273686
25814,23.56130213,15.4190822,17.3760807,12.13126482,18.32360077,13.18866938
22139,19.67383172,19.47309667,19.95745939,12.4007647,12.13796474,16.35688278
11643,19.95054272,11.59623767,16.37242192,23.14659436,13.09393225,15.84027108
12066,19.95054272,11.59623767,16.37242192,23.14659436,13.09393225,15.84027108
9393,16.69936095,19.32880698,22.25741568,16.25964076,15.759042,9.695733642
1445,18.02517445,20.46270037,20.49548992,14.52692316,10.93686711,15.55284499
2107,19.0271234,19.76383896,20.10708433,9.926775141,12.22412689,18.95105128
2593,20.82886682,22.29574921,18.82823281,8.75121759,11.53464882,17.76128475
13287,19.07206971,10.38803195,15.00177613,18.81079455,15.20669835,21.52062931
2067,18.85335647,17.71845516,19.2133371,17.39934778,11.37064868,15.4448548
21609,17.64592324,13.92899082,17.83126981,12.39603491,17.88191124,20.31586997
13792,21.8213153,14.7410441,12.97184497,10.39061745,13.82016878,26.2550094
14207,21.8213153,14.7410441,12.97184497,10.39061745,13.82016878,26.2550094
33389,12.6514458,22.56464982,23.16122634,18.2463536,12.048633,11.32769144
11791,21.80729839,14.03364951,15.05049898,17.65327246,16.47100528,14.98427537
16837,18.44163244,14.09343537,18.08100142,19.28701364,14.46887536,15.62804176
23962,20.43052299,14.73790178,15.94342022,14.99734996,10.66642665,23.2243784
25898,17.84933058,22.11189155,18.63534996,9.570175617,13.21652892,18.61672337
26396,22.29963714,11.3929916,15.85688509,21.47025273,12.554282,16.42595145
26814,22.29963714,11.3929916,15.85688509,21.47025273,12.554282,16.42595145
33250,18.21339365,16.3523271,20.1454511,15.87168731,19.68535914,9.731781693
29320,18.86941006,15.05913537,19.61484933,19.22236546,17.96614599,9.268093784
28961,18.87691614,17.5485217,18.85174093,14.96642241,13.36076266,16.39563616
39824,19.45130049,14.83453518,18.15968639,21.94223173,12.43571422,13.17653199
37502,23.596897,13.39911366,11.48661535,6.967632175,15.69826728,28.85147454
4713,19.39487939,16.2275459,17.06508351,12.79851126,16.10674992,18.40723001
17043,18.10707052,15.54692357,19.82254114,17.69831681,13.88426024,14.94088773
41560,18.37269793,16.21257073,16.37307069,14.42926329,13.3225691,21.28982826
7481,17.23416196,15.76179038,20.72759415,16.57446831,17.12849616,12.57348903
18153,20.43270496,16.36385824,17.97563608,13.64591502,14.11030194,17.47158376
3332,21.88457353,14.35442769,14.56300581,15.27817949,14.64439782,19.27541565
8905,16.38397954,22.53763373,21.74855763,15.15432154,13.51690125,10.65860631
4001,18.96960751,19.75629686,20.78582425,15.12451404,12.3374557,13.02630164
2553,21.04765629,11.73187524,16.93489625,19.73601176,14.59139414,15.95816632
8980,16.1119544,19.62950228,22.40138827,15.16205706,14.36376243,12.33133556
4960,21.97943504,17.13897708,17.68114878,10.86465051,12.51028291,19.82550568
26338,18.84992488,11.61991569,14.52522328,20.86264308,11.86045221,22.28184085
26759,18.84992488,11.61991569,14.52522328,20.86264308,11.86045221,22.28184085
5013,21.77436538,15.33576196,19.43315056,19.39702309,11.60965895,12.45004006
1939,19.25960685,13.58158884,17.83602839,20.61813888,14.80182155,13.90281549
4571,20.61239121,17.88443934,19.62439193,10.64590943,13.42842415,17.80444393
2329,19.33540958,15.1969026,18.15357426,18.53643227,12.17086527,16.60681601
14306,24.00229659,12.72414189,14.41391839,10.97323328,14.10038641,23.78602344
18303,19.47350049,15.68736612,18.86791796,17.69920354,12.17950931,16.09250258
6318,16.06163321,20.69788226,21.21926005,13.52437965,13.27999601,15.21684882
6746,16.06163321,20.69788226,21.21926005,13.52437965,13.27999601,15.21684882
8564,18.62969985,21.12642918,20.1730158,4.923943065,13.8906526,21.2562595
16309,17.58037059,10.72397951,15.98979213,24.18129563,13.87581594,17.6487462
41061,21.50997065,16.32743098,17.32349721,12.72360708,13.38693007,18.72856403
16712,17.21273017,10.99915359,16.37374383,23.91581437,14.21809661,17.28046142
26377,20.62156022,19.80054342,17.65987376,9.541479851,12.56872791,19.80781483
26800,20.62156022,19.80054342,17.65987376,9.541479851,12.56872791,19.80781483
34144,23.92261958,16.11047646,17.06405444,16.02734713,12.92842102,13.94708137
32171,22.22593855,15.84795789,18.43351244,16.61954706,10.06147326,16.8115708
32651,22.22593855,15.84795789,18.43351244,16.61954706,10.06147326,16.8115708
25112,13.49012694,25.54606182,21.92326233,11.6838486,14.41782096,12.93887936
2247,17.67924742,21.42550142,21.34809656,14.02294936,12.46457753,13.05962771
9943,16.77126571,22.69817014,21.32484958,12.37217091,12.25742563,14.57611804
16320,16.32550454,14.10628383,17.95872324,19.30191718,12.24745324,20.06011796
40149,19.80273596,15.14896736,17.13437842,15.60853125,13.36418378,18.94120323
11448,18.89506129,15.0098231,16.90046092,20.07159754,19.60892932,9.514127825
27967,13.18663663,24.59563242,19.51910944,11.41007233,12.66363691,18.62491227
28386,13.18663663,24.59563242,19.51910944,11.41007233,12.66363691,18.62491227
33635,17.80676419,12.59329727,17.3091314,20.41855758,15.17208446,16.7001651
11598,12.37270443,22.09371136,21.57180184,17.67675643,13.3649745,12.92005143
12051,12.37270443,22.09371136,21.57180184,17.67675643,13.3649745,12.92005143
13070,23.46682324,14.31637617,15.24918965,17.14177358,10.73905886,19.0867785
4680,20.80453828,14.67011004,18.31661934,19.44064859,13.59501031,13.17307344
23087,6.947271765,27.55469607,25.82027661,22.07244891,14.74057307,2.864733569
15375,16.96432559,15.56318624,19.18575336,18.05056704,13.78175252,16.45441525
33970,20.06220457,13.69503207,18.56283755,17.73988091,15.95553036,13.98451454
24541,22.80793117,13.41005517,13.89493571,13.344625,11.71188393,24.83056902
26183,16.83627339,10.15356413,16.13159792,21.30887752,13.79342473,21.77626231
26619,16.83627339,10.15356413,16.13159792,21.30887752,13.79342473,21.77626231
16956,22.84968201,18.52413391,19.16722302,14.990898,11.01549004,13.45257303
3397,5.846050575,27.59127332,27.7388375,14.80430221,22.3683044,1.651232
9484,16.88164228,18.51520981,20.00912327,12.7203676,16.59088975,15.28276728
21271,19.2185448,19.58101345,20.29526495,13.41513381,12.2931376,15.19690539
28090,19.41577641,14.84275731,18.73633802,20.05054974,11.36019214,15.59438639
28489,19.41577641,14.84275731,18.73633802,20.05054974,11.36019214,15.59438639
29093,14.25959389,18.68032946,21.84129016,19.9400179,13.52042038,11.75834822
289,13.15122412,25.99758699,24.77250696,11.27770376,13.63396083,11.16701734
3596,16.46604667,21.32954264,20.33141224,13.9362807,14.1603157,13.77640205
40623,13.17734855,18.34754534,14.33786054,14.72496225,24.92148748,14.49079585
12367,18.88386767,12.73027991,15.79832559,24.07578651,10.11483371,18.39690661
7311,21.27386863,15.31904071,17.03375918,16.7730415,15.42866329,14.17162669
9604,20.3215248,17.63529368,18.51081731,13.20245475,15.64378513,14.68612433
9512,22.12514789,18.3344359,18.16981201,13.00617704,14.61576722,13.74865994
1824,21.83480306,13.26298136,17.46944751,19.16177809,13.56000609,14.71098389
34184,21.41182607,13.4914542,15.61940944,17.92649351,13.44765317,18.1031636
10230,19.18204723,18.67934187,18.96852309,12.29225198,13.51588058,17.36195525
7425,20.35863067,15.81909225,19.65648118,15.96265982,15.08989917,13.11323691
4101,15.72617793,19.10729009,22.16443861,13.13131922,16.93308939,12.93768475
10199,19.77728475,13.46535196,16.70134392,22.02445691,12.54876463,15.48279781
29879,13.21698306,18.79445884,22.53836698,22.23680592,14.53861109,8.674774104
34698,19.21518516,15.83690107,18.77960337,18.52535644,17.51785355,10.1251004
9716,21.3750831,18.06363149,19.48558951,7.53550016,12.97375267,20.56644306
6419,14.54021406,19.37054342,21.27927242,14.62732196,14.06096455,16.12168359
15410,19.88883174,15.31605115,17.46614969,14.69119889,12.26232976,20.37543877
15542,19.88883174,15.31605115,17.46614969,14.69119889,12.26232976,20.37543877
22159,19.0003628,16.47912357,19.76455761,18.90370424,12.27605986,13.57619192
13571,22.64863928,14.23863538,13.30268113,13.82679567,12.04136672,23.94188182
38050,17.12719564,19.05423501,21.20710103,16.82483115,15.69674462,10.08989256
33039,19.87549611,12.39619824,17.2572657,17.87583514,16.12151552,16.47368928
10132,20.56017293,13.05057941,15.17668484,16.55473276,15.2444058,19.41342425
21179,17.07002107,19.94719996,19.68808879,9.211917986,14.13027281,19.95249938
27031,18.01994105,12.95195611,17.90281537,22.31411763,11.73670804,17.0744618
30498,15.85854435,19.79794037,20.41938287,17.14316016,11.45347581,15.32749643
1318,21.8818062,12.90145758,18.27690845,19.67070454,14.1873195,13.08180372
1864,19.21521249,14.65574457,15.28760249,19.19340846,13.74946052,17.89857148
22652,20.94709776,18.18440759,19.10052702,11.85403878,13.56805645,16.3458724
12089,19.45213839,12.60610721,16.28041893,21.9315801,12.17876932,17.55098605
16944,12.87573994,17.03428593,22.56558043,19.38479533,15.63250832,12.50709005
22554,13.73648296,19.53198866,19.93665438,18.43133961,12.09136733,16.27216706
24466,21.74006936,14.50173299,15.04868514,16.56984738,11.29262794,20.84703721
33692,19.69035074,15.93625045,18.35888657,12.53754898,18.63331258,14.84365066
33761,23.80457358,15.99663667,16.75398469,14.02865437,18.10661873,11.30953196
7747,14.45401464,20.28384232,21.0892928,11.8654073,16.19252735,16.11491558
1625,21.5158393,20.27400985,17.90080393,9.873340417,12.33166733,18.10433917
14731,17.27094554,15.52818508,17.95174922,21.03349006,16.02621234,12.18941776
405,21.95221757,14.05555871,15.52020062,11.0734938,14.28518143,23.11334787
696,21.24345558,17.49233826,19.6734347,11.03083895,13.38232518,17.17760734
25912,18.40476225,20.3760892,18.75590422,9.860906981,14.69635503,17.90598232
9878,17.3867194,16.88155781,19.65886457,16.93446617,12.50104776,16.6373443
33244,21.79088142,14.46078423,16.32026947,14.46364313,16.28804943,16.67637232
6206,19.24280081,14.2348849,17.89274978,19.76043684,11.91766503,16.95146264
6649,19.24280081,14.2348849,17.89274978,19.76043684,11.91766503,16.95146264
14921,16.63543131,17.10879033,19.09532604,21.70182962,14.32209337,11.13652932
22753,16.98234966,14.88219996,18.27502187,19.70434239,13.85351972,16.3025664
18344,15.87611529,15.45935578,18.9634852,17.59031292,14.05524147,18.05548935
17820,21.99079105,17.94878932,18.38094322,11.30331793,11.48922015,18.88693834
14777,17.3956544,14.54946375,18.10161808,18.85588283,13.06931507,18.02806587
35896,24.66479373,8.885444411,12.09511793,20.63688001,15.47055281,18.24721112
38497,16.73459811,16.34481768,18.81794106,23.17083757,10.76208509,14.16972049
4612,18.51452249,15.77303855,18.50306381,18.75946064,13.50807042,14.94184409
28901,16.47991735,19.38486746,20.46101666,14.75887335,11.81059281,17.10473236
7451,12.08949391,20.70688343,24.03184211,17.98122686,15.77556166,9.414992035
1850,20.99755686,18.682549,18.46864425,9.251123435,15.83110544,16.76902102
21746,13.15422979,18.17846537,20.31102206,18.09356828,14.36968356,15.89303094
1011,23.75892485,16.60459616,17.69133468,13.42095365,13.12005598,15.40413467
9827,16.9938166,20.00039647,22.14569742,14.26533989,13.97162346,12.62312618
23566,18.34825593,22.60397201,20.30005474,5.922982004,16.01215671,16.8125786
18861,14.59606957,19.94952853,22.93412041,23.01335445,13.79172937,5.715197671
13804,19.68799774,14.05152601,14.27392067,14.93277436,12.85489093,24.19889029
14225,19.68799774,14.05152601,14.27392067,14.93277436,12.85489093,24.19889029
24296,19.85169819,13.34622511,17.29098106,21.97769142,12.00196993,15.53143431
21283,17.06569389,20.29241328,20.20421596,15.07264674,13.29666676,14.06836336
22591,18.56093931,15.32174463,18.15304237,12.35338921,13.83991028,21.7709742
27127,21.19332518,16.18217373,17.71278371,18.68761423,9.862699466,16.36140368
16409,23.82894918,15.78298804,16.91345616,11.24624845,13.45701205,18.77134612
20962,18.74352163,17.94546775,19.85172623,17.76136389,12.90544312,12.79247738
21776,23.98242086,19.32278098,15.58155256,7.380817203,14.26818941,19.46423899
36895,19.5702626,13.95101085,16.86880341,20.74429706,13.89010044,14.97552564
29536,13.21437662,17.62277337,15.58551072,15.85200818,28.46902079,9.256310322
32048,19.93890155,13.25065174,17.00354473,20.12096949,11.255818,18.43011449
32530,19.93890155,13.25065174,17.00354473,20.12096949,11.255818,18.43011449
32243,16.68393328,10.91147961,15.79980983,20.81236506,13.44658103,22.3458312
32716,16.68393328,10.91147961,15.79980983,20.81236506,13.44658103,22.3458312
8960,21.71893657,13.8758402,19.0713829,17.73587859,12.47043421,15.12752753
2365,22.12967275,15.24757863,18.22708539,14.6335222,14.86377988,14.89836116
28046,16.45782731,16.3638731,21.9269862,19.05888359,14.20686639,11.9855634
28455,16.45782731,16.3638731,21.9269862,19.05888359,14.20686639,11.9855634
8308,20.66923849,9.776975301,12.48431827,23.8411784,11.65247494,21.5758146
8729,20.66923849,9.776975301,12.48431827,23.8411784,11.65247494,21.5758146
11272,17.46281605,10.89576559,14.66302567,25.49887056,11.0601575,20.41936463
2160,21.12968578,17.76183671,18.40203547,16.04103269,11.43896671,15.22644265
36723,18.79921892,13.55113813,13.94186789,14.01687713,12.41462342,27.27627451
4170,13.25018297,22.61563347,20.45005364,14.01622106,14.05265851,15.61525035
12262,20.7600048,12.91916613,17.1020216,20.23690589,11.93233059,17.049571
28097,18.54743955,12.20741634,16.0955112,18.69889345,15.16413884,19.28660062
28499,18.54743955,12.20741634,16.0955112,18.69889345,15.16413884,19.28660062
33102,12.50451365,20.60666278,22.58466217,16.50151979,18.51109814,9.291543462
29013,16.13444453,20.06544885,21.37262771,20.27322673,11.59097042,10.56328177
4193,11.73662422,18.9860255,21.83185979,20.28979391,14.55922044,12.59647613
33846,18.02045333,11.8750157,16.07493739,20.09135688,17.00530929,16.93292741
5835,19.3594994,13.3902874,14.23145952,14.86117802,12.6534064,25.50416927
7744,7.229716955,26.64400543,23.46557094,22.84232997,17.05580712,2.762569588
29937,20.45996152,11.41080304,12.45376096,19.62747361,12.02133213,24.02666873
17801,13.21203872,16.8609862,21.50876825,20.9431052,15.49988909,11.97521254
6014,17.30189482,11.79668559,14.90461177,27.1141945,13.33928746,15.54332587
4995,26.19539307,19.94484565,19.32897405,5.421919902,11.81284637,17.29602096
4926,22.49296971,16.28853428,19.55153747,14.04185456,13.83966521,13.78543877
24563,14.38292722,26.97909014,25.09171202,13.19256022,14.81269294,5.54101746
4613,17.1402624,20.50125419,22.70217631,15.06943714,13.73160008,10.85526987
36578,21.24675424,23.32281626,20.5020996,12.62781212,11.96351159,10.3370062
24131,22.33402366,17.02594026,15.02713138,17.34221331,10.71119971,17.55949168
1965,16.41969467,16.31095376,18.89197646,19.72741881,13.93408206,14.71587426
7603,16.68496789,19.39796333,20.81185027,15.60391013,13.39677359,14.10453479
10234,18.16894187,13.102716,16.37497125,14.95956449,17.63842308,19.7553833
2175,18.21803178,15.61771365,19.64685482,19.37596118,11.42527282,15.71616576
4862,24.80510191,20.50646712,18.79494057,8.56379912,13.29401297,14.0356783
28222,19.72825157,11.33565078,16.34724444,24.21556643,13.72735672,14.64593007
28681,19.72825157,11.33565078,16.34724444,24.21556643,13.72735672,14.64593007
8589,18.27675352,14.54840185,14.36161401,17.05777912,18.37047867,17.38497283
33148,21.84937615,14.23215704,16.87251793,13.39354216,17.07800611,16.57440061
21014,22.12627159,16.46696123,17.81141918,9.717625359,14.60325102,19.27447162
34047,23.93055732,12.55500629,16.28954568,18.68896746,13.66150179,14.87442147
29795,16.5276628,17.77302851,20.07478289,17.79782446,12.23882143,15.58787991
15050,19.99665009,17.81512693,19.38989105,17.1715273,14.26688159,11.35992305
27071,14.01323439,15.44556504,20.69239804,25.69288923,13.04916469,11.1067486
1179,14.53571767,19.75358988,21.11874538,18.79445849,12.15315137,13.64433721
6841,14.39117574,20.05801566,22.55630578,15.40196842,14.63220254,12.96033185
35271,21.4930238,14.72128356,16.216237,10.75243946,14.34900641,22.46800976
15863,20.56717824,14.86535787,17.36622043,17.61677041,15.65534792,13.92912514
4558,11.56534575,27.77575162,21.71964001,9.557523614,13.54453327,15.83720574
38312,14.25481383,18.31756663,19.11610255,22.63017411,12.7770983,12.90424458
25669,17.02476043,18.59448282,19.07282749,15.80296023,14.59842778,14.90654125
34690,18.69320272,19.0701071,20.99443122,12.45977055,16.51540547,12.26708295
9736,19.63764797,19.20797883,16.5671103,13.78536964,11.55506968,19.24682357
24389,22.9364036,9.14970431,12.87010928,20.78842237,14.85406513,19.40129532
35756,21.76705725,13.27941498,14.69660549,10.44066327,14.1562413,25.66001771
226,21.05979805,21.59991462,19.50640253,10.42456519,14.94587752,12.4634421
21982,25.77094626,14.81570546,15.30324801,12.6591623,13.7731506,17.67778736
25776,20.5448505,17.5667381,15.44775361,14.3335964,13.3624036,18.7446578
25901,17.86109013,17.1476684,19.57757384,15.9305415,15.20153281,14.28159332
14559,19.57472739,15.77125334,17.82751013,20.93642079,13.68946968,12.20061867
21952,20.14604706,18.46189481,20.58579246,16.06227969,12.52111242,12.22287356
3535,19.22472924,21.4929998,19.08013539,13.11972363,10.75253099,16.32988095
34306,19.31899984,16.44126829,19.81998628,20.38149183,10.7545214,13.28373236
31852,17.16889355,22.1799245,22.24799268,11.95800745,16.33335601,10.1118258
27122,24.0962592,12.29027628,12.79213373,9.52348538,15.74907045,25.54877497
11144,18.3157917,15.14774615,16.79612632,13.55500134,14.04900454,22.13632995
16662,23.46458711,17.79240585,18.31331132,12.41507204,14.24552875,13.76909492
28201,16.46850942,18.58054299,19.9010045,16.93310693,13.45621407,14.66062209
28608,16.46850942,18.58054299,19.9010045,16.93310693,13.45621407,14.66062209
32239,16.68619899,14.95893842,18.29120695,18.48188254,14.64828106,16.93349204
32704,16.68619899,14.95893842,18.29120695,18.48188254,14.64828106,16.93349204
10350,19.31853021,18.97945759,17.68361379,12.0474983,14.73878663,17.23211348
15423,14.63243781,15.47955212,15.83458175,17.45714999,17.30847275,19.28780557
2077,21.42938644,14.29639809,17.96579985,22.38421626,12.33783427,11.58636509
34467,19.1936766,12.18914394,16.34714311,22.91700419,12.27526499,17.07776717
1792,17.32810486,14.21701911,20.15837264,18.73903909,15.37422742,14.18323688
27288,18.96097454,11.73078094,17.70372339,23.64122984,12.62370603,15.33958527
18253,21.06171798,13.01838312,16.4598839,20.87472337,11.46915019,17.11614144
3900,23.27101272,16.54853982,18.60428272,15.79780566,12.59549012,13.18286896
4323,23.27101272,16.54853982,18.60428272,15.79780566,12.59549012,13.18286896
20051,18.85363016,15.26290875,16.65558925,16.7521464,12.95840292,19.51732251
20523,18.85363016,15.26290875,16.65558925,16.7521464,12.95840292,19.51732251
22927,23.02375856,10.08387588,11.1010606,17.01479954,16.96075956,21.81574585
10783,16.84317084,14.39413874,17.77171841,23.13032662,13.76730918,14.09333622
23565,16.7525417,20.98373591,21.99911004,15.58067431,14.44350092,10.24043712
5090,21.9671936,15.97342217,17.97113688,12.52094691,15.86596092,15.70133951
21091,21.34238787,14.23936955,14.95404315,14.60194168,14.14357365,20.71868409
9432,20.00869565,17.98999842,20.28419407,12.48451197,12.17677512,17.05582477
3615,19.91552326,17.22413647,18.48303519,12.42176525,13.08369497,18.87184486
2482,24.96844686,11.87512974,14.66332021,16.16957507,15.00135851,17.32216961
8227,13.78155263,25.50126722,25.74156986,12.3339567,17.15233816,5.48931542
18380,19.9807568,15.18137805,16.32458727,15.99638812,13.14667533,19.37021442
30877,15.64022385,20.96075899,21.57903162,18.99835227,13.68384495,9.137788324
13800,18.17313514,15.82017217,17.64238075,15.55842519,13.38846091,19.41742584
17324,14.32149088,20.15297915,18.62395095,20.71774152,20.86743718,5.316400327
35186,23.11571088,18.03623674,15.37612399,10.19024152,11.62788132,21.65380556
18552,18.41615689,10.04641671,15.33182395,25.75739377,15.49106724,14.95714143
17614,13.1595786,11.56506359,14.56069358,28.59970005,25.04942594,7.065538234
9095,17.98119862,19.32809524,20.42944311,10.98620703,12.30985452,18.96520147
18071,17.78037276,12.20484171,14.80490231,22.88290666,16.87028265,15.45669391
26095,14.55749331,17.36193173,21.2607745,23.64374911,13.88981077,9.286240582
26546,14.55749331,17.36193173,21.2607745,23.64374911,13.88981077,9.286240582
34168,23.69990239,13.77016862,15.48477353,12.82614727,16.12850372,18.09050447
40958,18.11210284,19.51306578,19.74970267,11.58375421,13.92823371,17.11314078
27863,16.9163036,15.2125382,16.39199226,8.342483126,18.35025273,24.78643009
28287,16.9163036,15.2125382,16.39199226,8.342483126,18.35025273,24.78643009
23707,15.65959178,15.9886561,19.52954386,21.49400371,14.55529219,12.77291236
17884,21.88332919,18.52237906,20.27201543,13.94848085,13.24119896,12.13259651
23924,23.48140273,15.58929551,15.04539878,7.355217365,12.85287077,25.67581484
21695,20.22721759,11.52295897,15.46938098,19.75587834,20.73967328,12.28489084
15988,17.1232092,11.95269257,15.3136478,26.43552569,15.2373952,13.93752953
1671,24.1320956,16.06702331,16.42535599,11.70858173,15.58144531,16.08549806
21252,14.10855986,24.6913344,22.78657114,15.53456895,14.22834847,8.650617176
23074,17.89898435,23.47892773,22.52559333,13.29149354,12.36225861,10.44274244
27230,18.46700241,11.18845694,15.33512275,25.61738964,14.81116933,14.58085892
32312,20.10976413,16.44358869,16.57989814,14.61972356,12.31167004,19.93535543
32764,20.10976413,16.44358869,16.57989814,14.61972356,12.31167004,19.93535543
20985,14.7001678,20.37834295,21.93991621,11.63522199,14.52478847,16.82156258
21385,14.7001678,20.37834295,21.93991621,11.63522199,14.52478847,16.82156258
41245,18.63549163,20.84522772,18.43243734,7.296756363,12.15859697,22.63148998
23135,19.60523192,16.61624982,16.75218249,13.04037914,12.46912563,21.516831
22163,19.97088517,17.88264379,18.72352512,16.31239258,12.74408689,14.36646644
29545,23.44553418,14.33403775,17.31753519,15.86021483,11.89956289,17.14311516
6440,22.61671806,13.87529478,16.23107203,18.91625828,14.2856956,14.07496125
13758,17.32782977,13.28682569,16.60512574,17.40696664,13.09312077,22.28013139
14171,17.32782977,13.28682569,16.60512574,17.40696664,13.09312077,22.28013139
26204,22.97683977,14.00106295,13.88539751,10.14986185,12.41674954,26.57008838
26648,22.97683977,14.00106295,13.88539751,10.14986185,12.41674954,26.57008838
13132,20.03489076,17.36812646,21.09612464,15.76550383,14.61347607,11.12187824
9249,18.77035199,16.84799096,17.32136232,14.01076535,15.51971538,17.52981399
10481,25.22666238,13.19218591,15.85500112,17.59940061,12.78883014,15.33791984
15415,18.30029175,12.04746324,16.11306374,26.33142414,16.14478574,11.0629714
7106,21.1834031,12.87675446,15.01793956,17.46144547,18.32801089,15.13244653
26489,19.62505328,12.57601246,15.56697665,20.52289325,12.45312278,19.25594158
26870,19.62505328,12.57601246,15.56697665,20.52289325,12.45312278,19.25594158
22978,22.71223571,16.92309482,17.06445298,7.722082825,13.94656325,21.63157041
15501,20.2548737,10.85559115,14.67244516,20.16846815,15.20191304,18.84670879
21956,22.7270275,15.79316944,17.97746591,12.27592459,13.6290804,17.59733216
10003,20.62047665,20.41592489,19.80106001,11.41466784,12.57559644,15.17227418
5520,23.49888978,12.19269986,10.58626368,8.589614231,15.94671645,29.185816
6780,19.53514673,12.84572073,17.19814308,22.0181152,12.31658319,16.08629107
4123,18.64524097,16.33437409,19.10757525,17.41006665,13.99980248,14.50294056
6568,23.03529787,18.67446158,18.56630784,7.40255978,14.70028372,17.62108921
6968,23.03529787,18.67446158,18.56630784,7.40255978,14.70028372,17.62108921
6418,8.860841761,23.49385139,24.79791381,23.26105989,15.45563663,4.130696525
6840,8.860841761,23.49385139,24.79791381,23.26105989,15.45563663,4.130696525
28179,19.70616214,19.92966595,19.53438989,11.34507555,13.43956816,16.04513832
28577,19.70616214,19.92966595,19.53438989,11.34507555,13.43956816,16.04513832
36029,22.04410459,13.21092757,14.58243576,15.38381802,14.16292401,20.61579005
14022,14.95807147,18.18951763,20.54705766,21.23910678,17.25289854,7.813347908
34624,25.28123456,11.7057678,14.67013647,17.82777409,15.51819935,14.99688773
41020,16.81874757,16.85022232,17.41736657,9.261512345,19.53398132,20.11816987
11740,17.23277126,11.62193451,16.36297096,22.35100894,16.98102202,15.45029231
7836,20.27559428,23.12595406,19.94312641,4.984537432,12.19696018,19.47382764
20907,23.4410191,16.28256884,17.04422128,14.33753128,11.61486731,17.27979218
401,22.02323781,12.36463772,13.02827031,10.14977084,13.58639364,28.84768967
26320,19.25973926,18.63328037,21.37877372,13.99126153,14.06819478,12.66875035
26748,19.25973926,18.63328037,21.37877372,13.99126153,14.06819478,12.66875035
6257,24.07802846,16.99000035,17.18069769,11.7561135,12.03559006,17.95956995
6689,24.07802846,16.99000035,17.18069769,11.7561135,12.03559006,17.95956995
25942,20.235978,15.28164098,16.19402956,14.82355671,13.39155702,20.07323773
4540,21.16518832,13.655282,16.44864896,20.65096486,11.8060397,16.27387616
28123,16.8848168,23.46456733,22.93087955,13.7780753,12.28329753,10.65836348
28529,16.8848168,23.46456733,22.93087955,13.7780753,12.28329753,10.65836348
9505,14.87162412,22.51790052,21.52125029,9.321645688,14.94533389,16.82224548
33690,17.73295466,14.49244151,17.02921016,18.1206531,16.72471352,15.90002705
300,17.22156667,19.38133267,17.19990398,10.03208124,11.47883235,24.68628309
41596,10.993824,27.97587439,27.75322456,15.66500108,15.09680684,2.515269137
7536,5.253485062,36.50944907,16.51629593,0.765344778,40.62583823,0.329586936
12617,22.17702186,13.27349972,13.94943519,13.71043082,14.52994696,22.35966545
11345,19.09420716,17.19449011,17.87976764,12.66803904,13.91076201,19.25273405
36738,20.67204893,18.76645225,19.4626608,10.37466565,13.1341856,17.58998677
7086,21.1531133,12.65793113,16.7172154,17.61600066,13.40161653,18.45412298
8382,14.94296935,15.12778368,21.25775952,28.80742197,15.19333943,4.670726058
8813,14.94296935,15.12778368,21.25775952,28.80742197,15.19333943,4.670726058
14906,16.56538147,14.31611972,16.39839725,21.46413775,13.24509655,18.01086727
1221,22.0038901,14.73578373,16.91971505,12.72505758,12.98928329,20.62627025
29465,18.39430235,20.84758506,19.60817924,10.96424741,21.67105221,8.514633742
14771,19.40499532,11.11946652,15.34044316,19.70251076,15.02013764,19.4124466
13103,23.66971035,10.9986146,12.73214905,19.59663248,15.87246175,17.13043177
23055,18.68395811,13.19672986,15.20511559,14.45443098,14.21444775,24.24531771
11285,17.32793719,12.47107489,14.84881899,21.77745555,12.93254797,20.64216542
33134,23.45220648,11.90462582,15.48050801,19.40876974,13.20211832,16.55177164
37472,14.06296374,17.39781825,20.33478337,24.00012323,14.70153176,9.50277965
14430,20.03287528,15.8183553,17.99907433,16.00863924,12.2356381,17.90541775
16912,19.7191783,18.9056511,18.13556786,17.12680461,10.40166625,15.71113188
17352,19.7191783,18.9056511,18.13556786,17.12680461,10.40166625,15.71113188
4048,18.62828108,15.98602897,19.07702542,18.47875643,12.70950457,15.12040353
4477,18.10163153,19.921931,20.22228304,14.3386829,13.81789202,13.59757951
12598,13.74015823,17.33852359,23.74598562,25.19973531,14.98920296,4.986394283
10083,15.33709584,18.71667187,20.39958386,14.7361233,16.46343412,14.34709102
9380,19.69839708,11.5064066,17.07567885,21.63038301,13.77513515,16.31399931
10186,17.17243043,15.81022491,17.72600821,15.50101582,14.49468834,19.29563229
22999,19.92116558,16.65386736,15.6328348,16.72594364,12.20404236,18.86214626
24838,10.72824526,19.4560364,22.74511581,24.45150044,16.19218058,6.426921513
25214,10.72824526,19.4560364,22.74511581,24.45150044,16.19218058,6.426921513
10201,23.37944402,15.14254251,15.96693061,12.87581729,12.86178827,19.77347731
1592,21.22345225,15.01947416,15.41969815,13.50826802,13.56307313,21.26603429
2322,19.5112067,14.617865,16.42852788,19.02904957,12.13229428,18.28105658
1248,21.15765672,12.44171801,14.95712365,13.35144602,16.23097115,21.86108445
25700,14.25565135,18.07240311,22.68143674,20.58760753,16.63414985,7.768751421
26240,18.28374925,12.61527662,16.73808772,22.81252514,11.54679888,18.0035624
26679,18.28374925,12.61527662,16.73808772,22.81252514,11.54679888,18.0035624
23434,20.89332178,19.03610809,19.72876774,8.659192387,15.36670749,16.3159025
7728,17.32706954,18.45755445,20.68708903,18.22940816,11.86978805,13.42909077
15431,17.98333595,12.20883286,18.14899526,20.27589799,14.00052913,17.38240881
19303,19.30743891,16.73950777,20.05773129,20.23689342,12.92927485,10.72915376
25789,22.64617235,15.29086151,16.81666652,11.49718763,15.74893681,18.00017517
35990,15.95423949,12.9817175,15.03983737,23.74535132,10.36790419,21.91095012
26151,18.6662367,15.7993739,19.05106213,20.29628546,11.78424141,14.4028004
26586,18.6662367,15.7993739,19.05106213,20.29628546,11.78424141,14.4028004
3733,21.19004272,16.44548748,16.81722246,9.308528797,15.13226695,21.10645159
6959,10.64406674,23.71086541,24.7619895,19.06971457,15.6667251,6.146638689
4787,21.22050266,18.87171674,18.82459486,11.61376256,10.93993129,18.52949189
5382,17.03474609,17.38563067,17.21427894,16.56912227,12.90530562,18.89091641
25740,19.46887297,11.13903293,14.64429963,25.35850855,18.69068281,10.69860312
40559,18.38435616,8.078769148,13.30236484,24.65703478,15.82399797,19.7534771
17444,19.93607994,11.73917593,15.00966541,13.86740274,15.29563756,24.15203842
3688,13.75164358,22.24614204,23.40596242,21.8077335,12.85615172,5.932366729
18557,21.26421949,14.60795227,16.66974359,17.25623389,10.46909741,19.73275336
944,19.71462023,15.07050449,18.75901543,21.03687472,12.41771861,13.00126652
1376,19.71462023,15.07050449,18.75901543,21.03687472,12.41771861,13.00126652
14014,18.71433773,14.66436417,11.30752486,19.23345288,11.98176309,24.09855727
26224,18.44351251,15.89363491,20.21829448,20.51051961,12.01943956,12.91459892
26660,18.44351251,15.89363491,20.21829448,20.51051961,12.01943956,12.91459892
12455,22.72190083,14.35764686,13.87214105,15.55453805,20.57872811,12.91504509
23998,19.4971425,23.74140544,20.46762808,9.434215975,13.91610294,12.94350506
21323,18.53613907,17.35859972,19.77531561,17.93425398,12.48593939,13.90975224
21571,15.19129995,21.62240957,21.00132675,9.163538939,15.70253175,17.31889303
18128,21.87617541,14.90294619,15.82829555,15.32266943,12.88170274,19.18821069
30021,17.15210964,24.37745714,17.6306018,15.18023497,13.89573913,11.76385733
17468,20.93801082,18.31181997,18.11106925,10.39612525,16.04861622,16.19435849
4207,20.6939319,15.35370241,16.00082432,19.21581717,12.61996436,16.11575984
9211,17.46356649,15.51016484,19.17304611,17.20732672,16.53827261,14.10762323
10074,17.46356649,15.51016484,19.17304611,17.20732672,16.53827261,14.10762323
31356,17.42671011,16.67134611,16.73317353,14.43590967,13.88717076,20.84568982
31827,17.42671011,16.67134611,16.73317353,14.43590967,13.88717076,20.84568982
5101,21.30823108,21.99069162,19.26081445,8.035815773,11.90782531,17.49662177
30436,13.71944182,15.63833283,21.31228262,17.90955914,19.90757528,11.51280832
11712,22.36363269,13.82863831,14.50127126,11.53765152,13.90213931,23.8666669
14526,20.71598487,14.80968032,14.8536473,17.180823,12.95787934,19.48198517
14892,20.71598487,14.80968032,14.8536473,17.180823,12.95787934,19.48198517
7865,23.61975813,13.92096563,17.93152528,12.84834774,14.38444603,17.29495718
20894,17.58018901,21.81848295,19.84082495,15.574823,12.85375698,12.33192311
3805,22.95071673,14.91983911,16.61091745,8.132727641,14.59325218,22.79254689
32310,18.79835603,15.32366785,17.50471938,19.43957187,11.66348411,17.27020076
32783,18.79835603,15.32366785,17.50471938,19.43957187,11.66348411,17.27020076
4441,17.47229634,16.35582513,20.23299609,22.42315623,11.78763957,11.72808664
10177,23.17692431,12.33174441,16.37015981,20.25773612,12.67812453,15.18531082
4518,20.94443806,16.03699767,15.61692349,12.76432131,14.82094114,19.81637833
1663,21.50816129,14.41372351,16.82394537,14.09635613,17.0737045,16.08410919
11588,20.82010381,9.007893331,12.10704483,24.98800617,12.91650657,20.16044529
12044,20.82010381,9.007893331,12.10704483,24.98800617,12.91650657,20.16044529
7269,18.15708247,13.65315039,17.39197568,20.51067938,13.74616938,16.54094269
21438,16.7793259,17.12861941,21.03103267,14.20568465,16.67197931,14.18335806
15566,18.75377479,13.81004714,17.75100739,20.56026106,13.63039879,15.49451083
21565,15.71334458,18.22902993,20.74282485,15.76871647,15.10300529,14.44307889
28929,19.99551597,12.616403,16.65744579,20.74977888,11.88849606,18.09236029
9389,20.11593575,20.5261833,17.94232234,9.015218064,11.04161032,21.35873022
4644,22.38676449,16.38115042,17.13977997,8.559972551,12.04867403,23.48365854
8147,19.32848671,13.145747,13.01598104,18.74528433,17.70800612,18.05649482
36546,21.96739356,20.31463831,18.55123443,13.76445721,11.29147653,14.11079995
4643,17.51050732,20.77495268,20.8332211,11.11367912,12.53701187,17.23062792
32139,18.981384,18.39628862,19.61643719,16.9884033,12.12066513,13.89682176
32639,18.981384,18.39628862,19.61643719,16.9884033,12.12066513,13.89682176
1269,20.73723635,18.18537062,19.4211559,15.22501799,12.20621672,14.22500242
8922,17.92492321,11.42830359,16.41790833,19.00657966,13.47968119,21.74260402
26618,8.221435485,27.38123882,21.37299512,26.83158939,11.0265667,5.166174479
2262,24.12439251,15.94736077,15.91688341,15.95677348,12.68764937,15.36694045
14922,21.32529567,13.11225877,15.28565883,17.19791479,12.66101544,20.4178565
28038,14.91785238,21.50577412,23.79153906,18.71563519,14.41961289,6.649586359
28426,14.91785238,21.50577412,23.79153906,18.71563519,14.41961289,6.649586359
2097,18.95306462,16.98321132,16.39533802,9.964796055,16.0469479,21.65664209
2413,18.69451836,16.44270375,18.26521978,18.37775256,13.88510993,14.33469561
33146,16.66390514,14.32449573,17.5946374,14.42298719,16.51497807,20.47899647
33610,16.66390514,14.32449573,17.5946374,14.42298719,16.51497807,20.47899647
29985,18.67016127,12.36902745,14.46436817,18.44607924,12.18508424,23.86527963
15462,19.18897879,12.72390126,15.42513617,24.56007233,17.18531936,10.91659209
39162,18.30274781,8.386409629,12.6696528,24.09060167,14.46165492,22.08893317
34296,25.20673804,13.53861076,14.1427911,11.80920503,13.51196393,21.79069114
37390,14.39735764,21.33158377,19.93450816,17.55697987,13.09791121,13.68165934
7732,21.12398518,13.65588742,16.31906224,19.94198464,11.87593262,17.0831479
23846,16.90891614,15.13504509,18.23747368,19.5419518,13.12508912,17.05152416
34623,17.39919095,15.11106476,18.04793556,20.67313111,13.21425605,15.55442157
5180,11.0472167,20.9695026,23.11759443,22.35680224,14.7690683,7.739815727
13718,7.38156783,33.21308139,30.60694222,8.959931362,16.33880439,3.499672811
14136,7.38156783,33.21308139,30.60694222,8.959931362,16.33880439,3.499672811
17537,17.55465988,26.1744425,18.05856945,5.404408482,14.95342269,17.854497
18592,18.87416929,10.80527096,14.36971481,23.51386095,12.3260666,20.11091739
19314,18.87416929,10.80527096,14.36971481,23.51386095,12.3260666,20.11091739
29450,17.78304648,17.73711537,20.93621513,21.31371191,13.73698525,8.492925854
31124,18.43067874,15.10951062,17.29237066,19.53644865,13.50226231,16.12872902
31607,18.43067874,15.10951062,17.29237066,19.53644865,13.50226231,16.12872902
15074,21.11258624,11.27138356,13.82285651,18.90361348,14.19565876,20.69390144
34609,18.88234034,12.39644374,15.62992609,17.70773264,15.2772485,20.10630869
10117,15.40596955,25.43626826,20.33615046,8.608301715,14.08182908,16.13148094
39731,18.30228174,16.82033843,18.79565396,10.37375524,17.1905947,18.51737592
27111,9.853157033,20.7754724,22.47034753,18.24840677,12.95835279,15.69426348
29714,16.84515228,12.16770598,15.70117697,21.53975565,14.01558882,19.73062029
4092,21.49675904,17.81829473,18.12676812,14.66084257,13.0050195,14.89231604
7885,22.0126276,18.05308087,17.43936805,12.78245062,15.29151109,14.42096177
21314,14.37591898,19.34672457,20.49513081,17.7887959,13.71068726,14.28274247
4798,16.29875453,22.84450475,23.16858176,9.851053123,13.173343,14.66376284
31383,15.79334867,23.34504574,23.86249282,11.54997044,17.06150143,8.387640896
4818,27.03085146,16.3188419,16.02041497,9.934078523,13.85674177,16.83907137
41503,19.03264266,14.42362522,15.74091605,12.44129459,14.64696545,23.71455602
28234,20.29264617,17.42849522,17.28180377,14.91071425,13.0982623,16.98807829
28703,20.29264617,17.42849522,17.28180377,14.91071425,13.0982623,16.98807829
1667,20.15632577,18.65067272,15.48363313,18.23924979,10.42425747,17.04586111
17054,20.32131782,13.08921807,16.17283984,16.4981364,12.72631996,21.19216791
28920,19.6363283,15.046992,17.7038967,20.69665605,10.83259626,16.08353069
23278,15.08902145,25.91405945,22.80510857,11.46819754,16.88560047,7.838012516
18249,21.26214986,13.16811932,16.65162063,21.94788898,11.50792627,15.46229493
25534,12.13960392,23.54016289,23.42979661,12.80623867,20.5642384,7.5199595
32182,20.66912246,12.31884818,16.87256909,20.83425454,10.70692491,18.59828081
32661,20.66912246,12.31884818,16.87256909,20.83425454,10.70692491,18.59828081
26455,18.51692477,9.97688145,13.97800495,24.99037141,11.02899175,21.50882567
26894,18.51692477,9.97688145,13.97800495,24.99037141,11.02899175,21.50882567
26050,17.8522824,16.1938929,19.93699504,19.20508493,13.02130788,13.79043685
3560,14.10577927,17.31471191,21.32348605,23.56125465,12.31613517,11.37863296
40577,22.65358733,15.46729084,13.42197335,6.1853883,13.13606351,29.13569667
1342,15.65109158,9.543934847,16.81281627,23.48523154,22.95306411,11.55386164
2136,19.42329407,11.0851377,13.81700644,14.65517799,16.5276867,24.49169709
9923,15.30249657,23.66019723,23.14986582,17.4274439,14.95335253,5.506643962
15810,21.07316527,15.77464887,18.58531674,19.64694014,12.4125576,12.50737138
37989,16.67696159,13.07200922,17.97680393,27.4653776,14.02185154,10.78699612
10908,21.79993452,15.08577027,15.68462663,15.20889356,14.89971771,17.32105731
10026,12.95985813,21.99818443,21.16983148,17.05036543,12.54021153,14.28154901
22032,23.52894556,15.69581599,16.77198328,12.28504558,14.53445896,17.18375063
28914,17.48398318,19.82571978,20.92279976,15.94025236,12.47770474,13.34954018
2094,19.38390939,19.47576518,19.10432914,10.00023028,13.53598905,18.49977696
9647,12.83660943,27.05864952,22.56761528,8.025232862,15.56438593,13.94750698
29221,23.2760509,18.35800891,17.57852072,13.40759659,11.35424054,16.02558233
4658,21.80188083,15.05760706,15.46890617,9.059495409,13.89014856,24.72196198
1388,19.27152465,17.33978908,19.8409668,17.28792033,12.55626372,13.70353542
21867,20.07003434,17.21070685,20.38813107,16.84437007,12.94423592,12.54252174
29418,17.8219425,13.97505069,18.81494743,21.30435596,13.03551036,15.04819306
34553,23.27078148,11.83770031,14.48934198,14.44534011,16.39642975,19.56040637
33160,23.73972823,9.613843537,13.12235571,21.13052879,13.22808434,19.1654594
33823,20.94717804,9.91327793,13.64936868,24.52152024,20.44158197,10.52707315
3489,23.14757217,14.53003481,17.31595212,17.51140284,13.12191518,14.37312287
10518,11.24788092,18.49624617,22.92795192,19.14134494,15.00047469,13.18610136
8863,18.50879866,15.05178868,19.17282758,22.64656558,12.94381973,11.67619978
9296,18.50879866,15.05178868,19.17282758,22.64656558,12.94381973,11.67619978
21169,15.8953305,17.62463655,20.52560004,14.9474197,14.4670104,16.54000281
22789,20.39014544,18.31040573,18.45029122,13.68895123,15.35704217,13.80316421
22231,15.73306988,23.66546823,22.03616821,13.0571233,14.06304301,11.44512736
7801,22.64152005,15.61658989,18.41245547,12.13295485,15.08165943,16.1148203
33575,16.82940681,22.1664072,18.01440458,10.84344192,13.04158504,19.10475445
2225,22.16381333,11.88662624,14.52510238,24.19261966,13.23490569,13.99693271
6001,19.39663987,17.80081424,18.10850857,8.816838026,16.59472874,19.28247056
15523,20.27992277,10.8272669,15.79992181,24.47449549,14.12820378,14.49018925
1675,18.34949067,8.29498168,13.9071438,29.45835165,17.94049648,12.04953572
10844,16.51933682,11.95863966,14.19803673,21.88396211,12.68680478,22.75321991
16547,14.96426248,23.17386043,23.53725159,15.29884222,14.27764454,8.748138747
13690,21.29768761,19.81202259,19.15927118,4.569292813,15.2883949,19.87333091
14116,21.29768761,19.81202259,19.15927118,4.569292813,15.2883949,19.87333091
25955,20.37942826,11.12200193,13.73596331,16.67359337,14.57162414,23.51738899
2142,21.725537,14.379402,14.55264112,17.81660386,15.45063003,16.07518599
942,22.44797432,11.40670813,14.08128764,18.14468505,12.62568595,21.29365891
13809,19.91315029,13.21615792,14.79683881,18.95692873,14.30598992,18.81093434
23887,22.61780217,9.960381583,10.39790855,15.21241304,15.74410895,26.06738571
2393,22.4673129,13.0952069,15.02688393,16.36759348,12.85619164,20.18681116
7752,25.54679506,11.45295848,13.60528207,14.33687275,12.83815297,22.21993867
29130,16.55471018,12.57692227,14.6650584,24.61617528,15.45448489,16.13264898
5048,23.87608186,14.21277149,15.42481284,10.02494948,13.03839102,23.42299332
17067,21.09377211,11.68905122,12.68010044,16.97483543,22.08466994,15.47757087
1589,12.19073056,20.31463315,21.35447047,18.89325385,12.84383553,14.40307645
2477,26.6284166,14.5963659,15.64213823,12.64780396,14.52915532,15.95611997
40122,20.06846688,9.248186175,12.81656954,23.56723636,11.03787437,23.26166668
6550,14.94752744,22.60369393,23.91189584,13.73598806,13.78008641,11.02080832
6562,13.23812358,22.49057331,25.57233594,17.50859963,15.56567486,5.624692684
22206,16.27404426,21.12509396,21.96778243,19.42311898,12.95071307,8.259247305
9803,20.04987876,18.16338747,20.90683982,17.5241745,13.19724755,10.1584719
4155,9.92227995,27.16872763,24.94403277,15.16360871,15.60016327,7.20118767
15405,24.17353868,12.02752385,14.47803068,14.94083466,14.76575364,19.6143185
21055,17.73943571,19.854125,21.13844568,14.48038314,12.59643154,14.19117893
34319,13.79489269,15.78052695,20.70491833,20.95350807,16.41801178,12.34814218
4075,20.4508084,14.68752904,17.42457237,21.98561028,13.17633574,12.27514417
3500,17.68299791,20.49157497,22.85426395,16.95357577,13.52618123,8.491406168
14560,20.9202514,16.48747956,17.31312976,14.14829598,12.24655492,18.88428838
4533,27.92886157,10.59644058,12.61132816,13.07845097,14.19854116,21.58637756
21292,16.3076251,24.21754075,20.4839889,8.789734163,11.69344952,18.50766157
1907,22.04778987,10.05396409,13.16802842,21.44901641,11.53295796,21.74824325
3470,12.42185729,24.20038488,24.1312203,18.31619775,14.77615155,6.154188234
3928,12.42185729,24.20038488,24.1312203,18.31619775,14.77615155,6.154188234
15092,22.00470542,12.23855542,15.34455436,13.61762243,15.56763269,21.22692968
8614,13.73526767,19.73848663,21.40750895,21.89187953,13.40170546,9.825151768
33776,11.17057742,31.7306963,18.9533406,12.69699221,20.8413628,4.607030678
18797,21.13161383,7.867694634,12.72690407,27.33033006,13.35522571,17.5882317
19164,21.13161383,7.867694634,12.72690407,27.33033006,13.35522571,17.5882317
28883,16.53104556,21.77210549,21.47700086,14.84799566,15.94074007,9.431112355
7925,11.25883982,27.12222759,21.30609451,5.307937161,17.26769801,17.73720292
17936,22.6465328,11.26380095,11.64850232,13.67362388,17.87456456,22.89297548
37825,18.24521478,11.0578806,15.47006612,25.5173075,11.18305041,18.52648059
38146,17.62138279,13.80542677,14.0839092,18.59871202,12.62311375,23.26745546
35753,14.08902077,23.85757607,21.78600723,9.647244586,12.93775879,17.68239255
5093,23.21237553,16.3488614,17.92193376,10.62294801,12.62640843,19.26747286
10447,21.2283806,18.91122671,15.61941276,8.404365879,12.51068894,23.32592511
17090,22.36358694,17.35975642,17.53804967,10.60802574,15.71008818,16.42049306
33616,19.51568575,13.46987366,14.22863731,14.36852484,15.08628096,23.33099748
22195,21.24999151,9.202911777,14.5954023,22.72835546,13.59657347,18.62676548
5201,16.66101493,22.84019241,21.60139149,12.07014856,14.23070373,12.59654889
15432,17.85692301,8.509776882,14.09348099,23.89872119,15.78627113,19.8548268
24843,13.87446763,15.43518035,20.62741359,19.0441214,17.63201752,13.38679952
25622,22.42704273,14.12858096,14.61540359,13.05006772,21.94922437,13.82968062
1258,25.27646727,11.11995155,13.36844737,21.19767121,14.74779806,14.28966454
2334,20.20673546,19.14010136,17.82305936,12.42636953,11.12461334,19.27912095
23201,18.8339752,14.85048504,13.65920256,15.70985884,11.60944411,25.33703425
34221,20.65000826,14.38712242,14.78806534,13.53633906,15.5110506,21.12741431
25213,13.04783455,15.13826085,20.8582465,20.64150527,17.28682393,13.02732891
28268,18.32851234,14.49500578,18.87638539,15.24097033,15.672235,17.38689116
28638,18.32851234,14.49500578,18.87638539,15.24097033,15.672235,17.38689116
3830,20.77501147,12.11800929,14.54277678,17.74932811,12.06714074,22.74773362
4245,20.77501147,12.11800929,14.54277678,17.74932811,12.06714074,22.74773362
27271,14.35998978,22.40802408,20.85497687,11.79412742,19.1476699,11.43521195
29526,17.52118451,14.05894871,15.76328795,23.98656412,14.82105272,13.84896199
3912,13.88172314,17.16973174,22.09764015,23.65479685,13.72949338,9.466614729
26687,20.20682696,17.07149221,13.07054391,15.58864118,13.09324928,20.96924646
27346,13.99413617,20.4459982,15.70818868,17.70705972,11.38051918,20.76409806
2442,21.87257213,17.61021211,18.65452619,16.27183412,12.37775649,13.21309896
15959,17.68753772,13.8130462,17.7630424,24.26500587,11.11026265,15.36110516
3832,17.57615357,20.15762767,20.07496882,12.19605371,16.24790468,13.74729155
4247,17.57615357,20.15762767,20.07496882,12.19605371,16.24790468,13.74729155
21430,20.55620016,17.78469247,20.66603926,9.583294538,16.99264443,14.41712913
32345,24.35421633,10.02434832,14.05667172,23.89366429,11.76460596,15.90649339
32813,24.35421633,10.02434832,14.05667172,23.89366429,11.76460596,15.90649339
20443,22.69633686,9.872508785,8.360054267,9.368565254,16.44838011,33.25415472
20897,22.69633686,9.872508785,8.360054267,9.368565254,16.44838011,33.25415472
2280,17.39464287,15.93650663,19.23904858,19.79757197,13.4464511,14.18577885
17050,22.02950144,13.10783959,16.23528322,17.1400493,12.08564517,19.40168129
17934,24.0877814,15.27074562,15.65950744,9.585822979,14.9463542,20.44978836
17908,17.2836198,9.719731484,15.87847755,19.46931336,17.03068211,20.6181757
24946,22.96727754,12.29007603,14.03049612,15.34721606,21.11962293,14.24531132
901,15.99765412,13.05222969,18.98601507,20.48427457,14.81528589,16.66454066
12013,23.59777228,13.46156849,13.36495801,13.96119542,21.18086847,14.43363733
14701,18.9414143,15.05965112,18.29121658,20.1317512,11.03590946,16.54005733
21801,17.94080925,19.21988827,20.72038354,17.53312512,13.80344373,10.78235008
39570,19.56405453,8.961106357,12.08863871,21.87663593,15.23447799,22.27508648
33574,13.03232333,22.08533736,24.21269519,12.78620335,20.90905313,6.974387641
26923,21.8510128,11.55592991,16.39496644,22.57026105,9.728817357,17.89901245
28231,15.99844221,14.83721484,19.11400765,21.16210213,14.17510838,14.7131248
28698,15.99844221,14.83721484,19.11400765,21.16210213,14.17510838,14.7131248
18399,20.00272619,11.72319802,14.34281802,20.41469473,11.53834146,21.97822157
3580,25.32292928,15.17747613,13.37420795,12.74591918,12.579769,20.79969846
4016,25.32292928,15.17747613,13.37420795,12.74591918,12.579769,20.79969846
7406,18.3162096,17.26858538,20.00015115,14.68457562,15.88276206,13.84771618
27732,15.87114914,15.54012123,21.8252449,17.85537037,15.28523845,13.62287592
1633,21.71624603,10.72713429,14.28775621,16.64588292,15.03420832,21.58877223
3660,14.6448975,32.88658609,23.94958473,5.03542108,16.08265481,7.400855799
3780,20.58454559,15.68860974,14.73472383,17.07970884,12.25162771,19.66078429
28125,18.55098121,22.60653568,21.74533412,11.76014045,12.10510812,13.23190042
28518,18.55098121,22.60653568,21.74533412,11.76014045,12.10510812,13.23190042
40169,21.0970629,10.23958792,12.12019357,18.79463746,12.81257054,24.9359476
10517,16.68080629,13.57802089,17.43077181,14.86858145,17.9841255,19.45769406
4723,21.6257966,15.26484177,15.29383189,7.494044272,14.52196599,25.79951948
15033,20.08244355,17.08935249,18.75981747,16.05979005,15.51902615,12.48957029
22576,20.13739748,15.551095,18.17271943,18.13804383,12.36735697,15.63338729
4963,20.80381872,17.72651684,20.23156611,14.26215723,13.13044353,13.84549757
6391,19.92455283,12.24505265,17.23586805,23.0655713,12.76502884,14.76392634
7263,19.92455283,12.24505265,17.23586805,23.0655713,12.76502884,14.76392634
5761,12.19412754,23.57375488,21.85591757,23.39143163,14.46744788,4.517320506
4975,26.00164577,10.77760565,14.07932191,15.50812241,23.72530923,9.907995024
10741,16.57562667,15.17239523,15.51144465,18.93431958,13.08916549,20.71704839
8176,17.04092598,14.47952625,17.89122665,24.72633846,13.29920887,12.5627738
17188,16.37072826,25.78579192,18.70293831,5.579345019,15.26219797,18.29899852
18338,19.6431203,14.6122426,15.23522994,17.16420902,12.22038928,21.12480886
7841,22.24609839,17.07301715,18.16081228,10.05139924,13.91750055,18.5511724
2607,18.28228247,11.69339487,15.99669174,19.2479674,13.44020701,21.33945652
15625,21.2737257,9.092181705,14.32393779,23.21108365,17.38229985,14.7167713
18581,15.82641538,16.40297181,20.63521744,26.46480145,13.6922622,6.978331726
25627,23.64923781,12.04276537,13.70792325,15.12922336,21.255233,14.21561721
21794,18.63141152,20.74991353,19.55900202,13.09966637,11.95490162,16.00510493
33538,20.24019459,9.608775109,14.27673826,26.34831846,14.79279122,14.73318237
4283,23.93257706,11.22770816,12.67464492,11.89932402,15.22993826,25.03580758
8955,19.68114049,16.81913419,17.72568485,14.12546284,13.26051243,18.38806521
25442,22.56992522,15.21779732,16.62409883,12.81893517,15.15098826,17.6182552
35129,18.1962221,23.23622224,21.70898082,9.600656285,13.93726971,13.32064885
3829,16.47596337,26.58003965,21.59199181,6.179378097,13.55128953,15.62133755
4240,16.47596337,26.58003965,21.59199181,6.179378097,13.55128953,15.62133755
22305,25.04639522,15.16851232,16.76224166,13.77436492,12.51243823,16.73604765
36073,23.04041914,13.35131332,14.0640223,17.793848,15.7816837,15.96871354
40103,20.02905162,12.26735623,14.60948675,17.12226914,13.22563239,22.74620387
19012,15.45289168,17.40009149,21.29828803,24.55076385,15.16332023,6.134644704
4422,18.23456058,23.66677083,19.91126424,9.706888308,11.61095607,16.86955997
1037,20.91486342,11.49454591,13.79793288,19.93866903,11.93616174,21.91782702
16214,15.67748713,14.94572848,19.07033924,19.8217917,13.21439069,17.27026277
14724,20.60004532,15.57588446,16.96264047,16.21533165,13.24564295,17.40045515
19392,18.33252686,12.01713751,15.25181423,22.00327913,14.00651948,18.3887228
1947,20.12085318,11.21130422,15.13866437,20.62775137,12.68705543,20.21437143
15024,18.56926381,12.71750249,14.12176875,19.38452653,11.81614791,23.39079051
24403,15.19119205,14.96779778,17.10979153,18.9707096,12.81015564,20.95035339
35929,17.00395951,12.99420448,13.82594272,19.73608595,12.55331655,23.88649077
11363,12.12773618,24.27049686,24.52153717,17.27789551,14.483355,7.31897928
12180,22.57826491,15.05798163,14.3829511,7.222777208,15.04876617,25.70925898
29251,16.84353324,22.79960898,23.34027513,17.19301931,13.26224844,6.561314901
2434,24.43153903,11.03634846,10.91052337,15.56125814,12.85291831,25.20741268
30178,16.76306809,13.02763328,18.61430933,20.791054,16.08656196,14.71737334
1018,22.81863005,8.709696615,12.3044596,22.06912696,12.34953467,21.74855211
28602,12.51091748,13.06818601,20.74405654,22.70503589,18.83345159,12.13835249
30252,20.91691311,13.5234373,15.16303323,16.24162097,13.8605698,20.2944256
910,21.53128245,11.53832492,15.45387723,21.10526506,15.67003976,14.70121059
1339,21.53128245,11.53832492,15.45387723,21.10526506,15.67003976,14.70121059
9890,16.99642468,12.5691287,17.8907066,16.75139136,16.41861099,19.37373767
14751,20.08485133,10.79771085,13.38686424,19.77473936,13.68283529,22.27299894
36417,20.89400748,11.8785258,12.77187453,19.85850596,12.20083066,22.39625557
1913,22.12881686,13.18378772,14.4717835,21.45613036,12.69862527,16.06085628
4103,13.822989,19.84827936,23.25370317,22.59994839,12.58999112,7.885088954
10426,11.31352097,25.63063258,26.69970791,13.50819187,18.69365778,4.154288889
15023,18.86361525,14.42770326,17.68835342,19.70689842,10.88588923,18.42754041
35119,16.47419516,22.18376095,19.41385863,9.430254197,13.23806976,19.25986131
41630,18.94393997,14.54796649,16.01073828,17.73910813,15.37884375,17.37940339
14748,20.24788067,10.30041081,12.74495056,19.98678886,12.16978621,24.55018289
17272,14.13563504,25.37475218,21.11244182,10.24900634,12.31488497,16.81327965
17636,14.13563504,25.37475218,21.11244182,10.24900634,12.31488497,16.81327965
14411,20.8284854,10.3992369,15.24443594,22.84020069,12.61205518,18.0755859
28026,22.43326809,10.21816841,14.4476516,23.20088902,12.00996432,17.69005856
28430,22.43326809,10.21816841,14.4476516,23.20088902,12.00996432,17.69005856
23780,21.64247128,11.43096964,9.219371907,16.7083249,15.80898753,25.18987474
32284,17.81264164,16.59172765,19.78152567,19.15112241,15.45572259,11.20726004
32741,17.81264164,16.59172765,19.78152567,19.15112241,15.45572259,11.20726004
34648,20.7276128,17.64451212,19.59160781,10.70984681,16.61821411,14.70820635
9767,18.91209055,10.71801285,14.71200553,19.3322696,14.76218505,21.56343642
34639,17.1650697,20.4968314,20.18113926,10.19622463,15.5463246,16.41441041
9941,13.85282345,24.28231875,24.17401839,13.61059773,12.83020571,11.25003597
15482,21.85584165,15.48795107,16.33496339,17.6164948,12.20367561,16.50107347
12649,20.64152296,16.12905833,18.52594682,18.7517515,11.77057083,14.18114956
14826,19.80564529,15.36494647,17.69860255,20.07992039,12.1159337,14.9349516
8858,20.98012372,9.984316972,14.5321805,20.12915463,13.55638424,20.81783994
1715,20.29330721,15.04210051,18.31202027,20.6202976,10.92888309,14.80339132
27934,18.86220353,14.53761051,17.53887994,19.89837741,12.85646037,16.30646823
28359,18.86220353,14.53761051,17.53887994,19.89837741,12.85646037,16.30646823
15515,18.38089589,12.94347455,16.38404628,22.15174982,12.88956925,17.2502642
22589,20.60174196,13.65481653,17.72788819,17.16198187,12.82724595,18.02632549
7590,24.35583777,13.80337193,16.4226743,15.49895756,13.74932766,16.16983079
15834,21.93693681,16.21378405,17.33119078,15.89999618,14.1480191,14.47007307
18139,23.77132967,10.86032141,14.07376198,19.33543556,18.29586714,13.66328423
7720,22.22349296,12.35494014,14.25700791,16.00127241,12.93531944,22.22796713
29442,19.7974105,14.61672028,18.40793176,19.65761901,12.3296212,15.19069725
2498,22.96116307,15.51210856,14.08008264,8.932791432,14.66464811,23.84920619
792,21.94125429,12.673863,11.60062641,9.009601235,15.55270608,29.22194899
17133,20.10619204,10.46779333,12.68234485,21.27545335,16.70845102,18.75976541
25121,22.78249433,12.99653411,15.78723081,14.9357061,15.08143637,18.41659828
13363,19.43796984,22.36213204,21.01858922,11.50522292,12.03880181,13.63728418
21406,21.40595755,16.76707756,16.27784859,8.059565319,14.83736012,22.65219086
24714,22.67508003,13.4677503,15.65829472,15.07053134,15.32216426,17.80617935
1431,20.66409882,8.25767165,12.22554749,21.81434987,12.96189682,24.07643535
21759,22.86403955,11.99249155,13.42517916,16.46049672,13.42157454,21.83621848
40111,16.63320183,15.64903886,14.98644872,13.9560875,12.40526068,26.36996242
21297,22.96395178,11.74463637,13.36999563,16.73365031,13.37468354,21.81308237
23752,23.77449815,10.02627305,10.96646861,13.67176137,16.30385192,25.25714689
637,20.2874002,18.70005085,14.1054743,8.872766749,17.39717715,20.63713075
36117,19.76789207,9.706016977,12.07274345,19.88373749,17.21202492,21.35758509
1519,19.39346961,17.3313568,17.21598206,11.42164049,13.68961745,20.94793359
25763,23.81053271,10.07896812,11.72395832,13.65395136,17.7826914,22.94989808
29433,23.0040303,15.74789628,15.89499917,14.42811412,11.17872561,19.74623453
22940,16.18603304,18.25030505,20.47569461,21.36642414,13.62807343,10.09346973
17301,15.12445137,13.37416377,19.13775547,20.88002591,14.00588442,17.47771907
17713,15.12445137,13.37416377,19.13775547,20.88002591,14.00588442,17.47771907
28254,17.88521986,9.215164251,14.65665979,25.18019847,14.45154969,18.61120794
28697,17.88521986,9.215164251,14.65665979,25.18019847,14.45154969,18.61120794
9170,12.25513739,22.02904984,22.61679481,18.16855066,13.07543754,11.85502975
825,20.35536321,14.73773343,17.31747674,20.38975717,10.6443867,16.55528276
36569,16.68139509,14.81985113,14.95823597,20.19385784,12.08066173,21.26599824
1275,14.98989839,13.72413396,15.81194546,18.65283935,11.74583608,25.07534676
14424,14.87102201,16.04751369,21.98026457,22.65311389,14.49646542,9.951620428
22007,18.84725609,16.24958067,17.87114403,12.95928629,11.42966754,22.64306537
15732,21.13711748,9.673201968,12.64767854,20.8369919,14.01600262,21.68900749
12876,24.06157507,11.64625896,12.54713846,14.06597589,19.45766961,18.221382
14644,21.00782004,9.047500709,14.44685551,20.59699404,15.09264406,19.80818564
2508,24.14063429,12.631628,12.9133658,9.404554338,17.97049471,22.93932287
19363,19.79673493,10.75340284,14.66060432,20.85177191,14.34436308,19.59312292
24373,14.2568398,17.37121006,19.47162712,18.39040595,14.10265896,16.4072581
1371,18.0232556,11.8726214,15.30157858,19.43193518,13.89355288,21.47705636
7267,23.55211688,11.15083978,13.86503866,18.20740276,11.55713428,21.66746764
17902,19.32531599,11.86655511,15.02562913,16.68589418,14.50520925,22.59139634
21401,16.72641925,12.12898489,16.7339875,23.05360154,14.31794989,17.03905692
3532,20.0387267,15.50403412,16.88758145,12.73742134,14.06066491,20.77157148
3967,20.0387267,15.50403412,16.88758145,12.73742134,14.06066491,20.77157148
34730,21.71471939,9.260889714,12.68758895,20.48863897,13.84545277,22.00271021
1678,22.20118785,17.2608156,14.41001511,12.70673445,12.36598684,21.05526015
21606,9.925517881,20.48414674,22.84215164,15.86719686,21.10260208,9.778384803
13892,16.28955273,13.17712698,14.88216741,25.65260647,12.36729384,17.63125257
29132,19.85215908,13.88426472,15.6632096,15.86577112,12.66975956,22.06483592
12423,6.010259699,19.43662716,15.06728102,27.20049401,31.02596894,1.25936917
7561,23.17948225,14.16028758,14.6925541,14.43412021,11.79590447,21.73765139
21042,18.72424513,11.63114303,15.02904035,16.54086588,17.33824712,20.7364585
12659,23.02819918,11.04111693,13.03762694,18.54912597,11.78296134,22.56096964
14926,16.59105095,21.64642174,18.07856414,15.3314109,16.11147249,12.24107977
12322,18.48218084,11.54193817,14.2160988,23.49541066,11.25610584,21.0082657
23016,24.27382296,9.278116334,9.921880818,16.54355947,17.56117431,22.42144611
4071,9.654410248,35.91611247,26.73410869,4.278094058,16.29898006,7.118294481
21118,19.05588052,16.47919063,18.02905647,13.29895835,11.38547484,21.75143919
28576,15.71400774,26.58689769,22.37737538,9.50613865,12.88066909,12.93491144
2217,16.69410634,15.12485012,20.02391297,21.93786341,14.95899789,11.26026926
5187,21.22378889,22.29909013,20.54330943,7.893161221,14.05153053,13.98911979
28660,4.144083073,31.34970952,23.62761971,22.85311855,17.11986425,0.905604892
6514,21.09023109,13.72010391,16.48913936,16.61209164,14.83168841,17.25674559
25406,23.73499661,10.53748341,12.65192111,16.38890618,21.84537835,14.84131434
15082,16.91679602,10.3338088,12.02411558,21.65482842,14.9648306,24.10562057
28762,19.5434414,21.35892649,21.19620225,13.92955301,11.86891591,12.10296093
4026,20.84714106,9.792687223,12.76924561,17.9100916,14.6497517,24.03108279
1710,15.06713457,14.69931783,16.81533151,21.69592738,12.5676773,19.15461141
4378,23.91367914,14.36914331,16.2961487,16.19059695,12.72710507,16.50332683
3677,22.84098883,11.08740129,12.9867329,16.2863327,13.26002314,23.53852115
11721,19.25697763,16.49224652,19.28294181,20.9307265,13.20067168,10.83643585
14707,18.435205,12.16316494,12.64253515,18.04100708,12.39403129,26.32405654
1557,21.68392035,12.55296552,12.90486005,17.1807444,12.02129296,23.65621672
21938,20.57947675,10.09611779,13.52473039,17.43921549,16.51784869,21.84261089
33380,18.73775496,12.44081307,16.42551961,25.98947898,12.99422598,13.4122074
18691,19.3583245,10.83685847,14.1617086,25.60871889,13.14665888,16.88773066
1917,21.73237762,12.40527159,13.97974397,17.19743455,12.31326242,22.37190985
1840,18.91406152,15.18886091,18.28898313,20.13707166,12.59064267,14.8803801
17432,21.13584126,12.02126572,14.2740514,20.03230108,13.12162796,19.41491258
1537,19.7495436,10.93064978,14.06897813,22.04730961,10.61483337,22.58868551
7495,21.81497896,20.52291389,19.20175651,9.723324635,14.02526954,14.71175646
21671,14.20363607,22.50656782,23.57159152,12.22053492,15.75773547,11.7399342
25543,21.95242207,13.22943912,16.40147133,22.07053569,12.05638202,14.28974977
10088,12.55459321,16.36246461,22.24478068,18.51052337,17.33889573,12.9887424
12345,18.76047791,11.31994438,13.36527064,19.4315693,18.0827776,19.03996017
3742,19.31923388,20.35717764,20.85036559,12.38942928,13.34554554,13.73824807
10386,16.82275578,14.7119187,19.26358694,21.02864862,16.08455579,12.08853417
14818,16.72417153,10.48730738,16.73509481,27.94419346,15.78512324,12.32410957
39770,16.32892491,10.09786017,14.68041994,27.92771634,13.24326095,17.7218177
1856,20.59108934,8.889312921,13.13109984,26.75737163,13.78951283,16.84161344
4041,17.96226991,13.84851177,13.01831331,11.6060252,14.53076638,29.03411343
4570,22.58932321,13.57512808,14.26146065,14.31669753,12.85004229,22.40734824
12117,22.01798288,14.46975444,14.18865897,10.20980087,14.25546093,24.8583419
14645,18.12014745,7.666804334,13.93476061,24.93629553,15.695625,19.64636708
18283,13.99478741,15.56412138,19.68037453,23.53592798,13.75380322,13.47098548
16368,19.32841131,12.24044423,12.25260144,19.5851385,13.69851247,22.89489205
16760,19.32841131,12.24044423,12.25260144,19.5851385,13.69851247,22.89489205
21458,14.49813857,18.67662725,21.37208631,19.47938568,14.64034392,11.33341826
29554,17.10576295,16.62891637,21.49687823,20.71052503,13.60805732,10.44986009
7461,20.05527483,14.15684764,19.83243567,14.58525517,18.50408501,12.8661017
28205,15.63869426,17.12749768,16.55292365,25.7482569,13.33829193,11.59433558
28611,15.63869426,17.12749768,16.55292365,25.7482569,13.33829193,11.59433558
34053,19.42929696,9.593979757,13.86648716,23.2304804,15.90820637,17.97154935
39274,23.7136921,12.31561282,10.29090987,9.442695206,13.86368159,30.37340842
6409,23.23104501,13.34083282,15.23525343,19.68817966,11.77853052,16.72615856
24674,23.51523374,9.193516716,11.82034913,16.05011196,22.84101372,16.57977474
15277,23.42073852,10.81912109,13.72502225,19.66803546,13.91658903,18.45049365
32420,18.43060722,21.63695179,22.28098057,14.92024217,14.02660547,8.704612787
32867,18.43060722,21.63695179,22.28098057,14.92024217,14.02660547,8.704612787
6597,12.11498536,19.30314349,23.32041478,22.48978788,14.61993438,8.151734118
36238,18.21186867,11.06911946,14.5416987,20.7207968,16.66609779,18.79041858
6837,15.21610944,20.32438221,19.23485886,18.23041174,14.16740617,12.82683158
10002,15.93726857,21.58664958,21.350172,9.356850569,16.95834706,14.81071222
6831,17.7638046,17.89688092,19.64937822,21.08135757,12.98264957,10.62592912
33297,21.79548317,12.84427026,13.37140374,11.94919367,15.54896198,24.49068718
33718,23.3999088,13.96106788,15.44144392,12.07312231,15.29289034,19.83156676
26312,14.46629634,23.69059475,23.49971018,12.39223193,17.53518368,8.415983119
26727,14.46629634,23.69059475,23.49971018,12.39223193,17.53518368,8.415983119
7056,19.76424774,11.8972185,14.46849665,19.60690484,11.73360982,22.52952246
13270,23.7588271,13.27665406,13.78802286,11.25794169,12.97830885,24.94024544
959,18.81317216,14.91513136,17.72436741,20.01915334,12.59272842,15.93544732
11037,20.96572191,18.19023782,13.74171207,5.512865634,16.09566781,25.49379475
33808,18.83260816,10.25816899,14.18704288,22.41020303,13.63875437,20.67322257
14649,20.75116212,12.05319276,15.04878514,19.46387653,11.97010923,20.71287421
12486,13.29610793,15.50065828,20.47713058,23.64050033,12.42166295,14.66393994
304,20.24682946,19.3184855,17.05048291,7.836519895,11.69955285,23.84812938
17037,20.51194887,11.58402943,13.47248225,14.60319704,13.10195145,26.72639096
32024,17.17282369,19.76629176,22.27667863,17.21456345,13.67880901,9.890833465
32525,17.17282369,19.76629176,22.27667863,17.21456345,13.67880901,9.890833465
15071,20.53475825,10.74338456,12.22007919,19.86208038,12.64552015,23.99417747
15428,20.0030784,12.84820312,16.6662687,20.68204431,13.18141231,16.61899316
3665,23.38043334,11.78431455,14.71207886,20.61844625,13.32528888,16.17943812
7509,23.62168643,15.68559548,14.31977985,6.627936463,17.02991947,22.71508231
33947,19.62080018,11.1530219,16.27764301,24.02383045,11.98318432,16.94152014
20794,12.71085835,21.43019498,21.90762411,13.52635842,15.48442612,14.940538
34117,23.63783998,13.2605565,14.87302704,10.71681579,14.73975586,22.77200482
1456,19.54914825,10.43950779,13.62470925,19.67219515,13.72776537,22.98667419
6160,22.47962695,10.47088524,12.78285625,19.71374586,11.56053276,22.99235293
34002,18.79047871,10.49194732,16.10311518,23.70502973,13.00356709,17.90586198
29070,22.59681649,17.7181861,15.04990505,8.061475789,15.57191209,21.00170447
9568,17.61959662,20.63901904,20.88974396,18.02889061,13.88689054,8.935859231
35841,16.63485897,8.647511926,14.75076072,30.16454114,14.49176894,15.3105583
28886,18.35169871,14.92264839,14.41377491,18.8856769,10.99603667,22.43016442
5108,19.52482654,14.37412895,18.96454768,18.52738808,15.82430714,12.78480161
25268,20.94043098,18.94426246,17.35157491,7.24985877,12.84920963,22.66466325
7023,12.18565761,19.2970829,23.33953614,22.52899756,14.7784166,7.870309189
873,23.07327691,10.30897587,14.16924798,19.40141803,12.36563705,20.68144416
33063,19.77909385,9.413839123,14.64185186,23.95832766,12.65302754,19.55385997
27560,17.4404441,16.02462943,18.49854507,19.25465523,11.37312275,17.40860342
33849,14.51145339,16.08486183,20.61289521,26.57788231,13.51047334,8.702433926
9660,22.1602542,16.68508754,14.37333597,9.91119437,13.27324897,23.59687896
9850,19.14980004,11.03769706,14.25060218,18.18708962,13.06221945,24.31259165
10224,20.59121119,14.97057275,17.44474405,20.25847941,12.40317369,14.33181892
32459,21.04356945,8.276858644,13.54944056,28.83139323,16.36560425,11.93313387
32894,21.04356945,8.276858644,13.54944056,28.83139323,16.36560425,11.93313387
14313,22.0650663,13.29278894,14.14319791,14.78060374,11.07217962,24.64616348
15114,22.0650663,13.29278894,14.14319791,14.78060374,11.07217962,24.64616348
33273,21.81538307,12.82577451,14.49054663,13.77481845,15.16381362,21.92966371
34576,16.3387853,14.06640405,19.23750437,19.2303344,17.8437414,13.28323047
7472,21.82966034,14.08309259,15.32926569,10.81874824,16.25624225,21.6829909
34650,19.55275444,20.67156011,18.7278544,13.05699531,13.75151567,14.23932009
22706,19.65023828,15.25057051,13.95995539,16.21737428,13.54144157,21.38041997
23259,16.28693005,11.06385915,15.08531175,27.59166171,16.45644463,13.51579271
9312,15.64956511,20.31124543,20.87335337,17.43760416,14.66117795,11.06705397
4629,18.27333941,19.26118741,20.13594739,12.93995432,15.06587743,14.32369403
11706,17.69821206,13.96405178,16.58097862,19.08925514,15.75788842,16.90961398
12107,17.69821206,13.96405178,16.58097862,19.08925514,15.75788842,16.90961398
1132,22.64696798,11.57957958,13.50633231,17.76909923,9.446174107,25.05184679
1067,20.59040835,20.27782772,20.06097909,11.39713883,15.09203108,12.58161492
1478,20.59040835,20.27782772,20.06097909,11.39713883,15.09203108,12.58161492
4846,17.32176619,13.61144531,17.45854205,23.89628124,11.95452622,15.75743898
1647,21.96318662,11.9574792,13.56838016,14.49036606,18.96029097,19.06029698
34587,20.25892416,13.39048488,14.77783236,18.89894413,12.92052598,19.75328849
35126,20.24682946,19.3184855,17.05048291,7.836519895,11.69955285,23.84812938
34171,21.33501837,11.63941749,14.52679509,19.39857985,13.2360948,19.8640944
1025,19.84316019,10.19598954,12.89989917,19.62126701,13.05289631,24.38678777
18648,20.01682499,10.77639379,15.18332004,23.91591548,15.34522224,14.76232346
1559,18.30093869,13.46132662,13.87353759,18.40571106,14.30665889,21.65182715
354,20.62793311,19.81668453,16.01128085,7.260330722,11.90566689,24.3781039
35270,18.26733831,27.75106803,19.24890664,5.87308729,14.29202568,14.56757405
1116,20.00471178,16.42701893,15.35605251,11.79269931,14.65554809,21.76396938
34187,18.67817874,11.66827901,14.48970624,19.23452483,14.21635293,21.71295826
4132,16.92653098,13.51803356,16.71945414,18.92475543,12.33531843,21.57590746
33462,11.13656927,22.92699534,21.54304413,22.55702254,14.6930643,7.143304413
15962,19.44504987,10.62539401,13.89705876,24.18632489,11.48824884,20.35792363
13677,15.24172536,21.37231604,20.25483694,11.94355988,15.5570385,15.63052328
20378,12.94142654,19.9595223,20.13074149,14.08943086,15.31830183,17.56057698
21441,12.22115192,22.60612882,21.95340968,13.44811948,14.73555277,15.03563733
32215,12.89823026,11.80143116,17.81853336,25.76041266,13.74075921,17.98063336
32682,12.89823026,11.80143116,17.81853336,25.76041266,13.74075921,17.98063336
29404,16.04586179,23.88056617,21.48266589,13.12838904,13.50281428,11.95970284
21859,21.51409063,15.25615239,15.79462734,14.55147018,13.62602377,19.25763571
16708,17.46935686,15.1479717,19.81201431,18.80591117,14.59012133,14.17462462
1759,24.66624744,9.614469875,13.03557345,19.0998991,12.57130575,21.01250438
8892,21.75912145,14.01395507,16.0510641,18.37333331,13.03476273,16.76776333
15325,23.98384944,11.04648458,12.0489883,14.66915907,12.22735855,26.02416007
33255,18.69102072,11.14237745,13.84446792,18.68629416,15.11603932,22.51980042
16891,18.47955293,14.00557717,16.02410113,19.24336728,11.40637239,20.84102911
17336,18.47955293,14.00557717,16.02410113,19.24336728,11.40637239,20.84102911
9898,20.85733478,8.760178005,13.47860567,22.35475786,13.18157419,21.3675495
22773,15.34897441,9.991586156,13.35755615,27.54616287,14.65333008,19.10239034
32253,14.93617026,25.75976792,24.29520986,13.59345904,15.50386223,5.911530685
32701,14.93617026,25.75976792,24.29520986,13.59345904,15.50386223,5.911530685
14504,18.07861571,16.97510395,19.73802906,19.16801451,15.35666925,10.68356751
14872,18.07861571,16.97510395,19.73802906,19.16801451,15.35666925,10.68356751
26938,24.56379635,9.761112383,11.16481109,13.00232141,18.13431343,23.37364534
17657,20.22013134,8.972936296,13.38614193,22.30508994,16.05827344,19.05742705
9708,22.4469601,10.10140798,13.4501922,20.27754013,13.27382431,20.45007529
34496,20.02561586,11.59160138,14.17235922,20.04951213,12.60633054,21.55458088
34669,20.9808518,12.21768138,13.69698034,18.35453083,14.63952715,20.11042851
1919,21.18361263,8.248750681,13.84469525,27.57433478,12.97244134,16.17616532
3701,24.27713369,13.2819209,11.39370382,10.56466506,13.26648504,27.21609151
33126,21.12931664,9.593979681,13.09762181,22.13335686,14.5318382,19.51388681
33455,19.86823565,12.46109037,15.10330812,19.61729735,15.13941263,17.81065588
23137,22.98340547,11.9401606,11.73648232,13.68773863,17.87047792,21.78173506
23569,22.98340547,11.9401606,11.73648232,13.68773863,17.87047792,21.78173506
16434,19.29164994,11.19973202,13.33209508,23.22649347,13.06385851,19.88617098
28054,21.40664297,11.82363928,14.17942079,20.68471821,12.12648313,19.77909562
28461,21.40664297,11.82363928,14.17942079,20.68471821,12.12648313,19.77909562
19895,14.9450516,10.2764125,15.62828234,26.59511676,19.10488791,13.45024888
21168,16.89660912,22.04042078,23.81366352,15.89984497,15.99089631,5.358565292
1802,22.83176383,8.361530085,11.23840445,22.88107691,13.28695933,21.40026539
1042,21.18659255,8.442586006,13.73368156,27.11036954,12.76955388,16.75721647
25617,25.00390018,13.15068998,12.1817144,13.02628652,15.44779545,21.18961348
4919,18.26946192,20.87271649,21.54792677,16.35129603,13.76929858,9.189300213
17191,20.44755392,11.38011963,12.72934274,13.71558372,15.51916703,26.20823297
25876,21.70656992,13.13264893,13.58426016,12.77157915,15.42509046,23.37985137
2063,25.10663452,18.15984546,18.09382394,9.731602807,14.58763862,14.32045466
6949,18.92683088,13.16857429,16.2058673,17.75598922,12.56664042,21.37609789
4548,21.13788691,8.936472391,14.47788867,27.40261989,13.51622743,14.52890471
17266,17.39417374,20.27607304,18.7859922,10.06133777,13.40181278,20.08061048
33870,19.76113669,10.52788513,13.36972976,23.05150051,13.73561554,19.55413237
10949,12.54275515,9.973230041,16.9445488,31.79633768,19.72384448,9.019283847
11366,12.54275515,9.973230041,16.9445488,31.79633768,19.72384448,9.019283847
885,14.71168127,15.86588027,21.36236478,26.97619347,16.25491405,4.828966155
7289,17.99999412,24.70984284,25.17923743,13.34545824,16.01422862,2.751238749
6463,20.7544814,15.10639308,17.6818754,15.76860324,17.30295749,13.38568939
9050,20.95919676,9.026140732,13.43025627,22.15121856,12.92978351,21.50340417
27316,23.24888941,19.43030178,17.69651725,4.81644605,18.46749772,16.3403478
1316,13.84327098,15.31702117,21.37749885,25.97505157,17.50849185,5.978665568
23472,19.24426292,18.2995403,15.6693275,14.1143164,16.18190519,16.4906477
33946,16.20546254,13.44989673,16.55143236,22.59566244,17.66206475,13.53548119
917,22.0523672,7.991710176,11.4300426,24.33460534,13.00227253,21.18900215
28182,18.7077117,18.02083531,18.10717598,14.85910702,15.36496509,14.94020489
28575,18.7077117,18.02083531,18.10717598,14.85910702,15.36496509,14.94020489
13429,18.09832573,11.82824691,15.22238099,28.98688356,13.66370078,12.20046203
21638,16.42362167,15.93212082,16.43780507,11.72349259,30.73892793,8.744031922
9677,17.00978721,19.33870325,20.44989298,21.05952184,13.96614652,8.175948188
30222,13.21698306,18.79445884,22.53836698,22.23680592,14.53861109,8.674774104
4607,22.95155918,13.85671393,12.27339179,9.942862659,13.40474834,27.5707241
2427,25.07677099,8.849315506,9.696705266,13.26270081,18.90551561,24.20899182
25188,21.55910882,13.22483165,13.70337642,17.35850319,16.5810743,17.57310561
29126,19.61294167,19.42125012,19.07864566,12.92617723,11.81543963,17.14554568
25879,17.21997852,21.01982679,18.95003909,10.35940803,14.36878567,18.0819619
29218,18.70941597,21.61983985,20.02392157,12.99484497,12.75856767,13.89340998
4677,18.89664784,14.88856965,12.7094578,15.92566799,12.01067332,25.5689834
7782,20.42604313,16.28407643,19.41089449,16.08321221,16.58087855,11.2148952
11633,17.18973244,10.27279757,13.4895862,24.06378988,12.86788029,22.11621362
28255,18.53842507,14.30661139,14.32663695,13.72939073,10.94865918,28.15027667
28706,18.53842507,14.30661139,14.32663695,13.72939073,10.94865918,28.15027667
33032,18.20038076,11.51209204,16.76335665,25.6914046,12.78360197,15.04916398
1181,23.2618909,14.21453401,15.9555095,14.61233253,13.81188411,18.14384895
6873,19.83230842,16.34978385,16.60643758,16.03708036,17.50730348,13.66708631
2299,15.00875132,13.67881689,16.82959549,21.18093086,12.14637998,21.15552546
23665,18.29805861,15.30337655,14.18756394,17.77920356,15.37286016,19.05893718
4931,18.77551222,8.455177902,13.97129523,25.52119624,14.44547691,18.83134149
15226,15.06529464,14.96341994,19.77212399,24.11422856,13.62945604,12.45547683
28501,11.77268827,7.801196246,15.5713101,33.77558638,22.57702872,8.502190296
1885,19.38730339,8.794879344,12.20785131,22.38149341,13.43480727,23.79366528
24794,19.80620884,14.32403719,13.46381152,11.77534974,14.35262103,26.27797168
39740,14.90930386,11.6559632,17.7025413,31.95708238,16.85709613,6.918013136
33291,22.25356585,10.2025602,11.86398945,14.51744218,19.18793955,21.97450276
8662,21.97240271,18.94097236,14.56595064,5.701142125,17.05739639,21.76213578
12789,18.4279515,8.990619494,11.84760191,25.65231278,11.35965079,23.72186352
27160,11.70246727,20.35053672,20.90002695,18.23189502,16.35353401,12.46154003
32295,17.18262111,19.90254707,19.70945932,18.47290917,13.590375,11.14208833
32765,17.18262111,19.90254707,19.70945932,18.47290917,13.590375,11.14208833
9220,14.56648173,20.32447784,20.78148432,15.80016287,13.96999984,14.55739339
9621,14.56648173,20.32447784,20.78148432,15.80016287,13.96999984,14.55739339
21570,20.2135881,15.6830188,13.33455381,9.595269424,15.35951121,25.81405866
16836,18.51792821,12.24538417,14.05418412,24.78129548,13.88050291,16.5207051
25052,17.22817489,17.27274353,18.51465059,18.08921726,12.29212624,16.60308749
13403,12.09190367,12.24714658,17.97368005,32.87448946,17.18731547,7.625464768
1355,19.30578378,17.89700811,18.51966118,16.38377132,14.05488661,13.838889
2530,19.13644865,11.5311698,13.92345579,17.50986692,17.53664332,20.36241552
9576,16.02671847,16.69473118,19.10225656,17.55561428,13.99100365,16.62967585
1587,18.5140071,12.97720234,16.05477673,17.33356088,14.20718346,20.91326949
25506,18.64875794,15.03212144,13.55998431,12.07083269,13.66986275,27.01844086
6565,17.92291878,10.17908699,14.3902999,18.95302316,17.68171159,20.87295959
13870,11.87873432,10.58103366,16.69171259,32.90113464,15.92922353,12.01816126
364,24.51680383,12.7410161,11.69590249,5.786895504,12.8653496,32.39403248
29505,22.40841239,19.68073145,24.08734137,14.96710473,14.40602746,4.450382608
18453,17.40513903,8.979934541,13.91617728,25.94956456,16.2242913,17.5248933
10191,13.69937082,19.11032058,21.31289319,22.94845679,15.03764302,7.891315601
27960,20.09302062,18.70571672,17.42937225,14.36105474,14.10334889,15.30748678
28376,20.09302062,18.70571672,17.42937225,14.36105474,14.10334889,15.30748678
20948,21.83548446,14.51081034,15.39660917,16.79827939,15.74765576,15.71116088
2490,24.05884187,19.79459959,13.01221529,3.244104275,12.88275535,27.00748363
40518,16.19757636,12.25650221,14.6828303,25.94552815,14.65744019,16.26012279
35199,24.34500453,13.76846773,12.2773909,5.757434009,12.79104374,31.0606591
24452,15.35504466,17.09387207,18.61820966,17.16580772,16.07699071,15.69007517
6961,18.61212299,10.66154483,11.42786624,24.07558431,13.86355099,21.35933063
29030,21.5988962,17.1426962,13.26711824,15.91456981,14.04043275,18.0362868
9616,14.91635117,21.822156,21.4813693,20.96246355,16.83172839,3.985931596
13435,14.31228364,15.04224186,16.12056347,23.65730931,16.82962193,14.0379798
13897,14.31228364,15.04224186,16.12056347,23.65730931,16.82962193,14.0379798
14535,21.56857943,11.17811157,11.86890775,15.68160149,15.24642938,24.45637038
17648,22.6652385,18.33483735,14.30924505,7.154306851,11.46673441,26.06963784
1811,21.97069196,7.461787847,11.72932559,25.56222326,11.94274887,21.33322248
28662,14.19885311,25.14608127,14.55154134,7.329363674,25.60898892,13.1651717
827,17.45369542,14.75965124,15.49665444,22.55880103,14.48576181,15.24543604
32098,10.20579313,34.20042486,27.1140854,12.32156227,14.78415816,1.373976173
32584,10.20579313,34.20042486,27.1140854,12.32156227,14.78415816,1.373976173
33392,14.20938586,20.89851763,17.62344874,14.7403889,16.56529994,15.96295893
35583,20.88765958,18.44052553,15.76127801,4.161122962,15.43586599,25.31354793
27079,9.415959886,10.97035409,19.74580005,31.26832874,23.25656672,5.34299051
32224,21.46591634,13.5497383,15.18698233,20.48583766,13.00487766,16.3066477
32702,21.46591634,13.5497383,15.18698233,20.48583766,13.00487766,16.3066477
36545,13.33053628,28.48572165,25.22178682,10.76461929,14.68859786,7.508738098
28207,17.41073789,18.86745538,17.85438741,15.92731275,13.40362633,16.53648025
28613,17.41073789,18.86745538,17.85438741,15.92731275,13.40362633,16.53648025
25579,14.55963161,13.61132731,17.23218526,20.69997166,17.05464619,16.84223797
33737,16.89733014,10.72541824,13.31728735,17.9704183,17.61100487,23.47854109
1717,18.10808931,13.29727952,13.8015188,21.55359523,14.62063162,18.61888553
2340,19.15624912,15.57009403,15.97851025,13.40364664,17.0892,18.80229995
30537,8.739909754,14.9057399,12.62150914,27.4469122,27.90158066,8.384348357
4652,18.70169573,13.52992782,16.06481485,22.47300921,13.8835228,15.34702959
28680,19.87004906,11.01312611,11.37455461,17.59046281,14.5297307,25.62207671
17779,21.56428681,10.81046594,14.45876752,20.70470018,15.14272168,17.31905787
23633,18.53809337,20.52491925,15.87546079,12.30255283,15.22534363,17.53363014
32003,17.42796783,22.53910068,19.47372117,8.885450182,14.14061869,17.53314144
32496,17.42796783,22.53910068,19.47372117,8.885450182,14.14061869,17.53314144
21535,25.3220931,18.16300435,10.52013858,3.899978142,24.35637145,17.73841438
9763,19.57953693,13.07995342,15.18696282,25.74671598,13.75022454,12.65660631
14903,19.42056389,11.82169667,12.92062206,18.42078688,18.09058627,19.32574423
21558,20.35537454,18.61998344,20.3279454,17.22161779,16.97338811,6.501690719
8626,17.26175149,14.90719445,10.45752976,15.40912573,29.00296475,12.96143382
1837,14.10891187,13.92766744,16.23059892,21.59529864,13.32020523,20.8173179
23585,5.253485062,36.50944907,16.51629593,0.765344778,40.62583823,0.329586936
15416,21.62521411,19.86168153,16.57642334,15.65180825,14.52942223,11.75545055
21511,20.67096109,10.4053255,9.527380283,8.502873288,23.95731793,26.93614191
30628,5.253485062,36.50944907,16.51629593,0.765344778,40.62583823,0.329586936
12037,6.753984889,16.83047797,25.05018507,30.32140553,16.21065875,4.833287787
40129,13.25957333,24.21377727,20.96862026,9.040761062,18.63837274,13.87889533
18062,9.212543706,28.67237156,23.32350098,15.16165466,23.55388415,0.076044941
17510,0.669788943,42.1605607,33.709113,5.947008485,17.47383148,0.039697388
34209,22.66522056,16.70439826,11.94320605,5.887981582,15.31894116,27.48025239
2014,15.96687222,12.96207011,12.51053462,25.78496953,15.4641063,17.31144723
17710,21.22684396,19.25093558,10.50405911,3.202246543,27.02315001,18.7927648
9286,7.837857998,12.83187618,20.63208285,34.97926736,16.39785248,7.321063142
25609,16.77039328,15.39209907,13.55171628,10.20577113,15.75304328,28.32697696
34417,21.64893412,11.51176935,13.98715316,15.21265584,16.53092774,21.10855979
34013,21.37757364,9.613790478,12.17918804,22.58804124,11.19056163,23.05084497
21774,15.75664547,16.50906333,10.92960917,5.787280765,26.7425147,24.27488657
1563,18.22819868,15.49345401,11.50382019,13.24842912,15.58364049,25.94245751
24981,18.82168149,15.07316993,16.22160585,14.64295835,15.84078681,19.39979758
25670,18.82168149,15.07316993,16.22160585,14.64295835,15.84078681,19.39979758
17503,5.253485062,36.50944907,16.51629593,0.765344778,40.62583823,0.329586936
11480,5.253485062,36.50944907,16.51629593,0.765344778,40.62583823,0.329586936
33739,22.77531345,12.64359342,13.94684319,13.48808064,18.56788795,18.57828135
6102,5.253485062,36.50944907,16.51629593,0.765344778,40.62583823,0.329586936
13849,21.72702624,14.47518735,11.76643746,16.90279239,16.47811539,18.65044116
34090,24.66535566,10.78425805,9.840534303,13.16289157,14.66086673,26.88609368
7507,8.681794601,40.37093167,25.52711577,5.375882926,19.55969563,0.484579406
21553,3.591914613,42.7684702,14.33417552,7.813356402,30.50587026,0.98621301
33105,15.25688049,15.59919836,13.61775201,21.24594769,15.53812759,18.74209386
33579,15.25688049,15.59919836,13.61775201,21.24594769,15.53812759,18.74209386
8832,20.51729994,19.23575715,13.18760768,4.314266913,21.92102452,20.82404379
37678,12.42770832,18.2931437,14.68697389,26.72718987,18.11629961,9.748684614
26922,5.253485062,36.50944907,16.51629593,0.765344778,40.62583823,0.329586936
40157,5.253485062,36.50944907,16.51629593,0.765344778,40.62583823,0.329586936
20707,5.253485062,36.50944907,16.51629593,0.765344778,40.62583823,0.329586936
25153,24.92388482,13.34630239,12.70393645,13.32461844,21.8989693,13.8022886
26606,5.253485062,36.50944907,16.51629593,0.765344778,40.62583823,0.329586936
27336,5.253485062,36.50944907,16.51629593,0.765344778,40.62583823,0.329586936
36965,5.253485062,36.50944907,16.51629593,0.765344778,40.62583823,0.329586936
21728,5.253485062,36.50944907,16.51629593,0.765344778,40.62583823,0.329586936
28578,5.253485062,36.50944907,16.51629593,0.765344778,40.62583823,0.329586936
16005,5.253485062,36.50944907,16.51629593,0.765344778,40.62583823,0.329586936
41274,5.253485062,36.50944907,16.51629593,0.765344778,40.62583823,0.329586936
20485,5.253484892,36.50944789,16.51629539,0.765344754,40.62583692,0.329590157
11026,5.253462358,36.50929128,16.51622455,0.765341471,40.62566266,0.33001769
18611,5.253485058,36.50944904,16.51629591,0.765344778,40.6258382,0.329587007
29892,5.253484892,36.50944789,16.51629539,0.765344754,40.62583692,0.329590157
30579,5.253484892,36.50944789,16.51629539,0.765344754,40.62583692,0.329590157
18982,5.253484892,36.50944789,16.51629539,0.765344754,40.62583692,0.329590157
19569,5.253484892,36.50944789,16.51629539,0.765344754,40.62583692,0.329590157
14198,5.253382271,36.50873471,16.51597276,0.765329803,40.62504333,0.331537118
16869,5.253484991,36.50944858,16.5162957,0.765344768,40.62583769,0.329588275
6978,5.253484892,36.50944789,16.51629539,0.765344754,40.62583692,0.329590157
11249,5.180409249,36.00160377,16.28655477,0.754698856,40.06073409,1.71599927
24961,5.253484207,36.50944313,16.51629324,0.765344654,40.62583162,0.329603155
25005,5.253468291,36.50933252,16.5162432,0.765342335,40.62570854,0.329905112
18636,5.236606663,36.3921515,16.46323236,0.762885878,40.49531552,0.649808071
6137,4.72070524,32.80685973,14.84130321,0.687727682,36.50578714,10.43761699
24642,5.253415871,36.50896822,16.5160784,0.765334699,40.62530317,0.330899639
40166,5.180409249,36.00160377,16.28655477,0.754698856,40.06073409,1.71599927
40183,5.180409249,36.00160377,16.28655477,0.754698856,40.06073409,1.71599927
19953,5.180409249,36.00160377,16.28655477,0.754698856,40.06073409,1.71599927
26236,5.106148745,35.48552538,16.05308909,0.743880345,39.48646859,3.12488785
10960,4.259905643,29.60450182,13.39260727,0.620596899,32.94236787,19.1800205
16337,4.746823794,32.98837239,14.92341666,0.691532718,36.70776509,9.942089348
11065,4.197432191,29.17033835,13.19619859,0.611495564,32.45925308,20.36528223
5309,4.029918966,28.00619389,12.6695581,0.587091693,31.16385296,23.54338439
16047,4.472381038,31.08111392,14.06060317,0.651551005,34.58546591,15.14888495
24938,5.207135375,36.18733879,16.37057834,0.758592405,40.26741047,1.208944616
28183,5.195041556,36.10329198,16.3325569,0.756830539,40.1738875,1.43839153
11033,4.003492242,27.82253959,12.5864758,0.583241762,30.95949189,24.04475871
24958,5.180409249,36.00160377,16.28655477,0.754698856,40.06073409,1.71599927
25659,5.180409249,36.00160377,16.28655477,0.754698856,40.06073409,1.71599927
5335,3.991312507,27.73789569,12.54818425,0.581467378,30.86530452,24.27583566
13782,4.075736244,28.32460415,12.81360185,0.593766503,31.51816354,22.67412771
11059,4.036893745,28.05466559,12.69148592,0.588107801,31.21778977,23.41105717
20265,4.028912582,27.99919995,12.66639415,0.58694508,31.15607047,23.56247776
29921,3.993848154,27.75551735,12.556156,0.58183678,30.88491299,24.22772872
21662,4.72070524,32.80685973,14.84130321,0.687727682,36.50578714,10.43761699
20446,4.139439985,28.7673176,13.0138784,0.603047071,32.01079231,21.46552464
36194,4.188127584,29.10567536,13.16694608,0.610140038,32.38729942,20.54181152
18958,3.981095588,27.66689253,12.51606354,0.579978944,30.78629584,24.46967356
28043,4.500351939,31.27549959,14.14854016,0.655625897,34.80176829,14.61821413
10993,4.282520772,29.76166719,13.46370639,0.623891545,33.11725342,18.75096069
24984,4.380594259,30.44323551,13.77203709,0.638179209,33.8756676,16.89028633
18824,3.997745508,27.78260227,12.56840879,0.582404559,30.9150517,24.15378717
7001,4.141154844,28.77923513,13.0192697,0.603296897,32.02405352,21.43298992
21653,4.141154844,28.77923513,13.0192697,0.603296897,32.02405352,21.43298992
28210,4.141154844,28.77923513,13.0192697,0.603296897,32.02405352,21.43298992
30995,4.188127584,29.10567536,13.16694608,0.610140038,32.38729942,20.54181152
10660,4.600548382,31.97182153,14.46354517,0.670222841,35.57659956,12.71726251
17171,4.092092732,28.43827467,12.86502459,0.596149369,31.64465025,22.36380839
28067,3.99181631,27.7413969,12.54976814,0.581540774,30.86920049,24.26627738
28150,3.983957302,27.6867802,12.52506041,0.580395848,30.80842582,24.41538042
28041,3.981095588,27.66689253,12.51606354,0.579978944,30.78629584,24.46967356
26453,4.351469669,30.2408322,13.68047304,0.633936244,33.65044361,17.44284523
28232,4.011483106,27.87807263,12.61159807,0.584405897,31.02128621,23.89315409
17642,4.188127584,29.10567536,13.16694608,0.610140038,32.38729942,20.54181152
29794,4.938658432,34.32154015,15.52652062,0.719479812,38.19124565,6.302555336
24976,4.442148473,30.87101068,13.96555579,0.647146627,34.35167382,15.72246461
29947,5.06074323,35.1699767,15.91033986,0.737265522,39.13534223,3.986332458
30900,5.127741108,35.63558297,16.12097276,0.747025991,39.65344496,2.715232211
28042,4.691800219,32.60598233,14.75042946,0.683516705,36.2822611,10.98601018
17289,4.735911246,32.91253489,14.88910898,0.689942943,36.62337703,10.14912491
10942,5.232874147,36.36621212,16.4514978,0.762342113,40.46645152,0.720622297
20441,5.23363525,36.37150146,16.45389062,0.762452993,40.47233722,0.706182458
28181,4.983778674,34.63510632,15.66837298,0.726053075,38.54016596,5.446522989
27877,5.074954937,35.26874191,15.95501968,0.73933593,39.24524308,3.716704467
18511,5.127741108,35.63558297,16.12097276,0.747025991,39.65344496,2.715232211
40158,5.244074446,36.44404936,16.48671013,0.763973809,40.55306479,0.508127461
10924,5.251539707,36.49592969,16.51017997,0.765061373,40.61079456,0.366494698
16299,5.252880023,36.50524431,16.51439376,0.765256634,40.62115939,0.341065878
26175,5.253484958,36.50944834,16.5162956,0.765344763,40.62583743,0.329588909
5702,5.245589297,36.45457692,16.49147264,0.764194498,40.56477932,0.479387326
5814,4.188127584,29.10567536,13.16694608,0.610140038,32.38729942,20.54181152
5872,4.141154844,28.77923513,13.0192697,0.603296897,32.02405352,21.43298992
5957,5.253485062,36.50944907,16.51629593,0.765344778,40.62583823,0.329586936
6809,5.253485062,36.50944907,16.51629593,0.765344778,40.62583823,0.329586936
6944,5.253485062,36.50944907,16.51629593,0.765344778,40.62583823,0.329586936
7428,5.253485062,36.50944907,16.51629593,0.765344778,40.62583823,0.329586936
7510,5.252502167,36.50261837,16.51320583,0.765201587,40.61823738,0.348234665
12062,5.253485062,36.50944907,16.51629593,0.765344778,40.62583823,0.329586936
12330,5.253485062,36.50944907,16.51629593,0.765344778,40.62583823,0.329586936
13919,5.253485062,36.50944907,16.51629593,0.765344778,40.62583823,0.329586936
14175,5.253485062,36.50944907,16.51629593,0.765344778,40.62583823,0.329586936
14239,5.253485062,36.50944907,16.51629593,0.765344778,40.62583823,0.329586936
14253,5.253485062,36.50944907,16.51629593,0.765344778,40.62583823,0.329586936
16080,5.238302284,36.40393533,16.46856318,0.763132902,40.50842797,0.617638336
16151,5.243383866,36.43925013,16.48453904,0.763873203,40.54772446,0.521229309
16783,5.253485062,36.50944907,16.51629593,0.765344778,40.62583823,0.329586936
16791,5.253485062,36.50944907,16.51629593,0.765344778,40.62583823,0.329586936
17588,5.253485062,36.50944907,16.51629593,0.765344778,40.62583823,0.329586936
17975,5.253485062,36.50944907,16.51629593,0.765344778,40.62583823,0.329586936
17976,5.253485062,36.50944907,16.51629593,0.765344778,40.62583823,0.329586936
18092,5.253485062,36.50944907,16.51629593,0.765344778,40.62583823,0.329586936
18764,4.682836586,32.54368897,14.72224893,0.682210854,36.21294424,11.15607042
18856,5.097998476,35.42888454,16.02746567,0.742692987,39.42344157,3.279516754
18881,5.253463685,36.50930051,16.51622872,0.765341664,40.62567292,0.329992498
18935,5.253485062,36.50944907,16.51629593,0.765344778,40.62583823,0.329586936
18949,5.253485062,36.50944907,16.51629593,0.765344778,40.62583823,0.329586936
18959,4.682836586,32.54368897,14.72224893,0.682210854,36.21294424,11.15607042
18973,5.253485062,36.50944907,16.51629593,0.765344778,40.62583823,0.329586936
19011,3.981894325,27.6724434,12.51857467,0.580095307,30.79247257,24.45451973
19277,5.253485062,36.50944907,16.51629593,0.765344778,40.62583823,0.329586936
19620,5.253485062,36.50944907,16.51629593,0.765344778,40.62583823,0.329586936
19936,5.253485062,36.50944907,16.51629593,0.765344778,40.62583823,0.329586936
20535,5.127741108,35.63558297,16.12097276,0.747025991,39.65344496,2.715232211
21386,5.253485062,36.50944907,16.51629593,0.765344778,40.62583823,0.329586936
21717,5.253485062,36.50944907,16.51629593,0.765344778,40.62583823,0.329586936
23296,5.253485062,36.50944907,16.51629593,0.765344778,40.62583823,0.329586936
24704,4.516609241,31.38848081,14.19965107,0.657994314,34.92748798,14.30977658
24791,5.253485062,36.50944907,16.51629593,0.765344778,40.62583823,0.329586936
24807,5.253457885,36.5092602,16.51621048,0.765340819,40.62562807,0.330102549
24876,4.572660604,31.77801354,14.37586951,0.666160059,35.36093998,13.24635631
24936,5.252215827,36.50062843,16.51230561,0.765159872,40.61602309,0.353667169
24968,5.253485062,36.50944907,16.51629593,0.765344778,40.62583823,0.329586936
24978,5.121472359,35.59201787,16.1012646,0.746112739,39.60496796,2.834164472
25185,5.253485062,36.50944907,16.51629593,0.765344778,40.62583823,0.329586936
25295,5.253485062,36.50944907,16.51629593,0.765344778,40.62583823,0.329586936
25648,5.253485062,36.50944907,16.51629593,0.765344778,40.62583823,0.329586936
26431,4.544657239,31.58340226,14.28783045,0.662080437,35.14438656,13.77764305
26844,5.253485062,36.50944907,16.51629593,0.765344778,40.62583823,0.329586936
27315,5.253485062,36.50944907,16.51629593,0.765344778,40.62583823,0.329586936
27318,5.253485062,36.50944907,16.51629593,0.765344778,40.62583823,0.329586936
27399,5.253485062,36.50944907,16.51629593,0.765344778,40.62583823,0.329586936
27615,5.253485062,36.50944907,16.51629593,0.765344778,40.62583823,0.329586936
27734,5.253485062,36.50944907,16.51629593,0.765344778,40.62583823,0.329586936
27878,5.138863722,35.71288033,16.15594086,0.748646369,39.73945748,2.504211244
27965,5.249141705,36.47926462,16.50264096,0.764712024,40.59225053,0.411990168
28208,5.252087898,36.49973938,16.51190342,0.765141235,40.61503379,0.356094279
28632,5.253485062,36.50944907,16.51629593,0.765344778,40.62583823,0.329586936
28712,5.253485062,36.50944907,16.51629593,0.765344778,40.62583823,0.329586936
29738,5.253485062,36.50944907,16.51629593,0.765344778,40.62583823,0.329586936
29839,5.253485062,36.50944907,16.51629593,0.765344778,40.62583823,0.329586936
30231,14.87317879,21.41799752,22.71095887,18.0735938,16.79770401,6.126567012
30624,5.253485062,36.50944907,16.51629593,0.765344778,40.62583823,0.329586936
30875,5.253485062,36.50944907,16.51629593,0.765344778,40.62583823,0.329586936
30955,5.253485062,36.50944907,16.51629593,0.765344778,40.62583823,0.329586936
30963,5.253485062,36.50944907,16.51629593,0.765344778,40.62583823,0.329586936
37232,5.253485062,36.50944907,16.51629593,0.765344778,40.62583823,0.329586936
37258,5.253485062,36.50944907,16.51629593,0.765344778,40.62583823,0.329586936
37596,5.253485062,36.50944907,16.51629593,0.765344778,40.62583823,0.329586936
37738,5.253485062,36.50944907,16.51629593,0.765344778,40.62583823,0.329586936
40182,5.253485062,36.50944907,16.51629593,0.765344778,40.62583823,0.329586936
40700,5.253485062,36.50944907,16.51629593,0.765344778,40.62583823,0.329586936
,,,,,,
,,,,,,
