UniqueID,Winger_Support,Inverted_Winger,Advanced_Playmaker_Attack,Inside_Forward,Winger_Defend,Advanced_Playmaker_Support
37711,26.98252425,9.912528133,40.25139561,14.95178151,5.133185651,2.768584838
30262,19.66837848,10.97551865,33.70892949,20.95312706,0.580068168,14.11397815
30280,19.66837848,10.97551865,33.70892949,20.95312706,0.580068168,14.11397815
30284,19.66837848,10.97551865,33.70892949,20.95312706,0.580068168,14.11397815
30264,19.66837848,10.97551865,33.70892949,20.95312706,0.580068168,14.11397815
5315,19.66837848,10.97551865,33.70892949,20.95312706,0.580068168,14.11397815
5403,19.66837848,10.97551865,33.70892949,20.95312706,0.580068168,14.11397815
6120,19.66837848,10.97551865,33.70892949,20.95312706,0.580068168,14.11397815
6129,19.66837848,10.97551865,33.70892949,20.95312706,0.580068168,14.11397815
6131,19.66837848,10.97551865,33.70892949,20.95312706,0.580068168,14.11397815
6733,19.66837848,10.97551865,33.70892949,20.95312706,0.580068168,14.11397815
6761,19.66837848,10.97551865,33.70892949,20.95312706,0.580068168,14.11397815
6875,19.66837848,10.97551865,33.70892949,20.95312706,0.580068168,14.11397815
7003,19.66837848,10.97551865,33.70892949,20.95312706,0.580068168,14.11397815
7024,19.66837848,10.97551865,33.70892949,20.95312706,0.580068168,14.11397815
7041,19.66837848,10.97551865,33.70892949,20.95312706,0.580068168,14.11397815
7508,19.66837848,10.97551865,33.70892949,20.95312706,0.580068168,14.11397815
10866,19.66837848,10.97551865,33.70892949,20.95312706,0.580068168,14.11397815
10876,19.66837848,10.97551865,33.70892949,20.95312706,0.580068168,14.11397815
11422,19.66837848,10.97551865,33.70892949,20.95312706,0.580068168,14.11397815
11423,19.66837848,10.97551865,33.70892949,20.95312706,0.580068168,14.11397815
12225,19.66837848,10.97551865,33.70892949,20.95312706,0.580068168,14.11397815
12313,19.66837848,10.97551865,33.70892949,20.95312706,0.580068168,14.11397815
13896,19.66837848,10.97551865,33.70892949,20.95312706,0.580068168,14.11397815
13964,19.66837848,10.97551865,33.70892949,20.95312706,0.580068168,14.11397815
14104,19.66837848,10.97551865,33.70892949,20.95312706,0.580068168,14.11397815
14224,19.66837848,10.97551865,33.70892949,20.95312706,0.580068168,14.11397815
16109,19.66837848,10.97551865,33.70892949,20.95312706,0.580068168,14.11397815
16812,19.66837848,10.97551865,33.70892949,20.95312706,0.580068168,14.11397815
16816,19.66837848,10.97551865,33.70892949,20.95312706,0.580068168,14.11397815
17140,19.66837848,10.97551865,33.70892949,20.95312706,0.580068168,14.11397815
17577,19.66837848,10.97551865,33.70892949,20.95312706,0.580068168,14.11397815
17949,19.66837848,10.97551865,33.70892949,20.95312706,0.580068168,14.11397815
17994,19.66837848,10.97551865,33.70892949,20.95312706,0.580068168,14.11397815
18019,19.66837848,10.97551865,33.70892949,20.95312706,0.580068168,14.11397815
18135,19.66837848,10.97551865,33.70892949,20.95312706,0.580068168,14.11397815
18644,19.66837848,10.97551865,33.70892949,20.95312706,0.580068168,14.11397815
18832,19.66837848,10.97551865,33.70892949,20.95312706,0.580068168,14.11397815
18859,19.66837848,10.97551865,33.70892949,20.95312706,0.580068168,14.11397815
18888,19.66837848,10.97551865,33.70892949,20.95312706,0.580068168,14.11397815
18903,19.66837848,10.97551865,33.70892949,20.95312706,0.580068168,14.11397815
18922,19.66837848,10.97551865,33.70892949,20.95312706,0.580068168,14.11397815
18923,19.66837848,10.97551865,33.70892949,20.95312706,0.580068168,14.11397815
19577,19.66837848,10.97551865,33.70892949,20.95312706,0.580068168,14.11397815
19932,19.66837848,10.97551865,33.70892949,20.95312706,0.580068168,14.11397815
20203,19.66837848,10.97551865,33.70892949,20.95312706,0.580068168,14.11397815
20305,19.66837848,10.97551865,33.70892949,20.95312706,0.580068168,14.11397815
20821,19.66837848,10.97551865,33.70892949,20.95312706,0.580068168,14.11397815
20847,19.66837848,10.97551865,33.70892949,20.95312706,0.580068168,14.11397815
20851,19.66837848,10.97551865,33.70892949,20.95312706,0.580068168,14.11397815
20852,19.66837848,10.97551865,33.70892949,20.95312706,0.580068168,14.11397815
20888,19.66837848,10.97551865,33.70892949,20.95312706,0.580068168,14.11397815
21652,19.66837848,10.97551865,33.70892949,20.95312706,0.580068168,14.11397815
21710,19.66837848,10.97551865,33.70892949,20.95312706,0.580068168,14.11397815
21811,19.66837848,10.97551865,33.70892949,20.95312706,0.580068168,14.11397815
23425,19.66837848,10.97551865,33.70892949,20.95312706,0.580068168,14.11397815
23469,19.66837848,10.97551865,33.70892949,20.95312706,0.580068168,14.11397815
23600,19.66837848,10.97551865,33.70892949,20.95312706,0.580068168,14.11397815
23632,19.66837848,10.97551865,33.70892949,20.95312706,0.580068168,14.11397815
24624,19.66837848,10.97551865,33.70892949,20.95312706,0.580068168,14.11397815
24653,19.66837848,10.97551865,33.70892949,20.95312706,0.580068168,14.11397815
24772,19.66837848,10.97551865,33.70892949,20.95312706,0.580068168,14.11397815
24783,19.66837848,10.97551865,33.70892949,20.95312706,0.580068168,14.11397815
24905,19.66837848,10.97551865,33.70892949,20.95312706,0.580068168,14.11397815
24943,19.66837848,10.97551865,33.70892949,20.95312706,0.580068168,14.11397815
24977,19.66837848,10.97551865,33.70892949,20.95312706,0.580068168,14.11397815
25012,19.66837848,10.97551865,33.70892949,20.95312706,0.580068168,14.11397815
25029,19.66837848,10.97551865,33.70892949,20.95312706,0.580068168,14.11397815
25301,19.66837848,10.97551865,33.70892949,20.95312706,0.580068168,14.11397815
25388,19.66837848,10.97551865,33.70892949,20.95312706,0.580068168,14.11397815
25623,19.66837848,10.97551865,33.70892949,20.95312706,0.580068168,14.11397815
25910,19.66837848,10.97551865,33.70892949,20.95312706,0.580068168,14.11397815
26084,19.66837848,10.97551865,33.70892949,20.95312706,0.580068168,14.11397815
26145,19.66837848,10.97551865,33.70892949,20.95312706,0.580068168,14.11397815
26155,19.66837848,10.97551865,33.70892949,20.95312706,0.580068168,14.11397815
26198,19.66837848,10.97551865,33.70892949,20.95312706,0.580068168,14.11397815
26234,19.66837848,10.97551865,33.70892949,20.95312706,0.580068168,14.11397815
26251,19.66837848,10.97551865,33.70892949,20.95312706,0.580068168,14.11397815
26357,19.66837848,10.97551865,33.70892949,20.95312706,0.580068168,14.11397815
26438,19.66837848,10.97551865,33.70892949,20.95312706,0.580068168,14.11397815
26439,19.66837848,10.97551865,33.70892949,20.95312706,0.580068168,14.11397815
26499,19.66837848,10.97551865,33.70892949,20.95312706,0.580068168,14.11397815
26832,19.66837848,10.97551865,33.70892949,20.95312706,0.580068168,14.11397815
26842,19.66837848,10.97551865,33.70892949,20.95312706,0.580068168,14.11397815
26889,19.66837848,10.97551865,33.70892949,20.95312706,0.580068168,14.11397815
27306,19.66837848,10.97551865,33.70892949,20.95312706,0.580068168,14.11397815
27460,19.66837848,10.97551865,33.70892949,20.95312706,0.580068168,14.11397815
27495,19.66837848,10.97551865,33.70892949,20.95312706,0.580068168,14.11397815
27773,19.66837848,10.97551865,33.70892949,20.95312706,0.580068168,14.11397815
27945,19.66837848,10.97551865,33.70892949,20.95312706,0.580068168,14.11397815
27958,19.66837848,10.97551865,33.70892949,20.95312706,0.580068168,14.11397815
28103,19.66837848,10.97551865,33.70892949,20.95312706,0.580068168,14.11397815
28213,19.66837848,10.97551865,33.70892949,20.95312706,0.580068168,14.11397815
28217,19.66837848,10.97551865,33.70892949,20.95312706,0.580068168,14.11397815
28263,19.66837848,10.97551865,33.70892949,20.95312706,0.580068168,14.11397815
28612,19.66837848,10.97551865,33.70892949,20.95312706,0.580068168,14.11397815
28636,19.66837848,10.97551865,33.70892949,20.95312706,0.580068168,14.11397815
29313,19.66837848,10.97551865,33.70892949,20.95312706,0.580068168,14.11397815
29514,19.66837848,10.97551865,33.70892949,20.95312706,0.580068168,14.11397815
29523,19.66837848,10.97551865,33.70892949,20.95312706,0.580068168,14.11397815
29583,19.66837848,10.97551865,33.70892949,20.95312706,0.580068168,14.11397815
29805,19.66837848,10.97551865,33.70892949,20.95312706,0.580068168,14.11397815
29873,19.66837848,10.97551865,33.70892949,20.95312706,0.580068168,14.11397815
29941,19.66837848,10.97551865,33.70892949,20.95312706,0.580068168,14.11397815
29942,19.66837848,10.97551865,33.70892949,20.95312706,0.580068168,14.11397815
29955,19.66837848,10.97551865,33.70892949,20.95312706,0.580068168,14.11397815
29959,19.66837848,10.97551865,33.70892949,20.95312706,0.580068168,14.11397815
29967,19.66837848,10.97551865,33.70892949,20.95312706,0.580068168,14.11397815
30353,19.66837848,10.97551865,33.70892949,20.95312706,0.580068168,14.11397815
30595,19.66837848,10.97551865,33.70892949,20.95312706,0.580068168,14.11397815
30596,19.66837848,10.97551865,33.70892949,20.95312706,0.580068168,14.11397815
30622,19.66837848,10.97551865,33.70892949,20.95312706,0.580068168,14.11397815
30651,19.66837848,10.97551865,33.70892949,20.95312706,0.580068168,14.11397815
30898,19.66837848,10.97551865,33.70892949,20.95312706,0.580068168,14.11397815
36198,19.66837848,10.97551865,33.70892949,20.95312706,0.580068168,14.11397815
36903,19.66837848,10.97551865,33.70892949,20.95312706,0.580068168,14.11397815
37236,19.66837848,10.97551865,33.70892949,20.95312706,0.580068168,14.11397815
37607,19.66837848,10.97551865,33.70892949,20.95312706,0.580068168,14.11397815
37728,19.66837848,10.97551865,33.70892949,20.95312706,0.580068168,14.11397815
40155,19.66837848,10.97551865,33.70892949,20.95312706,0.580068168,14.11397815
40603,19.66837848,10.97551865,33.70892949,20.95312706,0.580068168,14.11397815
41656,19.66837848,10.97551865,33.70892949,20.95312706,0.580068168,14.11397815
6096,19.51589815,10.89043025,33.44759891,20.79068663,1.350827401,14.00455865
15558,25.68120906,8.123865823,32.13112192,14.02512967,2.123443037,17.91523049
35790,26.22068599,11.01610723,29.72957707,19.79131324,5.780825183,7.461491289
41310,4.332294339,19.50960316,28.77724913,25.27316096,10.06969405,12.03799837
6752,19.73113823,15.88778791,28.48489614,19.93243011,4.037079872,11.92666774
10602,22.13934547,12.10436949,27.42718235,22.52081843,4.605045971,11.20323828
41553,15.90394197,17.12968031,27.25719657,21.05064426,7.24590877,11.41262813
12435,14.46072729,13.72952837,27.00592119,19.02641655,10.90536498,14.87204163
6865,24.10977737,9.817518953,26.59265464,10.31354082,22.88338089,6.283127338
20759,17.36120521,19.31093074,26.43245859,21.56483307,4.263263259,11.06730913
16468,20.6601515,18.88380922,26.3845697,19.5392778,12.93396983,1.598221949
29183,20.55968139,15.80930401,26.24053951,23.27728155,5.606376582,8.506816958
7454,17.48763619,15.28602518,25.98558356,21.67348194,15.28335246,4.283920669
26918,24.93363777,11.23683131,25.78361845,20.56067786,6.707582153,10.77765246
25084,19.59722237,15.51105625,25.33653965,26.86585204,3.912652736,8.776676961
25751,31.5838438,20.68297501,25.2360315,14.2738065,3.692541577,4.530801615
7019,14.11570799,18.29149189,24.88556841,22.35586735,1.978287674,18.37307669
37687,17.02511841,12.80083336,24.84837493,25.50178135,11.48888443,8.335007519
11097,21.10938757,15.39719562,24.71193855,21.14797895,2.979999894,14.65349942
14288,13.36365252,19.50005026,24.62230391,19.43573917,17.19948337,5.878770762
26845,14.28004923,7.968676562,24.47406496,15.21282937,27.81705303,10.24732685
8510,17.29304948,25.96275167,24.38340256,20.2371272,2.844681787,9.278987299
11444,15.29564811,18.84441835,24.24469155,18.3097205,13.88416859,9.4213529
30163,19.04550432,9.323801561,24.16569472,21.77417435,11.23874546,14.45207959
9289,23.37585434,15.1739053,23.72195304,18.80773832,9.1822074,9.738341601
39734,21.46161359,12.9675455,23.66745309,26.31595282,1.217282841,14.37015216
15171,24.56140365,18.59766293,23.63447542,19.12071361,7.340723557,6.745020835
40226,39.48106991,9.448568294,23.57318103,13.87314859,5.721593353,7.902438821
24664,19.43531891,15.64415664,23.37858776,26.08374744,3.473914922,11.98427433
5858,21.29695869,13.51390801,23.3246419,16.63552322,15.32725964,9.901708541
14365,23.24064526,15.02535984,23.30616345,21.17576334,3.761265303,13.49080281
14801,23.24064526,15.02535984,23.30616345,21.17576334,3.761265303,13.49080281
39257,23.07188832,12.75893479,23.18406554,25.73984706,7.037713931,8.207550352
36191,25.87889602,5.516519431,23.06771029,29.21056247,1.333345051,14.99296674
13449,22.18012171,16.49702197,22.86086672,18.87169874,4.783967618,14.80632324
28973,22.82455,21.72473212,22.83754067,20.6290027,4.716375099,7.267799414
31970,13.69287065,24.4886839,22.82419642,23.80962553,6.99389297,8.190730531
32462,13.69287065,24.4886839,22.82419642,23.80962553,6.99389297,8.190730531
14379,26.7832163,16.84227553,22.65085564,19.23293648,6.866587887,7.624128179
30593,29.51350053,15.94182785,22.61897622,17.8401363,8.415812079,5.669747027
35789,15.07836964,12.91484022,22.50415246,24.58693347,10.13686142,14.77884279
21559,16.82603928,10.60059175,22.49973529,24.79501967,7.365588634,17.91302538
19054,33.3873496,11.61614191,22.36125534,13.14660247,13.06559096,6.423059724
28667,13.74612871,15.13001497,22.3596455,29.04647514,10.93600899,8.781726688
36873,12.18824278,25.86054347,22.23839338,28.68672491,5.192830014,5.833265441
13981,15.94124943,23.05978055,22.14229599,21.88095421,8.039497678,8.936222141
25063,19.53679917,16.35045917,22.10281743,21.38391305,9.394403447,11.23160774
13865,21.552249,9.054850561,22.01694888,25.56664814,4.135306704,17.67399671
35781,11.73764274,19.8007642,12.5270422,17.3207888,24.5269593,14.08680276
17632,19.96150726,18.1106777,21.91841019,16.10157754,16.18730128,7.72052603
11118,15.37434301,19.68192116,21.90807921,20.95780189,8.657337167,13.42051756
41520,14.22743486,16.28484404,21.77456959,22.85669387,12.14906494,12.7073927
40680,16.66678539,17.9510669,21.67640226,22.03811644,9.945492651,11.72213636
36335,23.37975607,9.968912678,21.6301011,20.20752418,8.131498478,16.6822075
27711,20.06268487,24.98478327,21.62914003,20.36881319,7.659163396,5.295415253
35053,11.33897426,19.31756983,17.9432782,15.89648751,24.40917163,11.09451857
27814,25.98814442,11.04898882,21.34442323,20.49082549,6.783089534,14.3445285
31807,27.66949107,13.39032575,21.3363347,17.45323366,8.47827229,11.67234252
40254,22.2732505,15.36243972,21.00233641,20.38162571,5.699450753,15.2808969
24638,19.47295126,15.21577396,20.99461842,22.30138503,7.110017766,14.90525356
36036,15.36867075,16.40885226,20.86611669,28.19693286,4.564968673,14.59445877
29569,15.35462354,17.52961459,20.8519083,21.22374513,13.09181768,11.94829075
20832,13.12750729,20.18791021,20.81347172,16.82764585,20.32883384,8.714631095
16232,19.23164546,14.13933495,20.79961587,17.37109167,16.99775778,11.46055427
16642,19.23164546,14.13933495,20.79961587,17.37109167,16.99775778,11.46055427
28765,16.75024192,15.19124386,20.71273917,25.15230063,7.984114048,14.20936038
35006,15.8059981,17.1808608,12.75457343,15.21828305,23.43349519,15.60678943
656,19.06164513,20.17057342,13.33092917,14.75143341,21.03185882,11.65356005
25392,21.90433709,15.49156319,20.57194422,24.73212585,6.855712746,10.44431691
12751,15.23854988,13.548038,20.55026417,20.68791136,15.98708153,13.98815505
30261,29.42296019,14.65512039,20.47630454,22.5636634,5.481716086,7.400235391
31336,25.55103713,13.76466159,20.45795387,17.78779176,10.72298329,11.71557235
19567,23.40248251,20.04512134,20.43323949,15.83555918,9.504107552,10.77948992
39883,23.45540772,13.27922823,20.40840884,22.33739936,4.10636322,16.41319263
18257,19.87320965,17.77339147,20.28300971,23.55348904,9.257849631,9.259050497
24287,22.18962597,23.67731252,20.25954152,21.56016213,7.888074024,4.425283837
35683,21.70188015,15.87975349,15.69754253,13.12993825,20.82700735,12.76387823
18191,20.72464246,8.754995612,20.19689907,24.34788441,2.647767786,23.32781065
6901,14.49350618,8.374838579,20.13887629,21.200023,9.266563505,26.52619244
39562,12.97363742,16.19966248,20.13193764,22.12400241,11.36302877,17.20773129
40791,21.42459482,16.43314771,20.07333088,20.70830683,11.62547674,9.735143019
4792,15.17549744,12.07800841,19.96311768,23.83582978,7.898503924,21.04904275
28360,18.11735307,18.86124949,19.96089688,20.65042848,10.20843751,12.20163457
25637,20.5010523,20.44012346,19.95710701,18.19307988,12.99110288,7.917534475
21657,19.03488348,19.31717681,19.93928939,22.4909013,11.11254124,8.105207783
16303,18.453743,11.58930507,19.92434664,17.51342303,16.69423631,15.82494596
30043,14.2774579,15.27042227,19.91286008,19.79189551,20.02386838,10.72349585
36205,13.38057956,22.81963018,19.91055022,21.67133987,9.050309186,13.16759098
25702,21.48872183,17.04740847,19.84826707,22.49508979,5.599432897,13.52107994
7423,23.82090472,14.02826044,19.8222993,19.04947352,8.513788493,14.76527353
38046,23.14628535,9.969746948,19.76151448,17.32463811,7.53807742,22.2597377
4104,16.34704885,17.42300494,19.75470286,20.4949468,9.285039889,16.69525666
9689,12.88016675,17.23232684,19.67786859,20.81456151,14.10154347,15.29353285
4187,23.33858553,13.36774149,19.58186565,17.50664903,10.13957359,16.06558471
12363,24.25906825,13.60716399,19.57992329,17.77686853,16.5085113,8.268464635
24634,19.78065017,16.1699231,19.57467473,19.8562925,8.202974224,16.41548527
37225,28.16049321,11.55431334,19.51491237,13.91593211,19.14742116,7.706927808
36282,17.72060389,8.884380197,19.49197939,24.29032232,9.57050486,20.04220934
27047,24.90830618,14.19179536,19.47161948,21.82999743,0.740670918,18.85761063
20342,19.12466882,17.03217894,19.45183877,23.08057249,11.99868617,9.312054808
20873,14.38063966,27.26220914,19.42359482,19.03830374,12.27923317,7.616019475
27909,16.99955214,14.77963854,19.3968668,15.52978312,20.08287014,13.21128927
28329,16.99955214,14.77963854,19.3968668,15.52978312,20.08287014,13.21128927
40620,15.12686811,13.30537361,19.31370148,22.92899857,16.20327599,13.12178225
29176,23.82321449,15.07041732,19.31128883,23.82019987,5.615093329,12.35978615
9378,16.75639213,12.22503666,19.20098979,22.04478571,6.794817122,22.97797858
35222,14.36391616,20.54297146,14.74494427,14.90380552,20.52063096,14.92373163
13524,23.25720356,12.17466629,19.16716718,22.79392403,4.780149101,17.82688984
2945,27.63257664,12.42463411,19.13578977,17.20251001,4.886317108,18.71817237
3328,27.63257664,12.42463411,19.13578977,17.20251001,4.886317108,18.71817237
28917,22.52329112,18.35400628,19.06758187,22.185488,3.530704993,14.33892774
20507,15.13188726,19.8576996,19.04449643,20.73444568,10.83691991,14.39455112
30186,19.23395159,12.24334589,19.01028413,17.24004746,17.18885021,15.08352073
35049,12.88945483,16.57909289,13.8594303,17.41590082,19.92742883,19.32869233
30300,19.4688707,19.48996373,19.00199746,23.98915643,5.041304127,13.00870756
14217,21.8278467,20.42738595,18.99893759,22.74964262,6.549881577,9.446305554
10586,19.16260118,19.41512547,18.97527344,17.43076054,7.538288456,17.47795091
8237,21.98534794,9.999617064,18.96617013,16.91364294,8.817844396,23.31737752
18028,28.27664821,7.499759969,18.95116125,15.61164096,16.15699024,13.50379937
25372,20.1954228,17.59807551,18.92485613,20.07069143,4.182521835,19.0284323
33680,19.68292184,15.00315758,18.91411204,24.99418093,6.577764003,14.82786361
29121,21.81675067,13.81281476,18.85673306,22.83682131,7.237963385,15.43891682
5777,13.50481666,12.40341938,18.83918748,18.67907979,19.83551924,16.73797745
13912,22.39702768,12.52390668,18.82340534,17.28154253,8.640418018,20.33369975
28789,15.86042435,24.4847536,18.81390623,23.1763417,5.83551396,11.82906015
41667,20.7815077,27.50979963,18.80950659,14.44799804,13.31874746,5.132440583
18220,16.2029405,15.76861503,18.75802905,23.47671229,2.758930536,23.03477259
6495,15.77584807,10.82379397,18.75467448,18.7042029,12.5481089,23.39337168
16092,20.62367316,19.28632081,18.75224616,19.8984734,7.416794522,14.02249195
4827,16.53099367,12.43545354,18.73739584,20.51448397,6.899214828,24.88245815
10655,21.85859973,8.389922147,18.66848452,18.69590431,7.542965209,24.84412409
35839,20.80943326,8.288408408,18.64596682,18.2461536,6.807969483,27.20206842
12595,22.54024515,14.83123922,18.61803249,19.0082907,5.243020648,19.7591718
1267,18.15073413,17.54610446,18.60483109,22.26985176,8.684499472,14.74397909
21725,19.37557216,12.72064103,18.5702934,25.94386985,8.777322948,14.61230062
10635,15.11781218,20.69347347,18.56315053,24.10348394,6.812254033,14.70982584
25066,23.81679396,14.02974302,18.5556923,21.61860211,11.90912406,10.07004456
5377,20.44206113,16.87193663,18.54660419,21.79060379,8.591416094,13.75737816
39686,21.4918925,15.27418592,18.5461326,15.4914481,15.77008398,13.42625691
17605,16.65627399,18.72321315,18.54402515,18.02671999,17.14929044,10.90047728
35196,15.30431347,22.63858118,14.82815784,16.28732674,19.89945478,11.04216599
25366,16.88047695,14.72029473,18.50302606,24.43131216,9.918035143,15.54685495
18126,15.85321466,17.02531995,18.49247914,17.97923936,6.602900566,24.04684632
29174,17.93863242,19.8326723,18.45084281,26.56114935,3.98080251,13.23590062
27843,20.27982076,18.19011092,18.44318429,19.32517336,10.29333884,13.46837182
28273,20.27982076,18.19011092,18.44318429,19.32517336,10.29333884,13.46837182
35727,17.82095484,16.16293612,12.46849392,17.18596233,19.86780535,16.49384743
16666,26.33916981,13.29018166,18.44195693,14.63706904,17.40304771,9.888574856
874,16.96177969,22.93320532,18.38297525,20.34125849,9.324958189,12.05582306
1762,16.96177969,22.93320532,18.38297525,20.34125849,9.324958189,12.05582306
14502,15.680252,15.23477251,18.36819279,23.59058577,8.922031157,18.20416578
14870,15.680252,15.23477251,18.36819279,23.59058577,8.922031157,18.20416578
41250,18.49217765,18.43471061,18.35571507,22.92693641,8.41947177,13.37098848
35401,14.27492348,20.95703794,13.4609141,13.26006501,19.28415329,18.76290618
25383,16.28322464,18.27512404,18.34314593,21.62612683,7.246224045,18.22615452
30500,15.90790227,12.89628059,18.33250014,16.08901739,21.92306156,14.85123805
8523,20.79159934,13.01355235,18.31306909,29.40397333,1.287078259,17.19072763
13978,23.44457693,11.39540451,18.30523111,22.96879876,5.588125079,18.2978636
41046,16.63043153,21.65096245,18.29630347,18.66906586,4.758731935,19.99450476
41223,19.85020951,20.83781668,18.25570444,22.61438395,6.384168941,12.05771648
18063,17.67054834,19.90343126,18.21937097,22.49963578,13.45172666,8.255286999
548,18.56073483,15.36613781,14.80598039,15.80123346,18.93926637,16.52664714
1360,18.40006817,18.17143964,18.18648333,22.25930959,6.810668975,16.17203029
2992,19.51079224,25.86814683,18.17396837,20.57543456,2.290838249,13.58081975
18117,20.22913938,17.70484009,18.17130779,17.91982018,14.47495171,11.49994085
25374,17.70806026,15.01147456,18.16861375,22.23082504,6.913563308,19.96746308
40189,12.92230957,20.93013004,18.16548206,21.54662403,6.681120014,19.75433429
17048,19.44262148,12.55281975,18.15683146,15.83596801,19.20235042,14.80940888
4392,21.63241139,15.21856732,18.12898117,18.9922438,10.72427603,15.3035203
20842,14.76028523,29.54860175,18.11229167,16.83344466,13.45780282,7.287573869
29986,18.84959331,17.90918589,18.09688237,23.23445728,5.525047493,16.38483365
32811,16.05637379,9.416290935,18.08254766,19.42020491,6.93202012,30.09256258
13692,14.2024342,16.16253278,18.06223551,14.57368687,21.26109345,15.73801719
14113,14.2024342,16.16253278,18.06223551,14.57368687,21.26109345,15.73801719
27039,18.74652868,19.07551875,18.03390096,23.55067829,5.209915215,15.3834581
17097,18.19221425,21.13519818,18.01746612,20.36032447,8.908208,13.38658899
32348,15.89832588,9.894432162,18.00520517,19.34572043,6.993699123,29.86261724
31403,13.31868854,15.84289333,17.98668461,16.80655847,23.2647649,12.78041016
31874,13.31868854,15.84289333,17.98668461,16.80655847,23.2647649,12.78041016
36030,21.63271476,21.33611293,17.9743695,12.52960243,20.14578094,6.381419441
20838,16.6016434,18.73525617,17.94787504,16.5600364,19.17361524,10.98157376
35567,12.85829216,21.41767454,12.99943186,16.2252729,17.64684379,18.85248475
18192,25.11050311,22.58472207,17.94105612,18.62448873,7.396843783,8.342386188
28621,19.83544132,23.73377914,17.93713992,22.87965452,4.441642312,11.17234279
23519,26.80513043,20.54348872,17.83967208,15.62961969,14.8424738,4.339615278
38559,19.12456399,17.34722879,17.83591587,19.63801354,12.28974711,13.7645307
17236,20.44262837,16.20369403,17.82066068,17.72080542,13.72791704,14.08429446
21724,21.82352461,15.42882729,17.80744922,17.88784093,10.51991261,16.53244533
2156,18.42376006,16.39200919,17.80156931,22.36087316,8.206819637,16.81496864
27614,29.12075008,17.54999489,17.7915397,14.29505229,10.78993414,10.45272889
412,14.91409808,23.77334628,12.32774275,20.18354518,17.54621135,11.25505636
18070,15.25101138,21.0518472,17.77404239,22.52082225,12.75652145,10.64575533
8965,16.86841474,12.49951148,17.77311986,19.98623131,9.157259518,23.7154631
3978,10.76877813,22.16396654,17.75477131,19.84412401,14.58656616,14.88179385
21649,18.24363513,28.07384332,17.72542617,15.54334972,14.86493809,5.548807572
31080,13.64978495,12.91942409,17.70486898,19.70959505,15.38175344,20.6345735
31559,13.64978495,12.91942409,17.70486898,19.70959505,15.38175344,20.6345735
40967,8.515072536,16.27283519,17.69465751,17.55249546,19.90339623,20.06154308
15556,14.73403279,13.69541809,17.68890956,25.33850884,6.598471337,21.94465939
29146,16.86018344,19.32540233,17.67629432,14.68770633,15.64660134,15.80381223
27057,20.0670676,11.4815921,17.66841109,23.15267589,6.083241294,21.54701203
36364,23.79955069,12.82386628,17.66822437,17.8949076,6.320184354,21.49326671
1843,21.83798021,14.13588048,17.66577126,23.44050221,4.863461907,18.05640394
25554,13.84909414,20.35239196,17.66066255,21.3857538,9.051441705,17.70065584
25750,20.54565004,19.20438751,17.62884601,22.53257464,2.799572252,17.28896954
41562,22.30778923,16.2981446,17.62817442,22.16360666,12.40402313,9.198261957
41582,20.8710536,9.855116296,17.62657217,17.56802812,10.67531948,23.40391034
40724,15.26409798,20.00474447,17.60314544,17.7303066,16.99737271,12.40033279
20568,18.06091634,25.77616615,17.6016313,18.7036209,12.51083408,7.34683123
29340,18.20821564,12.79982174,17.59077237,23.07554349,13.01867338,15.30697339
1623,25.4428323,11.3166047,17.53750393,15.97329405,7.847224753,21.88254027
37870,20.39974631,19.35211953,17.53217545,21.70582185,5.645640707,15.36449616
811,14.91409808,23.77334628,12.32774275,20.18354518,17.54621135,11.25505636
41574,18.33137779,17.1636819,17.52965575,21.23114469,14.54252211,11.20161776
16967,26.29657695,9.929329386,17.52362242,17.52155834,7.721581681,21.00733122
6121,16.86212308,20.86537207,17.50087745,22.05251058,9.281321967,13.43779485
36661,20.02220652,15.26408281,17.49819013,23.61893471,9.748961639,13.8476242
17442,18.4935664,13.08784775,17.48432876,15.75750452,20.13967262,15.03707995
41599,13.38716232,10.09705711,17.45674765,17.60755833,17.42334477,24.02812982
12158,22.59984273,18.35492789,17.44241651,21.83256961,10.9980434,8.772199862
35531,15.35835978,19.43991546,13.62195897,17.85969708,17.21065122,16.50941749
27600,18.06702021,14.67229317,17.43043582,24.28535808,5.888515289,19.65637743
24436,23.24896453,20.55831347,17.40750456,20.96447106,2.976849739,14.84389665
38391,19.91385617,20.91219376,17.40619122,20.0323222,9.460658253,12.2747784
38103,17.80365349,23.4813016,17.4005296,18.8777515,4.488685601,17.9480782
22909,22.87959714,16.63069593,17.39846564,17.66225381,8.235185052,17.19380242
20737,13.64237843,22.3370515,17.37894707,17.3208777,19.4583949,9.862350392
20895,19.0903792,15.48590585,17.35731244,14.59290439,20.29464316,13.17885495
16469,26.67026105,15.1037181,17.32578005,20.45422489,2.047325049,18.39869086
14359,19.50154713,12.86478245,17.32415912,19.28924502,11.87484097,19.1454253
11121,20.82359336,18.49514769,17.30980466,20.62206552,7.016859658,15.73252912
4512,18.63411685,18.9416712,17.29268069,20.75487353,9.09944924,15.27720848
17967,18.1124683,20.94871131,17.25101814,19.49263664,8.966597802,15.22856781
26099,20.88401213,10.64549334,17.25045523,17.31679152,13.33126751,20.57198028
26545,20.88401213,10.64549334,17.25045523,17.31679152,13.33126751,20.57198028
363,20.35649747,21.21725839,12.90466355,14.75445996,16.94214657,13.82497406
13431,20.92223108,18.76017755,17.24020507,21.26688436,5.098107671,16.71239428
13894,20.92223108,18.76017755,17.24020507,21.26688436,5.098107671,16.71239428
5834,11.9920497,21.94929435,17.23244501,21.62900461,4.056817249,23.14038908
678,16.96704741,18.69184095,16.53253094,21.48305206,15.85325797,10.47227068
9428,13.89728226,10.49750749,17.19719467,15.87421705,24.6341083,17.89969022
27882,15.52871939,19.71011573,17.19681977,19.7094336,10.79091135,17.06400016
28309,15.52871939,19.71011573,17.19681977,19.7094336,10.79091135,17.06400016
18260,21.41929848,8.073650365,17.1962879,20.37297834,8.415015189,24.52276973
35150,16.6788623,13.46851755,18.34689758,20.14444368,15.44041128,15.92086761
11180,21.50237109,17.02377637,17.1768019,18.83829118,8.471203492,16.98755597
24928,10.5421815,16.21827299,17.17592254,16.43756537,17.25919954,22.36685807
35813,15.43774194,21.1190146,17.17064019,19.11359552,11.30011571,15.85889205
18744,25.28423339,9.718237368,17.16231435,15.6215804,10.9860443,21.22759019
12946,16.46615813,22.13095089,17.13312228,20.92721972,14.94110723,8.401441749
30051,15.51245742,18.09385442,17.11679403,20.59244398,7.311060448,21.37338971
39139,23.58925573,27.0888967,17.1146082,18.17961174,2.03382721,11.99380042
4368,25.40898514,11.92078826,17.10758504,19.74800793,4.828530867,20.98610276
36760,25.32253361,13.65143916,17.10583083,16.30015917,6.779453823,20.8405834
5040,18.34318039,20.60622516,17.10172553,20.46259607,10.94304157,12.54323129
28890,14.27811664,15.67866076,17.09172166,17.69271583,18.75813434,16.50065077
18661,20.76085002,12.25696681,17.08693396,17.6172923,10.07425455,22.20370236
11609,16.75013047,12.61225548,17.07654808,18.83405851,14.78147852,19.94552893
12514,16.75013047,12.61225548,17.07654808,18.83405851,14.78147852,19.94552893
3501,22.37924738,15.35324568,17.0688997,20.27230518,7.372853402,17.55344866
36770,18.50321451,16.34009936,17.05724962,22.34982842,6.731589094,19.01801899
24649,17.26902131,17.90849959,17.04489281,20.56093939,9.362684302,17.85396259
5910,14.2854343,11.26250569,17.03235353,16.62386204,21.36966567,19.42617877
20442,18.57779279,15.59521239,17.01107858,14.74964325,21.32999381,12.73627918
30070,20.20300663,13.45314032,17.00308646,14.57571186,23.12128626,11.64376847
27361,12.43342197,28.48794364,16.96298304,17.22161314,10.29695197,14.59708624
37587,27.10435047,21.99086728,16.95513387,14.64513307,13.42130102,5.883214291
7364,16.72452491,15.10509308,16.94586041,20.38534703,17.30702412,13.53215044
13245,19.71908411,12.12129895,16.94413999,13.3298485,24.29608372,13.58954474
23377,20.93415248,15.43024663,16.93444414,16.90285963,12.56029558,17.23800155
6377,15.28507448,13.38564575,16.87479663,17.50421424,20.26953061,16.6807383
5813,19.30374442,16.89551516,16.860577,14.44106554,20.50067839,11.99841949
26257,19.71137483,17.85692942,16.86007271,18.46037021,7.095866158,20.01538668
26676,19.71137483,17.85692942,16.86007271,18.46037021,7.095866158,20.01538668
39108,13.61365946,18.19038611,16.85381549,16.00647816,15.46354469,19.87211609
16011,21.54368017,16.95317241,16.84004331,19.74286406,4.133308684,20.78693136
1336,14.39267282,16.03515898,16.83340942,15.4468762,19.34118943,17.95069315
245,16.21291371,22.540479,13.15308952,17.09832117,15.0718479,15.9233487
36047,24.6916206,13.15301592,16.80795197,18.32786032,5.15804998,21.8615012
15155,17.26527329,14.84416588,16.77383707,20.08725656,13.46667001,17.56279718
3518,23.52019635,15.96809378,16.75658225,18.13988558,7.637423198,17.97781883
13879,18.84590062,17.50797485,16.70124969,23.4476202,8.437607269,15.05964738
27747,14.63946791,12.2656978,16.69775661,18.41287943,12.91643413,25.06776413
19992,18.86014496,18.93522252,16.69492881,23.72098625,5.245112082,16.54360538
6049,22.64996944,19.20389716,16.68974692,15.64743521,16.48174065,9.327210617
39261,20.14895674,20.23846449,16.68879489,20.12797075,6.613184466,16.18262867
21782,13.6132199,28.17154724,16.66999,23.08215812,7.517139329,10.9459454
7178,15.22848493,20.91676514,16.66662057,21.72528217,9.970136756,15.49271043
11848,21.25189894,19.22865497,16.6581907,21.40137262,8.62078197,12.8391008
12218,21.25189894,19.22865497,16.6581907,21.40137262,8.62078197,12.8391008
29147,20.86802776,16.98084782,16.65495435,16.05087306,14.42671765,15.01857937
40504,24.33949433,21.95903631,16.63866013,21.16899431,6.517727654,9.376087268
34985,16.10248783,21.28664271,14.00065057,18.38793179,14.95069476,15.27159234
28766,18.91058597,20.3903375,16.62615308,23.33779432,3.144451874,17.59067725
3633,20.77817115,17.58674802,16.62277278,20.17228902,8.731484629,16.10853439
5913,14.81929336,14.15865716,16.62263142,18.71376055,19.01991049,16.66574701
28531,22.29339314,19.69740625,16.59717665,22.76397773,8.765655142,9.882391097
35015,21.66071812,15.99740006,13.91616636,15.9393776,14.78958291,17.69675494
38366,20.17154001,14.31791691,16.58546607,21.85909322,10.44846813,16.61751566
21443,23.47805759,15.34073361,16.58282964,18.27533509,10.06169619,16.26134789
15470,23.11171546,18.2217399,16.57508757,19.89233684,6.957515856,15.24160437
8189,21.62802922,18.22780256,16.56025931,22.38458528,7.399549086,13.79977454
28804,17.54217811,20.96650455,16.55915594,19.61625345,10.16533591,15.15057204
26074,22.52580877,12.59159374,16.55449625,18.29783892,13.24738815,16.78287417
26518,22.52580877,12.59159374,16.55449625,18.29783892,13.24738815,16.78287417
6710,19.59000563,19.16149162,16.53975744,17.06422394,11.05399979,16.59052158
21193,23.28834891,11.79088229,16.53528415,13.59945937,18.01247207,16.77355321
21594,23.28834891,11.79088229,16.53528415,13.59945937,18.01247207,16.77355321
8703,12.13297566,16.38488305,16.53292787,18.40230538,21.90643459,14.64047345
35269,25.03308058,12.76745263,22.00071882,20.12844057,14.78045765,5.289849753
28752,20.20345021,17.16394364,16.52616428,17.67566787,10.36436421,18.06640979
27436,16.51752569,21.85975958,16.5132028,19.8018617,9.602432274,15.70521795
29000,9.945048334,24.82435957,16.49372245,16.85520766,17.8283307,14.05333129
223,22.41866108,16.70969437,13.68173579,16.13331414,14.70232811,16.35426652
12094,20.7936261,12.7354669,16.47400126,16.32546871,15.44768284,18.22375419
31003,14.39293656,17.37939741,16.47374482,15.84133311,25.33015708,10.58243102
27677,16.05850262,17.37111423,16.45147448,16.83845056,7.313042844,25.96741525
28114,12.6947942,13.97842208,16.44420934,16.40246062,19.70032184,20.77979193
28511,12.6947942,13.97842208,16.44420934,16.40246062,19.70032184,20.77979193
4849,14.46258535,18.21174671,16.44112809,18.36438395,11.11334771,21.40680819
39599,23.23026101,25.58253556,16.43944999,19.7167938,2.382274409,12.64868524
17892,27.08749216,17.3529779,16.43819347,14.71922129,13.63399356,10.76812161
731,18.32453284,23.22439731,14.04572197,19.22789121,14.68403537,10.4934213
36924,19.69731899,18.4730047,16.43155229,19.01320173,16.31468221,10.07024008
35060,16.94071063,12.8773682,16.47830056,17.58407455,14.65982522,21.45972084
17446,23.14198526,17.41541204,16.39664237,15.87403878,15.52646062,11.64546094
29830,16.59276886,15.35276758,16.38997669,14.56941544,23.43681691,13.65825453
15663,19.18757823,16.33366231,16.38739006,21.03020529,10.2676354,16.79352871
29641,14.91164675,18.88207055,16.38289507,20.67191451,8.140788406,21.01068471
2058,24.43961624,12.14024107,16.37229655,12.58223052,23.63573154,10.82988409
8463,15.53610529,21.40597406,16.36981426,19.861169,13.09486383,13.73207357
11888,21.34672645,11.28173286,16.36536275,15.53166966,14.68467179,20.78983651
29098,22.43592388,17.08879551,16.36127795,24.24774501,0.902554343,18.96370331
29669,17.26142263,13.03342749,16.35859282,15.23391172,23.27028198,14.84236335
536,25.66988195,10.76092814,17.78830178,16.43039998,14.03900617,15.31148198
17719,23.96782349,21.24557532,16.33861815,26.77946857,6.44092791,5.22758656
15557,21.96165147,17.18596795,16.33619206,21.16755369,6.128435492,17.22019933
8161,25.23314989,16.68629616,16.33571028,14.66940334,12.07956216,14.99587816
26913,15.81789005,18.68878722,16.33379574,15.37693228,25.94631977,7.836274938
4860,24.47194967,15.35790806,16.32790113,20.15508787,3.97340095,19.71375231
40414,20.81805218,12.58624542,16.32642891,16.61958724,10.65225262,22.99743363
20464,18.08497904,22.24394405,16.3171431,22.09419356,5.117275781,16.14246446
1909,18.57071724,13.39032636,16.30452645,14.91659496,21.78325417,15.03458083
3168,21.51575986,20.10446771,16.29831294,17.78353048,10.83270608,13.46522292
1019,15.39278198,11.41494048,16.29245819,15.03064444,26.4759857,15.3931892
37999,22.51739998,17.60465664,16.29206487,22.37842272,7.718707371,13.48874842
4986,23.03433482,17.24603837,16.27990424,21.29451004,5.822909809,16.32230272
25170,20.02746814,18.96429234,16.26465412,14.35740614,23.77902966,6.607149588
29243,20.09744744,16.33280122,16.25082337,24.30595615,4.317706706,18.69526511
4768,17.17215847,11.52444895,16.24933203,14.7784346,20.93042882,19.34519713
11938,24.09454087,10.84842185,16.24929411,15.48212515,9.949556649,23.37606137
29362,19.21564181,10.75116142,16.24893084,16.20130736,15.1719917,22.41096687
35087,13.11780776,23.19937259,12.58371632,17.56412027,13.76812028,19.76686277
29357,18.46532157,17.884577,16.23671715,18.91418562,15.85711286,12.6420858
19839,17.31360972,14.38887715,16.23624779,15.00450881,21.12306576,15.93369075
40016,14.7049486,15.96506402,16.23030808,14.79231453,26.92500075,11.38236403
30427,9.927570158,21.56266743,16.22718343,21.66918442,14.61176652,16.00162803
30510,12.56005038,33.2242931,16.21703363,18.27702252,4.600609671,15.1209907
7667,13.85445461,22.24966237,16.2095032,20.93787709,6.355658833,20.3928439
35314,18.76076578,15.73248088,13.31269652,17.29693227,13.60791301,21.28921155
28262,14.2974118,20.658951,16.19112377,16.18065797,21.40093659,11.27091887
28694,14.2974118,20.658951,16.19112377,16.18065797,21.40093659,11.27091887
19430,22.76234216,10.23052782,16.18879809,15.91015599,10.69442766,24.21374829
14409,21.73812455,15.28572802,16.17767779,23.90158474,3.917906334,18.97897856
14817,21.73812455,15.28572802,16.17767779,23.90158474,3.917906334,18.97897856
17828,25.87421778,11.67919256,16.16788954,16.11959027,10.6377885,19.52132135
30700,22.43331708,25.19296456,16.16212689,23.04873818,1.707179793,11.45567349
543,18.10487475,25.9261515,14.31337458,18.03114345,13.29738009,10.32707562
12444,25.75084272,23.16305014,16.14991126,17.38798758,1.061845777,16.48636252
36524,22.52610658,14.03549071,16.14831335,17.75525402,5.154559753,24.38027558
599,13.78862469,15.23744691,18.19910315,18.40662259,13.02964146,21.3385612
25082,17.12106524,20.47526536,16.12370672,17.75888235,10.58196816,17.93911217
12304,21.04219733,17.85271548,16.12063885,19.21042409,12.53482289,13.23920136
30169,18.45266547,21.26030163,16.11225598,16.80220304,17.29150806,10.08106582
22138,25.04531358,13.77422568,16.1092979,15.88611129,10.33525064,18.84980092
4045,16.42444596,10.02052842,16.10598732,14.33171717,21.8923628,21.22495833
30674,18.9878617,16.11174305,16.10526686,20.15641765,6.703597991,21.93511275
279,14.10441572,21.83285551,12.87209301,18.05327498,12.99129498,20.14606581
40729,19.60628752,20.70399224,16.09608935,22.22024425,4.519956876,16.85342976
35456,16.23156959,18.84552613,13.97551951,18.07398788,12.90966839,19.96372849
30842,16.60605207,12.40731875,16.05918425,17.49197875,20.4174664,17.01799977
32200,20.93693261,17.79394502,16.05885752,16.68328734,14.01713093,14.50984658
32675,20.93693261,17.79394502,16.05885752,16.68328734,14.01713093,14.50984658
20712,12.09325829,27.09122543,16.05875416,17.91335167,15.49355978,11.34985066
8291,13.05721746,17.65229564,16.05116988,17.600906,15.85319965,19.78521137
3957,19.90631277,9.287301349,16.05037369,14.64798016,19.92445405,20.18357797
5241,19.88618435,11.98042041,16.03020437,14.17682694,23.76914932,14.1572146
26641,15.82738084,23.05660262,16.02702835,21.213384,9.744974585,14.13062961
35849,20.59013572,17.40974454,16.02645913,21.16696203,7.769711173,17.03698741
25591,23.03516376,15.12375502,16.0219664,15.75307891,15.84485398,14.22118192
12408,10.96204958,17.66095876,16.02143844,28.03361794,5.370684665,21.95125062
21154,18.41764279,14.66467736,16.00356107,18.39349546,13.51115079,19.00947253
21548,18.41764279,14.66467736,16.00356107,18.39349546,13.51115079,19.00947253
35690,19.02181757,21.37254962,14.83399002,20.89979698,12.54204218,11.32980364
29064,18.12114868,12.23630293,15.99238346,16.39008548,25.35169894,11.90838051
33465,20.83507797,14.75995576,15.97605366,20.85284659,16.15617658,11.41988944
6645,12.71445006,29.69997686,15.96730483,20.72847038,9.606082565,11.2837153
23859,18.95710069,18.51330045,15.96246297,19.13941923,9.021171955,18.40654471
32454,12.530064,19.99646379,15.95888534,16.84802031,14.82179886,19.8447677
10423,13.03405178,15.90916595,15.95425798,19.37061448,11.26926587,24.46264394
17960,25.69006968,21.05625449,15.95264193,21.09098942,7.104013199,9.106031275
19154,16.82304738,22.7597795,15.94468785,18.15923251,13.27221966,13.04103311
6763,19.46371932,11.13028361,15.93316936,14.16563743,25.12917663,14.17801365
31296,14.76372525,17.46991936,15.92295836,17.28792391,16.4003565,18.15511662
31767,14.76372525,17.46991936,15.92295836,17.28792391,16.4003565,18.15511662
15798,19.97687789,17.71346506,15.92229603,22.36655831,4.964631805,19.0561709
3870,16.0397461,11.38365548,15.91858674,15.20664314,20.93361298,20.51775556
40645,29.45326067,25.45830973,15.89540887,15.794018,8.545068615,4.853934105
41572,13.8585831,22.21270799,15.89434167,23.95337482,5.216449983,18.86454244
2890,14.99050268,16.78526025,15.87852517,18.9155389,11.72123744,21.70893557
26076,15.02227792,18.59792072,15.8765063,19.05057015,12.20815713,19.24456778
26529,15.02227792,18.59792072,15.8765063,19.05057015,12.20815713,19.24456778
2887,12.15242425,18.58711597,15.87641831,14.34811744,28.69165255,10.34427149
41142,17.04638017,15.2991558,15.87069851,18.01066247,11.67953008,22.09357297
9812,21.76014133,15.60592936,15.86978178,20.47445349,8.266116332,18.02357771
5131,13.13489827,16.13557209,15.84473656,16.65337343,20.28565298,17.94576667
2085,22.72013437,20.42413763,15.8437431,21.57364335,6.488430681,12.94991087
4225,16.98497061,21.26195185,15.83805179,18.66782738,7.660975188,19.58622317
18179,23.17219444,20.1472145,15.83536869,21.09310768,0.35557981,19.39653488
2657,18.71293361,14.00428314,15.83013876,19.067066,13.22111696,19.16446153
3095,18.71293361,14.00428314,15.83013876,19.067066,13.22111696,19.16446153
38870,24.44334534,18.45865689,15.82844321,17.23905373,9.033108266,14.99739257
37806,16.63828721,19.72590712,15.81764849,23.45947884,11.62742998,12.73124836
39700,20.65104859,13.95899545,15.81042583,15.74791614,12.24943536,21.58217863
36974,13.54932774,13.28106855,15.80146262,17.57082328,13.50104877,26.29626903
19157,18.11516461,14.66151332,15.79951961,17.00735756,18.26202831,16.1544166
40363,20.34868276,18.74583337,15.79775438,19.99488283,8.006952473,17.10589419
40780,18.92915852,16.38335033,15.79261879,19.56594935,9.193975909,20.1349471
4449,19.53685301,17.18718064,15.786104,18.49770409,12.08404441,16.90811385
6344,16.25081597,10.64110749,15.77477613,15.70562017,21.02044189,20.60723836
23838,21.16715915,15.58002802,15.74696211,18.02174162,10.48750893,18.99660017
6725,13.32492824,24.0118226,15.73902036,18.65635315,12.67764126,15.59023439
10119,25.86719546,14.88415611,15.73422029,15.74068267,14.84539131,12.92835416
27792,14.68587333,27.0062368,15.73088238,22.93850564,13.05195835,6.586543494
28226,24.38284638,20.22404604,15.72701114,19.41738621,9.870803831,10.3779064
28677,24.38284638,20.22404604,15.72701114,19.41738621,9.870803831,10.3779064
10878,14.8022223,15.92383275,15.72438179,19.11174249,15.7406397,18.69718098
11317,14.8022223,15.92383275,15.72438179,19.11174249,15.7406397,18.69718098
20154,15.51939039,16.11373377,15.72388794,16.23912505,21.63830899,14.76555386
20608,15.51939039,16.11373377,15.72388794,16.23912505,21.63830899,14.76555386
41173,24.20309504,20.42295258,15.70510052,16.87703453,7.611432312,15.18038502
40330,20.04336687,16.07795457,15.70396002,22.81779697,7.987025037,17.36989653
3623,16.91462901,10.44398985,15.7020028,15.19030905,21.73344239,20.01562691
27182,11.71113827,25.48199459,15.70098287,17.88477246,15.22562767,13.99548412
4610,19.16836087,11.47077296,15.69784068,16.21523162,13.42910784,24.01868604
30642,18.35980429,16.3925299,15.69780016,22.49799867,6.810848888,20.24101809
184,16.48940936,21.49370855,14.29537133,18.53405542,12.4817833,16.70567205
41469,20.2146337,23.44959051,15.69408424,20.12970853,7.243534403,13.26844862
24412,22.49405839,14.05494107,15.69051974,19.13230854,14.83784318,13.79032909
28822,21.92429811,18.58337219,15.68668202,22.53671146,3.98737211,17.2815641
35607,16.67940751,25.47432006,11.7935588,17.91086637,12.07472375,16.0671235
41026,14.69850241,14.22436674,15.67131139,15.63631502,15.52283077,24.24667368
13846,21.56900004,20.59935335,15.67044581,21.50083335,3.177366587,17.48300086
14286,21.56900004,20.59935335,15.67044581,21.50083335,3.177366587,17.48300086
12265,19.18345725,13.95816664,15.65766635,14.02072238,19.16915104,18.01083633
30315,17.00385641,18.90881393,15.65357894,21.76972746,12.81682952,13.84719375
3066,17.76346065,24.51318889,15.65324262,23.40074337,6.800190866,11.8691736
4598,22.40280935,20.89369784,15.63801987,16.67413235,7.676508066,16.71483252
4769,13.21564133,22.78356527,15.63743524,17.19857055,16.10403182,15.0607558
3706,24.23909115,19.53207348,15.63647231,16.69552086,6.905861886,16.99098031
30702,22.12954101,11.23922703,15.63643782,15.36462948,15.36474792,20.26541675
11772,13.46056833,11.86027375,15.62293267,14.5651549,29.12991799,15.36115236
12151,13.46056833,11.86027375,15.62293267,14.5651549,29.12991799,15.36115236
14256,15.93338817,18.75265015,15.61507009,21.32904966,10.24934065,18.12050129
18065,14.92268477,13.90953691,15.59404713,15.05911827,26.22518025,14.28943267
28960,11.38124342,20.90716331,15.59101304,20.85775226,15.77621,15.48661798
29492,25.23365477,17.1117644,15.58885366,16.04110253,13.47158076,12.55304388
6238,14.19164365,16.40622876,15.58395963,19.34663315,19.27003536,15.20149944
6679,14.19164365,16.40622876,15.58395963,19.34663315,19.27003536,15.20149944
3654,23.99529678,18.93469421,15.58360617,19.32169607,7.684732034,14.47997474
4072,23.99529678,18.93469421,15.58360617,19.32169607,7.684732034,14.47997474
14752,18.06760845,11.73833307,15.57669731,18.0846584,15.55790098,20.97480179
35923,21.57534738,18.59238796,15.57454442,19.60091241,7.998399191,16.65840864
36148,24.11738837,15.85907609,15.56885124,16.11358794,11.21919163,17.12190472
37993,24.40026972,15.60342005,15.5649283,14.79413372,12.99003376,16.64721444
40990,18.34834254,20.45599911,15.56247285,18.28666104,13.08808385,14.25844061
16156,23.17146461,17.49458996,15.55905028,21.29472405,9.779171738,12.70099936
16582,23.17146461,17.49458996,15.55905028,21.29472405,9.779171738,12.70099936
20264,13.02449626,17.27882374,15.55862733,17.87851813,14.95688902,21.30264551
20695,13.02449626,17.27882374,15.55862733,17.87851813,14.95688902,21.30264551
3785,21.41767522,16.10266736,15.55649633,17.32304811,11.07520789,18.52490509
27372,13.62919056,18.56292147,15.55557182,17.39025405,19.96051782,14.90154428
28260,22.77873195,14.0509541,15.54755629,23.16757023,4.617053072,19.83813436
28692,22.77873195,14.0509541,15.54755629,23.16757023,4.617053072,19.83813436
19778,26.14219363,15.8191283,15.5470551,13.77108293,10.56255547,18.15798457
36739,17.60759207,14.06153222,15.54694459,23.0450117,14.23204894,15.50687048
22683,19.20096689,18.57722007,15.53697067,18.61924046,15.09575127,12.96985065
23181,19.20096689,18.57722007,15.53697067,18.61924046,15.09575127,12.96985065
30646,22.36213487,11.83090974,15.53576534,20.34259992,10.79771744,19.13087269
9382,24.68230016,17.82345406,15.53561266,18.94749939,8.447141706,14.56399202
24503,27.22831203,19.73829444,15.52725283,19.97301306,3.135517227,14.3976104
33606,23.23951183,17.15786028,15.52622106,19.70885756,10.67731499,13.69023428
11492,21.09167335,17.36775228,15.52049943,20.99597917,12.07795285,12.94614292
18690,16.10455746,21.57939104,15.51937906,18.62907611,12.35727867,15.81031766
19089,16.10455746,21.57939104,15.51937906,18.62907611,12.35727867,15.81031766
23331,20.82232817,17.69116994,15.50928932,19.24430569,7.747073841,18.98583303
27971,16.69422715,15.46329141,15.49453923,16.81140938,20.33914451,15.19738832
28382,16.69422715,15.46329141,15.49453923,16.81140938,20.33914451,15.19738832
12750,17.73712194,15.83857511,15.49213181,13.92110551,20.790481,16.22058463
40542,21.05155333,23.60740111,15.49084788,21.50722768,5.267482998,13.07548701
5502,15.19386843,21.66324061,15.48941942,19.17624615,9.78227379,18.6949516
15450,20.68320679,18.32421832,15.48451616,23.42962603,7.179549237,14.89888346
3271,13.04724224,17.43423627,15.48420564,19.78629736,13.41353741,20.83448108
19765,18.24527284,12.48241754,15.48207223,16.35343998,12.95866803,24.47812938
33132,20.8629218,17.21726917,15.46130993,20.54746726,8.559223181,17.35180865
19466,12.14708056,10.89145232,15.45912339,16.61973342,25.32802221,19.5545881
40128,19.10446145,16.37301794,15.45902472,15.00144198,16.71792352,17.34413039
4920,21.54853651,15.03208551,15.45195275,16.39497888,6.646498478,24.92594787
35005,8.479865895,22.46812733,17.4404689,23.56915699,11.87879115,16.16358973
8962,23.04808098,16.64720479,15.45080302,19.85043527,8.135873166,16.86760279
11393,16.70737908,16.7305443,15.44630416,16.21761176,16.29206335,18.60609736
10134,21.38823142,22.19404347,15.44509015,19.26467177,15.34240056,6.365562629
35545,18.17964641,22.9749133,13.32213895,17.42523665,11.64226886,16.45579583
3141,24.454102,17.08789177,15.43524951,14.40890461,15.05654125,13.55731086
28036,21.72284628,18.04365016,15.42549433,19.52020098,7.984565595,17.30324265
28424,21.72284628,18.04365016,15.42549433,19.52020098,7.984565595,17.30324265
13269,18.7478323,14.90950058,15.42398551,15.0439276,15.15354261,20.7212114
38747,15.64585063,20.06654604,15.42207953,22.17402228,8.937626125,17.75387539
10753,21.26292828,17.98643165,15.40619543,18.76808717,8.090100914,18.48625656
40081,21.25491256,18.17980212,15.40584301,14.60453719,17.0196268,13.53527832
10279,14.97410926,25.22789008,15.40246775,15.7204078,13.61376905,15.06135607
14902,27.07849474,20.21826244,15.40118544,17.40079725,7.511058835,12.3902013
12088,17.98316662,16.70366755,15.39936224,17.43713886,14.00304698,18.47361775
37493,13.40496861,19.45836914,15.39330766,16.56083005,14.04819669,21.13432785
25327,21.84440894,12.68324015,15.39051691,12.41841858,25.83667605,11.82673937
24167,15.46095994,15.45439862,15.38067769,20.24359244,10.23218923,23.22818208
37508,15.88624028,22.09775292,15.37877947,19.12980477,10.39336721,17.11405535
7400,18.91317004,29.21377119,15.37308706,15.38191346,14.87308771,6.24497054
25484,17.70911412,17.13800255,15.3717756,17.7874553,17.30335514,14.6902973
11129,20.91897621,19.4555552,15.36445093,20.29823906,9.596317872,14.36646073
22444,20.43971048,21.28047232,15.36085488,21.36820138,4.878509543,16.6722514
36785,20.25050348,17.78663052,15.3584293,21.09822246,5.971109511,19.53510472
26349,17.42909704,15.47402242,15.3532994,14.22604093,22.88243884,14.63510137
26779,17.42909704,15.47402242,15.3532994,14.22604093,22.88243884,14.63510137
5440,19.38864036,12.82252439,15.34950628,15.39092424,19.66881569,17.37958903
27619,15.14193485,23.90051599,15.34653691,16.31800821,13.43773053,15.8552735
17979,20.40381081,13.84947627,15.34608099,13.35168273,23.2844231,13.76452611
7258,12.69465341,16.41580525,15.34347637,17.37154835,23.23944012,14.93507649
33241,24.51927819,19.33154618,15.3310561,20.81090104,5.949221704,14.05799678
27075,12.2360104,16.83631447,15.32365693,18.95773951,21.55980132,15.08647736
538,23.89872216,18.01598795,15.67643462,16.57566892,11.31067235,14.52251399
24571,12.6233301,14.24423388,15.32046694,18.06270049,20.6685137,19.08075488
14664,15.48658263,17.39576331,15.3191164,15.12377873,23.41037113,13.26438781
19058,20.08292578,22.13363874,15.3078728,23.4691069,10.23060315,8.77585264
30739,22.40403804,19.03999601,15.3041405,24.46406689,8.349417578,10.43834098
21656,27.48633665,20.27290954,15.29628786,21.37961093,7.62594383,7.938911198
21663,27.48633665,20.27290954,15.29628786,21.37961093,7.62594383,7.938911198
3994,21.54781705,13.76009007,15.29434467,19.63169823,11.52693833,18.23911165
41554,19.89410651,13.67275858,15.29179997,14.80049353,24.71151208,11.62932932
23850,12.68528771,17.78280036,15.29035408,19.88428104,13.06911011,21.2881667
11608,22.60630525,18.88240378,15.28521784,15.74271958,10.64357098,16.83978256
3970,15.72966515,13.33250966,15.2847071,17.28971949,18.73837004,19.62502855
3997,15.62273876,22.86755597,15.28207487,14.3158906,22.53775484,9.373984956
33803,27.22803966,18.37951138,15.27193683,17.57296872,7.384731726,14.16281168
36469,10.15931899,17.4237598,15.2718071,18.84631673,16.68006766,21.61872971
18784,15.07020517,12.53464202,15.25775019,16.57097753,22.63682346,17.92960162
27920,18.82339032,16.0950352,15.25701433,17.36554268,13.16863122,19.29038626
28346,18.82339032,16.0950352,15.25701433,17.36554268,13.16863122,19.29038626
20041,18.84286522,16.55164295,15.24753411,23.04846468,9.205871162,17.10362187
7291,21.74662217,20.83989084,15.23782748,19.5829857,5.852697007,16.73997682
24141,18.14469644,17.92845723,15.2124836,22.74383735,6.298535725,19.67198966
28842,16.94720966,17.50295477,15.1983814,18.2553498,12.05378826,20.0423161
5534,22.89036885,18.69241058,15.19284051,16.2621951,11.10163014,15.86055481
5967,22.89036885,18.69241058,15.19284051,16.2621951,11.10163014,15.86055481
5837,16.56559636,16.46329351,15.18426892,17.84219763,18.15454847,15.79009512
1324,17.40747703,21.20364931,15.18312971,16.0294918,17.23655776,12.93969439
9406,20.65658572,20.94596411,15.17576212,18.11298582,13.80731922,11.301383
26443,21.83555874,17.057589,15.17402183,16.19718917,7.527984936,22.20765632
26929,21.83555874,17.057589,15.17402183,16.19718917,7.527984936,22.20765632
23364,18.5420386,14.51497522,15.16309004,16.04118907,16.40078001,19.33792705
3323,23.68800669,15.01112541,15.15674592,15.51964654,19.81487382,10.80960162
6796,12.98665799,18.96707101,15.15660263,12.78680817,29.27248964,10.83037056
12441,13.34799258,23.65250344,15.15330987,15.89166363,17.91510342,14.03942706
9398,15.17559097,17.02463593,15.14834106,18.58301011,17.06939978,16.99902214
30981,15.99723314,17.37651042,15.14046328,17.49846273,19.62514699,14.36218344
24826,26.94688861,22.38397816,15.13719736,15.69530991,10.15605211,9.680573848
22877,24.33110184,19.51894003,15.13124613,21.24449311,6.166303537,13.60791536
23820,24.33110184,19.51894003,15.13124613,21.24449311,6.166303537,13.60791536
17999,23.06114401,23.32602313,15.12725109,27.02870074,1.766849981,9.690031052
12510,19.02127598,18.40165877,15.12328943,16.21235314,10.90989142,20.33153126
28619,16.41285596,23.13268382,15.11606905,16.89317394,17.39394428,11.05127295
19188,9.215154581,16.75877912,15.111843,15.15990122,20.65513376,23.09918832
39320,18.06403612,17.25868012,15.10795568,20.06196729,7.324496651,22.18286414
22058,20.930267,18.03667152,15.09514693,16.49633383,15.7664841,13.67509663
7403,18.26801607,14.2057685,15.0945434,15.94897787,16.47963694,20.00305722
30782,19.11439765,16.02345381,15.09423178,18.88580193,15.25153779,15.63057703
23405,17.43187182,18.4579862,15.0924493,20.26107478,9.339205628,19.41741227
15951,22.01090064,20.31208703,15.08489551,20.21776194,9.865399443,12.50895543
22433,16.60504108,11.1921302,15.08039837,15.54623784,16.28919807,25.28699444
10718,21.22027921,13.48397685,15.08029607,17.63576891,12.6666166,19.91306237
6193,23.21953001,12.90995674,15.07901083,15.97629475,14.92189906,17.89330862
39317,15.42477947,19.41629258,15.07665458,23.22251097,8.824403626,18.03535877
40887,16.57840219,14.05812984,15.07127874,17.19138714,12.28401686,24.81678522
41069,23.24235185,20.45705168,15.06865836,14.11559385,18.39410716,8.722237099
1662,22.70660732,15.83213648,15.05253872,13.45180214,19.81632368,13.14059166
9606,21.61474253,19.51389995,15.04633355,20.09793334,5.212279172,18.51481145
2636,19.67828241,19.1998774,15.04399834,23.22260046,4.034528898,18.82071248
5163,16.19427016,19.62879639,15.0424732,16.94724377,14.59372739,17.59348909
30143,21.44090875,21.15998147,15.03795382,19.64013031,9.155104113,13.56592154
29766,21.44090875,21.15998147,15.03795382,19.64013031,9.155104113,13.56592154
27880,22.08812433,21.30801976,15.02303378,17.85846153,6.429641312,17.29271929
28306,22.08812433,21.30801976,15.02303378,17.85846153,6.429641312,17.29271929
40975,21.5883726,14.77566868,15.02216182,15.29006177,13.14528923,20.1784459
26482,20.114346,18.46037361,15.02157229,19.99434114,8.183520793,18.22584616
26955,20.114346,18.46037361,15.02157229,19.99434114,8.183520793,18.22584616
10349,12.24500501,14.13700721,15.01908609,16.42012283,21.25948144,20.91929744
8057,20.92331871,20.00973356,15.01046397,20.65933332,6.326500783,17.07064966
24241,22.5605725,16.63958273,15.0103273,17.47000354,7.784271315,20.53524262
12105,23.68976088,21.56909135,15.00127343,18.48702271,9.613364556,11.63948708
3650,20.12102701,21.49792616,15.00003067,16.91836889,9.590852306,16.87179497
17764,20.00185416,16.49664631,14.99553682,24.08091686,7.411684739,17.01336111
10019,20.48374229,20.48514827,14.99350772,19.57228768,9.23407728,15.23123675
24921,24.79927506,22.2066529,14.98611024,17.94443425,7.326725506,12.73680204
38574,10.02005669,16.21156103,14.98156881,19.62162583,14.04103705,25.12415058
18640,19.65982377,23.34209297,14.9774515,23.13686522,9.989075582,8.894690967
25606,24.00456142,18.7416107,14.97720687,18.73185188,8.877202884,14.66756624
35976,16.07406654,12.76405451,14.97137184,16.22813632,17.77975118,22.18261962
29627,12.04634261,18.24555185,14.96487818,20.71062995,15.41455907,18.61803833
21328,18.44238662,21.7194882,14.95517329,16.84530823,19.04055272,8.997090936
21780,18.44238662,21.7194882,14.95517329,16.84530823,19.04055272,8.997090936
3361,15.28856379,18.63117951,14.95162916,18.28541338,19.79980701,13.04340715
23863,19.85188296,18.59950527,14.94922704,18.08782557,9.096828676,19.41473048
19993,17.4263145,21.5559092,14.94748827,21.16560144,6.491557962,18.41312863
4467,18.0543642,11.89311415,14.94561656,16.22771265,17.02856191,21.85063053
30029,17.98462529,20.83719106,14.9360022,19.0493713,15.15245293,12.04035722
12562,19.64990158,18.20729561,14.92984058,18.66413493,10.0089918,18.53983551
41190,11.54357961,18.05254164,14.92968825,17.25343645,24.29922669,13.92152737
2589,22.81312819,18.22255325,14.92690332,16.76641592,12.87364078,14.39735854
30279,19.69551878,12.48770315,14.92516655,16.12564867,22.06038728,14.70557557
19194,12.59147982,12.94739462,14.92462417,17.52512677,21.22482184,20.78655279
15190,19.80782165,21.82893362,14.9229345,20.55828404,6.28638213,16.59564406
30350,14.56390747,19.09001956,14.92226346,18.95371437,13.84390843,18.62618671
9317,17.26064572,19.77611568,14.9199499,15.52848236,17.36804227,15.14676406
21720,28.08680353,22.60196262,14.91707251,15.53376481,13.08481387,5.775582663
9208,21.23275218,20.66424378,14.91501061,19.69979458,4.691832523,18.79636633
22037,18.77814407,22.42593815,14.91089855,18.41011813,12.04405329,13.43084781
19368,17.01063103,14.75228753,14.90972871,16.10797222,15.37774344,21.84163707
22357,23.46540131,20.6696107,14.90867269,19.18149979,8.43241863,13.34239688
13837,14.69307479,19.17911219,14.90348602,18.05031423,18.60471571,14.56929706
14268,14.69307479,19.17911219,14.90348602,18.05031423,18.60471571,14.56929706
14383,18.14493093,17.89250297,14.88749627,17.33217295,12.39451963,19.34837724
24914,22.57103032,19.66022194,14.88228129,19.04204899,9.652122794,14.19229467
26975,21.60736578,21.65094456,14.88217737,21.14563517,7.181531776,13.53234535
11185,19.43743729,19.18332136,14.878637,20.00352385,7.814779165,18.68230132
24769,12.34300342,13.29591297,14.86745397,16.34900907,24.24062883,18.90399174
37164,15.42248712,22.71498724,14.86147324,22.60052801,11.39268758,13.0078368
33600,17.16387749,12.6521747,14.86089503,15.17500477,23.24462668,16.90342133
26917,25.24376999,27.56982951,14.85916379,18.81004505,5.938781887,7.578409768
41512,12.69868812,18.68675181,14.85754784,17.85513635,12.91153009,22.99034579
3320,18.29413675,19.87142462,14.85472358,19.55186063,12.03647719,15.39137724
10871,25.29791647,19.21364921,14.85347325,16.62972501,11.87937541,12.12586066
19218,23.83594615,18.70264989,14.85170587,17.56891489,15.79901742,9.241765776
35239,23.73805943,20.12791385,13.96674588,16.82000829,11.20863053,14.13864203
35786,16.86309655,15.86324686,16.24532614,17.70427464,11.17314356,22.15091225
5636,16.07394756,15.0679594,14.82471249,18.2771363,10.82403746,24.93220679
18394,17.33415477,15.41441372,14.81960412,14.72268359,20.4496782,17.25946561
3004,13.0059315,17.59602002,14.81387184,17.84727331,17.73206649,19.00483684
25607,25.22150505,21.73162395,14.81149765,17.55170504,7.470299874,13.21336844
35785,17.69247507,18.92468843,12.63982087,18.11753145,11.09282501,21.53265917
27782,14.19564528,18.41679496,14.81066593,15.31223018,25.44665742,11.81800624
665,22.60150643,15.6424854,16.43311287,16.87522448,10.49442929,17.95324153
36855,17.88879328,20.05151332,14.80410464,18.97790215,9.201479373,19.07620723
20649,24.12656691,20.54046036,14.80092492,16.52051238,11.72526737,12.28626806
22204,17.74863193,21.15976247,14.79874582,20.70415515,10.9113615,14.67734313
36391,19.17481223,19.06570149,14.79750946,18.36049277,13.08025003,15.52123402
2249,21.8226369,18.81389791,14.79711471,15.24209927,10.09067808,19.23357313
28726,21.01888112,17.90905072,14.78888682,18.7731013,8.366952849,19.14312718
26982,23.86218965,14.97008684,14.78468019,16.68283019,13.13019633,16.57001681
14761,23.6867768,14.4687501,14.78204047,14.66900664,14.71973086,17.67369512
6382,11.28938608,22.02592526,14.78143616,12.71850239,21.40483551,17.77991461
37171,14.74417244,23.76258321,14.76344436,16.75935765,19.16999099,10.80045136
16870,26.85534937,15.47365297,14.76219361,19.19229101,9.724753264,13.99175976
10627,19.30487546,18.14783684,14.751763,18.99184489,9.889957698,18.91372212
11086,20.81439294,19.02458933,14.75099787,21.83595185,6.288279899,17.28578812
385,23.41178733,20.22503574,14.54092138,17.2803493,10.32871282,14.21319343
3538,15.27273953,13.24007184,14.73867186,17.2754218,17.46575704,22.00733792
22899,13.47324639,18.28746891,14.73590434,18.87099342,15.5097822,19.12260474
22855,20.61098547,18.53573929,14.7326433,18.90771216,7.80982319,19.4030966
21884,22.47841758,18.4132766,14.73181978,16.85118127,6.635074339,20.89023043
19276,10.70446161,13.86943103,14.7282593,16.14349169,24.95296574,19.60139062
15266,19.49995172,22.10903649,14.7237562,20.89276407,9.168426451,13.60606507
27467,18.75549298,18.68589248,14.72317814,17.53965611,12.07429813,18.22148215
7788,14.47430107,19.76307875,14.71629521,17.38799234,15.32218777,18.33614485
7150,20.38090695,18.02511133,14.71513286,18.86396455,11.21799618,16.79688813
26781,28.72416519,22.33780879,14.71185199,15.84438363,7.741894147,10.63989625
20599,19.95830856,18.79197867,14.71183501,15.00833502,17.06654193,14.46300082
38462,9.573393522,31.21060437,14.70642773,18.56830269,16.83736443,9.103907258
2934,14.82955472,21.55857322,14.70555177,14.9015977,20.4509934,13.55372919
30829,20.87644188,15.10807219,14.70540917,18.11373824,13.12434133,18.0719972
12986,16.48827399,21.0402183,14.69917563,21.37286867,11.37244067,15.02702275
28169,21.88576806,21.28677937,14.697979,19.95365071,9.274074598,12.90174827
28567,21.88576806,21.28677937,14.697979,19.95365071,9.274074598,12.90174827
36234,17.31306332,21.7991155,14.6962584,20.6174757,8.372778184,17.2013089
12149,21.10188674,19.39546027,14.68811237,18.16043901,9.977863032,16.67623858
3286,18.48971576,17.96253937,14.68699128,18.25501373,12.81345111,17.79228876
34923,21.17260992,19.85103741,13.11394433,19.76189563,10.22841153,15.87210117
35261,18.02800129,11.75119622,17.24882295,16.99226678,10.21959201,25.76012074
3479,16.54386215,20.28323916,14.65183356,19.34245655,10.49543765,18.68317093
22564,20.82014384,19.49550207,14.64226194,14.87752425,12.1192425,18.04532539
20972,23.17960863,18.38846846,14.63521471,15.10706308,10.39612044,18.29352468
25745,21.27001652,21.18194034,14.63500306,21.11046192,8.803693509,12.99888465
11604,20.97744144,20.92073519,14.63306111,16.00302604,9.308831184,18.15690504
14045,25.4463066,21.95634912,14.63109002,19.10280881,9.940970472,8.922474975
30100,17.17104852,15.68315747,14.62384747,16.56782938,19.21810908,16.73600808
12590,20.38631476,18.91718229,14.61954773,19.79182896,10.04177067,16.24335559
3076,17.70899576,20.22398383,14.61542628,23.35145125,7.379046774,16.72109611
17281,15.15324233,23.78935774,14.61517459,17.05879503,15.20014898,14.18328132
17674,15.15324233,23.78935774,14.61517459,17.05879503,15.20014898,14.18328132
4486,21.36227659,16.08811909,14.61480707,20.38367412,9.765709474,17.78541365
1547,14.55162547,16.03282491,14.61474657,16.98309892,25.11637275,12.70133138
16490,16.08659179,24.1041587,14.61467588,22.38107645,7.971578715,14.84191846
31115,22.34941103,16.03619424,14.60885146,17.29865694,8.463992628,21.24289371
31593,22.34941103,16.03619424,14.60885146,17.29865694,8.463992628,21.24289371
4451,15.16571396,20.5329883,14.60868904,19.12148866,12.33669908,18.23442095
11309,14.06886505,15.62467387,14.60238446,17.11445564,20.47428648,18.1153345
12586,10.04272858,15.69415233,14.6013019,20.27510207,22.42802762,16.9586875
26138,25.82914086,20.70687895,14.60007957,18.5914281,6.332732959,13.93973954
26577,25.82914086,20.70687895,14.60007957,18.5914281,6.332732959,13.93973954
3236,26.78249283,25.50364293,14.59197615,17.81348118,10.01683072,5.291576196
39012,11.70050775,16.37331036,14.56974833,13.97846576,30.20760028,13.17036751
27136,14.45768073,22.20343331,14.56862585,16.67709472,20.93302067,11.16014472
38483,13.47433787,24.98566911,14.56376806,14.10889365,17.42359638,15.44373494
28199,10.3255397,16.53737611,14.56090579,17.67663093,20.7588392,20.14070827
28600,10.3255397,16.53737611,14.56090579,17.67663093,20.7588392,20.14070827
19060,13.32751232,15.45652075,14.56033612,17.4380593,19.00657909,20.21099242
37664,24.58782972,17.51766926,14.55925464,15.3812965,12.33085356,15.62309632
22062,21.43000362,19.70496297,14.55876436,16.24148042,10.53569385,17.52909478
28904,13.76700945,21.63690911,14.55561664,19.12202151,7.483472483,23.43497081
6375,20.57127388,19.85868772,14.54821706,18.21130071,10.10135065,16.70916998
38349,18.8948603,19.2397204,14.5475337,20.08707314,9.58999157,17.6408209
7250,20.81139081,19.41539408,14.54393667,18.07807778,10.18746391,16.96373676
27783,15.30745204,30.28557279,14.54344739,16.65190889,11.631736,11.57988289
35715,15.98389624,19.32347526,17.53077972,23.93954925,10.04859363,13.1737059
20440,23.57952418,20.6361922,14.53897777,16.00136136,14.59088527,10.65305923
20887,23.57952418,20.6361922,14.53897777,16.00136136,14.59088527,10.65305923
12537,20.67574472,21.26847562,14.53463651,18.07391365,9.134348408,16.31288109
28831,13.85735318,17.34185016,14.52681774,15.55670031,19.22435945,19.49291916
9166,21.69144039,20.46970973,14.5266291,18.67596701,9.369528831,15.26672494
33654,20.94234816,19.64574461,14.52395109,15.16627765,20.31837316,9.403305334
2918,19.50405505,14.12026376,14.52289142,13.85041992,27.86676065,10.1356092
39060,13.72379646,22.1647334,14.51323367,15.16385292,17.54446079,16.88992277
18794,12.50821909,18.72905617,14.51045894,14.95280454,25.9782715,13.32118976
19168,12.50821909,18.72905617,14.51045894,14.95280454,25.9782715,13.32118976
24179,17.80910276,16.10117671,14.50304146,20.30712993,8.840962551,22.43858658
38765,19.84462328,18.26856521,14.5021837,22.16259941,4.069269457,21.15275895
30503,15.38115636,21.30283012,14.48639207,20.51757375,7.80068106,20.51136665
27274,16.81290564,24.95336407,14.48360439,20.52288109,10.50947962,12.71776519
3307,19.2263207,12.74563815,14.48346483,13.86361401,23.09800107,16.58296124
2721,20.94976436,16.7746134,14.48330507,14.3838006,18.38149542,15.02702114
20513,19.71657552,18.65937817,14.48063408,23.96441489,6.222851339,16.95614601
10385,26.21619418,24.20686237,14.47690428,18.51432948,4.621227745,11.96448195
40576,21.63689497,15.72029278,14.46849138,16.01710246,9.685307041,22.47191137
36247,21.49211337,18.23052922,14.46531065,21.82571373,5.108982727,18.87735031
33753,15.21441177,18.35177929,14.46440671,14.97838989,24.33735009,12.65366224
37648,16.31171714,15.57469577,14.46052845,18.34321696,10.8769246,24.43291709
20224,15.73112613,20.76035639,14.45826302,14.16500002,24.16091805,10.72433639
4085,17.06794714,20.16222863,14.45237835,18.54018723,10.1831485,19.59411016
30689,19.71428419,18.3437869,14.45033892,17.19905182,11.38494524,18.90759293
29270,23.02488235,20.75038325,14.4483842,18.2236757,7.420860534,16.13181396
7088,22.85386598,13.61619902,14.44725854,15.38636278,16.35955593,17.33675774
3527,19.97430115,16.85856768,14.44164858,20.04259884,10.92285393,17.76002982
4412,19.97430115,16.85856768,14.44164858,20.04259884,10.92285393,17.76002982
15389,26.72998793,21.48611432,14.44019484,18.11916552,9.719779804,9.504757591
38990,19.93558889,18.2909324,14.43826448,18.86180864,7.499946679,20.97345892
11570,21.34837149,17.38765556,14.43400919,18.81342186,7.810487511,20.20605439
12479,21.34837149,17.38765556,14.43400919,18.81342186,7.810487511,20.20605439
12058,24.49447373,20.43967915,14.42315865,21.34069997,6.651843766,12.65014473
3603,20.33621843,18.33052054,14.42076056,21.22375611,9.539304147,16.14944022
10271,18.88716541,17.22855919,14.41891778,18.2887211,10.55006722,20.62656929
2519,15.82572834,13.86445137,14.418432,17.24899981,19.04161948,19.600769
2038,21.74200701,16.66445868,14.41701283,15.79769574,13.56418055,17.81464519
29202,18.55860693,17.73434419,14.41372262,13.22372085,27.69508949,8.374515921
2742,13.81159716,18.67128093,14.40457099,18.36013963,11.64836929,23.10404202
33363,23.58375634,19.68749596,14.39929163,19.49187985,10.39915767,12.43841855
33804,23.58375634,19.68749596,14.39929163,19.49187985,10.39915767,12.43841855
9466,17.43988085,13.35275678,14.39854606,14.24877223,25.4116808,15.14836327
27007,23.36734363,20.22287697,14.39763508,18.51829509,7.660897477,15.83295175
31406,18.01254926,18.19544944,14.39417257,16.88899371,12.96663298,19.54220203
31876,18.01254926,18.19544944,14.39417257,16.88899371,12.96663298,19.54220203
6673,13.37348622,13.51585293,14.3920295,17.41190781,19.83623271,21.47049084
9815,24.80043291,18.53550768,14.38471916,17.16483664,10.09227763,15.02222598
23805,20.2838931,19.25525554,14.38049026,17.78529322,7.187206316,21.10786156
6606,14.29266357,30.79155034,14.36995682,19.40095557,11.1003332,10.0445405
38775,16.94972563,18.12423144,14.36782515,21.59491769,9.735270608,19.22802948
893,14.31631089,20.30605899,14.36746956,16.11427527,21.85120658,13.04467871
3565,14.63261847,17.97320066,14.35633176,12.81988621,29.5709719,10.646991
25842,14.92924693,21.20049372,14.35550849,18.29897939,12.31802234,18.89774913
3021,27.26122335,23.10363013,14.35399139,17.0576911,8.425668334,9.797795701
3388,27.26122335,23.10363013,14.35399139,17.0576911,8.425668334,9.797795701
26253,22.67451411,19.68730407,14.35329788,17.49254317,14.86281775,10.92952302
26684,22.67451411,19.68730407,14.35329788,17.49254317,14.86281775,10.92952302
255,20.89916938,14.29237255,17.18328956,17.15005029,9.595409431,20.87970878
5359,16.25234652,14.05098302,14.34989088,15.53090367,22.79737303,17.01850288
12910,10.28708643,19.9052244,14.34502235,20.00814764,12.52784104,22.92667813
1764,12.19001104,19.98254106,14.34312707,17.0440633,22.3502298,14.09002774
21134,18.89999621,19.92928833,14.34193434,17.54349568,12.79909431,16.48619113
39517,20.154016,21.40155676,14.34080178,14.76488269,18.35187266,10.98687011
22472,12.46797041,14.54642526,14.33987261,14.8252227,23.58381579,20.23669324
8513,23.28713922,20.96414915,14.33817971,18.97889254,6.115397764,16.31624161
4688,18.67905708,17.66270341,14.33275604,17.8241415,12.13141383,19.36992815
15491,21.58197071,14.97759593,14.32886125,14.68192571,16.95607011,17.47357628
40036,22.13936619,20.83592587,14.3254502,20.69010621,6.153120107,15.85603142
3577,13.9988858,19.07780764,14.32157011,18.26443254,14.06856532,20.26873858
33158,22.814207,20.70135766,14.31987487,19.67921702,8.88157321,13.60377023
21059,20.3981606,17.38295943,14.3193703,16.15401338,13.49275862,18.25273766
80,18.91013466,20.11070321,13.54577454,17.63109634,9.577076813,20.22521444
12679,17.22589084,18.46369846,14.30344099,21.10213535,9.394567701,19.51026666
35426,18.76148985,15.82971004,14.81146126,17.82164083,9.42194933,23.3537487
12624,20.78335567,17.79035843,14.29412922,15.60288578,13.6732486,17.85602232
8917,11.46547477,15.38302366,14.29094992,14.10923338,24.27371672,20.47760155
8416,18.9880335,21.06266444,14.29084975,20.03369333,9.196006837,16.42875214
41366,10.18736386,20.75896876,14.29018282,17.14531682,20.29296778,17.32519997
23618,15.32975727,28.16086361,14.28985427,16.35892422,19.87741773,5.983182911
16894,17.73405774,18.52999003,14.28710158,24.36559832,10.11808181,14.96517052
30783,20.45443307,17.16672381,14.28511375,20.10452868,8.55856915,19.43063154
23091,12.94315423,27.70956205,14.28452702,17.97047557,13.8179533,13.27432783
28724,18.99116228,19.19427137,14.28117477,20.85088685,8.935553788,17.74695094
9588,18.73816163,20.55758797,14.28117424,20.64356805,15.46407527,10.31543285
27015,17.60802663,12.18295396,14.27569288,14.45738034,22.1693699,19.3065763
20156,15.27831231,22.49742696,14.27547219,17.09079808,14.01750279,16.84048767
20607,15.27831231,22.49742696,14.27547219,17.09079808,14.01750279,16.84048767
5514,16.56799599,19.46901269,14.27072839,17.89084799,18.09271169,13.70870325
5943,16.56799599,19.46901269,14.27072839,17.89084799,18.09271169,13.70870325
27819,19.47615553,20.58159277,14.27049481,15.00699536,21.66891566,8.995845873
2943,23.66147832,18.58658236,14.26933168,16.72499012,13.03034246,13.72727505
20661,18.19191945,20.66373635,14.26753028,22.54074515,7.976721158,16.35934762
23619,14.73352554,21.94839936,14.26556997,16.47442647,23.78210727,8.795971379
13171,15.89354169,18.27678791,14.26355811,13.43744091,23.85361188,14.2750595
12912,22.08984513,20.15770971,14.25873881,18.73126511,9.504211013,15.25823022
20113,21.43242351,20.41835681,14.25812501,18.42540723,11.24172293,14.22396451
22388,18.40944118,16.10503059,14.25525772,16.53536715,10.71046629,23.98443706
41372,20.49861227,20.27376671,14.25469944,17.11989487,10.82201085,17.03101586
22640,14.41311731,25.99388615,14.2531098,23.05456484,7.621021262,14.66430063
30505,15.5404042,19.76028567,14.2524539,17.84632909,12.53415954,20.06636761
27629,20.29215482,16.03846218,14.25114118,16.38047849,16.53769996,16.50006337
41283,16.29295703,17.103119,14.24538886,22.30074753,10.99944453,19.05834306
17056,22.75522781,17.92356488,14.24359714,16.67835325,16.20691071,12.1923462
15889,18.30639132,22.18083858,14.24004608,16.80219621,13.99499093,14.47553687
35893,23.03938954,15.22029859,14.23552225,16.8756288,11.91838225,18.71077857
21172,22.81126874,19.81360557,14.22543145,17.54389532,13.33899466,12.26680426
21446,21.88304549,17.78987447,14.22434605,15.2917634,15.7529131,15.05805749
22353,12.43575662,21.05227531,14.21691969,19.05287984,12.04878633,21.19338221
21035,19.44322295,25.45375655,14.21649538,20.11522487,6.897132295,13.87416796
21426,19.44322295,25.45375655,14.21649538,20.11522487,6.897132295,13.87416796
29394,21.1405535,16.8377864,14.21437511,21.18145995,9.974034788,16.65179024
395,18.10665019,11.93060307,16.82401705,16.60468783,9.111818977,27.42222288
38887,13.9764793,23.16503319,14.19892762,15.55563629,12.83303339,20.27089021
32105,10.8498798,14.96391549,14.19776787,16.34569206,20.56408628,23.07865849
32581,10.8498798,14.96391549,14.19776787,16.34569206,20.56408628,23.07865849
35331,18.76181861,17.51653746,14.20110825,20.86294208,8.730805656,19.92678795
23479,25.72538273,17.0712253,14.19137417,14.47941353,19.68676068,8.845843579
22710,21.69612104,18.87002905,14.18626766,17.87993071,8.075855585,19.29179595
41577,12.42688378,24.0439934,14.17970811,15.38482463,18.14670701,15.81788306
17445,23.46412421,17.90013214,14.17873811,15.85004742,13.5577464,15.04921172
6656,23.06603979,18.4848765,14.17867412,20.00452315,10.60102599,13.66486044
11683,20.09942886,19.54896719,14.17602134,18.59277063,11.74581062,15.83700136
12797,17.88959265,14.73709204,14.17381442,15.06953661,18.66483147,19.46513282
22261,21.49910541,22.59717696,14.16226478,20.15030538,4.388708854,17.20243862
34073,20.98470141,18.93705635,14.15362367,19.29018746,10.30957683,16.32485429
28813,13.50785066,22.81487751,14.15008356,19.23995124,12.02540263,18.2618344
22038,22.11690711,20.54753517,14.14907341,16.30210909,12.49025325,14.39412197
39110,23.61488976,22.41630762,14.14835308,16.36562607,12.35138391,11.10343956
31424,18.26958164,22.8684252,14.14632349,19.55632091,8.110457589,17.04889116
31894,18.26958164,22.8684252,14.14632349,19.55632091,8.110457589,17.04889116
20647,17.17369944,23.87883719,14.14293359,13.35120944,26.0827406,5.370579737
11157,14.90998168,21.97221843,14.13568756,20.9104764,7.93096513,20.1406708
6727,10.02925534,22.0530575,14.13485178,15.0720962,23.98936577,14.72137341
14110,17.73290448,20.56421365,14.13186268,15.40190786,20.70025395,11.46885737
13395,21.85490709,19.12096907,14.12732312,21.91276216,8.57402486,14.4100137
40543,22.94531824,16.95172493,14.12435702,14.36788178,16.17283463,15.43788339
6602,17.1061743,19.71398068,14.12385003,15.66562929,20.42719612,12.96316958
7035,17.1061743,19.71398068,14.12385003,15.66562929,20.42719612,12.96316958
31893,20.03653213,18.58607037,14.1234138,15.3505162,18.59761645,13.30585105
25741,18.87323114,19.35142924,14.12283264,19.00589188,9.471281901,19.1753332
40970,19.94797153,19.5004662,14.11575611,15.27433998,17.35827674,13.80318944
30292,18.27397227,20.42668268,14.11506774,20.0397899,10.24719239,16.89729502
6441,24.87235227,21.99582066,14.10908716,19.7487633,4.0904347,15.18354191
39277,13.48350234,18.79312422,14.10807141,18.69938466,12.40077467,22.5151427
36528,19.59904483,18.26412643,14.10532919,16.76212902,16.61486824,14.65450229
2766,13.3978637,20.48418357,14.09233075,14.948,16.90609124,20.17153074
31023,18.10379719,19.71620449,14.08588675,22.51543791,8.814079122,16.76459454
29588,14.9494952,19.5119161,14.08531022,18.77664793,11.22853635,21.4480942
24229,17.2943754,16.54573147,14.0767583,21.20157102,9.762884282,21.11867954
22169,20.98369884,19.68953695,14.07035863,17.16147405,13.81956027,14.27537126
24224,16.53073366,23.75865995,14.07008157,18.928012,11.5777134,15.13479941
25824,22.76333097,12.87182712,14.06995673,14.73736529,21.18552933,14.37199057
5792,12.31371778,21.6637083,14.06795518,18.93052552,11.2441947,21.77989852
30309,19.54280666,18.76485789,14.06378301,18.85330097,10.76595744,18.00929402
30676,19.24213341,19.42467541,14.06338089,21.21244123,5.491434584,20.56593448
20089,17.32347384,18.28860337,14.05912119,16.51711598,11.44229045,22.36939517
21779,16.28579364,16.82310361,14.05874474,16.89392798,23.09136776,12.84706227
11769,21.96608702,19.54983364,14.05102164,18.33854366,7.849992621,18.24452141
27706,23.02258132,17.29176713,14.0481663,11.95638933,26.16060386,7.520492063
15894,23.43904147,23.65162622,14.0462935,16.8314063,13.65395015,8.377682368
34842,20.49445244,17.74349028,20.20888294,20.48722564,8.280603277,12.78534542
27939,15.63855753,24.2726616,14.0454943,18.99384553,13.13369391,13.91574713
28354,15.63855753,24.2726616,14.0454943,18.99384553,13.13369391,13.91574713
17224,13.43416936,19.18462094,14.04538132,15.30175244,24.36161955,13.67245641
17569,13.43416936,19.18462094,14.04538132,15.30175244,24.36161955,13.67245641
22000,23.1117625,19.82917568,14.04207396,16.45619266,11.69959712,14.86119809
20125,20.46302771,20.39834929,14.0392454,17.382369,10.04421636,17.67279224
31425,19.38105973,18.57595405,14.03864149,15.6542391,18.66818951,13.68191612
11861,22.77114284,21.34539731,14.03516151,14.85154322,17.82994116,9.166813953
12227,22.77114284,21.34539731,14.03516151,14.85154322,17.82994116,9.166813953
22943,19.72496421,18.23937414,14.03406142,18.70048958,11.63178057,17.66933007
13360,15.36538758,22.23681888,14.03351811,17.65503027,13.56745753,17.14178763
30003,19.64667346,18.6339495,14.03023083,18.92211955,10.73002783,18.03699884
34617,24.20396837,21.37338314,14.02870768,18.12787369,8.609491121,13.656576
9764,13.47099345,17.31438433,14.02558599,13.77716987,27.82923856,13.5826278
35366,15.17545043,23.39250515,13.35147389,17.80218701,8.222067029,22.0563165
14009,14.18551143,14.61966452,14.01652169,21.46409143,17.18741322,18.52679771
2929,18.13274752,12.77207856,14.01297376,14.79016894,21.68729639,18.60473482
37009,17.09477399,20.24730538,14.01275545,16.01781998,16.81109812,15.81624708
14874,20.56742865,20.54142042,14.01071116,19.01664972,9.723309245,16.1404808
22364,17.70755942,22.11241792,14.00855487,15.2077567,12.0440466,18.91966448
21352,20.96164726,22.68879468,14.00269635,17.96957334,10.83691399,13.54037438
35048,20.0970728,14.79886568,19.16796527,18.86008797,8.01183652,19.06417176
30964,17.82820402,17.75200373,13.99891211,18.39627211,12.51515008,19.50945795
40267,20.54871692,21.73816912,13.99115072,18.75584876,4.638047126,20.32806735
30130,17.09452803,19.85342283,13.98217287,18.09530739,13.92642395,17.04814493
29740,17.09452803,19.85342283,13.98217287,18.09530739,13.92642395,17.04814493
35661,22.30950304,17.70281599,19.00914268,22.98615911,7.8211151,10.17126407
7366,28.03146357,20.12882326,13.97348752,14.87776793,17.38463394,5.603823767
22026,19.78716094,19.17879109,13.97307981,17.16447696,13.71338214,16.18310907
216,20.63587467,19.9886561,14.68410119,18.93620676,7.682734174,18.07242711
26441,22.16054042,19.92404945,13.96611369,20.10594642,9.816135389,14.02721464
26927,22.16054042,19.92404945,13.96611369,20.10594642,9.816135389,14.02721464
16918,23.00595277,22.15798171,13.96332822,17.09442547,7.716668039,16.06164379
7338,19.36406465,16.42843405,13.96170722,21.46328836,9.903740132,18.87876559
927,15.08350612,25.37636567,13.96082355,20.86677981,7.247335165,17.46518968
18538,15.95719364,18.89903646,13.95619732,22.15526145,9.469844869,19.56246626
14721,15.13489553,18.66938041,13.95128635,16.03140421,19.32075112,16.89228239
15031,15.13489553,18.66938041,13.95128635,16.03140421,19.32075112,16.89228239
30630,20.35201938,24.98810038,13.95038515,20.84768853,10.9625403,8.899266267
7703,24.47338976,21.23547779,13.95027626,17.5174081,12.63000675,10.19344134
25105,24.55268436,22.52216523,13.95006842,19.43275287,8.131330566,11.41099855
11682,20.3100785,22.15482295,13.94946578,19.21046817,7.460933088,16.91423152
40843,18.69931784,23.14882076,13.94857236,17.71574411,12.56587053,13.92167441
27232,19.08688142,20.98188267,13.94828881,17.43953372,11.49975917,17.04365422
16223,18.68182244,22.33915361,13.94827923,13.83249788,18.90759583,12.29065101
7301,24.5796147,22.90444419,13.94371943,20.27899798,3.969658002,14.32356569
5236,13.25679921,18.44189816,13.94290637,13.23743779,31.32233937,9.798619098
17705,21.2192932,19.732002,13.94016401,20.49787052,11.56321243,13.04745784
30892,23.36213297,20.49028539,13.93458586,15.50961585,17.43941657,9.263963367
39104,24.39178219,19.13130421,13.93304233,12.93589629,20.48015598,9.127819002
15836,22.80510367,20.15924923,13.92759562,13.89948827,17.06206467,12.14649855
11576,13.11923302,21.10709738,13.91780838,18.6026888,12.51647147,20.73670095
12043,13.11923302,21.10709738,13.91780838,18.6026888,12.51647147,20.73670095
623,20.63587467,19.9886561,14.68410119,18.93620676,7.682734174,18.07242711
31221,16.58274928,14.53287829,13.91378677,15.12910248,21.08576649,18.75571668
31696,16.58274928,14.53287829,13.91378677,15.12910248,21.08576649,18.75571668
23883,21.45239321,17.76855234,13.91009755,18.07964321,13.50151852,15.28779518
13075,23.67608341,17.86566971,13.90922712,19.94547509,5.994348722,18.60919595
20227,14.7329789,15.06714467,13.90621635,15.44601741,24.28402257,16.56362009
19685,11.56452679,20.78475581,13.90591017,17.19191882,17.34247955,19.21040885
38964,22.4330166,18.50442064,13.90519542,15.43523507,18.77248811,10.94964416
17167,18.51442752,22.4072233,13.90344599,19.16620097,6.665439953,19.34326227
21737,18.376256,19.27456932,13.90275974,15.23067069,20.41433967,12.80140458
3088,19.76888918,17.92064236,13.89904672,17.64806814,13.56890003,17.19445357
31011,18.87364847,20.17007261,13.89770201,17.94072493,11.8786749,17.23917707
15349,25.61988393,23.29950911,13.89699207,17.10022071,8.666463038,11.41693115
39342,19.04027306,17.11235782,13.89675914,21.81261454,8.86177359,19.27622183
25127,21.16376878,16.45928657,13.89471249,16.54929639,21.75448917,10.17844661
41679,18.08234215,22.80788376,13.89274367,12.36221314,25.57068619,7.284131088
9210,25.22486268,21.57411188,13.88776683,19.44669136,8.490780786,11.37578646
1077,21.20165745,18.31648812,13.8850675,16.0012776,13.67545661,16.92005271
25028,16.03824189,17.07599963,13.88462063,17.50029631,23.72610326,11.77473828
25308,16.03824189,17.07599963,13.88462063,17.50029631,23.72610326,11.77473828
35844,19.43070635,24.78023576,13.8843324,19.08783135,7.188526878,15.62836727
27531,22.15370455,21.26451118,13.88382257,15.41817114,11.27616179,16.00362877
22464,17.80892429,22.75959006,13.87456888,21.85626729,6.925752229,16.77489726
36040,24.78764118,19.50305996,13.87366277,16.42505216,13.22064371,12.18994022
24639,16.24369228,21.79692303,13.8693642,20.89770572,8.302048287,18.89026648
28977,22.42994178,18.61828054,13.86928431,17.94623582,8.509064569,18.62719299
35859,15.83288624,20.79818959,13.86652993,21.86557752,9.836797561,17.80001915
21957,19.34606161,17.04417444,13.86572436,16.15386089,15.08875987,18.50141883
41224,16.06250097,18.24274276,13.86402256,20.1957684,10.51267314,21.12229217
804,20.54981282,21.80107019,18.52708893,22.72871665,7.431734271,8.961577145
10540,22.98162859,21.50397948,13.85728903,17.77271931,10.80554241,13.07884118
12412,13.60939357,21.84795328,13.85691061,17.84352053,22.47984483,10.36237717
24313,19.32638422,15.28198573,13.84841885,15.734142,14.37174104,21.43732816
20230,22.25594429,24.49477246,13.84804149,17.03960144,4.459880426,17.9017599
41455,22.25594429,24.49477246,13.84804149,17.03960144,4.459880426,17.9017599
11626,21.54122699,21.17947088,13.84325478,19.79959595,8.186857036,15.44959437
10524,21.52049067,21.77750306,13.84243798,19.5592998,6.94394011,16.35632838
11092,16.22478052,22.59548377,13.84239532,19.49684756,9.613440112,18.22705272
3125,19.34558237,17.56837737,13.84102552,23.1817645,11.28970017,14.77355007
11678,10.07476903,19.16284819,13.83967025,18.72241656,17.74063754,20.45965844
41644,14.68710611,21.32888825,13.83658206,16.2395854,16.83945726,17.06838092
12539,17.06098556,14.58705111,13.83614069,15.75621069,18.23655574,20.52305621
4360,15.17391882,21.02980647,13.83098907,18.74260604,9.938331616,21.28434798
9431,15.58244394,18.55079947,13.827244,19.47207671,12.28219634,20.28523954
24286,18.76314976,22.79251597,13.8248884,16.46098857,15.38450081,12.77395649
4454,14.33690143,18.77680123,13.82437155,13.13465782,28.42522355,11.50204442
2642,15.10184743,20.6618655,13.82197983,20.23720228,11.22022388,18.95688108
30239,18.38528314,13.96583316,13.81748923,17.18009876,16.52131209,20.12998362
29914,18.38528314,13.96583316,13.81748923,17.18009876,16.52131209,20.12998362
18223,18.77092917,19.07009652,13.81432122,17.99317824,9.182538833,21.16893601
37333,11.14726137,22.13079456,13.79979297,18.57696719,23.04350162,11.30168229
41087,21.22380552,16.6379936,13.79827415,15.39559003,13.40958224,19.53475445
27166,25.87531572,19.24019922,13.79667225,13.64617854,11.53457201,15.90706226
41513,22.89496359,21.32759957,13.78865756,16.25305152,10.80952225,14.92620551
10448,21.57625742,16.61394595,13.78546564,18.99772876,9.453259712,19.57334252
20730,16.22347248,22.46759443,13.77411826,17.53235529,19.5518559,10.45060363
11038,9.509540619,21.75535991,13.7740194,18.22853615,14.66503413,22.0675098
41463,19.68842205,18.3597947,13.77009657,15.42326929,16.41629186,16.34212553
7999,17.59074114,23.2511038,13.76980611,20.83522493,8.380473633,16.17265038
39058,17.88164298,12.79785824,13.76969871,15.06147924,20.37228749,20.11703335
28855,16.13748192,22.8640506,13.76900729,21.5561774,10.66548216,15.00780063
2704,18.71763846,19.5523706,13.76497137,22.17858116,8.2356522,17.55078621
11942,12.56658737,19.88674221,13.76409795,19.89986888,14.93765978,18.94504381
25508,25.30840029,25.57019871,13.76400222,16.75282849,7.471044935,11.13352535
9387,17.35384317,20.75931126,13.76278668,19.4075861,10.94744504,17.76902776
14534,24.42986364,20.13572254,13.76226386,16.08890266,12.31627593,13.26697137
24892,17.34378093,19.04432705,13.75982841,13.02047623,25.43633349,11.39525389
25594,17.34378093,19.04432705,13.75982841,13.02047623,25.43633349,11.39525389
4880,16.92690296,18.08069482,13.75939556,17.89995601,12.83611364,20.49693702
30668,19.84660632,19.90987414,13.75910768,18.68435377,12.60156644,15.19849165
20291,14.15520959,21.5328579,13.75509318,16.08203717,14.32338268,20.15141948
25514,17.4159256,21.86872385,13.75388592,16.23421743,18.56726474,12.15998246
12519,21.10719543,20.32102155,13.75098076,15.66164124,11.30783531,17.8513257
5027,13.03109124,13.11136188,13.74358013,14.69247565,21.60761219,23.81387892
25376,15.98442553,21.90761626,13.7425411,21.99249497,7.364553502,19.00836864
41244,18.84405542,21.98393621,13.74143663,18.53175984,8.881836644,18.01697525
23770,15.77101809,17.83395524,13.74099532,17.67497834,17.24723446,17.73181855
21567,25.12412845,20.90038206,13.73970405,17.52402779,12.85402446,9.857733176
10323,20.85900797,18.35095498,13.73952966,17.40077544,11.67800684,17.97172512
20767,14.87727843,19.54060801,13.73496604,17.99282425,13.34101843,20.51330484
13335,20.57957065,25.63558242,13.732726,16.5897102,12.66699607,10.79541466
33439,16.55715589,20.34694674,13.73177917,17.64329657,18.52036082,13.20046081
24146,19.29216831,16.61843293,13.73069794,19.35885798,11.58194246,19.41790038
36551,17.47032738,24.9006071,13.73055343,21.71401158,9.745214483,12.43928603
6180,23.11078461,23.25736351,13.72673205,19.85911581,7.254235766,12.79176825
27810,12.69313499,22.90684377,13.7259038,18.9095652,10.37647709,21.38807515
13996,20.64289708,17.69139142,13.72402715,18.65792035,20.85454743,8.429216561
7076,22.82502482,23.70439293,13.72083018,20.11726722,5.477233758,14.1552511
24486,20.0126108,14.40355934,13.71992593,21.14101918,9.3084332,21.41445155
36228,9.632081379,21.81130229,13.7187183,18.64554503,14.35877028,21.83358273
4890,16.0492786,16.99214237,13.71672323,14.43142283,27.9417066,10.86872638
27678,23.99718232,14.65972668,13.71600972,19.61527282,13.36655365,14.6452548
36609,22.64231717,22.37529548,13.70859439,15.50549048,10.98119765,14.78710483
13266,19.39582735,23.15724404,13.70144304,16.63342689,11.58266101,15.52939768
31553,18.47523149,18.3918519,13.68865092,18.42573925,11.96457408,19.05395236
16643,18.97313941,21.78720114,13.68219674,13.86507713,19.15347335,12.53891224
35333,18.14665142,21.06869211,16.19627267,20.70911191,7.380834262,16.49843763
18787,16.51176503,17.65271498,13.67766249,16.33294717,15.77671973,20.0481906
19173,16.51176503,17.65271498,13.67766249,16.33294717,15.77671973,20.0481906
39773,17.75406568,18.87522311,13.6725608,21.04357983,11.98775502,16.66681556
23948,17.27394322,20.91719516,13.66503413,17.72127618,12.67626006,17.74629125
29100,21.86093416,19.19695985,13.66221581,21.00596028,9.864639145,14.40929076
41461,14.49386538,18.98606531,13.65796164,13.57200086,25.38052282,13.90958399
17273,18.66204337,18.09113327,13.65787779,16.24318874,16.89279591,16.45296093
17638,18.66204337,18.09113327,13.65787779,16.24318874,16.89279591,16.45296093
21416,17.34386125,18.15232972,13.6571117,14.50874842,20.05720608,16.28074282
14717,20.57182577,18.49721564,13.65504491,20.51507728,10.54015361,16.22068279
15048,20.57182577,18.49721564,13.65504491,20.51507728,10.54015361,16.22068279
3251,21.27228609,19.0617877,13.65145852,16.02505746,17.72678168,12.26262855
38468,16.36241749,29.12305487,13.64973891,22.16101523,1.273065039,17.43070845
27280,16.87071487,21.30205045,13.64210211,15.53528568,15.23121879,17.4186281
31070,19.26230257,18.51344414,13.63760027,19.20875299,11.41380263,17.9640974
11356,17.42813546,21.42410784,13.63603249,14.97162699,23.40101127,9.139085945
20390,17.13479481,22.08029012,13.63446789,15.65126006,14.81023037,16.68895676
41333,17.43654389,19.29352361,13.63420185,16.65897548,11.13649397,21.84026121
24230,13.31800254,15.70947113,13.6301242,16.7389904,18.54336363,22.0600481
4544,23.79500645,17.56128339,13.62816049,19.89321145,11.9884351,13.13390312
40748,22.13961596,19.76357729,13.62731599,17.43791187,8.288254048,18.74332483
7575,15.54081056,13.94485965,13.62548386,13.44082812,30.21680032,13.2312175
36450,16.12176987,22.06686694,13.6253251,17.81515893,13.42236074,16.94851842
6544,22.78470359,22.89170351,13.62286021,18.0476892,9.842094245,12.81094924
6942,22.78470359,22.89170351,13.62286021,18.0476892,9.842094245,12.81094924
473,21.74256024,16.81191974,16.63592448,20.13379539,7.136089379,17.53971078
25875,25.98884175,20.06967966,13.61815002,16.01710541,14.33550897,9.970714181
24378,17.71540178,21.2845775,13.61790207,17.03562106,17.0840625,13.26243508
15950,13.94184579,21.44844575,13.61039533,16.14960965,15.60393801,19.24576547
36559,15.20446554,19.9572786,13.61001606,16.72328007,13.38989961,21.11506012
40384,13.90438268,19.90075028,13.60650959,12.11300338,28.27671599,12.19863808
17506,25.07845739,28.00409846,13.60397875,20.06324754,8.604683925,4.645533923
6718,18.39838735,18.62104518,13.60182845,17.61250235,19.45934065,12.30689601
10717,19.622829,19.66766614,13.59611667,18.84571944,8.677741084,19.58992767
19697,21.11955764,21.46429275,13.59160642,18.23001514,11.69696038,13.89756767
36185,13.94123405,25.08152947,13.59032821,18.67628449,23.02033345,5.690290329
21756,23.78761833,20.64833166,13.58962257,17.25820608,12.46374713,12.25247423
9901,16.55433731,17.65169013,13.58766802,12.96567515,27.36685276,11.87377663
39964,18.64394903,26.90828792,13.58294038,17.83356545,12.1366994,10.89455782
39378,25.23563779,22.68332341,13.58222972,17.96063914,8.057618011,12.48055192
12896,17.71049751,23.03532284,13.57356833,18.49506894,14.61066222,12.57488015
20303,15.55921304,21.3167073,13.5728874,17.75702208,16.77662838,15.0175418
20734,15.55921304,21.3167073,13.5728874,17.75702208,16.77662838,15.0175418
22618,20.78702448,18.45214884,13.5588702,18.22007393,14.70354962,14.27833294
21267,21.36302552,20.04877229,13.55875776,17.03581607,13.5357802,14.45784816
23670,21.98776997,20.49172671,13.55394149,17.38005984,6.8326396,19.75386239
11188,18.62174072,18.67365613,13.5510214,15.80980162,20.74398179,12.59979834
37920,14.1487845,17.69245247,13.54801956,17.75099187,17.23789725,19.62185436
39,16.79593692,18.40178693,16.15402023,23.38012088,6.992692945,18.2754421
27061,16.74895801,20.866866,13.54467174,19.92204088,11.19429503,17.72316834
27040,20.2471568,19.42952824,13.54119076,18.5535257,9.148435794,19.08016271
30320,12.07330783,22.63958555,13.5316622,18.43645524,12.55920116,20.75978803
23012,14.46297458,19.29674895,13.53157756,16.78695718,17.06285959,18.85888213
20732,21.74435335,19.47971931,13.5303641,19.65592761,10.1019529,15.48768272
38987,18.84895044,21.11945899,13.52990817,16.42461624,18.24816101,11.82890515
25264,27.02187181,25.7540634,13.52945848,18.21788387,8.309282141,7.167440297
39054,18.07501467,15.24060133,13.52937342,14.30115423,24.7185672,14.13528915
5550,21.58528099,22.27165796,13.52610159,19.12170932,11.51273467,11.98251546
5991,21.58528099,22.27165796,13.52610159,19.12170932,11.51273467,11.98251546
41005,14.3872145,19.39027782,13.52175785,14.31206901,26.94255398,11.44612684
30873,16.83216234,22.91114051,13.51992855,19.55680408,10.8925244,16.28744011
6709,11.78780903,20.24995684,13.51967018,16.02765466,21.9049078,16.5100015
12482,20.54858487,19.09897342,13.51288033,17.14390032,11.23039287,18.46526819
21275,11.96467182,24.39434807,13.51108723,16.57057078,17.67019323,15.88912887
15360,13.07606096,21.64069471,13.50780425,19.56103034,14.93473569,17.27967405
32951,14.17375236,21.55970975,13.50550918,17.65974152,20.34936379,12.7519234
36050,17.80815088,18.60161326,13.50347849,16.2201307,15.65680752,18.20981915
11566,18.65523895,18.89367303,13.49928707,16.72640383,12.33407635,19.89132078
7894,14.29522595,26.22645504,13.497667,18.2174223,13.05250007,14.71072964
4844,17.76714341,21.42130621,13.49365882,15.87384539,12.02206407,19.42198209
9867,14.80918664,21.9673836,13.49254405,19.40450495,11.48268894,18.84369181
31259,15.430215,23.26591199,13.48722481,17.25880225,12.68831751,17.86952845
31731,15.430215,23.26591199,13.48722481,17.25880225,12.68831751,17.86952845
31333,23.5579911,22.7288862,13.48598717,15.82322417,14.9946716,9.409239751
31804,23.5579911,22.7288862,13.48598717,15.82322417,14.9946716,9.409239751
22766,21.62791802,21.9457401,13.48501431,18.23843702,7.659978531,17.04291203
38306,15.57453012,21.63534242,13.48471081,18.83085305,12.94747951,17.52708409
18247,13.44124657,18.24312438,13.48004841,22.26984496,12.74889909,19.81683659
2853,21.45156929,20.43496814,13.47902021,16.06498444,17.03753487,11.53192304
10041,15.73863361,19.66280768,13.47806271,15.50792514,22.73721445,12.87535641
26267,21.73458885,19.99320321,13.47643436,19.70969675,10.60215955,14.48391728
26709,21.73458885,19.99320321,13.47643436,19.70969675,10.60215955,14.48391728
30681,11.5399408,24.46584404,13.47487141,22.82446754,9.726903252,17.96797296
24420,18.1818048,18.55335659,13.4663968,16.29028778,10.70694917,22.80120486
35892,18.62104207,20.9679796,13.46417707,20.01202548,8.949312218,17.98546357
37275,14.41888208,19.80972818,13.46404485,19.48254588,13.14097245,19.68382656
462,20.09914089,18.73025889,15.32279409,20.94798023,6.96201239,17.93781352
2767,19.46855856,22.07725177,13.45844329,16.39656563,15.8181712,12.78100954
24368,19.26012398,20.52243024,13.45781303,18.47844781,8.745241802,19.53594315
22493,10.98175972,21.04402771,13.45542045,16.67535055,22.72279005,15.12065151
29969,18.97238302,21.22353067,13.45457478,18.48635173,11.22243062,16.64072917
9016,15.65375668,21.67259325,13.45266782,19.09792298,12.41145691,17.71160235
1814,14.47563395,24.28013848,13.45019151,20.52829913,9.58411555,17.68162137
28082,20.38832877,19.93499197,13.45008609,18.76987773,8.530273745,18.9264417
28491,20.38832877,19.93499197,13.45008609,18.76987773,8.530273745,18.9264417
29504,22.44847151,18.06378904,13.44819086,14.75081741,18.97716573,12.31156544
4898,23.7404293,21.49044342,13.44772469,15.29290804,16.31461406,9.713880489
36755,16.26884724,22.48317078,13.44717985,21.27037482,7.405678522,19.12474879
5262,13.85946303,19.78330611,13.44688797,20.03548551,12.538379,20.33647838
12708,18.76539109,20.80928967,13.44050514,18.66009822,8.648438152,19.67627773
3628,10.6314346,24.11384413,13.44033819,19.16972146,19.10176865,13.54289298
11361,22.2087645,20.05505698,13.43883731,19.23630855,11.91503543,13.14599723
12684,16.5561778,24.43504113,13.43524729,15.55523812,15.83668733,14.18160834
11534,18.34461989,21.75944716,13.43156623,17.81277943,11.14311972,17.50846757
38438,20.0688885,20.48075936,13.42367952,17.81167668,10.00450782,18.21048812
20010,17.24945915,23.24270996,13.42260105,18.81850835,8.654812806,18.61190868
2637,13.39986607,23.26118773,13.42231937,20.03454424,15.07405914,14.80802345
6771,11.20146678,19.53953105,13.41913343,17.53475467,23.79996999,14.50514408
8988,16.69513784,16.8844211,13.41847218,15.26093108,17.4284509,20.3125869
5171,24.1869324,22.65174002,13.41758476,15.698222,10.68752099,13.35799984
39163,18.59207426,16.9695267,13.41742026,19.21372233,14.2044596,17.60279684
11306,14.37699806,22.54624323,13.41511985,21.46173312,10.9448988,17.25500694
41381,11.48267668,16.85021402,13.41374813,16.51552427,17.60670432,24.13113258
12456,12.44993994,18.69865758,13.41330456,23.55294758,11.86576515,20.0193852
22352,20.38117908,20.94578578,13.40895652,18.56246607,10.13575867,16.56585387
1514,19.31305101,16.66166005,13.40826569,17.19187996,18.86670684,14.55843645
7442,10.5388557,16.014746,13.40698052,15.77913714,24.98055361,19.27972703
40817,10.7900457,17.5467284,13.40393957,16.82282271,19.47651633,21.95994729
34564,22.73591332,22.35766652,13.4036589,15.47846347,16.15561801,9.868679776
8026,18.24506102,21.03366639,13.40302353,19.20252917,10.34275937,17.77296052
7605,15.31702981,24.70518562,13.40293415,20.74335627,9.976735438,15.85475872
41517,8.639498347,32.50255012,13.40278527,19.71133428,7.887961118,17.85587087
22011,20.10142219,23.33785582,13.39944748,19.26792269,12.12496834,11.76838348
24365,20.82581736,19.89273405,13.39817722,17.11146092,9.253092667,19.51871779
41136,19.27425644,20.3991194,13.39301546,17.83415394,15.05018098,14.04927378
27449,17.79269167,24.07286275,13.39253977,20.05617638,2.733966028,21.9517634
24210,19.90459404,20.54475414,13.39184994,17.67368046,10.4764958,18.00862562
40232,13.35669282,24.03631672,13.39058499,21.83138661,7.750011062,19.6350078
19439,14.0869104,28.25193782,13.39009988,19.98722058,10.01558196,14.26824936
22893,15.24527063,14.19646329,13.38768396,14.68913372,26.81808159,15.6633668
18481,17.7985656,19.88822745,13.38387039,18.17458932,11.91873365,18.83601359
12114,15.02933329,23.26620622,13.38148043,17.95912508,14.82565149,15.5382035
15729,20.49496736,23.20119508,13.37851851,17.87015074,8.056044232,16.99912408
6889,15.4669803,21.73858881,13.37398295,18.93877268,14.11633214,16.36534312
10032,19.49093846,18.61651252,13.3738656,16.60903518,13.29700024,18.61264799
18994,11.54616692,16.50207536,13.37321542,16.57634376,22.33173888,19.67045967
3666,17.47574634,19.78296258,13.37212005,17.91371027,10.10871544,21.34674533
21122,20.17793957,23.27162489,13.36311947,19.24496394,12.09162891,11.85072321
1754,16.33082478,17.64977367,13.3625082,18.78806279,15.91835037,17.95048019
23841,14.46670952,14.13959167,13.3616007,13.43411903,30.74030121,13.85767787
37408,20.51340302,22.83670699,13.36098614,19.15796422,8.063349277,16.06759035
22215,15.31534299,15.91945337,13.35826674,14.16122658,28.10556184,13.14014848
5068,21.82152529,20.67362208,13.35429756,17.86108288,9.029662215,17.25980997
21365,18.13930132,21.42105172,13.35358741,14.79551457,18.38852371,13.90202127
22285,19.54969973,19.25153259,13.35318793,20.69828857,5.472676008,21.67461517
40063,15.54495547,29.16386511,13.35243707,16.42684206,8.36116191,17.15073838
34801,20.64775994,20.17708096,16.09927677,21.17745276,6.91049323,14.98793633
22229,24.11757719,21.74202631,13.34916023,16.8745697,9.473957829,14.44270874
12870,16.54747785,21.31538153,13.34753753,19.14654588,9.373278005,20.2697792
18780,13.84237711,24.61682894,13.34526259,16.42052224,15.17240923,16.60259989
40505,19.66834304,20.85389447,13.34417349,15.89102949,17.66773194,12.57482757
12988,17.75563462,22.99073176,13.342181,19.98501937,9.582694195,16.34373905
29633,15.63914212,30.27751311,13.33195063,17.85316414,13.08286658,9.815363417
62,22.44473091,17.01530577,15.99545318,20.24474461,6.854933995,17.44483153
29562,13.98520392,14.73416707,13.33045054,15.3090157,24.5211625,18.12000028
41403,19.90273099,24.10523084,13.32941234,19.47311306,9.040614949,14.14889783
17898,22.14962304,18.1737352,13.32292592,14.92947174,16.00891524,15.41532886
34845,16.97891678,18.04346509,16.13326871,23.26598974,6.838423256,18.73993643
36778,14.87514223,17.48787314,13.31947757,17.5977222,15.92201863,20.79776623
28229,15.78304438,18.24482538,13.31695997,14.09867835,25.26224255,13.29424936
28650,15.78304438,18.24482538,13.31695997,14.09867835,25.26224255,13.29424936
4930,16.48359087,17.29237821,13.31527811,20.22607617,11.58247927,21.10019737
35278,24.70709643,27.62639658,14.34999702,19.56517022,6.616555305,7.13478445
13565,16.4760686,18.85854503,13.31145936,20.8456653,14.59927689,15.90898483
17382,21.39691682,18.8379564,13.31126402,15.61066878,16.88383744,13.95935653
11955,16.83621304,20.69751137,13.30996574,18.72414508,8.24029063,22.19187414
10393,19.69348126,25.65606212,13.30908178,17.12836097,9.75033441,14.46267947
24539,17.03227535,23.55126546,13.30744922,15.40609686,16.31226401,14.3906491
13505,18.72672992,20.91960869,13.30673381,19.79673551,10.70347437,16.5467177
24074,22.82173257,19.77567561,13.30478622,18.09344689,10.18627099,15.81808772
17094,22.18498293,18.86174026,13.30436597,17.231326,10.82718392,17.59040093
17474,22.18498293,18.86174026,13.30436597,17.231326,10.82718392,17.59040093
21300,14.20532362,24.04889629,13.30191531,19.45320316,15.99165524,12.99900637
21711,14.20532362,24.04889629,13.30191531,19.45320316,15.99165524,12.99900637
20014,21.15017981,18.22513593,13.30022898,18.25009101,11.30289217,17.7714721
39458,21.46826458,17.59839733,13.29846834,15.94890806,15.40601104,16.27995064
39528,18.4927206,14.37485722,13.29741369,15.01321647,18.35963907,20.46215296
21160,17.48474203,19.7060954,13.29545361,15.60726783,17.65842538,16.24801574
15324,22.33869474,22.55634634,13.29529945,17.08432588,9.334506452,15.39082714
17055,22.29630141,17.03918345,13.29234938,14.81865911,16.88084674,15.67265992
5128,15.76720025,25.73974833,13.29231655,19.70981671,11.5855904,13.90532776
34314,14.83638918,20.47988717,13.29043741,19.089617,11.35054453,20.95312471
28769,24.15802024,20.64002563,13.27972292,14.25990321,14.41870641,13.24362159
867,16.70402726,17.36334766,13.27766368,18.51740697,16.03782874,18.09972569
23119,12.65421952,26.69756286,13.27733853,18.36443319,14.44878424,14.55766167
10145,18.14497903,15.6387529,13.2773115,21.62755163,14.01281313,17.29859179
9125,14.605503,20.33658263,13.27686305,15.47961693,22.58492339,13.71651101
18230,16.1556392,23.47976719,13.27522699,19.42402549,8.832616862,18.83272427
40746,17.81165731,20.28267325,13.27337077,17.37586,21.59375227,9.662686397
38843,17.76774937,20.2834942,13.26660505,21.03082101,7.637629544,20.01370082
41113,23.65547321,28.42056591,13.26206148,17.14138005,9.726073175,7.794446177
23950,14.52343906,20.86211323,13.26144761,16.3870496,17.69720642,17.26874409
22556,19.07168148,16.83506607,13.25889195,15.89116869,15.82826323,19.11492858
12950,14.88006308,20.23457675,13.25466852,19.49012507,14.46132544,17.67924114
21940,19.69258575,24.24172401,13.24036747,19.11103911,10.40786893,13.30641472
22363,19.0527276,20.54222614,13.2383714,17.80973442,9.527639542,19.8293009
11574,22.02378561,18.66268237,13.23620351,16.45306834,15.09025335,14.53400681
12035,22.02378561,18.66268237,13.23620351,16.45306834,15.09025335,14.53400681
30084,24.05713943,20.57967028,13.22967157,16.60924468,13.00571402,12.51856003
22365,21.61094829,19.09037568,13.21714257,20.94198713,12.69380246,12.44574387
21029,20.88074924,23.52301474,13.21293913,15.56593317,15.98002648,10.83733725
21422,20.88074924,23.52301474,13.21293913,15.56593317,15.98002648,10.83733725
36615,11.84671683,25.55507967,13.21231741,20.6858596,8.675877838,20.02414865
9124,12.30651703,16.05084776,13.21041281,15.33330364,19.50379403,23.59512474
36355,19.08596174,19.88013335,13.20726565,17.78551682,12.91484282,17.12627962
5067,18.00680155,22.09958154,13.19743705,15.42753007,15.20336166,16.06528814
34280,15.97077802,19.45766835,13.19226651,20.60628038,12.05220806,18.72079869
41452,14.22143697,15.979739,13.19037735,15.18259741,24.65280868,16.77304058
10941,16.99206202,21.86206799,13.18931415,16.39928652,20.13318875,11.42408057
11615,22.71046115,22.83208029,13.1857578,17.41547586,9.750190351,14.10603454
4780,20.9200618,19.13892193,13.18017801,18.80846958,13.98814678,13.9642219
12155,21.83800928,22.62097341,13.17955419,16.0362377,14.88664058,11.43858483
9974,13.03266567,15.5048069,13.17885724,14.91183449,19.8529609,23.5188748
10103,16.45332562,21.18808659,13.17495785,17.39752557,16.4839978,15.30210658
6489,17.81093057,19.848621,13.171154,17.82133728,15.48239236,15.8655648
10498,14.72613534,23.61527484,13.17095767,22.01142365,8.349270608,18.12693789
37811,11.45662031,23.05070012,13.16944868,20.55800217,15.55854545,16.20668325
35247,29.5954636,16.14457742,16.09283,17.29827892,6.013487542,14.85536252
4626,22.13101907,18.94209236,13.15140618,16.2635976,14.95920325,14.55268155
41432,18.60259082,20.24680386,13.14616937,14.96239848,12.77805832,20.26397914
4388,22.30986206,22.16453887,13.14611504,17.68049682,10.27821937,14.42076784
9183,15.90803624,21.47572121,13.14430674,16.53889096,17.98704966,14.94599518
30749,12.65549459,23.03613447,13.1411172,18.53761177,12.78570036,19.8439416
17652,17.59271033,17.51436294,13.14089603,17.51112157,19.06620446,15.17470467
37100,19.54306903,23.31831051,13.13837631,19.37632734,8.801930717,15.82198609
21995,17.87557835,21.94059949,13.13701902,15.65186828,18.22011138,13.17482348
32350,19.48448353,19.80169199,13.13606154,16.96152957,14.39235652,16.22387684
32816,19.48448353,19.80169199,13.13606154,16.96152957,14.39235652,16.22387684
12520,23.52332318,20.25187719,13.13548429,17.81561703,11.21012563,14.06357268
30364,13.15699333,26.96720971,13.13525282,18.5263816,11.50988586,16.70427667
5365,17.43717193,15.56360003,13.1304573,16.74555927,15.63583454,21.48737693
36816,13.19520504,23.03656541,13.12857863,20.65086647,8.901664532,21.08711992
22585,12.76301323,25.0508296,13.1229261,17.94358151,8.373381539,22.74626801
7688,18.97026801,21.11493843,13.12101415,15.41339222,16.04241447,15.33797272
23454,20.32678296,21.07084042,13.11954054,19.37571454,13.62639985,12.48072169
34880,20.21464555,20.9953539,14.02144227,18.51454024,5.833781483,20.42023656
8648,16.95693118,20.9285521,13.10814369,20.75430408,11.4385734,16.81349555
39193,23.5738671,29.06068883,13.10636796,18.12865702,5.983728228,10.14669087
22609,16.27204982,16.60262002,13.10246767,16.01041811,15.60018166,22.41226272
854,19.43282928,21.77058685,13.09720984,17.38577323,13.84708986,14.46651093
4809,21.68492363,21.19239862,13.09685913,19.46580555,8.216252084,16.34376099
36306,16.97632758,22.08111342,13.09537921,17.2746935,12.61060886,17.96187744
2258,19.67947973,20.52521545,13.09297083,17.99272075,11.14554483,17.56406842
40786,15.79167787,23.01366539,13.09274695,18.63315956,9.166322089,20.30242814
34785,13.89969047,24.91268003,13.07936404,20.9735235,9.290253422,17.84448854
19465,13.53190991,27.05337861,13.07229126,16.75145129,12.08669784,17.50427109
1075,24.34750028,21.7997948,13.07195527,16.61962026,14.510159,9.650970393
38279,18.62954089,24.256869,13.06964592,19.10748836,7.535196693,17.40125914
39301,22.30897909,17.98631465,13.06885133,17.74947866,11.70507048,17.18130579
17745,14.97094324,21.4942173,13.06651425,18.29558814,10.77822227,21.3945148
8998,19.67680928,24.02023092,13.06529793,18.75505628,9.074841207,15.40776439
2378,17.2793432,24.09126983,13.06482259,18.25738442,12.99180244,14.31537752
16876,16.13411932,19.75247802,13.06037723,18.49510838,11.23119897,21.32671808
22887,21.44253831,16.52010263,13.05903082,15.43468943,17.08235974,16.46127905
12002,17.13201912,23.31534202,13.05170545,19.06436043,15.23025161,12.20632137
3771,22.66846267,18.24152031,13.04994829,16.05192939,15.24436599,14.74377335
4520,17.74110317,23.0739979,13.04594269,17.62471404,17.23376924,11.28047296
6114,14.23585135,27.58710684,13.0433639,17.52144588,22.47639963,5.135832398
41290,19.42265185,19.47993422,13.04240257,16.53636154,17.18245291,14.33619691
8096,13.19881764,18.21617602,13.04211845,17.93493833,18.73576986,18.8721797
40957,14.32563682,19.32495218,13.0408231,14.24739733,23.01767543,16.04351514
41012,14.71053802,15.53771243,13.03872612,16.23662187,18.03455788,22.44184369
5080,22.95009719,18.44106366,13.03797326,15.27049861,12.92598609,17.37438119
5333,12.71495602,23.26246343,13.03710168,17.44254573,15.59322177,17.94971136
23000,20.37197552,24.60049613,13.03646355,17.71042085,11.24279434,13.03784961
37881,16.17927948,20.27092518,13.03330947,18.35129918,11.8582524,20.3069343
40876,18.55060448,19.15257861,13.03240735,15.88528674,19.5579495,13.82117331
41013,13.34134093,21.69709619,13.03044852,15.24365521,18.19741266,18.49004649
40289,19.45035047,24.12134173,13.02993776,15.91189995,9.723129906,17.76334019
34663,16.27227554,28.0474112,13.02919137,17.45402968,11.77301897,13.42407324
39649,12.37836626,20.05920997,13.02653626,14.89140092,16.68059129,22.9638953
38023,17.50807738,26.56588233,13.02325433,18.58301516,11.57370876,12.74606205
8283,12.62540975,24.32270458,13.02084069,14.36040037,23.0169272,12.65371741
38120,12.62540975,24.32270458,13.02084069,14.36040037,23.0169272,12.65371741
7337,18.69529561,18.82567659,13.01901254,17.60392247,15.69483974,16.16125304
10959,19.84324111,25.42751094,13.01617923,14.4990746,19.83223529,7.381758831
20412,22.63322861,21.48662868,13.0156901,17.6455948,12.98203739,12.23682043
15580,13.82924192,18.50800771,13.01368005,18.71674905,17.52800925,18.40431202
20200,16.78513681,21.05710663,13.01206128,14.70523474,15.36539923,19.07506131
9831,16.58626682,20.13089724,13.0019703,17.48506471,14.32186425,18.47393667
21973,16.48660556,22.41780347,13.00162285,20.46622382,14.09040954,13.53733476
25451,22.67118682,25.96763015,13.00085627,15.39453335,13.47566387,9.490129546
35511,22.48127428,19.1074087,15.44088439,19.20678362,5.38497055,18.37867847
24728,22.80576615,26.0232575,12.99489314,15.36328438,13.47000217,9.34279666
26880,11.19187821,17.9640239,12.99409974,21.65459326,21.61294306,14.58246183
15742,19.64959348,19.23931535,12.99246664,17.6246852,10.15266709,20.34127224
39697,20.7390307,21.56910119,12.9910063,18.94753631,7.459452503,18.29387299
6306,13.51138894,21.83719735,12.98958777,16.27497555,19.54180819,15.8450422
14222,17.21584938,24.30529141,12.98879663,18.06678468,17.98723369,9.436044208
8713,19.29276755,25.0375819,12.98775699,19.36065843,10.1264761,13.19475903
38407,13.99293812,18.01465584,12.98472304,17.76032266,18.97031337,18.27704696
10144,16.96158508,22.46842085,12.98177267,21.1282824,10.88236137,15.57757764
36683,17.76409723,20.73824153,12.97982392,13.76180516,19.00261903,15.75341312
14898,20.85550813,23.58631356,12.97713142,21.63269005,6.722456185,14.22590066
10706,18.85588801,21.41308219,12.9736965,19.00256267,9.699658165,18.05511247
29656,15.99847171,21.85988393,12.97038852,19.26858083,13.69933321,16.2033418
13003,12.73861836,25.87852323,12.96539906,17.94911336,15.1551457,15.31320029
36715,17.39773775,24.91872625,12.96470054,21.97527737,9.780752509,12.96280558
41675,15.96009167,31.1679398,12.96143379,20.09251389,11.88999022,7.92803063
22293,17.68580527,20.8908185,12.96033075,18.68096381,9.485374574,20.2967071
41600,20.5789296,22.96994494,12.95273249,16.34304083,12.55283456,14.60251759
30736,15.58523597,23.69542131,12.95250736,15.98264908,16.13404281,15.65014347
21043,18.43860315,23.67608833,12.95124758,19.37610226,10.0775169,15.48044178
36153,20.64261317,18.10945585,12.95048757,18.55893326,16.39398632,13.34452384
30916,13.48983023,21.05051813,12.94484955,14.56126877,24.03614507,13.91738825
20521,21.97198712,18.24529806,12.94381516,17.52062957,16.09033381,13.22793628
17644,18.90303343,27.20183727,12.94353558,15.00597805,17.81755196,8.128063711
17277,19.41871318,27.42110304,12.94257532,15.10461347,17.11356606,7.999428926
36334,19.33797478,18.1362756,12.94045015,16.89347785,15.75705814,16.93476347
40440,19.26497463,18.10537726,12.93250748,16.85405799,15.349257,17.49382564
28913,14.73405458,24.88249023,12.93045084,16.13663263,21.85002966,9.46634205
39341,19.63885835,20.50751676,12.92887709,19.22446683,12.6585775,15.04170348
9842,18.63248284,24.35346897,12.92533844,19.62788846,8.001581917,16.45923938
26460,19.27545205,19.85022807,12.92261265,18.39496189,9.003915369,20.55282997
26926,19.27545205,19.85022807,12.92261265,18.39496189,9.003915369,20.55282997
29688,21.38216533,19.26684412,12.91953718,17.34690048,12.76307964,16.32147324
32265,15.72934419,22.58894305,12.9175024,17.99731124,12.21959756,18.54730156
32744,15.72934419,22.58894305,12.9175024,17.99731124,12.21959756,18.54730156
1757,13.96063397,26.75051554,12.91530214,20.30492518,11.0991415,14.96948168
10060,23.23526973,19.68187373,12.91068208,18.83107693,10.69510707,14.64599046
20630,15.72845426,16.46941585,12.90917749,15.07238489,22.09026332,17.73030419
37841,16.58599142,22.67985377,12.90674009,19.04350225,11.00604571,17.77786677
2,22.65359702,20.58693612,18.44218346,22.44699945,5.280341369,10.58994258
18085,17.84848015,23.5396364,12.90415826,19.48570392,11.40068485,14.82133641
27959,13.04262031,21.19377961,12.90253174,17.5321999,18.19933773,17.1295307
28361,13.04262031,21.19377961,12.90253174,17.5321999,18.19933773,17.1295307
36414,20.64779948,25.20403321,12.90131108,17.82118806,7.904206094,15.52146208
3878,17.91041721,20.93762023,12.90044372,20.05596841,11.57203863,16.62351179
4279,17.91041721,20.93762023,12.90044372,20.05596841,11.57203863,16.62351179
8983,16.19497693,19.80178329,12.90031734,17.30472334,15.98195821,17.81624089
40919,18.39638285,17.36811806,12.88799822,15.3830392,15.67165539,20.29280628
12727,19.85031793,21.27906613,12.88697148,17.74510633,15.02480635,13.21373178
12653,17.72490726,15.49161901,12.87874414,20.92526599,14.01950442,18.95995917
29327,17.65301404,18.38045666,12.87692611,18.75680575,12.79308047,19.53971697
4847,16.18678859,20.80919994,12.87544604,15.27122778,18.22793913,16.62939852
34836,22.56901015,15.30908454,16.40169209,22.42745808,5.157239256,18.13551588
29657,18.62917676,22.93938822,12.87151441,14.05664934,21.92335111,9.579920153
2667,19.89491596,21.30229976,12.8708202,20.16969837,10.35834917,15.40391654
1740,18.81306797,21.07480934,12.8695864,18.2816641,12.95513025,16.00574194
26461,16.71364874,22.8077454,12.86689782,20.56480997,14.47302735,12.57387072
26865,16.71364874,22.8077454,12.86689782,20.56480997,14.47302735,12.57387072
20369,20.68431693,22.98262689,12.86675319,18.22277264,13.53987286,11.70365748
20783,20.68431693,22.98262689,12.86675319,18.22277264,13.53987286,11.70365748
27596,22.06543159,18.63857814,12.86662716,15.39684235,12.47468461,18.55783615
27713,14.98815605,19.15498304,12.86200169,16.2209035,17.77146349,19.00249223
2468,21.92239731,21.17449896,12.85909206,18.31711394,9.075331638,16.65156609
21295,24.02232632,21.76609638,12.85306825,16.68669715,13.25871901,11.41309289
13050,14.29702197,15.98002061,12.85105364,14.59420931,20.64325196,21.63444251
4528,20.9575892,22.44607298,12.84999889,16.87340399,14.05059011,12.82234483
13396,18.15109567,18.9257535,12.8418463,18.09359467,12.32397072,19.66373914
13086,17.04289144,26.52322912,12.8373409,18.49311886,8.509554335,16.59386534
13391,11.86444221,23.28081941,12.8354297,17.67425145,17.75559706,16.58946017
15795,17.32835484,20.3749486,12.8326018,20.95717917,12.29216686,16.21474874
19337,13.60389437,20.29306129,12.82183687,18.30009109,14.65628434,20.32483204
30903,14.56954344,20.62499583,12.81960032,16.50025238,16.39794543,19.0876626
33954,16.6738237,19.42213055,12.81742443,16.48900881,15.4103172,19.18729531
38886,19.58182136,22.5737455,12.81692557,16.10535776,16.11723497,12.80491483
6281,17.13322759,24.40407796,12.81488278,16.1080625,19.81878113,9.720968041
7169,17.02078239,26.74505294,12.81396797,16.00047509,19.06009655,8.359625048
21379,20.1801003,18.2912094,12.81151775,14.60583435,18.68987753,15.42146066
31171,19.78015638,22.44381707,12.80560832,19.91369878,9.396868323,15.65985113
31653,19.78015638,22.44381707,12.80560832,19.91369878,9.396868323,15.65985113
4902,19.52754937,20.17260172,12.79931117,16.79221806,13.25966293,17.44865676
4469,21.20745761,21.35981559,12.79873589,14.64405151,16.7342221,13.25571731
1815,14.28278399,23.37994633,12.79822905,18.97139583,10.24471801,20.32292679
29363,17.20715166,22.674625,12.79423489,17.02080897,15.3038663,14.99931318
29998,17.54094052,27.14345306,12.78750658,19.14817131,13.70289743,9.677031106
5397,19.95319031,23.77071456,12.78533775,19.32779892,10.77343359,13.38952487
4505,19.20113961,21.37062604,12.78346052,15.95542383,16.14467292,14.54467708
26677,22.8802236,26.2210721,12.78139785,16.85526793,14.10354395,7.158494567
8129,14.0764223,23.94699769,12.78024293,15.64026355,18.3791725,15.17690105
10712,18.63439304,21.39668027,12.76861484,15.70734179,20.91296282,10.58000724
20257,17.52388702,31.116479,12.76690387,19.04441927,10.89629862,8.652012225
2391,16.33130517,20.61547242,12.76483464,19.31931149,13.78689588,17.18218039
20050,18.87532081,20.6946707,12.76473833,17.90330352,14.88088781,14.88107883
6493,18.9906398,18.23533285,12.76127207,15.02717302,21.69289957,13.29268269
27515,15.65020678,20.25421383,12.76044744,19.99541024,15.93607707,15.40364464
12726,15.76865584,23.78121507,12.7575038,17.55625989,15.92791396,14.20845144
15474,15.48429759,20.24396497,12.75531997,17.52729326,14.82050529,19.16861892
35295,20.39554594,21.08206603,14.19532463,20.73060494,5.14993868,18.44651979
40730,14.79455108,22.11076892,12.74998919,18.84765031,10.80604669,20.69099381
8068,16.89864107,22.93472421,12.74531775,18.57749992,12.61117238,16.23264467
33993,17.64432947,21.50454557,12.74297626,16.52215067,18.60785774,12.97814029
37342,17.03428697,19.78670397,12.74238616,16.83381047,18.84854835,14.75426408
18894,17.72819651,23.86707775,12.73745432,17.54266645,12.51682233,15.60778263
19226,17.72819651,23.86707775,12.73745432,17.54266645,12.51682233,15.60778263
7043,12.89668306,29.77338213,12.73522829,18.92594384,15.25480374,10.41395893
4845,13.54073983,20.01090148,12.73124137,19.75018029,11.95043404,22.01650298
3790,16.98044954,20.84569895,12.73105338,18.80352215,13.559368,17.07990798
4192,16.98044954,20.84569895,12.73105338,18.80352215,13.559368,17.07990798
35989,12.97881663,24.43636256,12.72625684,20.00579186,16.40225746,13.45051465
38799,20.49066503,20.79396195,12.72369068,19.0684732,12.13467721,14.78853193
41694,20.9199906,22.00883254,12.71628258,17.72875363,12.7942897,13.83185095
20910,20.5578419,19.22652309,12.71539535,15.33043864,13.78011648,18.38968453
1120,14.61694264,24.4591799,12.71269932,18.42882129,13.36299864,16.41935821
11584,18.58035465,23.77525729,12.70978213,18.89675216,11.74034293,14.29751083
12491,18.58035465,23.77525729,12.70978213,18.89675216,11.74034293,14.29751083
4301,21.78882624,26.00510465,12.70836339,18.1966692,14.85160447,6.449432056
7585,17.44472678,17.9911991,12.70707685,17.60588448,19.17701505,15.07409775
1896,21.67565802,21.86291219,12.69556641,17.49191143,9.855025906,16.41892604
9673,17.61453472,26.69326855,12.69423993,21.10098783,11.99515205,9.901816903
21829,20.06622971,18.6317776,12.69042938,15.33698082,14.30232337,18.97225912
24342,18.85117761,19.07540442,12.6856552,16.61184222,12.85199909,19.92392145
30319,15.23396619,18.80183554,12.68351676,17.55497482,14.53369128,21.19201542
24316,20.31626552,25.42205487,12.68268409,18.02107827,11.21181313,12.34610413
21082,17.84522506,19.02091067,12.68221463,18.11024104,11.88228922,20.45911938
39540,16.61043503,20.31012413,12.68010908,18.13965888,15.54499219,16.71468068
2088,24.72591441,25.11466312,12.67552069,16.66088232,12.84506445,7.977955012
21964,18.15008612,19.16790494,12.67265973,17.94850854,11.99869131,20.06214936
4400,20.36332858,23.22813707,12.67220953,16.7492165,16.22831748,10.75879085
4832,19.33779942,25.72537519,12.6694294,16.86647329,10.65953076,14.74139194
12011,16.80852354,26.09773467,12.66445431,18.06935951,18.36097992,7.998948045
12452,16.80852354,26.09773467,12.66445431,18.06935951,18.36097992,7.998948045
35823,18.08191199,18.68858817,12.66055805,16.85443791,13.84986809,19.86463578
17899,22.19988229,19.78152456,12.65803111,16.37450786,15.02139505,13.96465913
30517,10.7137043,20.3344668,12.65597196,15.62179814,23.23268355,17.44137525
28779,14.82353657,22.44874307,12.6539068,19.12436821,16.98867559,13.96076976
3511,23.07703487,21.97495733,12.65109935,16.07866485,13.45668354,12.76156007
29662,15.56890564,20.71998893,12.644625,17.04820347,19.47234208,14.54593488
3746,18.29103803,21.12375036,12.64182688,16.31367506,20.24137133,11.38833833
4147,18.29103803,21.12375036,12.64182688,16.31367506,20.24137133,11.38833833
38767,15.39518762,24.81962871,12.64140447,19.4671094,13.25615254,14.42051726
4853,17.42292596,21.83366505,12.63987097,20.64065091,12.77688039,14.68600671
34871,19.27803085,20.91205451,16.3549349,21.99160026,5.071224275,16.39215521
29091,13.86466838,24.25246738,12.63417092,16.71111567,21.57598881,10.96158883
27426,14.55293925,17.99683265,12.63327503,21.13044228,13.03425122,20.65225956
28695,23.03610443,25.30196437,12.62589917,15.67057638,16.11689187,7.248563787
1997,13.09587377,24.28542365,12.61150765,18.71647144,14.82830537,16.46241812
24127,14.29209928,25.6304173,12.61027323,18.6719991,10.85316438,17.94204671
36270,24.26497231,26.57911509,12.60994822,18.91681453,5.42322285,12.205927
12434,16.45444892,23.6600086,12.60817778,21.16323693,13.73246474,12.38166302
26208,18.44253607,22.35974021,12.60724305,17.57720207,14.60555171,14.40772689
26640,18.44253607,22.35974021,12.60724305,17.57720207,14.60555171,14.40772689
2044,17.73385064,20.53555928,12.60364434,15.20388767,22.60236238,11.32069568
11711,12.23673925,24.60199273,12.6033973,17.9073629,15.67222123,16.9782866
24445,12.95839666,25.05343704,12.59836173,15.31934843,20.10081465,13.96964149
33337,22.07154518,22.34413879,12.59675741,16.77492646,15.92559604,10.28703611
28945,13.70372679,26.05489641,12.59063524,18.89702046,16.41878563,12.33493547
30390,17.73522622,22.80214979,12.58963521,18.70202062,14.11989424,14.05107393
22572,12.29211082,16.89634023,12.58733553,13.34002941,26.7631907,18.1209933
34060,20.16910663,22.13690314,12.58580264,19.9512402,13.39173599,11.7652114
22808,16.52507535,17.91043719,12.58571629,19.13312975,14.4240955,19.42154592
54,21.23866835,14.56217724,20.67958841,22.39978011,4.925719465,16.19406642
12588,19.37427993,18.257951,12.58311154,15.0716374,15.67728329,19.03573684
30299,18.79157005,24.31617318,12.57680292,18.72540388,14.85323266,10.73681732
39537,24.76729345,19.23007226,12.56578329,14.85418548,20.54624144,8.036424082
10678,15.04691927,20.61213781,12.56343577,18.74721798,15.10443653,17.92585265
41471,23.09059885,26.65454139,12.56164132,16.19392202,11.87105487,9.628241544
24328,16.92483324,25.15432749,12.55916712,17.07558569,9.743062082,18.54302437
7238,15.9252822,20.75708364,12.55861848,17.07565771,16.04847005,17.63488793
5384,15.64424852,18.54640422,12.55627646,16.22437417,19.44717286,17.58152377
11826,17.70584167,22.51550775,12.55564008,18.68432041,12.5777805,15.9609096
30866,15.44282251,23.43857752,12.54927352,17.4537622,15.70925391,15.40631033
30414,18.3475875,19.32611615,12.54509527,18.26690476,11.16129796,20.35299835
3663,21.73589547,25.27546669,12.53740046,15.69421853,15.93872061,8.818298245
1029,20.30191962,18.29941231,12.53598351,16.04978081,15.54929138,17.26361237
32513,21.94216973,20.2849241,12.53510403,18.06875096,14.74372936,12.42532182
8676,14.21506856,26.37010603,12.52781218,19.23609765,12.59166721,15.05924838
464,21.23866835,14.56217724,20.67958841,22.39978011,4.925719465,16.19406642
1109,19.57558479,17.1291437,12.5259735,16.31916186,18.92793813,15.52219801
21075,15.53271208,22.12441468,12.5247822,17.17953491,20.11343625,12.52511989
32033,22.26732114,20.84380116,12.51764552,17.64852495,14.76905434,11.9536529
4999,22.01392227,21.07029604,12.51462474,17.95968426,10.73534354,15.70612915
6982,16.34375381,24.64909005,12.51213286,16.71667052,21.91538479,7.862967981
3524,20.32954869,21.90385218,12.50982429,17.27599761,15.9112801,12.06949712
21465,15.23213129,20.49758633,12.50642328,18.6599234,14.00191079,19.10202492
29468,17.9519896,22.50033329,12.50538728,16.82259323,14.77644315,15.44325344
8211,17.11989156,22.06890946,12.50220136,19.52912467,13.45196555,15.32790741
40856,16.72536844,22.7642439,12.50081327,15.50348399,18.6337512,13.8723392
23776,16.47439598,17.9159708,12.49961154,19.00567564,14.83152424,19.27282181
18480,18.6502664,19.72135815,12.49437969,16.32390342,13.25676145,19.55333089
36550,17.55973139,22.21158434,12.4873467,17.63082695,11.51443611,18.59607451
6793,16.51496833,20.07833984,12.48619583,16.87109351,22.43133371,11.61806879
40490,21.48911495,22.07360818,12.48551403,17.88909809,12.33612877,13.72653599
6371,15.87742705,18.70469578,12.48489154,16.84640529,21.51002018,14.57656016
14541,20.9268206,23.13203698,12.48141225,19.93582945,10.67613045,12.84777027
21002,18.64949081,22.4874521,12.47966272,19.05472102,12.02414813,15.30452523
35878,14.77202676,25.52792325,12.47856462,17.66772256,18.4549944,11.09876841
11334,14.80456113,24.32392633,12.4773992,16.18564211,24.26940611,7.939065122
30380,15.29487642,22.60482682,12.47430311,19.01892,14.25805889,16.34901477
29801,16.77730096,26.97570368,12.47112057,17.39751212,15.55202275,10.82633992
76,18.70376862,20.99575315,15.45111479,21.36830176,4.918899301,18.56216238
22411,14.4102276,22.07038775,12.46786579,15.55155359,18.0853917,17.41457357
1706,14.13759321,19.2516579,12.46761208,20.59021165,15.31803818,18.23488699
2740,18.34504066,21.88878995,12.46539978,17.35602405,15.28173874,14.66300682
38863,18.34504066,21.88878995,12.46539978,17.35602405,15.28173874,14.66300682
10672,14.89977614,27.895559,12.45718181,18.79502953,11.88038242,14.07207111
6279,12.28138846,22.29871328,12.45629403,16.8916881,16.37365186,19.69826426
36102,21.43731466,22.01809542,12.45314061,17.62783519,10.74178671,15.72182742
35894,18.72868981,20.53926447,12.4519914,17.80517384,11.76848158,18.70639889
7450,23.24538911,21.40853059,12.44390183,14.27524192,17.25673628,11.37020027
26283,18.5258758,21.58798435,12.43621649,16.03721413,19.49392667,11.91878255
26702,18.5258758,21.58798435,12.43621649,16.03721413,19.49392667,11.91878255
28940,17.55526656,27.25863974,12.43148296,18.34256524,11.20281153,13.20923397
4280,22.9547413,27.41846452,12.43045216,20.66392707,6.56027278,9.97214218
34449,20.96053197,24.48357381,12.43006093,17.1234817,12.27664646,12.72570513
19681,20.32979595,21.79800063,12.42582238,17.57642697,11.54509405,16.32486003
7433,14.60407936,19.02360317,12.42217694,14.97505344,21.56951922,17.40556787
29136,18.48672111,22.9064128,12.42017873,17.90296271,10.96846202,17.31526264
36193,16.19350713,26.89809839,12.41805442,19.80084424,17.27604084,7.413454985
36197,16.19350713,26.89809839,12.41805442,19.80084424,17.27604084,7.413454985
3300,18.99594151,19.31149672,12.41755742,15.12782211,24.539059,9.60812324
30385,16.90029382,23.02624144,12.41737909,13.91734986,23.57548671,10.16324909
24248,18.32363429,18.94398529,12.41223526,16.19032905,16.87739918,17.25241694
15536,14.45520781,24.67728119,12.41202477,20.81500266,10.42218125,17.21830232
4546,15.72823364,19.45573681,12.40940108,17.59960446,14.29696556,20.51005845
21432,14.58435277,23.14580849,12.40333916,18.08616933,15.18266339,16.59766686
22452,24.43667643,23.8596957,12.38069682,17.51353405,14.55608782,7.253309188
11552,20.7966379,23.10452515,12.37755443,17.87728547,15.58343795,10.2605591
12025,20.7966379,23.10452515,12.37755443,17.87728547,15.58343795,10.2605591
15873,16.03279723,23.21738313,12.36704864,19.22014869,13.7704754,15.3921469
41703,16.22216675,25.9207572,12.35134844,20.44106961,15.27508578,9.789572217
15196,14.75764054,18.63293107,12.35117711,17.75230704,16.43853565,20.06740859
21560,21.30243912,26.09074464,12.34551092,21.18181514,10.18609149,8.893398699
14655,15.08582555,20.23166767,12.34129002,16.87794189,16.88838265,18.57489223
22390,18.97555644,23.7329709,12.33017824,20.10565208,11.31218614,13.5434562
420,24.55195235,21.16497181,21.34764561,23.2766232,3.811850411,5.846956622
35421,20.90771985,17.37829656,17.20737729,23.62039628,3.246977513,17.6392325
40759,12.54227724,22.71354978,12.32715165,18.02479522,23.09728018,11.29494592
34415,11.27772869,20.9336418,12.31985202,17.32010073,17.00015655,21.14852021
20824,17.85649894,29.91641665,12.31925012,19.47889108,15.27085513,5.15808807
12924,12.87816501,20.99838492,12.31258113,18.59657754,16.1725894,19.04170201
33036,19.36352151,25.08531596,12.29711324,18.28342201,11.06833782,13.90228946
35852,16.21592039,23.92198218,12.29545896,17.88108204,14.21568437,15.46987206
38675,14.81292102,20.96141915,12.28333186,17.26330804,15.03985721,19.63916273
21910,18.89422616,22.46050186,12.28307532,18.57655146,12.60071849,15.18492671
4915,19.68135517,26.83524137,12.27317063,17.82293417,13.2096162,10.17768245
13326,15.09877974,25.45517985,12.26511051,16.74988175,14.63478265,15.79626551
31409,20.78868381,23.32291674,12.2641677,19.20090278,11.03276052,13.39056845
31887,20.78868381,23.32291674,12.2641677,19.20090278,11.03276052,13.39056845
40998,18.22505642,20.56795993,12.25898854,16.78663943,13.00614416,19.15521152
12947,21.39901266,22.63272205,12.25455728,14.6970505,17.00604962,12.01060789
41047,12.29172131,24.83083802,12.24571833,19.8269361,10.60995608,20.19483015
23065,19.71855402,26.00723171,12.24278389,16.70585563,13.31785469,12.00772006
39424,17.89465054,24.52343218,12.23862532,18.21708837,12.2723504,14.8538532
4507,12.01964017,25.59397935,12.23085472,18.05400176,19.97178968,12.12973432
26341,20.40088075,26.20961318,12.22768764,18.11270047,8.574844043,14.47427391
26763,20.40088075,26.20961318,12.22768764,18.11270047,8.574844043,14.47427391
5189,24.11608362,26.16614547,12.22529785,16.12977697,12.17366461,9.189031464
36631,14.39287309,21.88079467,12.21907788,18.84884301,17.62671707,15.03169427
7856,14.56186111,21.25640974,12.21216975,15.77877726,22.5760302,13.61475195
39583,13.82620518,21.49282232,12.20434118,15.43171376,24.57386509,12.47105247
36848,14.5552786,23.58584975,12.19428923,18.5725805,13.05580865,18.03619326
2183,18.36400801,23.36380573,12.1882692,17.34402038,15.25410263,13.48579406
36879,14.51822981,21.91019308,12.18305111,19.43959717,12.49292049,19.45600834
3199,16.34816403,27.739859,12.17303499,16.47253591,15.69206862,11.57433745
37391,16.81565564,20.05870814,12.16393017,16.07222814,20.14662963,14.74284828
18381,17.61129679,22.4759969,12.14846461,17.96578689,13.60896626,16.18948855
9828,17.07043238,19.48571244,12.13955331,15.70025683,23.3168565,12.28718854
22454,19.37103946,20.67736609,12.13712839,16.98107443,12.41370961,18.41968202
22958,18.83159077,21.7464525,12.1326144,16.77748238,15.76833714,14.7435228
23417,18.83159077,21.7464525,12.1326144,16.77748238,15.76833714,14.7435228
12928,17.25275389,20.98067025,12.12547789,18.58251799,13.47438595,17.58419404
39620,13.07790905,18.71178389,12.1220709,13.85470178,27.08189816,15.15163622
10944,19.51169956,22.42821858,12.12183067,18.32810112,9.790729604,17.81942047
37344,12.80174806,22.23150337,12.11652495,16.13793992,16.98568175,19.72660196
22518,16.17184926,24.54705003,12.10780637,17.65887264,13.50613027,16.00829142
2401,20.68260643,24.63589904,12.09382701,14.97432895,17.77957946,9.833759113
39590,14.12026244,26.02158303,12.09017244,14.65283963,23.28288699,9.832255471
13661,18.67367822,24.74741541,12.08559628,15.711421,23.2661115,5.515777588
14093,18.67367822,24.74741541,12.08559628,15.711421,23.2661115,5.515777588
12616,12.59356955,24.60846128,12.07859194,19.09487118,12.93827171,18.68623433
40348,20.26767846,20.12300682,12.07823096,16.2431286,12.8462025,18.44175266
41361,13.15315531,22.20387274,12.06171498,17.05201524,16.00644116,19.52280057
4874,19.4706048,24.06367037,12.05863294,19.71666556,13.41929373,11.2711326
2886,18.99579417,20.77337932,12.0462767,13.75541607,24.13650379,10.29262995
4082,18.90377969,24.7454847,12.0445454,13.95760139,22.49666125,7.851927561
17924,13.75839505,20.43460238,12.03089993,13.51453745,24.84690454,15.41466065
39407,14.12436546,24.20443442,12.0229853,19.44998252,13.1748389,17.0233934
18612,13.59528409,20.59553244,12.01882997,17.08021132,17.03788679,19.67225538
11976,14.35236959,22.01757771,11.99769567,19.67165549,15.17934813,16.78135341
12357,14.35236959,22.01757771,11.99769567,19.67165549,15.17934813,16.78135341
40456,15.03459306,20.9241315,11.96740436,16.2490986,16.00874828,19.8160242
22555,15.91155336,24.69310008,11.96506994,17.29489072,12.99895444,17.13643146
3493,21.4928178,25.11379651,11.95417653,16.38587542,16.28706334,8.76627041
15641,16.48682172,23.16410865,11.9508179,17.24772856,17.21499208,13.9355311
4384,18.81944965,25.47904895,11.94109011,17.99270855,14.69642033,11.0712824
22647,17.59716496,26.73987407,11.92464412,17.63337725,13.56179643,12.54314318
38876,17.81367021,24.95058808,11.90701576,18.41764128,12.5710662,14.34001847
24499,12.6273245,28.24923641,11.90674354,17.67409271,17.37363437,12.16896848
22790,13.87098652,21.33406623,11.89287273,15.70901928,28.86458458,8.328470654
23280,13.87098652,21.33406623,11.89287273,15.70901928,28.86458458,8.328470654
41030,16.25228177,27.08642278,11.89003324,18.47757418,13.96354693,12.3301411
38076,13.1526956,23.23037954,11.87935677,18.02317546,20.30368946,13.41070317
20693,17.70859322,31.04555365,11.87081506,18.22332073,14.81675714,6.334960208
39048,18.38277723,22.44998897,11.86298942,17.93485333,14.71324711,14.65614395
27710,19.19943018,26.4592308,11.85023688,16.97895883,11.56307122,13.94907208
36337,12.73423922,29.98186673,11.84876272,18.08113089,11.71770502,15.63629542
30786,16.00117861,21.13132145,11.84597455,17.0444055,16.1962766,17.78084328
12874,16.56230771,23.9514255,11.82471403,18.3720795,12.81821555,16.4712577
2970,14.29532041,24.74796543,11.82213745,16.2317079,20.09303503,12.80983379
3345,14.29532041,24.74796543,11.82213745,16.2317079,20.09303503,12.80983379
23344,19.08879601,22.57786838,11.80581842,16.36549645,19.03087613,11.13114462
22406,15.99163101,21.51247768,11.80407002,16.88764323,14.10395001,19.70022805
12712,16.08460467,24.00808521,11.79534413,19.14574254,14.87865038,14.08757307
35185,24.22977596,18.58424634,16.59609191,23.61386707,1.491440254,15.48457846
2488,19.15346146,27.60094356,11.78223563,16.28397394,16.42424095,8.755144458
39527,15.93243802,20.99537739,11.75895438,18.16325782,16.83667847,16.31329392
37813,16.13196868,23.09560784,11.73454767,18.35733175,18.32494943,12.35559463
30499,15.29813814,23.10880479,11.72440149,18.73346425,16.80116644,14.33402488
40785,13.82845493,20.61189322,11.71033631,17.11042933,17.75133934,18.98754687
34488,18.61209274,20.68723422,11.68489464,16.87196,16.78186674,15.36195166
10326,21.19234473,23.4317568,11.66663836,14.85596216,14.81824803,14.03504991
2922,17.86154681,22.55979365,11.65351845,15.66777166,21.78313217,10.47423725
30507,17.11369919,27.55980588,11.65233367,17.04671925,17.07127507,9.55616694
36259,21.19029555,21.08207102,11.60193955,17.98110229,11.16372453,16.98086706
39623,15.12742711,23.27394697,11.59083676,16.385902,19.67816386,13.94372329
21881,18.93965974,20.78463891,11.57749337,14.49193458,19.73920558,14.46706781
36346,15.76606301,22.07408718,11.57016682,17.86288063,14.52210979,18.20469257
13083,13.95748856,22.53141356,11.54479718,18.30727244,13.49644456,20.1625837
33771,21.08434924,26.5126673,11.52974129,16.02245023,19.7307094,5.120082532
11727,18.47542248,21.28909703,11.52346418,17.59678747,18.31968868,12.79554016
4974,14.82504918,21.49687879,11.50412716,16.52722413,16.84523291,18.80148783
12638,15.58875635,20.24672172,11.49067714,18.1033581,17.91021311,16.66027358
29359,17.13433458,25.47079277,11.45827256,18.01325444,15.07980747,12.84353819
39008,19.00039636,22.54675035,11.45644147,14.41378435,20.72235487,11.8602726
40023,16.71282493,23.52574589,11.44483381,18.13377021,18.45772578,11.72509939
10832,17.72704398,20.15258756,11.43729783,18.40060001,13.82308638,18.45938424
36007,17.72704398,20.15258756,11.43729783,18.40060001,13.82308638,18.45938424
24515,14.63317401,30.1739221,11.35846732,18.18878805,16.15522134,9.490427188
22414,15.08258311,27.95998025,11.31631936,16.67487321,13.45101224,15.51523183
41170,10.99810354,30.31661823,11.20362087,18.75291555,11.61365723,17.11508458
27276,16.12601202,24.31207629,10.89229073,15.14238088,27.37701001,6.150230075
